split_seed,target,retained_rank,configuration_id,pipeline_key,candidate_kind,selector,selector_parameter,branch,branch_kind,model_family,backend,grid_id,parameters,inner_validation_fold,training_patients,validation_patients,selected_columns,selected_groups,selected_column_names,fit_seconds,macro_f1,balanced_accuracy,accuracy,recall_class_0,recall_class_1,recall_class_2,priority_recall
0,direct,1,ENG_03,engineering__INT_DURATION_X_MOTOR,engineered_representation,none,all,INT_DURATION_X_MOTOR,interaction,catboost,scaled_dense,0,"{""auto_class_weights"": null, ""depth"": 4, ""iterations"": 300, ""l2_leaf_reg"": 5.0, ""learning_rate"": 0.03}",0,582,146,48,27,Years_since_PD_diagnosis | Age | MCATOT | FRZGT12M | SCAU14 | SCAU16 | GDS_TOTAL | NQ_GAUSSIAN_REVISION | NP1RTOT | BMI | NP1SLPD | NP1URIN | NP3GAIT_COMBINED_MAX | NP3PSTBL_COMBINED_MAX | NHY_COMBINED_MAX | NP3TOT_COMBINED_MAX | NP4TOT | NP1CNST | FOG_FORM_MISSING | NQ_FORM_MISSING | PART_IV_FORM_MISSING | DXPOSINS_Missing | DXPOSINS_No | DXPOSINS_Unknown | DXPOSINS_Yes | DXRIGID_No | DXRIGID_Unknown | DXRIGID_Yes | DOPTHERST_Missing | DOPTHERST_No | DOPTHERST_Yes | FEATPOSHYP_No | FEATPOSHYP_Uncertain | FEATPOSHYP_Yes | ANYFAMPD_Missing | ANYFAMPD_No | ANYFAMPD_Yes | DXTREMOR_No | DXTREMOR_Unknown | DXTREMOR_Yes | DXBRADY_No | DXBRADY_Unknown | DXBRADY_Yes | DOMSIDE_Left | DOMSIDE_Right | DOMSIDE_Symmetric | DOMSIDE_Unknown | INT_DURATION_X_MOTOR,0.20781766699656146,0.5006630006630006,0.4974404761904762,0.726027397260274,0.97,0.09375,0.42857142857142855,0.09375
0,direct,1,ENG_03,engineering__INT_DURATION_X_MOTOR,engineered_representation,none,all,INT_DURATION_X_MOTOR,interaction,catboost,scaled_dense,0,"{""auto_class_weights"": null, ""depth"": 4, ""iterations"": 300, ""l2_leaf_reg"": 5.0, ""learning_rate"": 0.03}",1,582,146,47,27,Years_since_PD_diagnosis | Age | MCATOT | FRZGT12M | SCAU14 | SCAU16 | GDS_TOTAL | NQ_GAUSSIAN_REVISION | NP1RTOT | BMI | NP1SLPD | NP1URIN | NP3GAIT_COMBINED_MAX | NP3PSTBL_COMBINED_MAX | NHY_COMBINED_MAX | NP3TOT_COMBINED_MAX | NP4TOT | NP1CNST | FOG_FORM_MISSING | NQ_FORM_MISSING | PART_IV_FORM_MISSING | DXPOSINS_No | DXPOSINS_Unknown | DXPOSINS_Yes | DXRIGID_No | DXRIGID_Unknown | DXRIGID_Yes | DOPTHERST_Missing | DOPTHERST_No | DOPTHERST_Yes | FEATPOSHYP_No | FEATPOSHYP_Uncertain | FEATPOSHYP_Yes | ANYFAMPD_Missing | ANYFAMPD_No | ANYFAMPD_Yes | DXTREMOR_No | DXTREMOR_Unknown | DXTREMOR_Yes | DXBRADY_No | DXBRADY_Unknown | DXBRADY_Yes | DOMSIDE_Left | DOMSIDE_Right | DOMSIDE_Symmetric | DOMSIDE_Unknown | INT_DURATION_X_MOTOR,0.19609558299998753,0.4231259968102073,0.41970238095238094,0.7054794520547946,0.96,0.15625,0.14285714285714285,0.15625
0,direct,1,ENG_03,engineering__INT_DURATION_X_MOTOR,engineered_representation,none,all,INT_DURATION_X_MOTOR,interaction,catboost,scaled_dense,0,"{""auto_class_weights"": null, ""depth"": 4, ""iterations"": 300, ""l2_leaf_reg"": 5.0, ""learning_rate"": 0.03}",2,582,146,48,27,Years_since_PD_diagnosis | Age | MCATOT | FRZGT12M | SCAU14 | SCAU16 | GDS_TOTAL | NQ_GAUSSIAN_REVISION | NP1RTOT | BMI | NP1SLPD | NP1URIN | NP3GAIT_COMBINED_MAX | NP3PSTBL_COMBINED_MAX | NHY_COMBINED_MAX | NP3TOT_COMBINED_MAX | NP4TOT | NP1CNST | FOG_FORM_MISSING | NQ_FORM_MISSING | PART_IV_FORM_MISSING | DXPOSINS_Missing | DXPOSINS_No | DXPOSINS_Unknown | DXPOSINS_Yes | DXRIGID_No | DXRIGID_Unknown | DXRIGID_Yes | DOPTHERST_Missing | DOPTHERST_No | DOPTHERST_Yes | FEATPOSHYP_No | FEATPOSHYP_Uncertain | FEATPOSHYP_Yes | ANYFAMPD_Missing | ANYFAMPD_No | ANYFAMPD_Yes | DXTREMOR_No | DXTREMOR_Unknown | DXTREMOR_Yes | DXBRADY_No | DXBRADY_Unknown | DXBRADY_Yes | DOMSIDE_Left | DOMSIDE_Right | DOMSIDE_Symmetric | DOMSIDE_Unknown | INT_DURATION_X_MOTOR,0.22798708399932366,0.44351457840819547,0.43017857142857135,0.684931506849315,0.92,0.15625,0.21428571428571427,0.15625
0,direct,1,ENG_03,engineering__INT_DURATION_X_MOTOR,engineered_representation,none,all,INT_DURATION_X_MOTOR,interaction,catboost,scaled_dense,0,"{""auto_class_weights"": null, ""depth"": 4, ""iterations"": 300, ""l2_leaf_reg"": 5.0, ""learning_rate"": 0.03}",3,583,145,48,27,Years_since_PD_diagnosis | Age | MCATOT | FRZGT12M | SCAU14 | SCAU16 | GDS_TOTAL | NQ_GAUSSIAN_REVISION | NP1RTOT | BMI | NP1SLPD | NP1URIN | NP3GAIT_COMBINED_MAX | NP3PSTBL_COMBINED_MAX | NHY_COMBINED_MAX | NP3TOT_COMBINED_MAX | NP4TOT | NP1CNST | FOG_FORM_MISSING | NQ_FORM_MISSING | PART_IV_FORM_MISSING | DXPOSINS_Missing | DXPOSINS_No | DXPOSINS_Unknown | DXPOSINS_Yes | DXRIGID_No | DXRIGID_Unknown | DXRIGID_Yes | DOPTHERST_Missing | DOPTHERST_No | DOPTHERST_Yes | FEATPOSHYP_No | FEATPOSHYP_Uncertain | FEATPOSHYP_Yes | ANYFAMPD_Missing | ANYFAMPD_No | ANYFAMPD_Yes | DXTREMOR_No | DXTREMOR_Unknown | DXTREMOR_Yes | DXBRADY_No | DXBRADY_Unknown | DXBRADY_Yes | DOMSIDE_Left | DOMSIDE_Right | DOMSIDE_Symmetric | DOMSIDE_Unknown | INT_DURATION_X_MOTOR,0.2169514999986859,0.3571990320629159,0.3750624524818073,0.6758620689655173,0.9595959595959596,0.03225806451612903,0.13333333333333333,0.03225806451612903
0,direct,1,ENG_03,engineering__INT_DURATION_X_MOTOR,engineered_representation,none,all,INT_DURATION_X_MOTOR,interaction,catboost,scaled_dense,0,"{""auto_class_weights"": null, ""depth"": 4, ""iterations"": 300, ""l2_leaf_reg"": 5.0, ""learning_rate"": 0.03}",4,583,145,48,27,Years_since_PD_diagnosis | Age | MCATOT | FRZGT12M | SCAU14 | SCAU16 | GDS_TOTAL | NQ_GAUSSIAN_REVISION | NP1RTOT | BMI | NP1SLPD | NP1URIN | NP3GAIT_COMBINED_MAX | NP3PSTBL_COMBINED_MAX | NHY_COMBINED_MAX | NP3TOT_COMBINED_MAX | NP4TOT | NP1CNST | FOG_FORM_MISSING | NQ_FORM_MISSING | PART_IV_FORM_MISSING | DXPOSINS_Missing | DXPOSINS_No | DXPOSINS_Unknown | DXPOSINS_Yes | DXRIGID_No | DXRIGID_Unknown | DXRIGID_Yes | DOPTHERST_Missing | DOPTHERST_No | DOPTHERST_Yes | FEATPOSHYP_No | FEATPOSHYP_Uncertain | FEATPOSHYP_Yes | ANYFAMPD_Missing | ANYFAMPD_No | ANYFAMPD_Yes | DXTREMOR_No | DXTREMOR_Unknown | DXTREMOR_Yes | DXBRADY_No | DXBRADY_Unknown | DXBRADY_Yes | DOMSIDE_Left | DOMSIDE_Right | DOMSIDE_Symmetric | DOMSIDE_Unknown | INT_DURATION_X_MOTOR,0.21084062500085565,0.400441292356186,0.39568302068302064,0.6689655172413793,0.9191919191919192,0.125,0.14285714285714285,0.125
0,direct,1,ENG_03,engineering__INT_DURATION_X_MOTOR,engineered_representation,none,all,INT_DURATION_X_MOTOR,interaction,catboost,scaled_dense,1,"{""auto_class_weights"": ""Balanced"", ""depth"": 4, ""iterations"": 300, ""l2_leaf_reg"": 5.0, ""learning_rate"": 0.03}",0,582,146,48,27,Years_since_PD_diagnosis | Age | MCATOT | FRZGT12M | SCAU14 | SCAU16 | GDS_TOTAL | NQ_GAUSSIAN_REVISION | NP1RTOT | BMI | NP1SLPD | NP1URIN | NP3GAIT_COMBINED_MAX | NP3PSTBL_COMBINED_MAX | NHY_COMBINED_MAX | NP3TOT_COMBINED_MAX | NP4TOT | NP1CNST | FOG_FORM_MISSING | NQ_FORM_MISSING | PART_IV_FORM_MISSING | DXPOSINS_Missing | DXPOSINS_No | DXPOSINS_Unknown | DXPOSINS_Yes | DXRIGID_No | DXRIGID_Unknown | DXRIGID_Yes | DOPTHERST_Missing | DOPTHERST_No | DOPTHERST_Yes | FEATPOSHYP_No | FEATPOSHYP_Uncertain | FEATPOSHYP_Yes | ANYFAMPD_Missing | ANYFAMPD_No | ANYFAMPD_Yes | DXTREMOR_No | DXTREMOR_Unknown | DXTREMOR_Yes | DXBRADY_No | DXBRADY_Unknown | DXBRADY_Yes | DOMSIDE_Left | DOMSIDE_Right | DOMSIDE_Symmetric | DOMSIDE_Unknown | INT_DURATION_X_MOTOR,0.20984016699731,0.49355548490307993,0.5555952380952381,0.5753424657534246,0.64,0.3125,0.7142857142857143,0.3125
0,direct,1,ENG_03,engineering__INT_DURATION_X_MOTOR,engineered_representation,none,all,INT_DURATION_X_MOTOR,interaction,catboost,scaled_dense,1,"{""auto_class_weights"": ""Balanced"", ""depth"": 4, ""iterations"": 300, ""l2_leaf_reg"": 5.0, ""learning_rate"": 0.03}",1,582,146,47,27,Years_since_PD_diagnosis | Age | MCATOT | FRZGT12M | SCAU14 | SCAU16 | GDS_TOTAL | NQ_GAUSSIAN_REVISION | NP1RTOT | BMI | NP1SLPD | NP1URIN | NP3GAIT_COMBINED_MAX | NP3PSTBL_COMBINED_MAX | NHY_COMBINED_MAX | NP3TOT_COMBINED_MAX | NP4TOT | NP1CNST | FOG_FORM_MISSING | NQ_FORM_MISSING | PART_IV_FORM_MISSING | DXPOSINS_No | DXPOSINS_Unknown | DXPOSINS_Yes | DXRIGID_No | DXRIGID_Unknown | DXRIGID_Yes | DOPTHERST_Missing | DOPTHERST_No | DOPTHERST_Yes | FEATPOSHYP_No | FEATPOSHYP_Uncertain | FEATPOSHYP_Yes | ANYFAMPD_Missing | ANYFAMPD_No | ANYFAMPD_Yes | DXTREMOR_No | DXTREMOR_Unknown | DXTREMOR_Yes | DXBRADY_No | DXBRADY_Unknown | DXBRADY_Yes | DOMSIDE_Left | DOMSIDE_Right | DOMSIDE_Symmetric | DOMSIDE_Unknown | INT_DURATION_X_MOTOR,0.20311737500014715,0.5864106653580338,0.6492857142857144,0.6643835616438356,0.68,0.625,0.6428571428571429,0.625
0,direct,1,ENG_03,engineering__INT_DURATION_X_MOTOR,engineered_representation,none,all,INT_DURATION_X_MOTOR,interaction,catboost,scaled_dense,1,"{""auto_class_weights"": ""Balanced"", ""depth"": 4, ""iterations"": 300, ""l2_leaf_reg"": 5.0, ""learning_rate"": 0.03}",2,582,146,48,27,Years_since_PD_diagnosis | Age | MCATOT | FRZGT12M | SCAU14 | SCAU16 | GDS_TOTAL | NQ_GAUSSIAN_REVISION | NP1RTOT | BMI | NP1SLPD | NP1URIN | NP3GAIT_COMBINED_MAX | NP3PSTBL_COMBINED_MAX | NHY_COMBINED_MAX | NP3TOT_COMBINED_MAX | NP4TOT | NP1CNST | FOG_FORM_MISSING | NQ_FORM_MISSING | PART_IV_FORM_MISSING | DXPOSINS_Missing | DXPOSINS_No | DXPOSINS_Unknown | DXPOSINS_Yes | DXRIGID_No | DXRIGID_Unknown | DXRIGID_Yes | DOPTHERST_Missing | DOPTHERST_No | DOPTHERST_Yes | FEATPOSHYP_No | FEATPOSHYP_Uncertain | FEATPOSHYP_Yes | ANYFAMPD_Missing | ANYFAMPD_No | ANYFAMPD_Yes | DXTREMOR_No | DXTREMOR_Unknown | DXTREMOR_Yes | DXBRADY_No | DXBRADY_Unknown | DXBRADY_Yes | DOMSIDE_Left | DOMSIDE_Right | DOMSIDE_Symmetric | DOMSIDE_Unknown | INT_DURATION_X_MOTOR,0.21391787500033388,0.5409040368606116,0.5804761904761905,0.6232876712328768,0.67,0.5,0.5714285714285714,0.5
0,direct,1,ENG_03,engineering__INT_DURATION_X_MOTOR,engineered_representation,none,all,INT_DURATION_X_MOTOR,interaction,catboost,scaled_dense,1,"{""auto_class_weights"": ""Balanced"", ""depth"": 4, ""iterations"": 300, ""l2_leaf_reg"": 5.0, ""learning_rate"": 0.03}",3,583,145,48,27,Years_since_PD_diagnosis | Age | MCATOT | FRZGT12M | SCAU14 | SCAU16 | GDS_TOTAL | NQ_GAUSSIAN_REVISION | NP1RTOT | BMI | NP1SLPD | NP1URIN | NP3GAIT_COMBINED_MAX | NP3PSTBL_COMBINED_MAX | NHY_COMBINED_MAX | NP3TOT_COMBINED_MAX | NP4TOT | NP1CNST | FOG_FORM_MISSING | NQ_FORM_MISSING | PART_IV_FORM_MISSING | DXPOSINS_Missing | DXPOSINS_No | DXPOSINS_Unknown | DXPOSINS_Yes | DXRIGID_No | DXRIGID_Unknown | DXRIGID_Yes | DOPTHERST_Missing | DOPTHERST_No | DOPTHERST_Yes | FEATPOSHYP_No | FEATPOSHYP_Uncertain | FEATPOSHYP_Yes | ANYFAMPD_Missing | ANYFAMPD_No | ANYFAMPD_Yes | DXTREMOR_No | DXTREMOR_Unknown | DXTREMOR_Yes | DXBRADY_No | DXBRADY_Unknown | DXBRADY_Yes | DOMSIDE_Left | DOMSIDE_Right | DOMSIDE_Symmetric | DOMSIDE_Unknown | INT_DURATION_X_MOTOR,0.2110304170018935,0.4834188034188034,0.5305093950255241,0.6482758620689655,0.797979797979798,0.1935483870967742,0.6,0.1935483870967742
0,direct,1,ENG_03,engineering__INT_DURATION_X_MOTOR,engineered_representation,none,all,INT_DURATION_X_MOTOR,interaction,catboost,scaled_dense,1,"{""auto_class_weights"": ""Balanced"", ""depth"": 4, ""iterations"": 300, ""l2_leaf_reg"": 5.0, ""learning_rate"": 0.03}",4,583,145,48,27,Years_since_PD_diagnosis | Age | MCATOT | FRZGT12M | SCAU14 | SCAU16 | GDS_TOTAL | NQ_GAUSSIAN_REVISION | NP1RTOT | BMI | NP1SLPD | NP1URIN | NP3GAIT_COMBINED_MAX | NP3PSTBL_COMBINED_MAX | NHY_COMBINED_MAX | NP3TOT_COMBINED_MAX | NP4TOT | NP1CNST | FOG_FORM_MISSING | NQ_FORM_MISSING | PART_IV_FORM_MISSING | DXPOSINS_Missing | DXPOSINS_No | DXPOSINS_Unknown | DXPOSINS_Yes | DXRIGID_No | DXRIGID_Unknown | DXRIGID_Yes | DOPTHERST_Missing | DOPTHERST_No | DOPTHERST_Yes | FEATPOSHYP_No | FEATPOSHYP_Uncertain | FEATPOSHYP_Yes | ANYFAMPD_Missing | ANYFAMPD_No | ANYFAMPD_Yes | DXTREMOR_No | DXTREMOR_Unknown | DXTREMOR_Yes | DXBRADY_No | DXBRADY_Unknown | DXBRADY_Yes | DOMSIDE_Left | DOMSIDE_Right | DOMSIDE_Symmetric | DOMSIDE_Unknown | INT_DURATION_X_MOTOR,0.20662991700010025,0.43643705615536604,0.462512025012025,0.5517241379310345,0.6464646464646465,0.3125,0.42857142857142855,0.3125
0,direct,1,ENG_03,engineering__INT_DURATION_X_MOTOR,engineered_representation,none,all,INT_DURATION_X_MOTOR,interaction,catboost,scaled_dense,2,"{""auto_class_weights"": null, ""depth"": 4, ""iterations"": 300, ""l2_leaf_reg"": 5.0, ""learning_rate"": 0.08}",0,582,146,48,27,Years_since_PD_diagnosis | Age | MCATOT | FRZGT12M | SCAU14 | SCAU16 | GDS_TOTAL | NQ_GAUSSIAN_REVISION | NP1RTOT | BMI | NP1SLPD | NP1URIN | NP3GAIT_COMBINED_MAX | NP3PSTBL_COMBINED_MAX | NHY_COMBINED_MAX | NP3TOT_COMBINED_MAX | NP4TOT | NP1CNST | FOG_FORM_MISSING | NQ_FORM_MISSING | PART_IV_FORM_MISSING | DXPOSINS_Missing | DXPOSINS_No | DXPOSINS_Unknown | DXPOSINS_Yes | DXRIGID_No | DXRIGID_Unknown | DXRIGID_Yes | DOPTHERST_Missing | DOPTHERST_No | DOPTHERST_Yes | FEATPOSHYP_No | FEATPOSHYP_Uncertain | FEATPOSHYP_Yes | ANYFAMPD_Missing | ANYFAMPD_No | ANYFAMPD_Yes | DXTREMOR_No | DXTREMOR_Unknown | DXTREMOR_Yes | DXBRADY_No | DXBRADY_Unknown | DXBRADY_Yes | DOMSIDE_Left | DOMSIDE_Right | DOMSIDE_Symmetric | DOMSIDE_Unknown | INT_DURATION_X_MOTOR,0.21806829200068023,0.4796157382888972,0.46148809523809514,0.678082191780822,0.88,0.21875,0.2857142857142857,0.21875
0,direct,1,ENG_03,engineering__INT_DURATION_X_MOTOR,engineered_representation,none,all,INT_DURATION_X_MOTOR,interaction,catboost,scaled_dense,2,"{""auto_class_weights"": null, ""depth"": 4, ""iterations"": 300, ""l2_leaf_reg"": 5.0, ""learning_rate"": 0.08}",1,582,146,47,27,Years_since_PD_diagnosis | Age | MCATOT | FRZGT12M | SCAU14 | SCAU16 | GDS_TOTAL | NQ_GAUSSIAN_REVISION | NP1RTOT | BMI | NP1SLPD | NP1URIN | NP3GAIT_COMBINED_MAX | NP3PSTBL_COMBINED_MAX | NHY_COMBINED_MAX | NP3TOT_COMBINED_MAX | NP4TOT | NP1CNST | FOG_FORM_MISSING | NQ_FORM_MISSING | PART_IV_FORM_MISSING | DXPOSINS_No | DXPOSINS_Unknown | DXPOSINS_Yes | DXRIGID_No | DXRIGID_Unknown | DXRIGID_Yes | DOPTHERST_Missing | DOPTHERST_No | DOPTHERST_Yes | FEATPOSHYP_No | FEATPOSHYP_Uncertain | FEATPOSHYP_Yes | ANYFAMPD_Missing | ANYFAMPD_No | ANYFAMPD_Yes | DXTREMOR_No | DXTREMOR_Unknown | DXTREMOR_Yes | DXBRADY_No | DXBRADY_Unknown | DXBRADY_Yes | DOMSIDE_Left | DOMSIDE_Right | DOMSIDE_Symmetric | DOMSIDE_Unknown | INT_DURATION_X_MOTOR,0.19998225000017555,0.43115178082800654,0.4268452380952381,0.678082191780822,0.91,0.15625,0.21428571428571427,0.15625
0,direct,1,ENG_03,engineering__INT_DURATION_X_MOTOR,engineered_representation,none,all,INT_DURATION_X_MOTOR,interaction,catboost,scaled_dense,2,"{""auto_class_weights"": null, ""depth"": 4, ""iterations"": 300, ""l2_leaf_reg"": 5.0, ""learning_rate"": 0.08}",2,582,146,48,27,Years_since_PD_diagnosis | Age | MCATOT | FRZGT12M | SCAU14 | SCAU16 | GDS_TOTAL | NQ_GAUSSIAN_REVISION | NP1RTOT | BMI | NP1SLPD | NP1URIN | NP3GAIT_COMBINED_MAX | NP3PSTBL_COMBINED_MAX | NHY_COMBINED_MAX | NP3TOT_COMBINED_MAX | NP4TOT | NP1CNST | FOG_FORM_MISSING | NQ_FORM_MISSING | PART_IV_FORM_MISSING | DXPOSINS_Missing | DXPOSINS_No | DXPOSINS_Unknown | DXPOSINS_Yes | DXRIGID_No | DXRIGID_Unknown | DXRIGID_Yes | DOPTHERST_Missing | DOPTHERST_No | DOPTHERST_Yes | FEATPOSHYP_No | FEATPOSHYP_Uncertain | FEATPOSHYP_Yes | ANYFAMPD_Missing | ANYFAMPD_No | ANYFAMPD_Yes | DXTREMOR_No | DXTREMOR_Unknown | DXTREMOR_Yes | DXBRADY_No | DXBRADY_Unknown | DXBRADY_Yes | DOMSIDE_Left | DOMSIDE_Right | DOMSIDE_Symmetric | DOMSIDE_Unknown | INT_DURATION_X_MOTOR,0.20939920799719403,0.453147024575596,0.44059523809523804,0.6917808219178082,0.92,0.1875,0.21428571428571427,0.1875
0,direct,1,ENG_03,engineering__INT_DURATION_X_MOTOR,engineered_representation,none,all,INT_DURATION_X_MOTOR,interaction,catboost,scaled_dense,2,"{""auto_class_weights"": null, ""depth"": 4, ""iterations"": 300, ""l2_leaf_reg"": 5.0, ""learning_rate"": 0.08}",3,583,145,48,27,Years_since_PD_diagnosis | Age | MCATOT | FRZGT12M | SCAU14 | SCAU16 | GDS_TOTAL | NQ_GAUSSIAN_REVISION | NP1RTOT | BMI | NP1SLPD | NP1URIN | NP3GAIT_COMBINED_MAX | NP3PSTBL_COMBINED_MAX | NHY_COMBINED_MAX | NP3TOT_COMBINED_MAX | NP4TOT | NP1CNST | FOG_FORM_MISSING | NQ_FORM_MISSING | PART_IV_FORM_MISSING | DXPOSINS_Missing | DXPOSINS_No | DXPOSINS_Unknown | DXPOSINS_Yes | DXRIGID_No | DXRIGID_Unknown | DXRIGID_Yes | DOPTHERST_Missing | DOPTHERST_No | DOPTHERST_Yes | FEATPOSHYP_No | FEATPOSHYP_Uncertain | FEATPOSHYP_Yes | ANYFAMPD_Missing | ANYFAMPD_No | ANYFAMPD_Yes | DXTREMOR_No | DXTREMOR_Unknown | DXTREMOR_Yes | DXBRADY_No | DXBRADY_Unknown | DXBRADY_Yes | DOMSIDE_Left | DOMSIDE_Right | DOMSIDE_Symmetric | DOMSIDE_Unknown | INT_DURATION_X_MOTOR,0.20682737500101211,0.39154647247670504,0.3945693494080591,0.6620689655172414,0.9191919191919192,0.06451612903225806,0.2,0.06451612903225806
0,direct,1,ENG_03,engineering__INT_DURATION_X_MOTOR,engineered_representation,none,all,INT_DURATION_X_MOTOR,interaction,catboost,scaled_dense,2,"{""auto_class_weights"": null, ""depth"": 4, ""iterations"": 300, ""l2_leaf_reg"": 5.0, ""learning_rate"": 0.08}",4,583,145,48,27,Years_since_PD_diagnosis | Age | MCATOT | FRZGT12M | SCAU14 | SCAU16 | GDS_TOTAL | NQ_GAUSSIAN_REVISION | NP1RTOT | BMI | NP1SLPD | NP1URIN | NP3GAIT_COMBINED_MAX | NP3PSTBL_COMBINED_MAX | NHY_COMBINED_MAX | NP3TOT_COMBINED_MAX | NP4TOT | NP1CNST | FOG_FORM_MISSING | NQ_FORM_MISSING | PART_IV_FORM_MISSING | DXPOSINS_Missing | DXPOSINS_No | DXPOSINS_Unknown | DXPOSINS_Yes | DXRIGID_No | DXRIGID_Unknown | DXRIGID_Yes | DOPTHERST_Missing | DOPTHERST_No | DOPTHERST_Yes | FEATPOSHYP_No | FEATPOSHYP_Uncertain | FEATPOSHYP_Yes | ANYFAMPD_Missing | ANYFAMPD_No | ANYFAMPD_Yes | DXTREMOR_No | DXTREMOR_Unknown | DXTREMOR_Yes | DXBRADY_No | DXBRADY_Unknown | DXBRADY_Yes | DOMSIDE_Left | DOMSIDE_Right | DOMSIDE_Symmetric | DOMSIDE_Unknown | INT_DURATION_X_MOTOR,0.21241687499787076,0.36992643211130605,0.37179834054834054,0.6344827586206897,0.8787878787878788,0.09375,0.14285714285714285,0.09375
0,direct,1,ENG_03,engineering__INT_DURATION_X_MOTOR,engineered_representation,none,all,INT_DURATION_X_MOTOR,interaction,catboost,scaled_dense,3,"{""auto_class_weights"": ""Balanced"", ""depth"": 4, ""iterations"": 300, ""l2_leaf_reg"": 5.0, ""learning_rate"": 0.08}",0,582,146,48,27,Years_since_PD_diagnosis | Age | MCATOT | FRZGT12M | SCAU14 | SCAU16 | GDS_TOTAL | NQ_GAUSSIAN_REVISION | NP1RTOT | BMI | NP1SLPD | NP1URIN | NP3GAIT_COMBINED_MAX | NP3PSTBL_COMBINED_MAX | NHY_COMBINED_MAX | NP3TOT_COMBINED_MAX | NP4TOT | NP1CNST | FOG_FORM_MISSING | NQ_FORM_MISSING | PART_IV_FORM_MISSING | DXPOSINS_Missing | DXPOSINS_No | DXPOSINS_Unknown | DXPOSINS_Yes | DXRIGID_No | DXRIGID_Unknown | DXRIGID_Yes | DOPTHERST_Missing | DOPTHERST_No | DOPTHERST_Yes | FEATPOSHYP_No | FEATPOSHYP_Uncertain | FEATPOSHYP_Yes | ANYFAMPD_Missing | ANYFAMPD_No | ANYFAMPD_Yes | DXTREMOR_No | DXTREMOR_Unknown | DXTREMOR_Yes | DXBRADY_No | DXBRADY_Unknown | DXBRADY_Yes | DOMSIDE_Left | DOMSIDE_Right | DOMSIDE_Symmetric | DOMSIDE_Unknown | INT_DURATION_X_MOTOR,0.21338195799762616,0.5028814528814529,0.5350595238095238,0.6027397260273972,0.69,0.34375,0.5714285714285714,0.34375
0,direct,1,ENG_03,engineering__INT_DURATION_X_MOTOR,engineered_representation,none,all,INT_DURATION_X_MOTOR,interaction,catboost,scaled_dense,3,"{""auto_class_weights"": ""Balanced"", ""depth"": 4, ""iterations"": 300, ""l2_leaf_reg"": 5.0, ""learning_rate"": 0.08}",1,582,146,47,27,Years_since_PD_diagnosis | Age | MCATOT | FRZGT12M | SCAU14 | SCAU16 | GDS_TOTAL | NQ_GAUSSIAN_REVISION | NP1RTOT | BMI | NP1SLPD | NP1URIN | NP3GAIT_COMBINED_MAX | NP3PSTBL_COMBINED_MAX | NHY_COMBINED_MAX | NP3TOT_COMBINED_MAX | NP4TOT | NP1CNST | FOG_FORM_MISSING | NQ_FORM_MISSING | PART_IV_FORM_MISSING | DXPOSINS_No | DXPOSINS_Unknown | DXPOSINS_Yes | DXRIGID_No | DXRIGID_Unknown | DXRIGID_Yes | DOPTHERST_Missing | DOPTHERST_No | DOPTHERST_Yes | FEATPOSHYP_No | FEATPOSHYP_Uncertain | FEATPOSHYP_Yes | ANYFAMPD_Missing | ANYFAMPD_No | ANYFAMPD_Yes | DXTREMOR_No | DXTREMOR_Unknown | DXTREMOR_Yes | DXBRADY_No | DXBRADY_Unknown | DXBRADY_Yes | DOMSIDE_Left | DOMSIDE_Right | DOMSIDE_Symmetric | DOMSIDE_Unknown | INT_DURATION_X_MOTOR,0.200575957998808,0.5169803983157958,0.5436309523809525,0.6301369863013698,0.68,0.59375,0.35714285714285715,0.59375
0,direct,1,ENG_03,engineering__INT_DURATION_X_MOTOR,engineered_representation,none,all,INT_DURATION_X_MOTOR,interaction,catboost,scaled_dense,3,"{""auto_class_weights"": ""Balanced"", ""depth"": 4, ""iterations"": 300, ""l2_leaf_reg"": 5.0, ""learning_rate"": 0.08}",2,582,146,48,27,Years_since_PD_diagnosis | Age | MCATOT | FRZGT12M | SCAU14 | SCAU16 | GDS_TOTAL | NQ_GAUSSIAN_REVISION | NP1RTOT | BMI | NP1SLPD | NP1URIN | NP3GAIT_COMBINED_MAX | NP3PSTBL_COMBINED_MAX | NHY_COMBINED_MAX | NP3TOT_COMBINED_MAX | NP4TOT | NP1CNST | FOG_FORM_MISSING | NQ_FORM_MISSING | PART_IV_FORM_MISSING | DXPOSINS_Missing | DXPOSINS_No | DXPOSINS_Unknown | DXPOSINS_Yes | DXRIGID_No | DXRIGID_Unknown | DXRIGID_Yes | DOPTHERST_Missing | DOPTHERST_No | DOPTHERST_Yes | FEATPOSHYP_No | FEATPOSHYP_Uncertain | FEATPOSHYP_Yes | ANYFAMPD_Missing | ANYFAMPD_No | ANYFAMPD_Yes | DXTREMOR_No | DXTREMOR_Unknown | DXTREMOR_Yes | DXBRADY_No | DXBRADY_Unknown | DXBRADY_Yes | DOMSIDE_Left | DOMSIDE_Right | DOMSIDE_Symmetric | DOMSIDE_Unknown | INT_DURATION_X_MOTOR,0.20830591699996148,0.5004516711833785,0.5190476190476191,0.6232876712328768,0.7,0.5,0.35714285714285715,0.5
0,direct,1,ENG_03,engineering__INT_DURATION_X_MOTOR,engineered_representation,none,all,INT_DURATION_X_MOTOR,interaction,catboost,scaled_dense,3,"{""auto_class_weights"": ""Balanced"", ""depth"": 4, ""iterations"": 300, ""l2_leaf_reg"": 5.0, ""learning_rate"": 0.08}",3,583,145,48,27,Years_since_PD_diagnosis | Age | MCATOT | FRZGT12M | SCAU14 | SCAU16 | GDS_TOTAL | NQ_GAUSSIAN_REVISION | NP1RTOT | BMI | NP1SLPD | NP1URIN | NP3GAIT_COMBINED_MAX | NP3PSTBL_COMBINED_MAX | NHY_COMBINED_MAX | NP3TOT_COMBINED_MAX | NP4TOT | NP1CNST | FOG_FORM_MISSING | NQ_FORM_MISSING | PART_IV_FORM_MISSING | DXPOSINS_Missing | DXPOSINS_No | DXPOSINS_Unknown | DXPOSINS_Yes | DXRIGID_No | DXRIGID_Unknown | DXRIGID_Yes | DOPTHERST_Missing | DOPTHERST_No | DOPTHERST_Yes | FEATPOSHYP_No | FEATPOSHYP_Uncertain | FEATPOSHYP_Yes | ANYFAMPD_Missing | ANYFAMPD_No | ANYFAMPD_Yes | DXTREMOR_No | DXTREMOR_Unknown | DXTREMOR_Yes | DXBRADY_No | DXBRADY_Unknown | DXBRADY_Yes | DOMSIDE_Left | DOMSIDE_Right | DOMSIDE_Symmetric | DOMSIDE_Unknown | INT_DURATION_X_MOTOR,0.21030104199962807,0.5207505449690749,0.539893559248398,0.6758620689655173,0.8282828282828283,0.25806451612903225,0.5333333333333333,0.25806451612903225
0,direct,1,ENG_03,engineering__INT_DURATION_X_MOTOR,engineered_representation,none,all,INT_DURATION_X_MOTOR,interaction,catboost,scaled_dense,3,"{""auto_class_weights"": ""Balanced"", ""depth"": 4, ""iterations"": 300, ""l2_leaf_reg"": 5.0, ""learning_rate"": 0.08}",4,583,145,48,27,Years_since_PD_diagnosis | Age | MCATOT | FRZGT12M | SCAU14 | SCAU16 | GDS_TOTAL | NQ_GAUSSIAN_REVISION | NP1RTOT | BMI | NP1SLPD | NP1URIN | NP3GAIT_COMBINED_MAX | NP3PSTBL_COMBINED_MAX | NHY_COMBINED_MAX | NP3TOT_COMBINED_MAX | NP4TOT | NP1CNST | FOG_FORM_MISSING | NQ_FORM_MISSING | PART_IV_FORM_MISSING | DXPOSINS_Missing | DXPOSINS_No | DXPOSINS_Unknown | DXPOSINS_Yes | DXRIGID_No | DXRIGID_Unknown | DXRIGID_Yes | DOPTHERST_Missing | DOPTHERST_No | DOPTHERST_Yes | FEATPOSHYP_No | FEATPOSHYP_Uncertain | FEATPOSHYP_Yes | ANYFAMPD_Missing | ANYFAMPD_No | ANYFAMPD_Yes | DXTREMOR_No | DXTREMOR_Unknown | DXTREMOR_Yes | DXBRADY_No | DXBRADY_Unknown | DXBRADY_Yes | DOMSIDE_Left | DOMSIDE_Right | DOMSIDE_Symmetric | DOMSIDE_Unknown | INT_DURATION_X_MOTOR,0.2105202079983428,0.41249537208441317,0.42162698412698413,0.5517241379310345,0.6666666666666666,0.3125,0.2857142857142857,0.3125
0,direct,1,ENG_03,engineering__INT_DURATION_X_MOTOR,engineered_representation,none,all,INT_DURATION_X_MOTOR,interaction,catboost,scaled_dense,4,"{""auto_class_weights"": null, ""depth"": 6, ""iterations"": 300, ""l2_leaf_reg"": 5.0, ""learning_rate"": 0.03}",0,582,146,48,27,Years_since_PD_diagnosis | Age | MCATOT | FRZGT12M | SCAU14 | SCAU16 | GDS_TOTAL | NQ_GAUSSIAN_REVISION | NP1RTOT | BMI | NP1SLPD | NP1URIN | NP3GAIT_COMBINED_MAX | NP3PSTBL_COMBINED_MAX | NHY_COMBINED_MAX | NP3TOT_COMBINED_MAX | NP4TOT | NP1CNST | FOG_FORM_MISSING | NQ_FORM_MISSING | PART_IV_FORM_MISSING | DXPOSINS_Missing | DXPOSINS_No | DXPOSINS_Unknown | DXPOSINS_Yes | DXRIGID_No | DXRIGID_Unknown | DXRIGID_Yes | DOPTHERST_Missing | DOPTHERST_No | DOPTHERST_Yes | FEATPOSHYP_No | FEATPOSHYP_Uncertain | FEATPOSHYP_Yes | ANYFAMPD_Missing | ANYFAMPD_No | ANYFAMPD_Yes | DXTREMOR_No | DXTREMOR_Unknown | DXTREMOR_Yes | DXBRADY_No | DXBRADY_Unknown | DXBRADY_Yes | DOMSIDE_Left | DOMSIDE_Right | DOMSIDE_Symmetric | DOMSIDE_Unknown | INT_DURATION_X_MOTOR,0.6113451669989445,0.4673870962312108,0.45357142857142857,0.7054794520547946,0.95,0.125,0.2857142857142857,0.125
0,direct,1,ENG_03,engineering__INT_DURATION_X_MOTOR,engineered_representation,none,all,INT_DURATION_X_MOTOR,interaction,catboost,scaled_dense,4,"{""auto_class_weights"": null, ""depth"": 6, ""iterations"": 300, ""l2_leaf_reg"": 5.0, ""learning_rate"": 0.03}",1,582,146,47,27,Years_since_PD_diagnosis | Age | MCATOT | FRZGT12M | SCAU14 | SCAU16 | GDS_TOTAL | NQ_GAUSSIAN_REVISION | NP1RTOT | BMI | NP1SLPD | NP1URIN | NP3GAIT_COMBINED_MAX | NP3PSTBL_COMBINED_MAX | NHY_COMBINED_MAX | NP3TOT_COMBINED_MAX | NP4TOT | NP1CNST | FOG_FORM_MISSING | NQ_FORM_MISSING | PART_IV_FORM_MISSING | DXPOSINS_No | DXPOSINS_Unknown | DXPOSINS_Yes | DXRIGID_No | DXRIGID_Unknown | DXRIGID_Yes | DOPTHERST_Missing | DOPTHERST_No | DOPTHERST_Yes | FEATPOSHYP_No | FEATPOSHYP_Uncertain | FEATPOSHYP_Yes | ANYFAMPD_Missing | ANYFAMPD_No | ANYFAMPD_Yes | DXTREMOR_No | DXTREMOR_Unknown | DXTREMOR_Yes | DXBRADY_No | DXBRADY_Unknown | DXBRADY_Yes | DOMSIDE_Left | DOMSIDE_Right | DOMSIDE_Symmetric | DOMSIDE_Unknown | INT_DURATION_X_MOTOR,0.5847793749999255,0.39827586206896554,0.4055357142857143,0.7054794520547946,0.98,0.09375,0.14285714285714285,0.09375
0,direct,1,ENG_03,engineering__INT_DURATION_X_MOTOR,engineered_representation,none,all,INT_DURATION_X_MOTOR,interaction,catboost,scaled_dense,4,"{""auto_class_weights"": null, ""depth"": 6, ""iterations"": 300, ""l2_leaf_reg"": 5.0, ""learning_rate"": 0.03}",2,582,146,48,27,Years_since_PD_diagnosis | Age | MCATOT | FRZGT12M | SCAU14 | SCAU16 | GDS_TOTAL | NQ_GAUSSIAN_REVISION | NP1RTOT | BMI | NP1SLPD | NP1URIN | NP3GAIT_COMBINED_MAX | NP3PSTBL_COMBINED_MAX | NHY_COMBINED_MAX | NP3TOT_COMBINED_MAX | NP4TOT | NP1CNST | FOG_FORM_MISSING | NQ_FORM_MISSING | PART_IV_FORM_MISSING | DXPOSINS_Missing | DXPOSINS_No | DXPOSINS_Unknown | DXPOSINS_Yes | DXRIGID_No | DXRIGID_Unknown | DXRIGID_Yes | DOPTHERST_Missing | DOPTHERST_No | DOPTHERST_Yes | FEATPOSHYP_No | FEATPOSHYP_Uncertain | FEATPOSHYP_Yes | ANYFAMPD_Missing | ANYFAMPD_No | ANYFAMPD_Yes | DXTREMOR_No | DXTREMOR_Unknown | DXTREMOR_Yes | DXBRADY_No | DXBRADY_Unknown | DXBRADY_Yes | DOMSIDE_Left | DOMSIDE_Right | DOMSIDE_Symmetric | DOMSIDE_Unknown | INT_DURATION_X_MOTOR,0.6048632080019161,0.41738437001594897,0.41267857142857145,0.678082191780822,0.93,0.09375,0.21428571428571427,0.09375
0,direct,1,ENG_03,engineering__INT_DURATION_X_MOTOR,engineered_representation,none,all,INT_DURATION_X_MOTOR,interaction,catboost,scaled_dense,4,"{""auto_class_weights"": null, ""depth"": 6, ""iterations"": 300, ""l2_leaf_reg"": 5.0, ""learning_rate"": 0.03}",3,583,145,48,27,Years_since_PD_diagnosis | Age | MCATOT | FRZGT12M | SCAU14 | SCAU16 | GDS_TOTAL | NQ_GAUSSIAN_REVISION | NP1RTOT | BMI | NP1SLPD | NP1URIN | NP3GAIT_COMBINED_MAX | NP3PSTBL_COMBINED_MAX | NHY_COMBINED_MAX | NP3TOT_COMBINED_MAX | NP4TOT | NP1CNST | FOG_FORM_MISSING | NQ_FORM_MISSING | PART_IV_FORM_MISSING | DXPOSINS_Missing | DXPOSINS_No | DXPOSINS_Unknown | DXPOSINS_Yes | DXRIGID_No | DXRIGID_Unknown | DXRIGID_Yes | DOPTHERST_Missing | DOPTHERST_No | DOPTHERST_Yes | FEATPOSHYP_No | FEATPOSHYP_Uncertain | FEATPOSHYP_Yes | ANYFAMPD_Missing | ANYFAMPD_No | ANYFAMPD_Yes | DXTREMOR_No | DXTREMOR_Unknown | DXTREMOR_Yes | DXBRADY_No | DXBRADY_Unknown | DXBRADY_Yes | DOMSIDE_Left | DOMSIDE_Right | DOMSIDE_Symmetric | DOMSIDE_Unknown | INT_DURATION_X_MOTOR,0.6054899590017158,0.35520619731146047,0.3750624524818073,0.6758620689655173,0.9595959595959596,0.03225806451612903,0.13333333333333333,0.03225806451612903
0,direct,1,ENG_03,engineering__INT_DURATION_X_MOTOR,engineered_representation,none,all,INT_DURATION_X_MOTOR,interaction,catboost,scaled_dense,4,"{""auto_class_weights"": null, ""depth"": 6, ""iterations"": 300, ""l2_leaf_reg"": 5.0, ""learning_rate"": 0.03}",4,583,145,48,27,Years_since_PD_diagnosis | Age | MCATOT | FRZGT12M | SCAU14 | SCAU16 | GDS_TOTAL | NQ_GAUSSIAN_REVISION | NP1RTOT | BMI | NP1SLPD | NP1URIN | NP3GAIT_COMBINED_MAX | NP3PSTBL_COMBINED_MAX | NHY_COMBINED_MAX | NP3TOT_COMBINED_MAX | NP4TOT | NP1CNST | FOG_FORM_MISSING | NQ_FORM_MISSING | PART_IV_FORM_MISSING | DXPOSINS_Missing | DXPOSINS_No | DXPOSINS_Unknown | DXPOSINS_Yes | DXRIGID_No | DXRIGID_Unknown | DXRIGID_Yes | DOPTHERST_Missing | DOPTHERST_No | DOPTHERST_Yes | FEATPOSHYP_No | FEATPOSHYP_Uncertain | FEATPOSHYP_Yes | ANYFAMPD_Missing | ANYFAMPD_No | ANYFAMPD_Yes | DXTREMOR_No | DXTREMOR_Unknown | DXTREMOR_Yes | DXBRADY_No | DXBRADY_Unknown | DXBRADY_Yes | DOMSIDE_Left | DOMSIDE_Right | DOMSIDE_Symmetric | DOMSIDE_Unknown | INT_DURATION_X_MOTOR,0.6028980410010263,0.3706693646410781,0.3782166907166907,0.6620689655172414,0.9292929292929293,0.0625,0.14285714285714285,0.0625
0,direct,1,ENG_03,engineering__INT_DURATION_X_MOTOR,engineered_representation,none,all,INT_DURATION_X_MOTOR,interaction,catboost,scaled_dense,5,"{""auto_class_weights"": ""Balanced"", ""depth"": 6, ""iterations"": 300, ""l2_leaf_reg"": 5.0, ""learning_rate"": 0.03}",0,582,146,48,27,Years_since_PD_diagnosis | Age | MCATOT | FRZGT12M | SCAU14 | SCAU16 | GDS_TOTAL | NQ_GAUSSIAN_REVISION | NP1RTOT | BMI | NP1SLPD | NP1URIN | NP3GAIT_COMBINED_MAX | NP3PSTBL_COMBINED_MAX | NHY_COMBINED_MAX | NP3TOT_COMBINED_MAX | NP4TOT | NP1CNST | FOG_FORM_MISSING | NQ_FORM_MISSING | PART_IV_FORM_MISSING | DXPOSINS_Missing | DXPOSINS_No | DXPOSINS_Unknown | DXPOSINS_Yes | DXRIGID_No | DXRIGID_Unknown | DXRIGID_Yes | DOPTHERST_Missing | DOPTHERST_No | DOPTHERST_Yes | FEATPOSHYP_No | FEATPOSHYP_Uncertain | FEATPOSHYP_Yes | ANYFAMPD_Missing | ANYFAMPD_No | ANYFAMPD_Yes | DXTREMOR_No | DXTREMOR_Unknown | DXTREMOR_Yes | DXBRADY_No | DXBRADY_Unknown | DXBRADY_Yes | DOMSIDE_Left | DOMSIDE_Right | DOMSIDE_Symmetric | DOMSIDE_Unknown | INT_DURATION_X_MOTOR,0.6077391670005454,0.5014652014652015,0.5585119047619048,0.5958904109589042,0.68,0.28125,0.7142857142857143,0.28125
0,direct,1,ENG_03,engineering__INT_DURATION_X_MOTOR,engineered_representation,none,all,INT_DURATION_X_MOTOR,interaction,catboost,scaled_dense,5,"{""auto_class_weights"": ""Balanced"", ""depth"": 6, ""iterations"": 300, ""l2_leaf_reg"": 5.0, ""learning_rate"": 0.03}",1,582,146,47,27,Years_since_PD_diagnosis | Age | MCATOT | FRZGT12M | SCAU14 | SCAU16 | GDS_TOTAL | NQ_GAUSSIAN_REVISION | NP1RTOT | BMI | NP1SLPD | NP1URIN | NP3GAIT_COMBINED_MAX | NP3PSTBL_COMBINED_MAX | NHY_COMBINED_MAX | NP3TOT_COMBINED_MAX | NP4TOT | NP1CNST | FOG_FORM_MISSING | NQ_FORM_MISSING | PART_IV_FORM_MISSING | DXPOSINS_No | DXPOSINS_Unknown | DXPOSINS_Yes | DXRIGID_No | DXRIGID_Unknown | DXRIGID_Yes | DOPTHERST_Missing | DOPTHERST_No | DOPTHERST_Yes | FEATPOSHYP_No | FEATPOSHYP_Uncertain | FEATPOSHYP_Yes | ANYFAMPD_Missing | ANYFAMPD_No | ANYFAMPD_Yes | DXTREMOR_No | DXTREMOR_Unknown | DXTREMOR_Yes | DXBRADY_No | DXBRADY_Unknown | DXBRADY_Yes | DOMSIDE_Left | DOMSIDE_Right | DOMSIDE_Symmetric | DOMSIDE_Unknown | INT_DURATION_X_MOTOR,0.5903626670005906,0.5815922942505222,0.6220833333333333,0.678082191780822,0.71,0.65625,0.5,0.65625
0,direct,1,ENG_03,engineering__INT_DURATION_X_MOTOR,engineered_representation,none,all,INT_DURATION_X_MOTOR,interaction,catboost,scaled_dense,5,"{""auto_class_weights"": ""Balanced"", ""depth"": 6, ""iterations"": 300, ""l2_leaf_reg"": 5.0, ""learning_rate"": 0.03}",2,582,146,48,27,Years_since_PD_diagnosis | Age | MCATOT | FRZGT12M | SCAU14 | SCAU16 | GDS_TOTAL | NQ_GAUSSIAN_REVISION | NP1RTOT | BMI | NP1SLPD | NP1URIN | NP3GAIT_COMBINED_MAX | NP3PSTBL_COMBINED_MAX | NHY_COMBINED_MAX | NP3TOT_COMBINED_MAX | NP4TOT | NP1CNST | FOG_FORM_MISSING | NQ_FORM_MISSING | PART_IV_FORM_MISSING | DXPOSINS_Missing | DXPOSINS_No | DXPOSINS_Unknown | DXPOSINS_Yes | DXRIGID_No | DXRIGID_Unknown | DXRIGID_Yes | DOPTHERST_Missing | DOPTHERST_No | DOPTHERST_Yes | FEATPOSHYP_No | FEATPOSHYP_Uncertain | FEATPOSHYP_Yes | ANYFAMPD_Missing | ANYFAMPD_No | ANYFAMPD_Yes | DXTREMOR_No | DXTREMOR_Unknown | DXTREMOR_Yes | DXBRADY_No | DXBRADY_Unknown | DXBRADY_Yes | DOMSIDE_Left | DOMSIDE_Right | DOMSIDE_Symmetric | DOMSIDE_Unknown | INT_DURATION_X_MOTOR,0.7262129580012697,0.4901764901764902,0.5116071428571428,0.6095890410958904,0.7,0.40625,0.42857142857142855,0.40625
0,direct,1,ENG_03,engineering__INT_DURATION_X_MOTOR,engineered_representation,none,all,INT_DURATION_X_MOTOR,interaction,catboost,scaled_dense,5,"{""auto_class_weights"": ""Balanced"", ""depth"": 6, ""iterations"": 300, ""l2_leaf_reg"": 5.0, ""learning_rate"": 0.03}",3,583,145,48,27,Years_since_PD_diagnosis | Age | MCATOT | FRZGT12M | SCAU14 | SCAU16 | GDS_TOTAL | NQ_GAUSSIAN_REVISION | NP1RTOT | BMI | NP1SLPD | NP1URIN | NP3GAIT_COMBINED_MAX | NP3PSTBL_COMBINED_MAX | NHY_COMBINED_MAX | NP3TOT_COMBINED_MAX | NP4TOT | NP1CNST | FOG_FORM_MISSING | NQ_FORM_MISSING | PART_IV_FORM_MISSING | DXPOSINS_Missing | DXPOSINS_No | DXPOSINS_Unknown | DXPOSINS_Yes | DXRIGID_No | DXRIGID_Unknown | DXRIGID_Yes | DOPTHERST_Missing | DOPTHERST_No | DOPTHERST_Yes | FEATPOSHYP_No | FEATPOSHYP_Uncertain | FEATPOSHYP_Yes | ANYFAMPD_Missing | ANYFAMPD_No | ANYFAMPD_Yes | DXTREMOR_No | DXTREMOR_Unknown | DXTREMOR_Yes | DXBRADY_No | DXBRADY_Unknown | DXBRADY_Yes | DOMSIDE_Left | DOMSIDE_Right | DOMSIDE_Symmetric | DOMSIDE_Unknown | INT_DURATION_X_MOTOR,0.6204095409993897,0.5305869749711313,0.5627674595416531,0.6689655172413793,0.797979797979798,0.2903225806451613,0.6,0.2903225806451613
0,direct,1,ENG_03,engineering__INT_DURATION_X_MOTOR,engineered_representation,none,all,INT_DURATION_X_MOTOR,interaction,catboost,scaled_dense,5,"{""auto_class_weights"": ""Balanced"", ""depth"": 6, ""iterations"": 300, ""l2_leaf_reg"": 5.0, ""learning_rate"": 0.03}",4,583,145,48,27,Years_since_PD_diagnosis | Age | MCATOT | FRZGT12M | SCAU14 | SCAU16 | GDS_TOTAL | NQ_GAUSSIAN_REVISION | NP1RTOT | BMI | NP1SLPD | NP1URIN | NP3GAIT_COMBINED_MAX | NP3PSTBL_COMBINED_MAX | NHY_COMBINED_MAX | NP3TOT_COMBINED_MAX | NP4TOT | NP1CNST | FOG_FORM_MISSING | NQ_FORM_MISSING | PART_IV_FORM_MISSING | DXPOSINS_Missing | DXPOSINS_No | DXPOSINS_Unknown | DXPOSINS_Yes | DXRIGID_No | DXRIGID_Unknown | DXRIGID_Yes | DOPTHERST_Missing | DOPTHERST_No | DOPTHERST_Yes | FEATPOSHYP_No | FEATPOSHYP_Uncertain | FEATPOSHYP_Yes | ANYFAMPD_Missing | ANYFAMPD_No | ANYFAMPD_Yes | DXTREMOR_No | DXTREMOR_Unknown | DXTREMOR_Yes | DXBRADY_No | DXBRADY_Unknown | DXBRADY_Yes | DOMSIDE_Left | DOMSIDE_Right | DOMSIDE_Symmetric | DOMSIDE_Unknown | INT_DURATION_X_MOTOR,0.6092949579979177,0.40754986350538003,0.42092051467051467,0.5517241379310345,0.6868686868686869,0.21875,0.35714285714285715,0.21875
0,direct,1,ENG_03,engineering__INT_DURATION_X_MOTOR,engineered_representation,none,all,INT_DURATION_X_MOTOR,interaction,catboost,scaled_dense,6,"{""auto_class_weights"": null, ""depth"": 6, ""iterations"": 300, ""l2_leaf_reg"": 5.0, ""learning_rate"": 0.08}",0,582,146,48,27,Years_since_PD_diagnosis | Age | MCATOT | FRZGT12M | SCAU14 | SCAU16 | GDS_TOTAL | NQ_GAUSSIAN_REVISION | NP1RTOT | BMI | NP1SLPD | NP1URIN | NP3GAIT_COMBINED_MAX | NP3PSTBL_COMBINED_MAX | NHY_COMBINED_MAX | NP3TOT_COMBINED_MAX | NP4TOT | NP1CNST | FOG_FORM_MISSING | NQ_FORM_MISSING | PART_IV_FORM_MISSING | DXPOSINS_Missing | DXPOSINS_No | DXPOSINS_Unknown | DXPOSINS_Yes | DXRIGID_No | DXRIGID_Unknown | DXRIGID_Yes | DOPTHERST_Missing | DOPTHERST_No | DOPTHERST_Yes | FEATPOSHYP_No | FEATPOSHYP_Uncertain | FEATPOSHYP_Yes | ANYFAMPD_Missing | ANYFAMPD_No | ANYFAMPD_Yes | DXTREMOR_No | DXTREMOR_Unknown | DXTREMOR_Yes | DXBRADY_No | DXBRADY_Unknown | DXBRADY_Yes | DOMSIDE_Left | DOMSIDE_Right | DOMSIDE_Symmetric | DOMSIDE_Unknown | INT_DURATION_X_MOTOR,0.6116595839994261,0.45307554250285526,0.44017857142857136,0.7054794520547946,0.95,0.15625,0.21428571428571427,0.15625
0,direct,1,ENG_03,engineering__INT_DURATION_X_MOTOR,engineered_representation,none,all,INT_DURATION_X_MOTOR,interaction,catboost,scaled_dense,6,"{""auto_class_weights"": null, ""depth"": 6, ""iterations"": 300, ""l2_leaf_reg"": 5.0, ""learning_rate"": 0.08}",1,582,146,47,27,Years_since_PD_diagnosis | Age | MCATOT | FRZGT12M | SCAU14 | SCAU16 | GDS_TOTAL | NQ_GAUSSIAN_REVISION | NP1RTOT | BMI | NP1SLPD | NP1URIN | NP3GAIT_COMBINED_MAX | NP3PSTBL_COMBINED_MAX | NHY_COMBINED_MAX | NP3TOT_COMBINED_MAX | NP4TOT | NP1CNST | FOG_FORM_MISSING | NQ_FORM_MISSING | PART_IV_FORM_MISSING | DXPOSINS_No | DXPOSINS_Unknown | DXPOSINS_Yes | DXRIGID_No | DXRIGID_Unknown | DXRIGID_Yes | DOPTHERST_Missing | DOPTHERST_No | DOPTHERST_Yes | FEATPOSHYP_No | FEATPOSHYP_Uncertain | FEATPOSHYP_Yes | ANYFAMPD_Missing | ANYFAMPD_No | ANYFAMPD_Yes | DXTREMOR_No | DXTREMOR_Unknown | DXTREMOR_Yes | DXBRADY_No | DXBRADY_Unknown | DXBRADY_Yes | DOMSIDE_Left | DOMSIDE_Right | DOMSIDE_Symmetric | DOMSIDE_Unknown | INT_DURATION_X_MOTOR,0.583479165998142,0.43340262282993564,0.42678571428571427,0.7054794520547946,0.95,0.1875,0.14285714285714285,0.1875
0,direct,1,ENG_03,engineering__INT_DURATION_X_MOTOR,engineered_representation,none,all,INT_DURATION_X_MOTOR,interaction,catboost,scaled_dense,6,"{""auto_class_weights"": null, ""depth"": 6, ""iterations"": 300, ""l2_leaf_reg"": 5.0, ""learning_rate"": 0.08}",2,582,146,48,27,Years_since_PD_diagnosis | Age | MCATOT | FRZGT12M | SCAU14 | SCAU16 | GDS_TOTAL | NQ_GAUSSIAN_REVISION | NP1RTOT | BMI | NP1SLPD | NP1URIN | NP3GAIT_COMBINED_MAX | NP3PSTBL_COMBINED_MAX | NHY_COMBINED_MAX | NP3TOT_COMBINED_MAX | NP4TOT | NP1CNST | FOG_FORM_MISSING | NQ_FORM_MISSING | PART_IV_FORM_MISSING | DXPOSINS_Missing | DXPOSINS_No | DXPOSINS_Unknown | DXPOSINS_Yes | DXRIGID_No | DXRIGID_Unknown | DXRIGID_Yes | DOPTHERST_Missing | DOPTHERST_No | DOPTHERST_Yes | FEATPOSHYP_No | FEATPOSHYP_Uncertain | FEATPOSHYP_Yes | ANYFAMPD_Missing | ANYFAMPD_No | ANYFAMPD_Yes | DXTREMOR_No | DXTREMOR_Unknown | DXTREMOR_Yes | DXBRADY_No | DXBRADY_Unknown | DXBRADY_Yes | DOMSIDE_Left | DOMSIDE_Right | DOMSIDE_Symmetric | DOMSIDE_Unknown | INT_DURATION_X_MOTOR,0.607673958002124,0.4433560207920508,0.4272619047619047,0.6643835616438356,0.88,0.1875,0.21428571428571427,0.1875
0,direct,1,ENG_03,engineering__INT_DURATION_X_MOTOR,engineered_representation,none,all,INT_DURATION_X_MOTOR,interaction,catboost,scaled_dense,6,"{""auto_class_weights"": null, ""depth"": 6, ""iterations"": 300, ""l2_leaf_reg"": 5.0, ""learning_rate"": 0.08}",3,583,145,48,27,Years_since_PD_diagnosis | Age | MCATOT | FRZGT12M | SCAU14 | SCAU16 | GDS_TOTAL | NQ_GAUSSIAN_REVISION | NP1RTOT | BMI | NP1SLPD | NP1URIN | NP3GAIT_COMBINED_MAX | NP3PSTBL_COMBINED_MAX | NHY_COMBINED_MAX | NP3TOT_COMBINED_MAX | NP4TOT | NP1CNST | FOG_FORM_MISSING | NQ_FORM_MISSING | PART_IV_FORM_MISSING | DXPOSINS_Missing | DXPOSINS_No | DXPOSINS_Unknown | DXPOSINS_Yes | DXRIGID_No | DXRIGID_Unknown | DXRIGID_Yes | DOPTHERST_Missing | DOPTHERST_No | DOPTHERST_Yes | FEATPOSHYP_No | FEATPOSHYP_Uncertain | FEATPOSHYP_Yes | ANYFAMPD_Missing | ANYFAMPD_No | ANYFAMPD_Yes | DXTREMOR_No | DXTREMOR_Unknown | DXTREMOR_Yes | DXBRADY_No | DXBRADY_Unknown | DXBRADY_Yes | DOMSIDE_Left | DOMSIDE_Right | DOMSIDE_Symmetric | DOMSIDE_Unknown | INT_DURATION_X_MOTOR,0.6915270839999721,0.3996882450027508,0.4013033561420658,0.6758620689655173,0.9393939393939394,0.06451612903225806,0.2,0.06451612903225806
0,direct,1,ENG_03,engineering__INT_DURATION_X_MOTOR,engineered_representation,none,all,INT_DURATION_X_MOTOR,interaction,catboost,scaled_dense,6,"{""auto_class_weights"": null, ""depth"": 6, ""iterations"": 300, ""l2_leaf_reg"": 5.0, ""learning_rate"": 0.08}",4,583,145,48,27,Years_since_PD_diagnosis | Age | MCATOT | FRZGT12M | SCAU14 | SCAU16 | GDS_TOTAL | NQ_GAUSSIAN_REVISION | NP1RTOT | BMI | NP1SLPD | NP1URIN | NP3GAIT_COMBINED_MAX | NP3PSTBL_COMBINED_MAX | NHY_COMBINED_MAX | NP3TOT_COMBINED_MAX | NP4TOT | NP1CNST | FOG_FORM_MISSING | NQ_FORM_MISSING | PART_IV_FORM_MISSING | DXPOSINS_Missing | DXPOSINS_No | DXPOSINS_Unknown | DXPOSINS_Yes | DXRIGID_No | DXRIGID_Unknown | DXRIGID_Yes | DOPTHERST_Missing | DOPTHERST_No | DOPTHERST_Yes | FEATPOSHYP_No | FEATPOSHYP_Uncertain | FEATPOSHYP_Yes | ANYFAMPD_Missing | ANYFAMPD_No | ANYFAMPD_Yes | DXTREMOR_No | DXTREMOR_Unknown | DXTREMOR_Yes | DXBRADY_No | DXBRADY_Unknown | DXBRADY_Yes | DOMSIDE_Left | DOMSIDE_Right | DOMSIDE_Symmetric | DOMSIDE_Unknown | INT_DURATION_X_MOTOR,0.6100329999972018,0.3727229560562894,0.37172318422318423,0.6068965517241379,0.8383838383838383,0.0625,0.21428571428571427,0.0625
0,direct,1,ENG_03,engineering__INT_DURATION_X_MOTOR,engineered_representation,none,all,INT_DURATION_X_MOTOR,interaction,catboost,scaled_dense,7,"{""auto_class_weights"": ""Balanced"", ""depth"": 6, ""iterations"": 300, ""l2_leaf_reg"": 5.0, ""learning_rate"": 0.08}",0,582,146,48,27,Years_since_PD_diagnosis | Age | MCATOT | FRZGT12M | SCAU14 | SCAU16 | GDS_TOTAL | NQ_GAUSSIAN_REVISION | NP1RTOT | BMI | NP1SLPD | NP1URIN | NP3GAIT_COMBINED_MAX | NP3PSTBL_COMBINED_MAX | NHY_COMBINED_MAX | NP3TOT_COMBINED_MAX | NP4TOT | NP1CNST | FOG_FORM_MISSING | NQ_FORM_MISSING | PART_IV_FORM_MISSING | DXPOSINS_Missing | DXPOSINS_No | DXPOSINS_Unknown | DXPOSINS_Yes | DXRIGID_No | DXRIGID_Unknown | DXRIGID_Yes | DOPTHERST_Missing | DOPTHERST_No | DOPTHERST_Yes | FEATPOSHYP_No | FEATPOSHYP_Uncertain | FEATPOSHYP_Yes | ANYFAMPD_Missing | ANYFAMPD_No | ANYFAMPD_Yes | DXTREMOR_No | DXTREMOR_Unknown | DXTREMOR_Yes | DXBRADY_No | DXBRADY_Unknown | DXBRADY_Yes | DOMSIDE_Left | DOMSIDE_Right | DOMSIDE_Symmetric | DOMSIDE_Unknown | INT_DURATION_X_MOTOR,0.6179810409994388,0.5053763440860215,0.5200595238095238,0.6301369863013698,0.77,0.21875,0.5714285714285714,0.21875
0,direct,1,ENG_03,engineering__INT_DURATION_X_MOTOR,engineered_representation,none,all,INT_DURATION_X_MOTOR,interaction,catboost,scaled_dense,7,"{""auto_class_weights"": ""Balanced"", ""depth"": 6, ""iterations"": 300, ""l2_leaf_reg"": 5.0, ""learning_rate"": 0.08}",1,582,146,47,27,Years_since_PD_diagnosis | Age | MCATOT | FRZGT12M | SCAU14 | SCAU16 | GDS_TOTAL | NQ_GAUSSIAN_REVISION | NP1RTOT | BMI | NP1SLPD | NP1URIN | NP3GAIT_COMBINED_MAX | NP3PSTBL_COMBINED_MAX | NHY_COMBINED_MAX | NP3TOT_COMBINED_MAX | NP4TOT | NP1CNST | FOG_FORM_MISSING | NQ_FORM_MISSING | PART_IV_FORM_MISSING | DXPOSINS_No | DXPOSINS_Unknown | DXPOSINS_Yes | DXRIGID_No | DXRIGID_Unknown | DXRIGID_Yes | DOPTHERST_Missing | DOPTHERST_No | DOPTHERST_Yes | FEATPOSHYP_No | FEATPOSHYP_Uncertain | FEATPOSHYP_Yes | ANYFAMPD_Missing | ANYFAMPD_No | ANYFAMPD_Yes | DXTREMOR_No | DXTREMOR_Unknown | DXTREMOR_Yes | DXBRADY_No | DXBRADY_Unknown | DXBRADY_Yes | DOMSIDE_Left | DOMSIDE_Right | DOMSIDE_Symmetric | DOMSIDE_Unknown | INT_DURATION_X_MOTOR,0.6805504170006316,0.5724953063662741,0.59375,0.678082191780822,0.75,0.53125,0.5,0.53125
0,direct,1,ENG_03,engineering__INT_DURATION_X_MOTOR,engineered_representation,none,all,INT_DURATION_X_MOTOR,interaction,catboost,scaled_dense,7,"{""auto_class_weights"": ""Balanced"", ""depth"": 6, ""iterations"": 300, ""l2_leaf_reg"": 5.0, ""learning_rate"": 0.08}",2,582,146,48,27,Years_since_PD_diagnosis | Age | MCATOT | FRZGT12M | SCAU14 | SCAU16 | GDS_TOTAL | NQ_GAUSSIAN_REVISION | NP1RTOT | BMI | NP1SLPD | NP1URIN | NP3GAIT_COMBINED_MAX | NP3PSTBL_COMBINED_MAX | NHY_COMBINED_MAX | NP3TOT_COMBINED_MAX | NP4TOT | NP1CNST | FOG_FORM_MISSING | NQ_FORM_MISSING | PART_IV_FORM_MISSING | DXPOSINS_Missing | DXPOSINS_No | DXPOSINS_Unknown | DXPOSINS_Yes | DXRIGID_No | DXRIGID_Unknown | DXRIGID_Yes | DOPTHERST_Missing | DOPTHERST_No | DOPTHERST_Yes | FEATPOSHYP_No | FEATPOSHYP_Uncertain | FEATPOSHYP_Yes | ANYFAMPD_Missing | ANYFAMPD_No | ANYFAMPD_Yes | DXTREMOR_No | DXTREMOR_Unknown | DXTREMOR_Yes | DXBRADY_No | DXBRADY_Unknown | DXBRADY_Yes | DOMSIDE_Left | DOMSIDE_Right | DOMSIDE_Symmetric | DOMSIDE_Unknown | INT_DURATION_X_MOTOR,0.605415833000734,0.49809659283343494,0.5007738095238096,0.6164383561643836,0.73,0.34375,0.42857142857142855,0.34375
0,direct,1,ENG_03,engineering__INT_DURATION_X_MOTOR,engineered_representation,none,all,INT_DURATION_X_MOTOR,interaction,catboost,scaled_dense,7,"{""auto_class_weights"": ""Balanced"", ""depth"": 6, ""iterations"": 300, ""l2_leaf_reg"": 5.0, ""learning_rate"": 0.08}",3,583,145,48,27,Years_since_PD_diagnosis | Age | MCATOT | FRZGT12M | SCAU14 | SCAU16 | GDS_TOTAL | NQ_GAUSSIAN_REVISION | NP1RTOT | BMI | NP1SLPD | NP1URIN | NP3GAIT_COMBINED_MAX | NP3PSTBL_COMBINED_MAX | NHY_COMBINED_MAX | NP3TOT_COMBINED_MAX | NP4TOT | NP1CNST | FOG_FORM_MISSING | NQ_FORM_MISSING | PART_IV_FORM_MISSING | DXPOSINS_Missing | DXPOSINS_No | DXPOSINS_Unknown | DXPOSINS_Yes | DXRIGID_No | DXRIGID_Unknown | DXRIGID_Yes | DOPTHERST_Missing | DOPTHERST_No | DOPTHERST_Yes | FEATPOSHYP_No | FEATPOSHYP_Uncertain | FEATPOSHYP_Yes | ANYFAMPD_Missing | ANYFAMPD_No | ANYFAMPD_Yes | DXTREMOR_No | DXTREMOR_Unknown | DXTREMOR_Yes | DXBRADY_No | DXBRADY_Unknown | DXBRADY_Yes | DOMSIDE_Left | DOMSIDE_Right | DOMSIDE_Symmetric | DOMSIDE_Unknown | INT_DURATION_X_MOTOR,0.6441920419965754,0.5205309803010952,0.5236884978820463,0.6896551724137931,0.8484848484848485,0.3225806451612903,0.4,0.3225806451612903
0,direct,1,ENG_03,engineering__INT_DURATION_X_MOTOR,engineered_representation,none,all,INT_DURATION_X_MOTOR,interaction,catboost,scaled_dense,7,"{""auto_class_weights"": ""Balanced"", ""depth"": 6, ""iterations"": 300, ""l2_leaf_reg"": 5.0, ""learning_rate"": 0.08}",4,583,145,48,27,Years_since_PD_diagnosis | Age | MCATOT | FRZGT12M | SCAU14 | SCAU16 | GDS_TOTAL | NQ_GAUSSIAN_REVISION | NP1RTOT | BMI | NP1SLPD | NP1URIN | NP3GAIT_COMBINED_MAX | NP3PSTBL_COMBINED_MAX | NHY_COMBINED_MAX | NP3TOT_COMBINED_MAX | NP4TOT | NP1CNST | FOG_FORM_MISSING | NQ_FORM_MISSING | PART_IV_FORM_MISSING | DXPOSINS_Missing | DXPOSINS_No | DXPOSINS_Unknown | DXPOSINS_Yes | DXRIGID_No | DXRIGID_Unknown | DXRIGID_Yes | DOPTHERST_Missing | DOPTHERST_No | DOPTHERST_Yes | FEATPOSHYP_No | FEATPOSHYP_Uncertain | FEATPOSHYP_Yes | ANYFAMPD_Missing | ANYFAMPD_No | ANYFAMPD_Yes | DXTREMOR_No | DXTREMOR_Unknown | DXTREMOR_Yes | DXBRADY_No | DXBRADY_Unknown | DXBRADY_Yes | DOMSIDE_Left | DOMSIDE_Right | DOMSIDE_Symmetric | DOMSIDE_Unknown | INT_DURATION_X_MOTOR,0.6476652499986812,0.4067091223953969,0.4038449975949976,0.5586206896551724,0.7070707070707071,0.21875,0.2857142857142857,0.21875
0,direct,1,ENG_03,engineering__INT_DURATION_X_MOTOR,engineered_representation,none,all,INT_DURATION_X_MOTOR,interaction,catboost,scaled_dense,8,"{""auto_class_weights"": null, ""depth"": 4, ""iterations"": 600, ""l2_leaf_reg"": 5.0, ""learning_rate"": 0.03}",0,582,146,48,27,Years_since_PD_diagnosis | Age | MCATOT | FRZGT12M | SCAU14 | SCAU16 | GDS_TOTAL | NQ_GAUSSIAN_REVISION | NP1RTOT | BMI | NP1SLPD | NP1URIN | NP3GAIT_COMBINED_MAX | NP3PSTBL_COMBINED_MAX | NHY_COMBINED_MAX | NP3TOT_COMBINED_MAX | NP4TOT | NP1CNST | FOG_FORM_MISSING | NQ_FORM_MISSING | PART_IV_FORM_MISSING | DXPOSINS_Missing | DXPOSINS_No | DXPOSINS_Unknown | DXPOSINS_Yes | DXRIGID_No | DXRIGID_Unknown | DXRIGID_Yes | DOPTHERST_Missing | DOPTHERST_No | DOPTHERST_Yes | FEATPOSHYP_No | FEATPOSHYP_Uncertain | FEATPOSHYP_Yes | ANYFAMPD_Missing | ANYFAMPD_No | ANYFAMPD_Yes | DXTREMOR_No | DXTREMOR_Unknown | DXTREMOR_Yes | DXBRADY_No | DXBRADY_Unknown | DXBRADY_Yes | DOMSIDE_Left | DOMSIDE_Right | DOMSIDE_Symmetric | DOMSIDE_Unknown | INT_DURATION_X_MOTOR,0.44411345799744595,0.45815295815295815,0.4569642857142857,0.684931506849315,0.92,0.09375,0.35714285714285715,0.09375
0,direct,1,ENG_03,engineering__INT_DURATION_X_MOTOR,engineered_representation,none,all,INT_DURATION_X_MOTOR,interaction,catboost,scaled_dense,8,"{""auto_class_weights"": null, ""depth"": 4, ""iterations"": 600, ""l2_leaf_reg"": 5.0, ""learning_rate"": 0.03}",1,582,146,47,27,Years_since_PD_diagnosis | Age | MCATOT | FRZGT12M | SCAU14 | SCAU16 | GDS_TOTAL | NQ_GAUSSIAN_REVISION | NP1RTOT | BMI | NP1SLPD | NP1URIN | NP3GAIT_COMBINED_MAX | NP3PSTBL_COMBINED_MAX | NHY_COMBINED_MAX | NP3TOT_COMBINED_MAX | NP4TOT | NP1CNST | FOG_FORM_MISSING | NQ_FORM_MISSING | PART_IV_FORM_MISSING | DXPOSINS_No | DXPOSINS_Unknown | DXPOSINS_Yes | DXRIGID_No | DXRIGID_Unknown | DXRIGID_Yes | DOPTHERST_Missing | DOPTHERST_No | DOPTHERST_Yes | FEATPOSHYP_No | FEATPOSHYP_Uncertain | FEATPOSHYP_Yes | ANYFAMPD_Missing | ANYFAMPD_No | ANYFAMPD_Yes | DXTREMOR_No | DXTREMOR_Unknown | DXTREMOR_Yes | DXBRADY_No | DXBRADY_Unknown | DXBRADY_Yes | DOMSIDE_Left | DOMSIDE_Right | DOMSIDE_Symmetric | DOMSIDE_Unknown | INT_DURATION_X_MOTOR,0.4101970000010624,0.4457912457912458,0.4372023809523809,0.7123287671232876,0.95,0.21875,0.14285714285714285,0.21875
0,direct,1,ENG_03,engineering__INT_DURATION_X_MOTOR,engineered_representation,none,all,INT_DURATION_X_MOTOR,interaction,catboost,scaled_dense,8,"{""auto_class_weights"": null, ""depth"": 4, ""iterations"": 600, ""l2_leaf_reg"": 5.0, ""learning_rate"": 0.03}",2,582,146,48,27,Years_since_PD_diagnosis | Age | MCATOT | FRZGT12M | SCAU14 | SCAU16 | GDS_TOTAL | NQ_GAUSSIAN_REVISION | NP1RTOT | BMI | NP1SLPD | NP1URIN | NP3GAIT_COMBINED_MAX | NP3PSTBL_COMBINED_MAX | NHY_COMBINED_MAX | NP3TOT_COMBINED_MAX | NP4TOT | NP1CNST | FOG_FORM_MISSING | NQ_FORM_MISSING | PART_IV_FORM_MISSING | DXPOSINS_Missing | DXPOSINS_No | DXPOSINS_Unknown | DXPOSINS_Yes | DXRIGID_No | DXRIGID_Unknown | DXRIGID_Yes | DOPTHERST_Missing | DOPTHERST_No | DOPTHERST_Yes | FEATPOSHYP_No | FEATPOSHYP_Uncertain | FEATPOSHYP_Yes | ANYFAMPD_Missing | ANYFAMPD_No | ANYFAMPD_Yes | DXTREMOR_No | DXTREMOR_Unknown | DXTREMOR_Yes | DXBRADY_No | DXBRADY_Unknown | DXBRADY_Yes | DOMSIDE_Left | DOMSIDE_Right | DOMSIDE_Symmetric | DOMSIDE_Unknown | INT_DURATION_X_MOTOR,0.39057633300035377,0.4532732732732732,0.4372619047619048,0.684931506849315,0.91,0.1875,0.21428571428571427,0.1875
0,direct,1,ENG_03,engineering__INT_DURATION_X_MOTOR,engineered_representation,none,all,INT_DURATION_X_MOTOR,interaction,catboost,scaled_dense,8,"{""auto_class_weights"": null, ""depth"": 4, ""iterations"": 600, ""l2_leaf_reg"": 5.0, ""learning_rate"": 0.03}",3,583,145,48,27,Years_since_PD_diagnosis | Age | MCATOT | FRZGT12M | SCAU14 | SCAU16 | GDS_TOTAL | NQ_GAUSSIAN_REVISION | NP1RTOT | BMI | NP1SLPD | NP1URIN | NP3GAIT_COMBINED_MAX | NP3PSTBL_COMBINED_MAX | NHY_COMBINED_MAX | NP3TOT_COMBINED_MAX | NP4TOT | NP1CNST | FOG_FORM_MISSING | NQ_FORM_MISSING | PART_IV_FORM_MISSING | DXPOSINS_Missing | DXPOSINS_No | DXPOSINS_Unknown | DXPOSINS_Yes | DXRIGID_No | DXRIGID_Unknown | DXRIGID_Yes | DOPTHERST_Missing | DOPTHERST_No | DOPTHERST_Yes | FEATPOSHYP_No | FEATPOSHYP_Uncertain | FEATPOSHYP_Yes | ANYFAMPD_Missing | ANYFAMPD_No | ANYFAMPD_Yes | DXTREMOR_No | DXTREMOR_Unknown | DXTREMOR_Yes | DXBRADY_No | DXBRADY_Unknown | DXBRADY_Yes | DOMSIDE_Left | DOMSIDE_Right | DOMSIDE_Symmetric | DOMSIDE_Unknown | INT_DURATION_X_MOTOR,0.5164852080015407,0.3963544659388367,0.4046703595090692,0.6827586206896552,0.9494949494949495,0.06451612903225806,0.2,0.06451612903225806
0,direct,1,ENG_03,engineering__INT_DURATION_X_MOTOR,engineered_representation,none,all,INT_DURATION_X_MOTOR,interaction,catboost,scaled_dense,8,"{""auto_class_weights"": null, ""depth"": 4, ""iterations"": 600, ""l2_leaf_reg"": 5.0, ""learning_rate"": 0.03}",4,583,145,48,27,Years_since_PD_diagnosis | Age | MCATOT | FRZGT12M | SCAU14 | SCAU16 | GDS_TOTAL | NQ_GAUSSIAN_REVISION | NP1RTOT | BMI | NP1SLPD | NP1URIN | NP3GAIT_COMBINED_MAX | NP3PSTBL_COMBINED_MAX | NHY_COMBINED_MAX | NP3TOT_COMBINED_MAX | NP4TOT | NP1CNST | FOG_FORM_MISSING | NQ_FORM_MISSING | PART_IV_FORM_MISSING | DXPOSINS_Missing | DXPOSINS_No | DXPOSINS_Unknown | DXPOSINS_Yes | DXRIGID_No | DXRIGID_Unknown | DXRIGID_Yes | DOPTHERST_Missing | DOPTHERST_No | DOPTHERST_Yes | FEATPOSHYP_No | FEATPOSHYP_Uncertain | FEATPOSHYP_Yes | ANYFAMPD_Missing | ANYFAMPD_No | ANYFAMPD_Yes | DXTREMOR_No | DXTREMOR_Unknown | DXTREMOR_Yes | DXBRADY_No | DXBRADY_Unknown | DXBRADY_Yes | DOMSIDE_Left | DOMSIDE_Right | DOMSIDE_Symmetric | DOMSIDE_Unknown | INT_DURATION_X_MOTOR,0.40954641599819297,0.3779108646054598,0.37853234728234725,0.6482758620689655,0.898989898989899,0.09375,0.14285714285714285,0.09375
0,direct,1,ENG_03,engineering__INT_DURATION_X_MOTOR,engineered_representation,none,all,INT_DURATION_X_MOTOR,interaction,catboost,scaled_dense,9,"{""auto_class_weights"": ""Balanced"", ""depth"": 4, ""iterations"": 600, ""l2_leaf_reg"": 5.0, ""learning_rate"": 0.03}",0,582,146,48,27,Years_since_PD_diagnosis | Age | MCATOT | FRZGT12M | SCAU14 | SCAU16 | GDS_TOTAL | NQ_GAUSSIAN_REVISION | NP1RTOT | BMI | NP1SLPD | NP1URIN | NP3GAIT_COMBINED_MAX | NP3PSTBL_COMBINED_MAX | NHY_COMBINED_MAX | NP3TOT_COMBINED_MAX | NP4TOT | NP1CNST | FOG_FORM_MISSING | NQ_FORM_MISSING | PART_IV_FORM_MISSING | DXPOSINS_Missing | DXPOSINS_No | DXPOSINS_Unknown | DXPOSINS_Yes | DXRIGID_No | DXRIGID_Unknown | DXRIGID_Yes | DOPTHERST_Missing | DOPTHERST_No | DOPTHERST_Yes | FEATPOSHYP_No | FEATPOSHYP_Uncertain | FEATPOSHYP_Yes | ANYFAMPD_Missing | ANYFAMPD_No | ANYFAMPD_Yes | DXTREMOR_No | DXTREMOR_Unknown | DXTREMOR_Yes | DXBRADY_No | DXBRADY_Unknown | DXBRADY_Yes | DOMSIDE_Left | DOMSIDE_Right | DOMSIDE_Symmetric | DOMSIDE_Unknown | INT_DURATION_X_MOTOR,0.4285928339995735,0.4764477184366687,0.5113095238095239,0.5684931506849316,0.65,0.3125,0.5714285714285714,0.3125
0,direct,1,ENG_03,engineering__INT_DURATION_X_MOTOR,engineered_representation,none,all,INT_DURATION_X_MOTOR,interaction,catboost,scaled_dense,9,"{""auto_class_weights"": ""Balanced"", ""depth"": 4, ""iterations"": 600, ""l2_leaf_reg"": 5.0, ""learning_rate"": 0.03}",1,582,146,47,27,Years_since_PD_diagnosis | Age | MCATOT | FRZGT12M | SCAU14 | SCAU16 | GDS_TOTAL | NQ_GAUSSIAN_REVISION | NP1RTOT | BMI | NP1SLPD | NP1URIN | NP3GAIT_COMBINED_MAX | NP3PSTBL_COMBINED_MAX | NHY_COMBINED_MAX | NP3TOT_COMBINED_MAX | NP4TOT | NP1CNST | FOG_FORM_MISSING | NQ_FORM_MISSING | PART_IV_FORM_MISSING | DXPOSINS_No | DXPOSINS_Unknown | DXPOSINS_Yes | DXRIGID_No | DXRIGID_Unknown | DXRIGID_Yes | DOPTHERST_Missing | DOPTHERST_No | DOPTHERST_Yes | FEATPOSHYP_No | FEATPOSHYP_Uncertain | FEATPOSHYP_Yes | ANYFAMPD_Missing | ANYFAMPD_No | ANYFAMPD_Yes | DXTREMOR_No | DXTREMOR_Unknown | DXTREMOR_Yes | DXBRADY_No | DXBRADY_Unknown | DXBRADY_Yes | DOMSIDE_Left | DOMSIDE_Right | DOMSIDE_Symmetric | DOMSIDE_Unknown | INT_DURATION_X_MOTOR,0.3908125000016298,0.5562197085293216,0.5945833333333334,0.6506849315068494,0.69,0.59375,0.5,0.59375
0,direct,1,ENG_03,engineering__INT_DURATION_X_MOTOR,engineered_representation,none,all,INT_DURATION_X_MOTOR,interaction,catboost,scaled_dense,9,"{""auto_class_weights"": ""Balanced"", ""depth"": 4, ""iterations"": 600, ""l2_leaf_reg"": 5.0, ""learning_rate"": 0.03}",2,582,146,48,27,Years_since_PD_diagnosis | Age | MCATOT | FRZGT12M | SCAU14 | SCAU16 | GDS_TOTAL | NQ_GAUSSIAN_REVISION | NP1RTOT | BMI | NP1SLPD | NP1URIN | NP3GAIT_COMBINED_MAX | NP3PSTBL_COMBINED_MAX | NHY_COMBINED_MAX | NP3TOT_COMBINED_MAX | NP4TOT | NP1CNST | FOG_FORM_MISSING | NQ_FORM_MISSING | PART_IV_FORM_MISSING | DXPOSINS_Missing | DXPOSINS_No | DXPOSINS_Unknown | DXPOSINS_Yes | DXRIGID_No | DXRIGID_Unknown | DXRIGID_Yes | DOPTHERST_Missing | DOPTHERST_No | DOPTHERST_Yes | FEATPOSHYP_No | FEATPOSHYP_Uncertain | FEATPOSHYP_Yes | ANYFAMPD_Missing | ANYFAMPD_No | ANYFAMPD_Yes | DXTREMOR_No | DXTREMOR_Unknown | DXTREMOR_Yes | DXBRADY_No | DXBRADY_Unknown | DXBRADY_Yes | DOMSIDE_Left | DOMSIDE_Right | DOMSIDE_Symmetric | DOMSIDE_Unknown | INT_DURATION_X_MOTOR,0.4188545830002113,0.505512212724128,0.5227976190476191,0.6164383561643836,0.68,0.53125,0.35714285714285715,0.53125
0,direct,1,ENG_03,engineering__INT_DURATION_X_MOTOR,engineered_representation,none,all,INT_DURATION_X_MOTOR,interaction,catboost,scaled_dense,9,"{""auto_class_weights"": ""Balanced"", ""depth"": 4, ""iterations"": 600, ""l2_leaf_reg"": 5.0, ""learning_rate"": 0.03}",3,583,145,48,27,Years_since_PD_diagnosis | Age | MCATOT | FRZGT12M | SCAU14 | SCAU16 | GDS_TOTAL | NQ_GAUSSIAN_REVISION | NP1RTOT | BMI | NP1SLPD | NP1URIN | NP3GAIT_COMBINED_MAX | NP3PSTBL_COMBINED_MAX | NHY_COMBINED_MAX | NP3TOT_COMBINED_MAX | NP4TOT | NP1CNST | FOG_FORM_MISSING | NQ_FORM_MISSING | PART_IV_FORM_MISSING | DXPOSINS_Missing | DXPOSINS_No | DXPOSINS_Unknown | DXPOSINS_Yes | DXRIGID_No | DXRIGID_Unknown | DXRIGID_Yes | DOPTHERST_Missing | DOPTHERST_No | DOPTHERST_Yes | FEATPOSHYP_No | FEATPOSHYP_Uncertain | FEATPOSHYP_Yes | ANYFAMPD_Missing | ANYFAMPD_No | ANYFAMPD_Yes | DXTREMOR_No | DXTREMOR_Unknown | DXTREMOR_Yes | DXBRADY_No | DXBRADY_Unknown | DXBRADY_Yes | DOMSIDE_Left | DOMSIDE_Right | DOMSIDE_Symmetric | DOMSIDE_Unknown | INT_DURATION_X_MOTOR,0.4054622080002446,0.5282564935776427,0.5627674595416531,0.6689655172413793,0.797979797979798,0.2903225806451613,0.6,0.2903225806451613
0,direct,1,ENG_03,engineering__INT_DURATION_X_MOTOR,engineered_representation,none,all,INT_DURATION_X_MOTOR,interaction,catboost,scaled_dense,9,"{""auto_class_weights"": ""Balanced"", ""depth"": 4, ""iterations"": 600, ""l2_leaf_reg"": 5.0, ""learning_rate"": 0.03}",4,583,145,48,27,Years_since_PD_diagnosis | Age | MCATOT | FRZGT12M | SCAU14 | SCAU16 | GDS_TOTAL | NQ_GAUSSIAN_REVISION | NP1RTOT | BMI | NP1SLPD | NP1URIN | NP3GAIT_COMBINED_MAX | NP3PSTBL_COMBINED_MAX | NHY_COMBINED_MAX | NP3TOT_COMBINED_MAX | NP4TOT | NP1CNST | FOG_FORM_MISSING | NQ_FORM_MISSING | PART_IV_FORM_MISSING | DXPOSINS_Missing | DXPOSINS_No | DXPOSINS_Unknown | DXPOSINS_Yes | DXRIGID_No | DXRIGID_Unknown | DXRIGID_Yes | DOPTHERST_Missing | DOPTHERST_No | DOPTHERST_Yes | FEATPOSHYP_No | FEATPOSHYP_Uncertain | FEATPOSHYP_Yes | ANYFAMPD_Missing | ANYFAMPD_No | ANYFAMPD_Yes | DXTREMOR_No | DXTREMOR_Unknown | DXTREMOR_Yes | DXBRADY_No | DXBRADY_Unknown | DXBRADY_Yes | DOMSIDE_Left | DOMSIDE_Right | DOMSIDE_Symmetric | DOMSIDE_Unknown | INT_DURATION_X_MOTOR,0.39535683400026755,0.4126593806921676,0.42162698412698413,0.5517241379310345,0.6666666666666666,0.3125,0.2857142857142857,0.3125
0,direct,1,ENG_03,engineering__INT_DURATION_X_MOTOR,engineered_representation,none,all,INT_DURATION_X_MOTOR,interaction,catboost,scaled_dense,10,"{""auto_class_weights"": null, ""depth"": 4, ""iterations"": 600, ""l2_leaf_reg"": 5.0, ""learning_rate"": 0.08}",0,582,146,48,27,Years_since_PD_diagnosis | Age | MCATOT | FRZGT12M | SCAU14 | SCAU16 | GDS_TOTAL | NQ_GAUSSIAN_REVISION | NP1RTOT | BMI | NP1SLPD | NP1URIN | NP3GAIT_COMBINED_MAX | NP3PSTBL_COMBINED_MAX | NHY_COMBINED_MAX | NP3TOT_COMBINED_MAX | NP4TOT | NP1CNST | FOG_FORM_MISSING | NQ_FORM_MISSING | PART_IV_FORM_MISSING | DXPOSINS_Missing | DXPOSINS_No | DXPOSINS_Unknown | DXPOSINS_Yes | DXRIGID_No | DXRIGID_Unknown | DXRIGID_Yes | DOPTHERST_Missing | DOPTHERST_No | DOPTHERST_Yes | FEATPOSHYP_No | FEATPOSHYP_Uncertain | FEATPOSHYP_Yes | ANYFAMPD_Missing | ANYFAMPD_No | ANYFAMPD_Yes | DXTREMOR_No | DXTREMOR_Unknown | DXTREMOR_Yes | DXBRADY_No | DXBRADY_Unknown | DXBRADY_Yes | DOMSIDE_Left | DOMSIDE_Right | DOMSIDE_Symmetric | DOMSIDE_Unknown | INT_DURATION_X_MOTOR,0.41268954099723487,0.4501587113818734,0.4380952380952381,0.6575342465753424,0.85,0.25,0.21428571428571427,0.25
0,direct,1,ENG_03,engineering__INT_DURATION_X_MOTOR,engineered_representation,none,all,INT_DURATION_X_MOTOR,interaction,catboost,scaled_dense,10,"{""auto_class_weights"": null, ""depth"": 4, ""iterations"": 600, ""l2_leaf_reg"": 5.0, ""learning_rate"": 0.08}",1,582,146,47,27,Years_since_PD_diagnosis | Age | MCATOT | FRZGT12M | SCAU14 | SCAU16 | GDS_TOTAL | NQ_GAUSSIAN_REVISION | NP1RTOT | BMI | NP1SLPD | NP1URIN | NP3GAIT_COMBINED_MAX | NP3PSTBL_COMBINED_MAX | NHY_COMBINED_MAX | NP3TOT_COMBINED_MAX | NP4TOT | NP1CNST | FOG_FORM_MISSING | NQ_FORM_MISSING | PART_IV_FORM_MISSING | DXPOSINS_No | DXPOSINS_Unknown | DXPOSINS_Yes | DXRIGID_No | DXRIGID_Unknown | DXRIGID_Yes | DOPTHERST_Missing | DOPTHERST_No | DOPTHERST_Yes | FEATPOSHYP_No | FEATPOSHYP_Uncertain | FEATPOSHYP_Yes | ANYFAMPD_Missing | ANYFAMPD_No | ANYFAMPD_Yes | DXTREMOR_No | DXTREMOR_Unknown | DXTREMOR_Yes | DXBRADY_No | DXBRADY_Unknown | DXBRADY_Yes | DOMSIDE_Left | DOMSIDE_Right | DOMSIDE_Symmetric | DOMSIDE_Unknown | INT_DURATION_X_MOTOR,0.3815540420000616,0.4308884196682234,0.4242857142857142,0.6712328767123288,0.88,0.25,0.14285714285714285,0.25
0,direct,1,ENG_03,engineering__INT_DURATION_X_MOTOR,engineered_representation,none,all,INT_DURATION_X_MOTOR,interaction,catboost,scaled_dense,10,"{""auto_class_weights"": null, ""depth"": 4, ""iterations"": 600, ""l2_leaf_reg"": 5.0, ""learning_rate"": 0.08}",2,582,146,48,27,Years_since_PD_diagnosis | Age | MCATOT | FRZGT12M | SCAU14 | SCAU16 | GDS_TOTAL | NQ_GAUSSIAN_REVISION | NP1RTOT | BMI | NP1SLPD | NP1URIN | NP3GAIT_COMBINED_MAX | NP3PSTBL_COMBINED_MAX | NHY_COMBINED_MAX | NP3TOT_COMBINED_MAX | NP4TOT | NP1CNST | FOG_FORM_MISSING | NQ_FORM_MISSING | PART_IV_FORM_MISSING | DXPOSINS_Missing | DXPOSINS_No | DXPOSINS_Unknown | DXPOSINS_Yes | DXRIGID_No | DXRIGID_Unknown | DXRIGID_Yes | DOPTHERST_Missing | DOPTHERST_No | DOPTHERST_Yes | FEATPOSHYP_No | FEATPOSHYP_Uncertain | FEATPOSHYP_Yes | ANYFAMPD_Missing | ANYFAMPD_No | ANYFAMPD_Yes | DXTREMOR_No | DXTREMOR_Unknown | DXTREMOR_Yes | DXBRADY_No | DXBRADY_Unknown | DXBRADY_Yes | DOMSIDE_Left | DOMSIDE_Right | DOMSIDE_Symmetric | DOMSIDE_Unknown | INT_DURATION_X_MOTOR,0.3858784999974887,0.458954287721411,0.444345238095238,0.684931506849315,0.9,0.21875,0.21428571428571427,0.21875
0,direct,1,ENG_03,engineering__INT_DURATION_X_MOTOR,engineered_representation,none,all,INT_DURATION_X_MOTOR,interaction,catboost,scaled_dense,10,"{""auto_class_weights"": null, ""depth"": 4, ""iterations"": 600, ""l2_leaf_reg"": 5.0, ""learning_rate"": 0.08}",3,583,145,48,27,Years_since_PD_diagnosis | Age | MCATOT | FRZGT12M | SCAU14 | SCAU16 | GDS_TOTAL | NQ_GAUSSIAN_REVISION | NP1RTOT | BMI | NP1SLPD | NP1URIN | NP3GAIT_COMBINED_MAX | NP3PSTBL_COMBINED_MAX | NHY_COMBINED_MAX | NP3TOT_COMBINED_MAX | NP4TOT | NP1CNST | FOG_FORM_MISSING | NQ_FORM_MISSING | PART_IV_FORM_MISSING | DXPOSINS_Missing | DXPOSINS_No | DXPOSINS_Unknown | DXPOSINS_Yes | DXRIGID_No | DXRIGID_Unknown | DXRIGID_Yes | DOPTHERST_Missing | DOPTHERST_No | DOPTHERST_Yes | FEATPOSHYP_No | FEATPOSHYP_Uncertain | FEATPOSHYP_Yes | ANYFAMPD_Missing | ANYFAMPD_No | ANYFAMPD_Yes | DXTREMOR_No | DXTREMOR_Unknown | DXTREMOR_Yes | DXBRADY_No | DXBRADY_Unknown | DXBRADY_Yes | DOMSIDE_Left | DOMSIDE_Right | DOMSIDE_Symmetric | DOMSIDE_Unknown | INT_DURATION_X_MOTOR,0.40524250000089523,0.4131361538235381,0.4086890409471054,0.6758620689655173,0.9292929292929293,0.0967741935483871,0.2,0.0967741935483871
0,direct,1,ENG_03,engineering__INT_DURATION_X_MOTOR,engineered_representation,none,all,INT_DURATION_X_MOTOR,interaction,catboost,scaled_dense,10,"{""auto_class_weights"": null, ""depth"": 4, ""iterations"": 600, ""l2_leaf_reg"": 5.0, ""learning_rate"": 0.08}",4,583,145,48,27,Years_since_PD_diagnosis | Age | MCATOT | FRZGT12M | SCAU14 | SCAU16 | GDS_TOTAL | NQ_GAUSSIAN_REVISION | NP1RTOT | BMI | NP1SLPD | NP1URIN | NP3GAIT_COMBINED_MAX | NP3PSTBL_COMBINED_MAX | NHY_COMBINED_MAX | NP3TOT_COMBINED_MAX | NP4TOT | NP1CNST | FOG_FORM_MISSING | NQ_FORM_MISSING | PART_IV_FORM_MISSING | DXPOSINS_Missing | DXPOSINS_No | DXPOSINS_Unknown | DXPOSINS_Yes | DXRIGID_No | DXRIGID_Unknown | DXRIGID_Yes | DOPTHERST_Missing | DOPTHERST_No | DOPTHERST_Yes | FEATPOSHYP_No | FEATPOSHYP_Uncertain | FEATPOSHYP_Yes | ANYFAMPD_Missing | ANYFAMPD_No | ANYFAMPD_Yes | DXTREMOR_No | DXTREMOR_Unknown | DXTREMOR_Yes | DXBRADY_No | DXBRADY_Unknown | DXBRADY_Yes | DOMSIDE_Left | DOMSIDE_Right | DOMSIDE_Symmetric | DOMSIDE_Unknown | INT_DURATION_X_MOTOR,0.3964294589968631,0.3458664927158077,0.3512806637806638,0.6068965517241379,0.8484848484848485,0.0625,0.14285714285714285,0.0625
0,direct,1,ENG_03,engineering__INT_DURATION_X_MOTOR,engineered_representation,none,all,INT_DURATION_X_MOTOR,interaction,catboost,scaled_dense,11,"{""auto_class_weights"": ""Balanced"", ""depth"": 4, ""iterations"": 600, ""l2_leaf_reg"": 5.0, ""learning_rate"": 0.08}",0,582,146,48,27,Years_since_PD_diagnosis | Age | MCATOT | FRZGT12M | SCAU14 | SCAU16 | GDS_TOTAL | NQ_GAUSSIAN_REVISION | NP1RTOT | BMI | NP1SLPD | NP1URIN | NP3GAIT_COMBINED_MAX | NP3PSTBL_COMBINED_MAX | NHY_COMBINED_MAX | NP3TOT_COMBINED_MAX | NP4TOT | NP1CNST | FOG_FORM_MISSING | NQ_FORM_MISSING | PART_IV_FORM_MISSING | DXPOSINS_Missing | DXPOSINS_No | DXPOSINS_Unknown | DXPOSINS_Yes | DXRIGID_No | DXRIGID_Unknown | DXRIGID_Yes | DOPTHERST_Missing | DOPTHERST_No | DOPTHERST_Yes | FEATPOSHYP_No | FEATPOSHYP_Uncertain | FEATPOSHYP_Yes | ANYFAMPD_Missing | ANYFAMPD_No | ANYFAMPD_Yes | DXTREMOR_No | DXTREMOR_Unknown | DXTREMOR_Yes | DXBRADY_No | DXBRADY_Unknown | DXBRADY_Yes | DOMSIDE_Left | DOMSIDE_Right | DOMSIDE_Symmetric | DOMSIDE_Unknown | INT_DURATION_X_MOTOR,0.3854023750027409,0.4862164882620978,0.48660714285714285,0.6164383561643836,0.75,0.28125,0.42857142857142855,0.28125
0,direct,1,ENG_03,engineering__INT_DURATION_X_MOTOR,engineered_representation,none,all,INT_DURATION_X_MOTOR,interaction,catboost,scaled_dense,11,"{""auto_class_weights"": ""Balanced"", ""depth"": 4, ""iterations"": 600, ""l2_leaf_reg"": 5.0, ""learning_rate"": 0.08}",1,582,146,47,27,Years_since_PD_diagnosis | Age | MCATOT | FRZGT12M | SCAU14 | SCAU16 | GDS_TOTAL | NQ_GAUSSIAN_REVISION | NP1RTOT | BMI | NP1SLPD | NP1URIN | NP3GAIT_COMBINED_MAX | NP3PSTBL_COMBINED_MAX | NHY_COMBINED_MAX | NP3TOT_COMBINED_MAX | NP4TOT | NP1CNST | FOG_FORM_MISSING | NQ_FORM_MISSING | PART_IV_FORM_MISSING | DXPOSINS_No | DXPOSINS_Unknown | DXPOSINS_Yes | DXRIGID_No | DXRIGID_Unknown | DXRIGID_Yes | DOPTHERST_Missing | DOPTHERST_No | DOPTHERST_Yes | FEATPOSHYP_No | FEATPOSHYP_Uncertain | FEATPOSHYP_Yes | ANYFAMPD_Missing | ANYFAMPD_No | ANYFAMPD_Yes | DXTREMOR_No | DXTREMOR_Unknown | DXTREMOR_Yes | DXBRADY_No | DXBRADY_Unknown | DXBRADY_Yes | DOMSIDE_Left | DOMSIDE_Right | DOMSIDE_Symmetric | DOMSIDE_Unknown | INT_DURATION_X_MOTOR,0.37234866699873237,0.5224717765894237,0.5394642857142857,0.6506849315068494,0.73,0.53125,0.35714285714285715,0.53125
0,direct,1,ENG_03,engineering__INT_DURATION_X_MOTOR,engineered_representation,none,all,INT_DURATION_X_MOTOR,interaction,catboost,scaled_dense,11,"{""auto_class_weights"": ""Balanced"", ""depth"": 4, ""iterations"": 600, ""l2_leaf_reg"": 5.0, ""learning_rate"": 0.08}",2,582,146,48,27,Years_since_PD_diagnosis | Age | MCATOT | FRZGT12M | SCAU14 | SCAU16 | GDS_TOTAL | NQ_GAUSSIAN_REVISION | NP1RTOT | BMI | NP1SLPD | NP1URIN | NP3GAIT_COMBINED_MAX | NP3PSTBL_COMBINED_MAX | NHY_COMBINED_MAX | NP3TOT_COMBINED_MAX | NP4TOT | NP1CNST | FOG_FORM_MISSING | NQ_FORM_MISSING | PART_IV_FORM_MISSING | DXPOSINS_Missing | DXPOSINS_No | DXPOSINS_Unknown | DXPOSINS_Yes | DXRIGID_No | DXRIGID_Unknown | DXRIGID_Yes | DOPTHERST_Missing | DOPTHERST_No | DOPTHERST_Yes | FEATPOSHYP_No | FEATPOSHYP_Uncertain | FEATPOSHYP_Yes | ANYFAMPD_Missing | ANYFAMPD_No | ANYFAMPD_Yes | DXTREMOR_No | DXTREMOR_Unknown | DXTREMOR_Yes | DXBRADY_No | DXBRADY_Unknown | DXBRADY_Yes | DOMSIDE_Left | DOMSIDE_Right | DOMSIDE_Symmetric | DOMSIDE_Unknown | INT_DURATION_X_MOTOR,0.38908558299954166,0.45962643825370647,0.4635714285714285,0.6095890410958904,0.73,0.375,0.2857142857142857,0.375
0,direct,1,ENG_03,engineering__INT_DURATION_X_MOTOR,engineered_representation,none,all,INT_DURATION_X_MOTOR,interaction,catboost,scaled_dense,11,"{""auto_class_weights"": ""Balanced"", ""depth"": 4, ""iterations"": 600, ""l2_leaf_reg"": 5.0, ""learning_rate"": 0.08}",3,583,145,48,27,Years_since_PD_diagnosis | Age | MCATOT | FRZGT12M | SCAU14 | SCAU16 | GDS_TOTAL | NQ_GAUSSIAN_REVISION | NP1RTOT | BMI | NP1SLPD | NP1URIN | NP3GAIT_COMBINED_MAX | NP3PSTBL_COMBINED_MAX | NHY_COMBINED_MAX | NP3TOT_COMBINED_MAX | NP4TOT | NP1CNST | FOG_FORM_MISSING | NQ_FORM_MISSING | PART_IV_FORM_MISSING | DXPOSINS_Missing | DXPOSINS_No | DXPOSINS_Unknown | DXPOSINS_Yes | DXRIGID_No | DXRIGID_Unknown | DXRIGID_Yes | DOPTHERST_Missing | DOPTHERST_No | DOPTHERST_Yes | FEATPOSHYP_No | FEATPOSHYP_Uncertain | FEATPOSHYP_Yes | ANYFAMPD_Missing | ANYFAMPD_No | ANYFAMPD_Yes | DXTREMOR_No | DXTREMOR_Unknown | DXTREMOR_Yes | DXBRADY_No | DXBRADY_Unknown | DXBRADY_Yes | DOMSIDE_Left | DOMSIDE_Right | DOMSIDE_Symmetric | DOMSIDE_Unknown | INT_DURATION_X_MOTOR,0.39596137500120676,0.529118476879671,0.5358097100032584,0.6758620689655173,0.8181818181818182,0.3225806451612903,0.4666666666666667,0.3225806451612903
0,direct,1,ENG_03,engineering__INT_DURATION_X_MOTOR,engineered_representation,none,all,INT_DURATION_X_MOTOR,interaction,catboost,scaled_dense,11,"{""auto_class_weights"": ""Balanced"", ""depth"": 4, ""iterations"": 600, ""l2_leaf_reg"": 5.0, ""learning_rate"": 0.08}",4,583,145,48,27,Years_since_PD_diagnosis | Age | MCATOT | FRZGT12M | SCAU14 | SCAU16 | GDS_TOTAL | NQ_GAUSSIAN_REVISION | NP1RTOT | BMI | NP1SLPD | NP1URIN | NP3GAIT_COMBINED_MAX | NP3PSTBL_COMBINED_MAX | NHY_COMBINED_MAX | NP3TOT_COMBINED_MAX | NP4TOT | NP1CNST | FOG_FORM_MISSING | NQ_FORM_MISSING | PART_IV_FORM_MISSING | DXPOSINS_Missing | DXPOSINS_No | DXPOSINS_Unknown | DXPOSINS_Yes | DXRIGID_No | DXRIGID_Unknown | DXRIGID_Yes | DOPTHERST_Missing | DOPTHERST_No | DOPTHERST_Yes | FEATPOSHYP_No | FEATPOSHYP_Uncertain | FEATPOSHYP_Yes | ANYFAMPD_Missing | ANYFAMPD_No | ANYFAMPD_Yes | DXTREMOR_No | DXTREMOR_Unknown | DXTREMOR_Yes | DXBRADY_No | DXBRADY_Unknown | DXBRADY_Yes | DOMSIDE_Left | DOMSIDE_Right | DOMSIDE_Symmetric | DOMSIDE_Unknown | INT_DURATION_X_MOTOR,0.386226082999201,0.4189032642234613,0.42099567099567103,0.5793103448275863,0.7272727272727273,0.25,0.2857142857142857,0.25
0,direct,1,ENG_03,engineering__INT_DURATION_X_MOTOR,engineered_representation,none,all,INT_DURATION_X_MOTOR,interaction,catboost,scaled_dense,12,"{""auto_class_weights"": null, ""depth"": 6, ""iterations"": 600, ""l2_leaf_reg"": 5.0, ""learning_rate"": 0.03}",0,582,146,48,27,Years_since_PD_diagnosis | Age | MCATOT | FRZGT12M | SCAU14 | SCAU16 | GDS_TOTAL | NQ_GAUSSIAN_REVISION | NP1RTOT | BMI | NP1SLPD | NP1URIN | NP3GAIT_COMBINED_MAX | NP3PSTBL_COMBINED_MAX | NHY_COMBINED_MAX | NP3TOT_COMBINED_MAX | NP4TOT | NP1CNST | FOG_FORM_MISSING | NQ_FORM_MISSING | PART_IV_FORM_MISSING | DXPOSINS_Missing | DXPOSINS_No | DXPOSINS_Unknown | DXPOSINS_Yes | DXRIGID_No | DXRIGID_Unknown | DXRIGID_Yes | DOPTHERST_Missing | DOPTHERST_No | DOPTHERST_Yes | FEATPOSHYP_No | FEATPOSHYP_Uncertain | FEATPOSHYP_Yes | ANYFAMPD_Missing | ANYFAMPD_No | ANYFAMPD_Yes | DXTREMOR_No | DXTREMOR_Unknown | DXTREMOR_Yes | DXBRADY_No | DXBRADY_Unknown | DXBRADY_Yes | DOMSIDE_Left | DOMSIDE_Right | DOMSIDE_Symmetric | DOMSIDE_Unknown | INT_DURATION_X_MOTOR,1.181700124998315,0.44680005130178274,0.43351190476190476,0.6917808219178082,0.93,0.15625,0.21428571428571427,0.15625
0,direct,1,ENG_03,engineering__INT_DURATION_X_MOTOR,engineered_representation,none,all,INT_DURATION_X_MOTOR,interaction,catboost,scaled_dense,12,"{""auto_class_weights"": null, ""depth"": 6, ""iterations"": 600, ""l2_leaf_reg"": 5.0, ""learning_rate"": 0.03}",1,582,146,47,27,Years_since_PD_diagnosis | Age | MCATOT | FRZGT12M | SCAU14 | SCAU16 | GDS_TOTAL | NQ_GAUSSIAN_REVISION | NP1RTOT | BMI | NP1SLPD | NP1URIN | NP3GAIT_COMBINED_MAX | NP3PSTBL_COMBINED_MAX | NHY_COMBINED_MAX | NP3TOT_COMBINED_MAX | NP4TOT | NP1CNST | FOG_FORM_MISSING | NQ_FORM_MISSING | PART_IV_FORM_MISSING | DXPOSINS_No | DXPOSINS_Unknown | DXPOSINS_Yes | DXRIGID_No | DXRIGID_Unknown | DXRIGID_Yes | DOPTHERST_Missing | DOPTHERST_No | DOPTHERST_Yes | FEATPOSHYP_No | FEATPOSHYP_Uncertain | FEATPOSHYP_Yes | ANYFAMPD_Missing | ANYFAMPD_No | ANYFAMPD_Yes | DXTREMOR_No | DXTREMOR_Unknown | DXTREMOR_Yes | DXBRADY_No | DXBRADY_Unknown | DXBRADY_Yes | DOMSIDE_Left | DOMSIDE_Right | DOMSIDE_Symmetric | DOMSIDE_Unknown | INT_DURATION_X_MOTOR,1.147920041999896,0.3759904386702669,0.3854761904761905,0.6917808219178082,0.96,0.125,0.07142857142857142,0.125
0,direct,1,ENG_03,engineering__INT_DURATION_X_MOTOR,engineered_representation,none,all,INT_DURATION_X_MOTOR,interaction,catboost,scaled_dense,12,"{""auto_class_weights"": null, ""depth"": 6, ""iterations"": 600, ""l2_leaf_reg"": 5.0, ""learning_rate"": 0.03}",2,582,146,48,27,Years_since_PD_diagnosis | Age | MCATOT | FRZGT12M | SCAU14 | SCAU16 | GDS_TOTAL | NQ_GAUSSIAN_REVISION | NP1RTOT | BMI | NP1SLPD | NP1URIN | NP3GAIT_COMBINED_MAX | NP3PSTBL_COMBINED_MAX | NHY_COMBINED_MAX | NP3TOT_COMBINED_MAX | NP4TOT | NP1CNST | FOG_FORM_MISSING | NQ_FORM_MISSING | PART_IV_FORM_MISSING | DXPOSINS_Missing | DXPOSINS_No | DXPOSINS_Unknown | DXPOSINS_Yes | DXRIGID_No | DXRIGID_Unknown | DXRIGID_Yes | DOPTHERST_Missing | DOPTHERST_No | DOPTHERST_Yes | FEATPOSHYP_No | FEATPOSHYP_Uncertain | FEATPOSHYP_Yes | ANYFAMPD_Missing | ANYFAMPD_No | ANYFAMPD_Yes | DXTREMOR_No | DXTREMOR_Unknown | DXTREMOR_Yes | DXBRADY_No | DXBRADY_Unknown | DXBRADY_Yes | DOMSIDE_Left | DOMSIDE_Right | DOMSIDE_Symmetric | DOMSIDE_Unknown | INT_DURATION_X_MOTOR,1.2116826250021404,0.4660130718954249,0.4476785714285714,0.6917808219178082,0.91,0.21875,0.21428571428571427,0.21875
0,direct,1,ENG_03,engineering__INT_DURATION_X_MOTOR,engineered_representation,none,all,INT_DURATION_X_MOTOR,interaction,catboost,scaled_dense,12,"{""auto_class_weights"": null, ""depth"": 6, ""iterations"": 600, ""l2_leaf_reg"": 5.0, ""learning_rate"": 0.03}",3,583,145,48,27,Years_since_PD_diagnosis | Age | MCATOT | FRZGT12M | SCAU14 | SCAU16 | GDS_TOTAL | NQ_GAUSSIAN_REVISION | NP1RTOT | BMI | NP1SLPD | NP1URIN | NP3GAIT_COMBINED_MAX | NP3PSTBL_COMBINED_MAX | NHY_COMBINED_MAX | NP3TOT_COMBINED_MAX | NP4TOT | NP1CNST | FOG_FORM_MISSING | NQ_FORM_MISSING | PART_IV_FORM_MISSING | DXPOSINS_Missing | DXPOSINS_No | DXPOSINS_Unknown | DXPOSINS_Yes | DXRIGID_No | DXRIGID_Unknown | DXRIGID_Yes | DOPTHERST_Missing | DOPTHERST_No | DOPTHERST_Yes | FEATPOSHYP_No | FEATPOSHYP_Uncertain | FEATPOSHYP_Yes | ANYFAMPD_Missing | ANYFAMPD_No | ANYFAMPD_Yes | DXTREMOR_No | DXTREMOR_Unknown | DXTREMOR_Yes | DXBRADY_No | DXBRADY_Unknown | DXBRADY_Yes | DOMSIDE_Left | DOMSIDE_Right | DOMSIDE_Symmetric | DOMSIDE_Unknown | INT_DURATION_X_MOTOR,1.1978586669974902,0.40166189947849334,0.4080373628760725,0.6896551724137931,0.9595959595959596,0.06451612903225806,0.2,0.06451612903225806
0,direct,1,ENG_03,engineering__INT_DURATION_X_MOTOR,engineered_representation,none,all,INT_DURATION_X_MOTOR,interaction,catboost,scaled_dense,12,"{""auto_class_weights"": null, ""depth"": 6, ""iterations"": 600, ""l2_leaf_reg"": 5.0, ""learning_rate"": 0.03}",4,583,145,48,27,Years_since_PD_diagnosis | Age | MCATOT | FRZGT12M | SCAU14 | SCAU16 | GDS_TOTAL | NQ_GAUSSIAN_REVISION | NP1RTOT | BMI | NP1SLPD | NP1URIN | NP3GAIT_COMBINED_MAX | NP3PSTBL_COMBINED_MAX | NHY_COMBINED_MAX | NP3TOT_COMBINED_MAX | NP4TOT | NP1CNST | FOG_FORM_MISSING | NQ_FORM_MISSING | PART_IV_FORM_MISSING | DXPOSINS_Missing | DXPOSINS_No | DXPOSINS_Unknown | DXPOSINS_Yes | DXRIGID_No | DXRIGID_Unknown | DXRIGID_Yes | DOPTHERST_Missing | DOPTHERST_No | DOPTHERST_Yes | FEATPOSHYP_No | FEATPOSHYP_Uncertain | FEATPOSHYP_Yes | ANYFAMPD_Missing | ANYFAMPD_No | ANYFAMPD_Yes | DXTREMOR_No | DXTREMOR_Unknown | DXTREMOR_Yes | DXBRADY_No | DXBRADY_Unknown | DXBRADY_Yes | DOMSIDE_Left | DOMSIDE_Right | DOMSIDE_Symmetric | DOMSIDE_Unknown | INT_DURATION_X_MOTOR,1.200338250000641,0.35864758421149395,0.3613816738816739,0.6275862068965518,0.8787878787878788,0.0625,0.14285714285714285,0.0625
0,direct,1,ENG_03,engineering__INT_DURATION_X_MOTOR,engineered_representation,none,all,INT_DURATION_X_MOTOR,interaction,catboost,scaled_dense,13,"{""auto_class_weights"": ""Balanced"", ""depth"": 6, ""iterations"": 600, ""l2_leaf_reg"": 5.0, ""learning_rate"": 0.03}",0,582,146,48,27,Years_since_PD_diagnosis | Age | MCATOT | FRZGT12M | SCAU14 | SCAU16 | GDS_TOTAL | NQ_GAUSSIAN_REVISION | NP1RTOT | BMI | NP1SLPD | NP1URIN | NP3GAIT_COMBINED_MAX | NP3PSTBL_COMBINED_MAX | NHY_COMBINED_MAX | NP3TOT_COMBINED_MAX | NP4TOT | NP1CNST | FOG_FORM_MISSING | NQ_FORM_MISSING | PART_IV_FORM_MISSING | DXPOSINS_Missing | DXPOSINS_No | DXPOSINS_Unknown | DXPOSINS_Yes | DXRIGID_No | DXRIGID_Unknown | DXRIGID_Yes | DOPTHERST_Missing | DOPTHERST_No | DOPTHERST_Yes | FEATPOSHYP_No | FEATPOSHYP_Uncertain | FEATPOSHYP_Yes | ANYFAMPD_Missing | ANYFAMPD_No | ANYFAMPD_Yes | DXTREMOR_No | DXTREMOR_Unknown | DXTREMOR_Yes | DXBRADY_No | DXBRADY_Unknown | DXBRADY_Yes | DOMSIDE_Left | DOMSIDE_Right | DOMSIDE_Symmetric | DOMSIDE_Unknown | INT_DURATION_X_MOTOR,1.195298708997143,0.5047785547785547,0.5271428571428571,0.6301369863013698,0.76,0.25,0.5714285714285714,0.25
0,direct,1,ENG_03,engineering__INT_DURATION_X_MOTOR,engineered_representation,none,all,INT_DURATION_X_MOTOR,interaction,catboost,scaled_dense,13,"{""auto_class_weights"": ""Balanced"", ""depth"": 6, ""iterations"": 600, ""l2_leaf_reg"": 5.0, ""learning_rate"": 0.03}",1,582,146,47,27,Years_since_PD_diagnosis | Age | MCATOT | FRZGT12M | SCAU14 | SCAU16 | GDS_TOTAL | NQ_GAUSSIAN_REVISION | NP1RTOT | BMI | NP1SLPD | NP1URIN | NP3GAIT_COMBINED_MAX | NP3PSTBL_COMBINED_MAX | NHY_COMBINED_MAX | NP3TOT_COMBINED_MAX | NP4TOT | NP1CNST | FOG_FORM_MISSING | NQ_FORM_MISSING | PART_IV_FORM_MISSING | DXPOSINS_No | DXPOSINS_Unknown | DXPOSINS_Yes | DXRIGID_No | DXRIGID_Unknown | DXRIGID_Yes | DOPTHERST_Missing | DOPTHERST_No | DOPTHERST_Yes | FEATPOSHYP_No | FEATPOSHYP_Uncertain | FEATPOSHYP_Yes | ANYFAMPD_Missing | ANYFAMPD_No | ANYFAMPD_Yes | DXTREMOR_No | DXTREMOR_Unknown | DXTREMOR_Yes | DXBRADY_No | DXBRADY_Unknown | DXBRADY_Yes | DOMSIDE_Left | DOMSIDE_Right | DOMSIDE_Symmetric | DOMSIDE_Unknown | INT_DURATION_X_MOTOR,1.1578124160005245,0.5278799525089694,0.542797619047619,0.6575342465753424,0.74,0.53125,0.35714285714285715,0.53125
0,direct,1,ENG_03,engineering__INT_DURATION_X_MOTOR,engineered_representation,none,all,INT_DURATION_X_MOTOR,interaction,catboost,scaled_dense,13,"{""auto_class_weights"": ""Balanced"", ""depth"": 6, ""iterations"": 600, ""l2_leaf_reg"": 5.0, ""learning_rate"": 0.03}",2,582,146,48,27,Years_since_PD_diagnosis | Age | MCATOT | FRZGT12M | SCAU14 | SCAU16 | GDS_TOTAL | NQ_GAUSSIAN_REVISION | NP1RTOT | BMI | NP1SLPD | NP1URIN | NP3GAIT_COMBINED_MAX | NP3PSTBL_COMBINED_MAX | NHY_COMBINED_MAX | NP3TOT_COMBINED_MAX | NP4TOT | NP1CNST | FOG_FORM_MISSING | NQ_FORM_MISSING | PART_IV_FORM_MISSING | DXPOSINS_Missing | DXPOSINS_No | DXPOSINS_Unknown | DXPOSINS_Yes | DXRIGID_No | DXRIGID_Unknown | DXRIGID_Yes | DOPTHERST_Missing | DOPTHERST_No | DOPTHERST_Yes | FEATPOSHYP_No | FEATPOSHYP_Uncertain | FEATPOSHYP_Yes | ANYFAMPD_Missing | ANYFAMPD_No | ANYFAMPD_Yes | DXTREMOR_No | DXTREMOR_Unknown | DXTREMOR_Yes | DXBRADY_No | DXBRADY_Unknown | DXBRADY_Yes | DOMSIDE_Left | DOMSIDE_Right | DOMSIDE_Symmetric | DOMSIDE_Unknown | INT_DURATION_X_MOTOR,1.2037400420013,0.46976005383179503,0.4773809523809524,0.5958904109589042,0.7,0.375,0.35714285714285715,0.375
0,direct,1,ENG_03,engineering__INT_DURATION_X_MOTOR,engineered_representation,none,all,INT_DURATION_X_MOTOR,interaction,catboost,scaled_dense,13,"{""auto_class_weights"": ""Balanced"", ""depth"": 6, ""iterations"": 600, ""l2_leaf_reg"": 5.0, ""learning_rate"": 0.03}",3,583,145,48,27,Years_since_PD_diagnosis | Age | MCATOT | FRZGT12M | SCAU14 | SCAU16 | GDS_TOTAL | NQ_GAUSSIAN_REVISION | NP1RTOT | BMI | NP1SLPD | NP1URIN | NP3GAIT_COMBINED_MAX | NP3PSTBL_COMBINED_MAX | NHY_COMBINED_MAX | NP3TOT_COMBINED_MAX | NP4TOT | NP1CNST | FOG_FORM_MISSING | NQ_FORM_MISSING | PART_IV_FORM_MISSING | DXPOSINS_Missing | DXPOSINS_No | DXPOSINS_Unknown | DXPOSINS_Yes | DXRIGID_No | DXRIGID_Unknown | DXRIGID_Yes | DOPTHERST_Missing | DOPTHERST_No | DOPTHERST_Yes | FEATPOSHYP_No | FEATPOSHYP_Uncertain | FEATPOSHYP_Yes | ANYFAMPD_Missing | ANYFAMPD_No | ANYFAMPD_Yes | DXTREMOR_No | DXTREMOR_Unknown | DXTREMOR_Yes | DXBRADY_No | DXBRADY_Unknown | DXBRADY_Yes | DOMSIDE_Left | DOMSIDE_Right | DOMSIDE_Symmetric | DOMSIDE_Unknown | INT_DURATION_X_MOTOR,1.2059384580024926,0.523636945904833,0.539893559248398,0.6758620689655173,0.8282828282828283,0.25806451612903225,0.5333333333333333,0.25806451612903225
0,direct,1,ENG_03,engineering__INT_DURATION_X_MOTOR,engineered_representation,none,all,INT_DURATION_X_MOTOR,interaction,catboost,scaled_dense,13,"{""auto_class_weights"": ""Balanced"", ""depth"": 6, ""iterations"": 600, ""l2_leaf_reg"": 5.0, ""learning_rate"": 0.03}",4,583,145,48,27,Years_since_PD_diagnosis | Age | MCATOT | FRZGT12M | SCAU14 | SCAU16 | GDS_TOTAL | NQ_GAUSSIAN_REVISION | NP1RTOT | BMI | NP1SLPD | NP1URIN | NP3GAIT_COMBINED_MAX | NP3PSTBL_COMBINED_MAX | NHY_COMBINED_MAX | NP3TOT_COMBINED_MAX | NP4TOT | NP1CNST | FOG_FORM_MISSING | NQ_FORM_MISSING | PART_IV_FORM_MISSING | DXPOSINS_Missing | DXPOSINS_No | DXPOSINS_Unknown | DXPOSINS_Yes | DXRIGID_No | DXRIGID_Unknown | DXRIGID_Yes | DOPTHERST_Missing | DOPTHERST_No | DOPTHERST_Yes | FEATPOSHYP_No | FEATPOSHYP_Uncertain | FEATPOSHYP_Yes | ANYFAMPD_Missing | ANYFAMPD_No | ANYFAMPD_Yes | DXTREMOR_No | DXTREMOR_Unknown | DXTREMOR_Yes | DXBRADY_No | DXBRADY_Unknown | DXBRADY_Yes | DOMSIDE_Left | DOMSIDE_Right | DOMSIDE_Symmetric | DOMSIDE_Unknown | INT_DURATION_X_MOTOR,1.1947904590015241,0.41618072787427624,0.4239718614718615,0.5724137931034483,0.7272727272727273,0.1875,0.35714285714285715,0.1875
0,direct,1,ENG_03,engineering__INT_DURATION_X_MOTOR,engineered_representation,none,all,INT_DURATION_X_MOTOR,interaction,catboost,scaled_dense,14,"{""auto_class_weights"": null, ""depth"": 6, ""iterations"": 600, ""l2_leaf_reg"": 5.0, ""learning_rate"": 0.08}",0,582,146,48,27,Years_since_PD_diagnosis | Age | MCATOT | FRZGT12M | SCAU14 | SCAU16 | GDS_TOTAL | NQ_GAUSSIAN_REVISION | NP1RTOT | BMI | NP1SLPD | NP1URIN | NP3GAIT_COMBINED_MAX | NP3PSTBL_COMBINED_MAX | NHY_COMBINED_MAX | NP3TOT_COMBINED_MAX | NP4TOT | NP1CNST | FOG_FORM_MISSING | NQ_FORM_MISSING | PART_IV_FORM_MISSING | DXPOSINS_Missing | DXPOSINS_No | DXPOSINS_Unknown | DXPOSINS_Yes | DXRIGID_No | DXRIGID_Unknown | DXRIGID_Yes | DOPTHERST_Missing | DOPTHERST_No | DOPTHERST_Yes | FEATPOSHYP_No | FEATPOSHYP_Uncertain | FEATPOSHYP_Yes | ANYFAMPD_Missing | ANYFAMPD_No | ANYFAMPD_Yes | DXTREMOR_No | DXTREMOR_Unknown | DXTREMOR_Yes | DXBRADY_No | DXBRADY_Unknown | DXBRADY_Yes | DOMSIDE_Left | DOMSIDE_Right | DOMSIDE_Symmetric | DOMSIDE_Unknown | INT_DURATION_X_MOTOR,1.2002914999975474,0.4730427021448693,0.4510119047619047,0.6986301369863014,0.92,0.21875,0.21428571428571427,0.21875
0,direct,1,ENG_03,engineering__INT_DURATION_X_MOTOR,engineered_representation,none,all,INT_DURATION_X_MOTOR,interaction,catboost,scaled_dense,14,"{""auto_class_weights"": null, ""depth"": 6, ""iterations"": 600, ""l2_leaf_reg"": 5.0, ""learning_rate"": 0.08}",1,582,146,47,27,Years_since_PD_diagnosis | Age | MCATOT | FRZGT12M | SCAU14 | SCAU16 | GDS_TOTAL | NQ_GAUSSIAN_REVISION | NP1RTOT | BMI | NP1SLPD | NP1URIN | NP3GAIT_COMBINED_MAX | NP3PSTBL_COMBINED_MAX | NHY_COMBINED_MAX | NP3TOT_COMBINED_MAX | NP4TOT | NP1CNST | FOG_FORM_MISSING | NQ_FORM_MISSING | PART_IV_FORM_MISSING | DXPOSINS_No | DXPOSINS_Unknown | DXPOSINS_Yes | DXRIGID_No | DXRIGID_Unknown | DXRIGID_Yes | DOPTHERST_Missing | DOPTHERST_No | DOPTHERST_Yes | FEATPOSHYP_No | FEATPOSHYP_Uncertain | FEATPOSHYP_Yes | ANYFAMPD_Missing | ANYFAMPD_No | ANYFAMPD_Yes | DXTREMOR_No | DXTREMOR_Unknown | DXTREMOR_Yes | DXBRADY_No | DXBRADY_Unknown | DXBRADY_Yes | DOMSIDE_Left | DOMSIDE_Right | DOMSIDE_Symmetric | DOMSIDE_Unknown | INT_DURATION_X_MOTOR,1.1539925840006617,0.46727165174370144,0.4544047619047619,0.678082191780822,0.89,0.1875,0.2857142857142857,0.1875
0,direct,1,ENG_03,engineering__INT_DURATION_X_MOTOR,engineered_representation,none,all,INT_DURATION_X_MOTOR,interaction,catboost,scaled_dense,14,"{""auto_class_weights"": null, ""depth"": 6, ""iterations"": 600, ""l2_leaf_reg"": 5.0, ""learning_rate"": 0.08}",2,582,146,48,27,Years_since_PD_diagnosis | Age | MCATOT | FRZGT12M | SCAU14 | SCAU16 | GDS_TOTAL | NQ_GAUSSIAN_REVISION | NP1RTOT | BMI | NP1SLPD | NP1URIN | NP3GAIT_COMBINED_MAX | NP3PSTBL_COMBINED_MAX | NHY_COMBINED_MAX | NP3TOT_COMBINED_MAX | NP4TOT | NP1CNST | FOG_FORM_MISSING | NQ_FORM_MISSING | PART_IV_FORM_MISSING | DXPOSINS_Missing | DXPOSINS_No | DXPOSINS_Unknown | DXPOSINS_Yes | DXRIGID_No | DXRIGID_Unknown | DXRIGID_Yes | DOPTHERST_Missing | DOPTHERST_No | DOPTHERST_Yes | FEATPOSHYP_No | FEATPOSHYP_Uncertain | FEATPOSHYP_Yes | ANYFAMPD_Missing | ANYFAMPD_No | ANYFAMPD_Yes | DXTREMOR_No | DXTREMOR_Unknown | DXTREMOR_Yes | DXBRADY_No | DXBRADY_Unknown | DXBRADY_Yes | DOMSIDE_Left | DOMSIDE_Right | DOMSIDE_Symmetric | DOMSIDE_Unknown | INT_DURATION_X_MOTOR,1.194495083997026,0.4211560044893378,0.41351190476190475,0.6506849315068494,0.87,0.15625,0.21428571428571427,0.15625
0,direct,1,ENG_03,engineering__INT_DURATION_X_MOTOR,engineered_representation,none,all,INT_DURATION_X_MOTOR,interaction,catboost,scaled_dense,14,"{""auto_class_weights"": null, ""depth"": 6, ""iterations"": 600, ""l2_leaf_reg"": 5.0, ""learning_rate"": 0.08}",3,583,145,48,27,Years_since_PD_diagnosis | Age | MCATOT | FRZGT12M | SCAU14 | SCAU16 | GDS_TOTAL | NQ_GAUSSIAN_REVISION | NP1RTOT | BMI | NP1SLPD | NP1URIN | NP3GAIT_COMBINED_MAX | NP3PSTBL_COMBINED_MAX | NHY_COMBINED_MAX | NP3TOT_COMBINED_MAX | NP4TOT | NP1CNST | FOG_FORM_MISSING | NQ_FORM_MISSING | PART_IV_FORM_MISSING | DXPOSINS_Missing | DXPOSINS_No | DXPOSINS_Unknown | DXPOSINS_Yes | DXRIGID_No | DXRIGID_Unknown | DXRIGID_Yes | DOPTHERST_Missing | DOPTHERST_No | DOPTHERST_Yes | FEATPOSHYP_No | FEATPOSHYP_Uncertain | FEATPOSHYP_Yes | ANYFAMPD_Missing | ANYFAMPD_No | ANYFAMPD_Yes | DXTREMOR_No | DXTREMOR_Unknown | DXTREMOR_Yes | DXBRADY_No | DXBRADY_Unknown | DXBRADY_Yes | DOMSIDE_Left | DOMSIDE_Right | DOMSIDE_Symmetric | DOMSIDE_Unknown | INT_DURATION_X_MOTOR,1.2027930420008488,0.42843674843674845,0.4194417291191485,0.6827586206896552,0.9292929292929293,0.12903225806451613,0.2,0.12903225806451613
0,direct,1,ENG_03,engineering__INT_DURATION_X_MOTOR,engineered_representation,none,all,INT_DURATION_X_MOTOR,interaction,catboost,scaled_dense,14,"{""auto_class_weights"": null, ""depth"": 6, ""iterations"": 600, ""l2_leaf_reg"": 5.0, ""learning_rate"": 0.08}",4,583,145,48,27,Years_since_PD_diagnosis | Age | MCATOT | FRZGT12M | SCAU14 | SCAU16 | GDS_TOTAL | NQ_GAUSSIAN_REVISION | NP1RTOT | BMI | NP1SLPD | NP1URIN | NP3GAIT_COMBINED_MAX | NP3PSTBL_COMBINED_MAX | NHY_COMBINED_MAX | NP3TOT_COMBINED_MAX | NP4TOT | NP1CNST | FOG_FORM_MISSING | NQ_FORM_MISSING | PART_IV_FORM_MISSING | DXPOSINS_Missing | DXPOSINS_No | DXPOSINS_Unknown | DXPOSINS_Yes | DXRIGID_No | DXRIGID_Unknown | DXRIGID_Yes | DOPTHERST_Missing | DOPTHERST_No | DOPTHERST_Yes | FEATPOSHYP_No | FEATPOSHYP_Uncertain | FEATPOSHYP_Yes | ANYFAMPD_Missing | ANYFAMPD_No | ANYFAMPD_Yes | DXTREMOR_No | DXTREMOR_Unknown | DXTREMOR_Yes | DXBRADY_No | DXBRADY_Unknown | DXBRADY_Yes | DOMSIDE_Left | DOMSIDE_Right | DOMSIDE_Symmetric | DOMSIDE_Unknown | INT_DURATION_X_MOTOR,1.1964216250016761,0.35729386892177595,0.3549633237133237,0.6,0.8282828282828283,0.09375,0.14285714285714285,0.09375
0,direct,1,ENG_03,engineering__INT_DURATION_X_MOTOR,engineered_representation,none,all,INT_DURATION_X_MOTOR,interaction,catboost,scaled_dense,15,"{""auto_class_weights"": ""Balanced"", ""depth"": 6, ""iterations"": 600, ""l2_leaf_reg"": 5.0, ""learning_rate"": 0.08}",0,582,146,48,27,Years_since_PD_diagnosis | Age | MCATOT | FRZGT12M | SCAU14 | SCAU16 | GDS_TOTAL | NQ_GAUSSIAN_REVISION | NP1RTOT | BMI | NP1SLPD | NP1URIN | NP3GAIT_COMBINED_MAX | NP3PSTBL_COMBINED_MAX | NHY_COMBINED_MAX | NP3TOT_COMBINED_MAX | NP4TOT | NP1CNST | FOG_FORM_MISSING | NQ_FORM_MISSING | PART_IV_FORM_MISSING | DXPOSINS_Missing | DXPOSINS_No | DXPOSINS_Unknown | DXPOSINS_Yes | DXRIGID_No | DXRIGID_Unknown | DXRIGID_Yes | DOPTHERST_Missing | DOPTHERST_No | DOPTHERST_Yes | FEATPOSHYP_No | FEATPOSHYP_Uncertain | FEATPOSHYP_Yes | ANYFAMPD_Missing | ANYFAMPD_No | ANYFAMPD_Yes | DXTREMOR_No | DXTREMOR_Unknown | DXTREMOR_Yes | DXBRADY_No | DXBRADY_Unknown | DXBRADY_Yes | DOMSIDE_Left | DOMSIDE_Right | DOMSIDE_Symmetric | DOMSIDE_Unknown | INT_DURATION_X_MOTOR,1.2018012080006883,0.47909781576448235,0.47613095238095243,0.636986301369863,0.79,0.28125,0.35714285714285715,0.28125
0,direct,1,ENG_03,engineering__INT_DURATION_X_MOTOR,engineered_representation,none,all,INT_DURATION_X_MOTOR,interaction,catboost,scaled_dense,15,"{""auto_class_weights"": ""Balanced"", ""depth"": 6, ""iterations"": 600, ""l2_leaf_reg"": 5.0, ""learning_rate"": 0.08}",1,582,146,47,27,Years_since_PD_diagnosis | Age | MCATOT | FRZGT12M | SCAU14 | SCAU16 | GDS_TOTAL | NQ_GAUSSIAN_REVISION | NP1RTOT | BMI | NP1SLPD | NP1URIN | NP3GAIT_COMBINED_MAX | NP3PSTBL_COMBINED_MAX | NHY_COMBINED_MAX | NP3TOT_COMBINED_MAX | NP4TOT | NP1CNST | FOG_FORM_MISSING | NQ_FORM_MISSING | PART_IV_FORM_MISSING | DXPOSINS_No | DXPOSINS_Unknown | DXPOSINS_Yes | DXRIGID_No | DXRIGID_Unknown | DXRIGID_Yes | DOPTHERST_Missing | DOPTHERST_No | DOPTHERST_Yes | FEATPOSHYP_No | FEATPOSHYP_Uncertain | FEATPOSHYP_Yes | ANYFAMPD_Missing | ANYFAMPD_No | ANYFAMPD_Yes | DXTREMOR_No | DXTREMOR_Unknown | DXTREMOR_Yes | DXBRADY_No | DXBRADY_Unknown | DXBRADY_Yes | DOMSIDE_Left | DOMSIDE_Right | DOMSIDE_Symmetric | DOMSIDE_Unknown | INT_DURATION_X_MOTOR,1.1577465000009397,0.5475140440657682,0.5520238095238096,0.678082191780822,0.79,0.4375,0.42857142857142855,0.4375
0,direct,1,ENG_03,engineering__INT_DURATION_X_MOTOR,engineered_representation,none,all,INT_DURATION_X_MOTOR,interaction,catboost,scaled_dense,15,"{""auto_class_weights"": ""Balanced"", ""depth"": 6, ""iterations"": 600, ""l2_leaf_reg"": 5.0, ""learning_rate"": 0.08}",2,582,146,48,27,Years_since_PD_diagnosis | Age | MCATOT | FRZGT12M | SCAU14 | SCAU16 | GDS_TOTAL | NQ_GAUSSIAN_REVISION | NP1RTOT | BMI | NP1SLPD | NP1URIN | NP3GAIT_COMBINED_MAX | NP3PSTBL_COMBINED_MAX | NHY_COMBINED_MAX | NP3TOT_COMBINED_MAX | NP4TOT | NP1CNST | FOG_FORM_MISSING | NQ_FORM_MISSING | PART_IV_FORM_MISSING | DXPOSINS_Missing | DXPOSINS_No | DXPOSINS_Unknown | DXPOSINS_Yes | DXRIGID_No | DXRIGID_Unknown | DXRIGID_Yes | DOPTHERST_Missing | DOPTHERST_No | DOPTHERST_Yes | FEATPOSHYP_No | FEATPOSHYP_Uncertain | FEATPOSHYP_Yes | ANYFAMPD_Missing | ANYFAMPD_No | ANYFAMPD_Yes | DXTREMOR_No | DXTREMOR_Unknown | DXTREMOR_Yes | DXBRADY_No | DXBRADY_Unknown | DXBRADY_Yes | DOMSIDE_Left | DOMSIDE_Right | DOMSIDE_Symmetric | DOMSIDE_Unknown | INT_DURATION_X_MOTOR,1.1946625409982516,0.46582940868655154,0.46315476190476196,0.6232876712328768,0.76,0.34375,0.2857142857142857,0.34375
0,direct,1,ENG_03,engineering__INT_DURATION_X_MOTOR,engineered_representation,none,all,INT_DURATION_X_MOTOR,interaction,catboost,scaled_dense,15,"{""auto_class_weights"": ""Balanced"", ""depth"": 6, ""iterations"": 600, ""l2_leaf_reg"": 5.0, ""learning_rate"": 0.08}",3,583,145,48,27,Years_since_PD_diagnosis | Age | MCATOT | FRZGT12M | SCAU14 | SCAU16 | GDS_TOTAL | NQ_GAUSSIAN_REVISION | NP1RTOT | BMI | NP1SLPD | NP1URIN | NP3GAIT_COMBINED_MAX | NP3PSTBL_COMBINED_MAX | NHY_COMBINED_MAX | NP3TOT_COMBINED_MAX | NP4TOT | NP1CNST | FOG_FORM_MISSING | NQ_FORM_MISSING | PART_IV_FORM_MISSING | DXPOSINS_Missing | DXPOSINS_No | DXPOSINS_Unknown | DXPOSINS_Yes | DXRIGID_No | DXRIGID_Unknown | DXRIGID_Yes | DOPTHERST_Missing | DOPTHERST_No | DOPTHERST_Yes | FEATPOSHYP_No | FEATPOSHYP_Uncertain | FEATPOSHYP_Yes | ANYFAMPD_Missing | ANYFAMPD_No | ANYFAMPD_Yes | DXTREMOR_No | DXTREMOR_Unknown | DXTREMOR_Yes | DXBRADY_No | DXBRADY_Unknown | DXBRADY_Yes | DOMSIDE_Left | DOMSIDE_Right | DOMSIDE_Symmetric | DOMSIDE_Unknown | INT_DURATION_X_MOTOR,1.205198833002214,0.4780711652749567,0.47594221787770175,0.6758620689655173,0.8686868686868687,0.22580645161290322,0.3333333333333333,0.22580645161290322
0,direct,1,ENG_03,engineering__INT_DURATION_X_MOTOR,engineered_representation,none,all,INT_DURATION_X_MOTOR,interaction,catboost,scaled_dense,15,"{""auto_class_weights"": ""Balanced"", ""depth"": 6, ""iterations"": 600, ""l2_leaf_reg"": 5.0, ""learning_rate"": 0.08}",4,583,145,48,27,Years_since_PD_diagnosis | Age | MCATOT | FRZGT12M | SCAU14 | SCAU16 | GDS_TOTAL | NQ_GAUSSIAN_REVISION | NP1RTOT | BMI | NP1SLPD | NP1URIN | NP3GAIT_COMBINED_MAX | NP3PSTBL_COMBINED_MAX | NHY_COMBINED_MAX | NP3TOT_COMBINED_MAX | NP4TOT | NP1CNST | FOG_FORM_MISSING | NQ_FORM_MISSING | PART_IV_FORM_MISSING | DXPOSINS_Missing | DXPOSINS_No | DXPOSINS_Unknown | DXPOSINS_Yes | DXRIGID_No | DXRIGID_Unknown | DXRIGID_Yes | DOPTHERST_Missing | DOPTHERST_No | DOPTHERST_Yes | FEATPOSHYP_No | FEATPOSHYP_Uncertain | FEATPOSHYP_Yes | ANYFAMPD_Missing | ANYFAMPD_No | ANYFAMPD_Yes | DXTREMOR_No | DXTREMOR_Unknown | DXTREMOR_Yes | DXBRADY_No | DXBRADY_Unknown | DXBRADY_Yes | DOMSIDE_Left | DOMSIDE_Right | DOMSIDE_Symmetric | DOMSIDE_Unknown | INT_DURATION_X_MOTOR,1.2078349580006034,0.40975422427035335,0.4102633477633478,0.5862068965517241,0.7575757575757576,0.1875,0.2857142857142857,0.1875
0,direct,2,ENG_01,engineering__INT_GAIT_X_POSTURAL_STABILITY,engineered_representation,none,all,INT_GAIT_X_POSTURAL_STABILITY,interaction,catboost,scaled_dense,0,"{""auto_class_weights"": null, ""depth"": 4, ""iterations"": 300, ""l2_leaf_reg"": 5.0, ""learning_rate"": 0.03}",0,582,146,48,27,Years_since_PD_diagnosis | Age | MCATOT | FRZGT12M | SCAU14 | SCAU16 | GDS_TOTAL | NQ_GAUSSIAN_REVISION | NP1RTOT | BMI | NP1SLPD | NP1URIN | NP3GAIT_COMBINED_MAX | NP3PSTBL_COMBINED_MAX | NHY_COMBINED_MAX | NP3TOT_COMBINED_MAX | NP4TOT | NP1CNST | FOG_FORM_MISSING | NQ_FORM_MISSING | PART_IV_FORM_MISSING | DXPOSINS_Missing | DXPOSINS_No | DXPOSINS_Unknown | DXPOSINS_Yes | DXRIGID_No | DXRIGID_Unknown | DXRIGID_Yes | DOPTHERST_Missing | DOPTHERST_No | DOPTHERST_Yes | FEATPOSHYP_No | FEATPOSHYP_Uncertain | FEATPOSHYP_Yes | ANYFAMPD_Missing | ANYFAMPD_No | ANYFAMPD_Yes | DXTREMOR_No | DXTREMOR_Unknown | DXTREMOR_Yes | DXBRADY_No | DXBRADY_Unknown | DXBRADY_Yes | DOMSIDE_Left | DOMSIDE_Right | DOMSIDE_Symmetric | DOMSIDE_Unknown | INT_GAIT_X_POSTURAL_STABILITY,0.2042085840002983,0.5186810186810187,0.5078571428571429,0.7328767123287672,0.97,0.125,0.42857142857142855,0.125
0,direct,2,ENG_01,engineering__INT_GAIT_X_POSTURAL_STABILITY,engineered_representation,none,all,INT_GAIT_X_POSTURAL_STABILITY,interaction,catboost,scaled_dense,0,"{""auto_class_weights"": null, ""depth"": 4, ""iterations"": 300, ""l2_leaf_reg"": 5.0, ""learning_rate"": 0.03}",1,582,146,47,27,Years_since_PD_diagnosis | Age | MCATOT | FRZGT12M | SCAU14 | SCAU16 | GDS_TOTAL | NQ_GAUSSIAN_REVISION | NP1RTOT | BMI | NP1SLPD | NP1URIN | NP3GAIT_COMBINED_MAX | NP3PSTBL_COMBINED_MAX | NHY_COMBINED_MAX | NP3TOT_COMBINED_MAX | NP4TOT | NP1CNST | FOG_FORM_MISSING | NQ_FORM_MISSING | PART_IV_FORM_MISSING | DXPOSINS_No | DXPOSINS_Unknown | DXPOSINS_Yes | DXRIGID_No | DXRIGID_Unknown | DXRIGID_Yes | DOPTHERST_Missing | DOPTHERST_No | DOPTHERST_Yes | FEATPOSHYP_No | FEATPOSHYP_Uncertain | FEATPOSHYP_Yes | ANYFAMPD_Missing | ANYFAMPD_No | ANYFAMPD_Yes | DXTREMOR_No | DXTREMOR_Unknown | DXTREMOR_Yes | DXBRADY_No | DXBRADY_Unknown | DXBRADY_Yes | DOMSIDE_Left | DOMSIDE_Right | DOMSIDE_Symmetric | DOMSIDE_Unknown | INT_GAIT_X_POSTURAL_STABILITY,0.18991491699853214,0.42312793142487465,0.42005952380952377,0.7191780821917808,0.97,0.21875,0.07142857142857142,0.21875
0,direct,2,ENG_01,engineering__INT_GAIT_X_POSTURAL_STABILITY,engineered_representation,none,all,INT_GAIT_X_POSTURAL_STABILITY,interaction,catboost,scaled_dense,0,"{""auto_class_weights"": null, ""depth"": 4, ""iterations"": 300, ""l2_leaf_reg"": 5.0, ""learning_rate"": 0.03}",2,582,146,48,27,Years_since_PD_diagnosis | Age | MCATOT | FRZGT12M | SCAU14 | SCAU16 | GDS_TOTAL | NQ_GAUSSIAN_REVISION | NP1RTOT | BMI | NP1SLPD | NP1URIN | NP3GAIT_COMBINED_MAX | NP3PSTBL_COMBINED_MAX | NHY_COMBINED_MAX | NP3TOT_COMBINED_MAX | NP4TOT | NP1CNST | FOG_FORM_MISSING | NQ_FORM_MISSING | PART_IV_FORM_MISSING | DXPOSINS_Missing | DXPOSINS_No | DXPOSINS_Unknown | DXPOSINS_Yes | DXRIGID_No | DXRIGID_Unknown | DXRIGID_Yes | DOPTHERST_Missing | DOPTHERST_No | DOPTHERST_Yes | FEATPOSHYP_No | FEATPOSHYP_Uncertain | FEATPOSHYP_Yes | ANYFAMPD_Missing | ANYFAMPD_No | ANYFAMPD_Yes | DXTREMOR_No | DXTREMOR_Unknown | DXTREMOR_Yes | DXBRADY_No | DXBRADY_Unknown | DXBRADY_Yes | DOMSIDE_Left | DOMSIDE_Right | DOMSIDE_Symmetric | DOMSIDE_Unknown | INT_GAIT_X_POSTURAL_STABILITY,0.19887820800067857,0.45714285714285713,0.44059523809523804,0.6917808219178082,0.92,0.1875,0.21428571428571427,0.1875
0,direct,2,ENG_01,engineering__INT_GAIT_X_POSTURAL_STABILITY,engineered_representation,none,all,INT_GAIT_X_POSTURAL_STABILITY,interaction,catboost,scaled_dense,0,"{""auto_class_weights"": null, ""depth"": 4, ""iterations"": 300, ""l2_leaf_reg"": 5.0, ""learning_rate"": 0.03}",3,583,145,48,27,Years_since_PD_diagnosis | Age | MCATOT | FRZGT12M | SCAU14 | SCAU16 | GDS_TOTAL | NQ_GAUSSIAN_REVISION | NP1RTOT | BMI | NP1SLPD | NP1URIN | NP3GAIT_COMBINED_MAX | NP3PSTBL_COMBINED_MAX | NHY_COMBINED_MAX | NP3TOT_COMBINED_MAX | NP4TOT | NP1CNST | FOG_FORM_MISSING | NQ_FORM_MISSING | PART_IV_FORM_MISSING | DXPOSINS_Missing | DXPOSINS_No | DXPOSINS_Unknown | DXPOSINS_Yes | DXRIGID_No | DXRIGID_Unknown | DXRIGID_Yes | DOPTHERST_Missing | DOPTHERST_No | DOPTHERST_Yes | FEATPOSHYP_No | FEATPOSHYP_Uncertain | FEATPOSHYP_Yes | ANYFAMPD_Missing | ANYFAMPD_No | ANYFAMPD_Yes | DXTREMOR_No | DXTREMOR_Unknown | DXTREMOR_Yes | DXBRADY_No | DXBRADY_Unknown | DXBRADY_Yes | DOMSIDE_Left | DOMSIDE_Right | DOMSIDE_Symmetric | DOMSIDE_Unknown | INT_GAIT_X_POSTURAL_STABILITY,0.20011091699780081,0.3600725952813067,0.37842945584881066,0.6827586206896552,0.9696969696969697,0.03225806451612903,0.13333333333333333,0.03225806451612903
0,direct,2,ENG_01,engineering__INT_GAIT_X_POSTURAL_STABILITY,engineered_representation,none,all,INT_GAIT_X_POSTURAL_STABILITY,interaction,catboost,scaled_dense,0,"{""auto_class_weights"": null, ""depth"": 4, ""iterations"": 300, ""l2_leaf_reg"": 5.0, ""learning_rate"": 0.03}",4,583,145,48,27,Years_since_PD_diagnosis | Age | MCATOT | FRZGT12M | SCAU14 | SCAU16 | GDS_TOTAL | NQ_GAUSSIAN_REVISION | NP1RTOT | BMI | NP1SLPD | NP1URIN | NP3GAIT_COMBINED_MAX | NP3PSTBL_COMBINED_MAX | NHY_COMBINED_MAX | NP3TOT_COMBINED_MAX | NP4TOT | NP1CNST | FOG_FORM_MISSING | NQ_FORM_MISSING | PART_IV_FORM_MISSING | DXPOSINS_Missing | DXPOSINS_No | DXPOSINS_Unknown | DXPOSINS_Yes | DXRIGID_No | DXRIGID_Unknown | DXRIGID_Yes | DOPTHERST_Missing | DOPTHERST_No | DOPTHERST_Yes | FEATPOSHYP_No | FEATPOSHYP_Uncertain | FEATPOSHYP_Yes | ANYFAMPD_Missing | ANYFAMPD_No | ANYFAMPD_Yes | DXTREMOR_No | DXTREMOR_Unknown | DXTREMOR_Yes | DXBRADY_No | DXBRADY_Unknown | DXBRADY_Yes | DOMSIDE_Left | DOMSIDE_Right | DOMSIDE_Symmetric | DOMSIDE_Unknown | INT_GAIT_X_POSTURAL_STABILITY,0.19759633299690904,0.3845021645021645,0.39200036075036077,0.6758620689655173,0.9393939393939394,0.09375,0.14285714285714285,0.09375
0,direct,2,ENG_01,engineering__INT_GAIT_X_POSTURAL_STABILITY,engineered_representation,none,all,INT_GAIT_X_POSTURAL_STABILITY,interaction,catboost,scaled_dense,1,"{""auto_class_weights"": ""Balanced"", ""depth"": 4, ""iterations"": 300, ""l2_leaf_reg"": 5.0, ""learning_rate"": 0.03}",0,582,146,48,27,Years_since_PD_diagnosis | Age | MCATOT | FRZGT12M | SCAU14 | SCAU16 | GDS_TOTAL | NQ_GAUSSIAN_REVISION | NP1RTOT | BMI | NP1SLPD | NP1URIN | NP3GAIT_COMBINED_MAX | NP3PSTBL_COMBINED_MAX | NHY_COMBINED_MAX | NP3TOT_COMBINED_MAX | NP4TOT | NP1CNST | FOG_FORM_MISSING | NQ_FORM_MISSING | PART_IV_FORM_MISSING | DXPOSINS_Missing | DXPOSINS_No | DXPOSINS_Unknown | DXPOSINS_Yes | DXRIGID_No | DXRIGID_Unknown | DXRIGID_Yes | DOPTHERST_Missing | DOPTHERST_No | DOPTHERST_Yes | FEATPOSHYP_No | FEATPOSHYP_Uncertain | FEATPOSHYP_Yes | ANYFAMPD_Missing | ANYFAMPD_No | ANYFAMPD_Yes | DXTREMOR_No | DXTREMOR_Unknown | DXTREMOR_Yes | DXBRADY_No | DXBRADY_Unknown | DXBRADY_Yes | DOMSIDE_Left | DOMSIDE_Right | DOMSIDE_Symmetric | DOMSIDE_Unknown | INT_GAIT_X_POSTURAL_STABILITY,0.20606462500290945,0.4805573343343565,0.5485119047619048,0.5753424657534246,0.65,0.28125,0.7142857142857143,0.28125
0,direct,2,ENG_01,engineering__INT_GAIT_X_POSTURAL_STABILITY,engineered_representation,none,all,INT_GAIT_X_POSTURAL_STABILITY,interaction,catboost,scaled_dense,1,"{""auto_class_weights"": ""Balanced"", ""depth"": 4, ""iterations"": 300, ""l2_leaf_reg"": 5.0, ""learning_rate"": 0.03}",1,582,146,47,27,Years_since_PD_diagnosis | Age | MCATOT | FRZGT12M | SCAU14 | SCAU16 | GDS_TOTAL | NQ_GAUSSIAN_REVISION | NP1RTOT | BMI | NP1SLPD | NP1URIN | NP3GAIT_COMBINED_MAX | NP3PSTBL_COMBINED_MAX | NHY_COMBINED_MAX | NP3TOT_COMBINED_MAX | NP4TOT | NP1CNST | FOG_FORM_MISSING | NQ_FORM_MISSING | PART_IV_FORM_MISSING | DXPOSINS_No | DXPOSINS_Unknown | DXPOSINS_Yes | DXRIGID_No | DXRIGID_Unknown | DXRIGID_Yes | DOPTHERST_Missing | DOPTHERST_No | DOPTHERST_Yes | FEATPOSHYP_No | FEATPOSHYP_Uncertain | FEATPOSHYP_Yes | ANYFAMPD_Missing | ANYFAMPD_No | ANYFAMPD_Yes | DXTREMOR_No | DXTREMOR_Unknown | DXTREMOR_Yes | DXBRADY_No | DXBRADY_Unknown | DXBRADY_Yes | DOMSIDE_Left | DOMSIDE_Right | DOMSIDE_Symmetric | DOMSIDE_Unknown | INT_GAIT_X_POSTURAL_STABILITY,0.19128624999939348,0.58002442002442,0.645952380952381,0.6575342465753424,0.67,0.625,0.6428571428571429,0.625
0,direct,2,ENG_01,engineering__INT_GAIT_X_POSTURAL_STABILITY,engineered_representation,none,all,INT_GAIT_X_POSTURAL_STABILITY,interaction,catboost,scaled_dense,1,"{""auto_class_weights"": ""Balanced"", ""depth"": 4, ""iterations"": 300, ""l2_leaf_reg"": 5.0, ""learning_rate"": 0.03}",2,582,146,48,27,Years_since_PD_diagnosis | Age | MCATOT | FRZGT12M | SCAU14 | SCAU16 | GDS_TOTAL | NQ_GAUSSIAN_REVISION | NP1RTOT | BMI | NP1SLPD | NP1URIN | NP3GAIT_COMBINED_MAX | NP3PSTBL_COMBINED_MAX | NHY_COMBINED_MAX | NP3TOT_COMBINED_MAX | NP4TOT | NP1CNST | FOG_FORM_MISSING | NQ_FORM_MISSING | PART_IV_FORM_MISSING | DXPOSINS_Missing | DXPOSINS_No | DXPOSINS_Unknown | DXPOSINS_Yes | DXRIGID_No | DXRIGID_Unknown | DXRIGID_Yes | DOPTHERST_Missing | DOPTHERST_No | DOPTHERST_Yes | FEATPOSHYP_No | FEATPOSHYP_Uncertain | FEATPOSHYP_Yes | ANYFAMPD_Missing | ANYFAMPD_No | ANYFAMPD_Yes | DXTREMOR_No | DXTREMOR_Unknown | DXTREMOR_Yes | DXBRADY_No | DXBRADY_Unknown | DXBRADY_Yes | DOMSIDE_Left | DOMSIDE_Right | DOMSIDE_Symmetric | DOMSIDE_Unknown | INT_GAIT_X_POSTURAL_STABILITY,0.21099191599932965,0.5489379987722529,0.593452380952381,0.636986301369863,0.7,0.4375,0.6428571428571429,0.4375
0,direct,2,ENG_01,engineering__INT_GAIT_X_POSTURAL_STABILITY,engineered_representation,none,all,INT_GAIT_X_POSTURAL_STABILITY,interaction,catboost,scaled_dense,1,"{""auto_class_weights"": ""Balanced"", ""depth"": 4, ""iterations"": 300, ""l2_leaf_reg"": 5.0, ""learning_rate"": 0.03}",3,583,145,48,27,Years_since_PD_diagnosis | Age | MCATOT | FRZGT12M | SCAU14 | SCAU16 | GDS_TOTAL | NQ_GAUSSIAN_REVISION | NP1RTOT | BMI | NP1SLPD | NP1URIN | NP3GAIT_COMBINED_MAX | NP3PSTBL_COMBINED_MAX | NHY_COMBINED_MAX | NP3TOT_COMBINED_MAX | NP4TOT | NP1CNST | FOG_FORM_MISSING | NQ_FORM_MISSING | PART_IV_FORM_MISSING | DXPOSINS_Missing | DXPOSINS_No | DXPOSINS_Unknown | DXPOSINS_Yes | DXRIGID_No | DXRIGID_Unknown | DXRIGID_Yes | DOPTHERST_Missing | DOPTHERST_No | DOPTHERST_Yes | FEATPOSHYP_No | FEATPOSHYP_Uncertain | FEATPOSHYP_Yes | ANYFAMPD_Missing | ANYFAMPD_No | ANYFAMPD_Yes | DXTREMOR_No | DXTREMOR_Unknown | DXTREMOR_Yes | DXBRADY_No | DXBRADY_Unknown | DXBRADY_Yes | DOMSIDE_Left | DOMSIDE_Right | DOMSIDE_Symmetric | DOMSIDE_Unknown | INT_GAIT_X_POSTURAL_STABILITY,0.2015030000002298,0.5377915962108403,0.5735201477136961,0.6758620689655173,0.797979797979798,0.3225806451612903,0.6,0.3225806451612903
0,direct,2,ENG_01,engineering__INT_GAIT_X_POSTURAL_STABILITY,engineered_representation,none,all,INT_GAIT_X_POSTURAL_STABILITY,interaction,catboost,scaled_dense,1,"{""auto_class_weights"": ""Balanced"", ""depth"": 4, ""iterations"": 300, ""l2_leaf_reg"": 5.0, ""learning_rate"": 0.03}",4,583,145,48,27,Years_since_PD_diagnosis | Age | MCATOT | FRZGT12M | SCAU14 | SCAU16 | GDS_TOTAL | NQ_GAUSSIAN_REVISION | NP1RTOT | BMI | NP1SLPD | NP1URIN | NP3GAIT_COMBINED_MAX | NP3PSTBL_COMBINED_MAX | NHY_COMBINED_MAX | NP3TOT_COMBINED_MAX | NP4TOT | NP1CNST | FOG_FORM_MISSING | NQ_FORM_MISSING | PART_IV_FORM_MISSING | DXPOSINS_Missing | DXPOSINS_No | DXPOSINS_Unknown | DXPOSINS_Yes | DXRIGID_No | DXRIGID_Unknown | DXRIGID_Yes | DOPTHERST_Missing | DOPTHERST_No | DOPTHERST_Yes | FEATPOSHYP_No | FEATPOSHYP_Uncertain | FEATPOSHYP_Yes | ANYFAMPD_Missing | ANYFAMPD_No | ANYFAMPD_Yes | DXTREMOR_No | DXTREMOR_Unknown | DXTREMOR_Yes | DXBRADY_No | DXBRADY_Unknown | DXBRADY_Yes | DOMSIDE_Left | DOMSIDE_Right | DOMSIDE_Symmetric | DOMSIDE_Unknown | INT_GAIT_X_POSTURAL_STABILITY,0.20377424999969662,0.42697357779324996,0.45209535834535836,0.5448275862068965,0.6464646464646465,0.28125,0.42857142857142855,0.28125
0,direct,2,ENG_01,engineering__INT_GAIT_X_POSTURAL_STABILITY,engineered_representation,none,all,INT_GAIT_X_POSTURAL_STABILITY,interaction,catboost,scaled_dense,2,"{""auto_class_weights"": null, ""depth"": 4, ""iterations"": 300, ""l2_leaf_reg"": 5.0, ""learning_rate"": 0.08}",0,582,146,48,27,Years_since_PD_diagnosis | Age | MCATOT | FRZGT12M | SCAU14 | SCAU16 | GDS_TOTAL | NQ_GAUSSIAN_REVISION | NP1RTOT | BMI | NP1SLPD | NP1URIN | NP3GAIT_COMBINED_MAX | NP3PSTBL_COMBINED_MAX | NHY_COMBINED_MAX | NP3TOT_COMBINED_MAX | NP4TOT | NP1CNST | FOG_FORM_MISSING | NQ_FORM_MISSING | PART_IV_FORM_MISSING | DXPOSINS_Missing | DXPOSINS_No | DXPOSINS_Unknown | DXPOSINS_Yes | DXRIGID_No | DXRIGID_Unknown | DXRIGID_Yes | DOPTHERST_Missing | DOPTHERST_No | DOPTHERST_Yes | FEATPOSHYP_No | FEATPOSHYP_Uncertain | FEATPOSHYP_Yes | ANYFAMPD_Missing | ANYFAMPD_No | ANYFAMPD_Yes | DXTREMOR_No | DXTREMOR_Unknown | DXTREMOR_Yes | DXBRADY_No | DXBRADY_Unknown | DXBRADY_Yes | DOMSIDE_Left | DOMSIDE_Right | DOMSIDE_Symmetric | DOMSIDE_Unknown | INT_GAIT_X_POSTURAL_STABILITY,0.20103499999822816,0.4750034506556246,0.4573214285714286,0.6986301369863014,0.93,0.15625,0.2857142857142857,0.15625
0,direct,2,ENG_01,engineering__INT_GAIT_X_POSTURAL_STABILITY,engineered_representation,none,all,INT_GAIT_X_POSTURAL_STABILITY,interaction,catboost,scaled_dense,2,"{""auto_class_weights"": null, ""depth"": 4, ""iterations"": 300, ""l2_leaf_reg"": 5.0, ""learning_rate"": 0.08}",1,582,146,47,27,Years_since_PD_diagnosis | Age | MCATOT | FRZGT12M | SCAU14 | SCAU16 | GDS_TOTAL | NQ_GAUSSIAN_REVISION | NP1RTOT | BMI | NP1SLPD | NP1URIN | NP3GAIT_COMBINED_MAX | NP3PSTBL_COMBINED_MAX | NHY_COMBINED_MAX | NP3TOT_COMBINED_MAX | NP4TOT | NP1CNST | FOG_FORM_MISSING | NQ_FORM_MISSING | PART_IV_FORM_MISSING | DXPOSINS_No | DXPOSINS_Unknown | DXPOSINS_Yes | DXRIGID_No | DXRIGID_Unknown | DXRIGID_Yes | DOPTHERST_Missing | DOPTHERST_No | DOPTHERST_Yes | FEATPOSHYP_No | FEATPOSHYP_Uncertain | FEATPOSHYP_Yes | ANYFAMPD_Missing | ANYFAMPD_No | ANYFAMPD_Yes | DXTREMOR_No | DXTREMOR_Unknown | DXTREMOR_Yes | DXBRADY_No | DXBRADY_Unknown | DXBRADY_Yes | DOMSIDE_Left | DOMSIDE_Right | DOMSIDE_Symmetric | DOMSIDE_Unknown | INT_GAIT_X_POSTURAL_STABILITY,0.19480166699941037,0.44350168350168356,0.43684523809523806,0.6986301369863014,0.94,0.15625,0.21428571428571427,0.15625
0,direct,2,ENG_01,engineering__INT_GAIT_X_POSTURAL_STABILITY,engineered_representation,none,all,INT_GAIT_X_POSTURAL_STABILITY,interaction,catboost,scaled_dense,2,"{""auto_class_weights"": null, ""depth"": 4, ""iterations"": 300, ""l2_leaf_reg"": 5.0, ""learning_rate"": 0.08}",2,582,146,48,27,Years_since_PD_diagnosis | Age | MCATOT | FRZGT12M | SCAU14 | SCAU16 | GDS_TOTAL | NQ_GAUSSIAN_REVISION | NP1RTOT | BMI | NP1SLPD | NP1URIN | NP3GAIT_COMBINED_MAX | NP3PSTBL_COMBINED_MAX | NHY_COMBINED_MAX | NP3TOT_COMBINED_MAX | NP4TOT | NP1CNST | FOG_FORM_MISSING | NQ_FORM_MISSING | PART_IV_FORM_MISSING | DXPOSINS_Missing | DXPOSINS_No | DXPOSINS_Unknown | DXPOSINS_Yes | DXRIGID_No | DXRIGID_Unknown | DXRIGID_Yes | DOPTHERST_Missing | DOPTHERST_No | DOPTHERST_Yes | FEATPOSHYP_No | FEATPOSHYP_Uncertain | FEATPOSHYP_Yes | ANYFAMPD_Missing | ANYFAMPD_No | ANYFAMPD_Yes | DXTREMOR_No | DXTREMOR_Unknown | DXTREMOR_Yes | DXBRADY_No | DXBRADY_Unknown | DXBRADY_Yes | DOMSIDE_Left | DOMSIDE_Right | DOMSIDE_Symmetric | DOMSIDE_Unknown | INT_GAIT_X_POSTURAL_STABILITY,0.204705959000421,0.4594291016531145,0.4476785714285714,0.6917808219178082,0.91,0.21875,0.21428571428571427,0.21875
0,direct,2,ENG_01,engineering__INT_GAIT_X_POSTURAL_STABILITY,engineered_representation,none,all,INT_GAIT_X_POSTURAL_STABILITY,interaction,catboost,scaled_dense,2,"{""auto_class_weights"": null, ""depth"": 4, ""iterations"": 300, ""l2_leaf_reg"": 5.0, ""learning_rate"": 0.08}",3,583,145,48,27,Years_since_PD_diagnosis | Age | MCATOT | FRZGT12M | SCAU14 | SCAU16 | GDS_TOTAL | NQ_GAUSSIAN_REVISION | NP1RTOT | BMI | NP1SLPD | NP1URIN | NP3GAIT_COMBINED_MAX | NP3PSTBL_COMBINED_MAX | NHY_COMBINED_MAX | NP3TOT_COMBINED_MAX | NP4TOT | NP1CNST | FOG_FORM_MISSING | NQ_FORM_MISSING | PART_IV_FORM_MISSING | DXPOSINS_Missing | DXPOSINS_No | DXPOSINS_Unknown | DXPOSINS_Yes | DXRIGID_No | DXRIGID_Unknown | DXRIGID_Yes | DOPTHERST_Missing | DOPTHERST_No | DOPTHERST_Yes | FEATPOSHYP_No | FEATPOSHYP_Uncertain | FEATPOSHYP_Yes | ANYFAMPD_Missing | ANYFAMPD_No | ANYFAMPD_Yes | DXTREMOR_No | DXTREMOR_Unknown | DXTREMOR_Yes | DXBRADY_No | DXBRADY_Unknown | DXBRADY_Yes | DOMSIDE_Left | DOMSIDE_Right | DOMSIDE_Symmetric | DOMSIDE_Unknown | INT_GAIT_X_POSTURAL_STABILITY,0.2010465409985045,0.3737901664730933,0.3858151406538503,0.6827586206896552,0.9595959595959596,0.06451612903225806,0.13333333333333333,0.06451612903225806
0,direct,2,ENG_01,engineering__INT_GAIT_X_POSTURAL_STABILITY,engineered_representation,none,all,INT_GAIT_X_POSTURAL_STABILITY,interaction,catboost,scaled_dense,2,"{""auto_class_weights"": null, ""depth"": 4, ""iterations"": 300, ""l2_leaf_reg"": 5.0, ""learning_rate"": 0.08}",4,583,145,48,27,Years_since_PD_diagnosis | Age | MCATOT | FRZGT12M | SCAU14 | SCAU16 | GDS_TOTAL | NQ_GAUSSIAN_REVISION | NP1RTOT | BMI | NP1SLPD | NP1URIN | NP3GAIT_COMBINED_MAX | NP3PSTBL_COMBINED_MAX | NHY_COMBINED_MAX | NP3TOT_COMBINED_MAX | NP4TOT | NP1CNST | FOG_FORM_MISSING | NQ_FORM_MISSING | PART_IV_FORM_MISSING | DXPOSINS_Missing | DXPOSINS_No | DXPOSINS_Unknown | DXPOSINS_Yes | DXRIGID_No | DXRIGID_Unknown | DXRIGID_Yes | DOPTHERST_Missing | DOPTHERST_No | DOPTHERST_Yes | FEATPOSHYP_No | FEATPOSHYP_Uncertain | FEATPOSHYP_Yes | ANYFAMPD_Missing | ANYFAMPD_No | ANYFAMPD_Yes | DXTREMOR_No | DXTREMOR_Unknown | DXTREMOR_Yes | DXBRADY_No | DXBRADY_Unknown | DXBRADY_Yes | DOMSIDE_Left | DOMSIDE_Right | DOMSIDE_Symmetric | DOMSIDE_Unknown | INT_GAIT_X_POSTURAL_STABILITY,0.20036129099753452,0.3836363636363636,0.38221500721500723,0.6413793103448275,0.8787878787878788,0.125,0.14285714285714285,0.125
0,direct,2,ENG_01,engineering__INT_GAIT_X_POSTURAL_STABILITY,engineered_representation,none,all,INT_GAIT_X_POSTURAL_STABILITY,interaction,catboost,scaled_dense,3,"{""auto_class_weights"": ""Balanced"", ""depth"": 4, ""iterations"": 300, ""l2_leaf_reg"": 5.0, ""learning_rate"": 0.08}",0,582,146,48,27,Years_since_PD_diagnosis | Age | MCATOT | FRZGT12M | SCAU14 | SCAU16 | GDS_TOTAL | NQ_GAUSSIAN_REVISION | NP1RTOT | BMI | NP1SLPD | NP1URIN | NP3GAIT_COMBINED_MAX | NP3PSTBL_COMBINED_MAX | NHY_COMBINED_MAX | NP3TOT_COMBINED_MAX | NP4TOT | NP1CNST | FOG_FORM_MISSING | NQ_FORM_MISSING | PART_IV_FORM_MISSING | DXPOSINS_Missing | DXPOSINS_No | DXPOSINS_Unknown | DXPOSINS_Yes | DXRIGID_No | DXRIGID_Unknown | DXRIGID_Yes | DOPTHERST_Missing | DOPTHERST_No | DOPTHERST_Yes | FEATPOSHYP_No | FEATPOSHYP_Uncertain | FEATPOSHYP_Yes | ANYFAMPD_Missing | ANYFAMPD_No | ANYFAMPD_Yes | DXTREMOR_No | DXTREMOR_Unknown | DXTREMOR_Yes | DXBRADY_No | DXBRADY_Unknown | DXBRADY_Yes | DOMSIDE_Left | DOMSIDE_Right | DOMSIDE_Symmetric | DOMSIDE_Unknown | INT_GAIT_X_POSTURAL_STABILITY,0.2020997499967052,0.5012142858237302,0.5275595238095238,0.6164383561643836,0.73,0.28125,0.5714285714285714,0.28125
0,direct,2,ENG_01,engineering__INT_GAIT_X_POSTURAL_STABILITY,engineered_representation,none,all,INT_GAIT_X_POSTURAL_STABILITY,interaction,catboost,scaled_dense,3,"{""auto_class_weights"": ""Balanced"", ""depth"": 4, ""iterations"": 300, ""l2_leaf_reg"": 5.0, ""learning_rate"": 0.08}",1,582,146,47,27,Years_since_PD_diagnosis | Age | MCATOT | FRZGT12M | SCAU14 | SCAU16 | GDS_TOTAL | NQ_GAUSSIAN_REVISION | NP1RTOT | BMI | NP1SLPD | NP1URIN | NP3GAIT_COMBINED_MAX | NP3PSTBL_COMBINED_MAX | NHY_COMBINED_MAX | NP3TOT_COMBINED_MAX | NP4TOT | NP1CNST | FOG_FORM_MISSING | NQ_FORM_MISSING | PART_IV_FORM_MISSING | DXPOSINS_No | DXPOSINS_Unknown | DXPOSINS_Yes | DXRIGID_No | DXRIGID_Unknown | DXRIGID_Yes | DOPTHERST_Missing | DOPTHERST_No | DOPTHERST_Yes | FEATPOSHYP_No | FEATPOSHYP_Uncertain | FEATPOSHYP_Yes | ANYFAMPD_Missing | ANYFAMPD_No | ANYFAMPD_Yes | DXTREMOR_No | DXTREMOR_Unknown | DXTREMOR_Yes | DXBRADY_No | DXBRADY_Unknown | DXBRADY_Yes | DOMSIDE_Left | DOMSIDE_Right | DOMSIDE_Symmetric | DOMSIDE_Unknown | INT_GAIT_X_POSTURAL_STABILITY,0.19369525000001886,0.5793872657898791,0.6116666666666667,0.6712328767123288,0.71,0.625,0.5,0.625
0,direct,2,ENG_01,engineering__INT_GAIT_X_POSTURAL_STABILITY,engineered_representation,none,all,INT_GAIT_X_POSTURAL_STABILITY,interaction,catboost,scaled_dense,3,"{""auto_class_weights"": ""Balanced"", ""depth"": 4, ""iterations"": 300, ""l2_leaf_reg"": 5.0, ""learning_rate"": 0.08}",2,582,146,48,27,Years_since_PD_diagnosis | Age | MCATOT | FRZGT12M | SCAU14 | SCAU16 | GDS_TOTAL | NQ_GAUSSIAN_REVISION | NP1RTOT | BMI | NP1SLPD | NP1URIN | NP3GAIT_COMBINED_MAX | NP3PSTBL_COMBINED_MAX | NHY_COMBINED_MAX | NP3TOT_COMBINED_MAX | NP4TOT | NP1CNST | FOG_FORM_MISSING | NQ_FORM_MISSING | PART_IV_FORM_MISSING | DXPOSINS_Missing | DXPOSINS_No | DXPOSINS_Unknown | DXPOSINS_Yes | DXRIGID_No | DXRIGID_Unknown | DXRIGID_Yes | DOPTHERST_Missing | DOPTHERST_No | DOPTHERST_Yes | FEATPOSHYP_No | FEATPOSHYP_Uncertain | FEATPOSHYP_Yes | ANYFAMPD_Missing | ANYFAMPD_No | ANYFAMPD_Yes | DXTREMOR_No | DXTREMOR_Unknown | DXTREMOR_Yes | DXBRADY_No | DXBRADY_Unknown | DXBRADY_Yes | DOMSIDE_Left | DOMSIDE_Right | DOMSIDE_Symmetric | DOMSIDE_Unknown | INT_GAIT_X_POSTURAL_STABILITY,0.2014205839986971,0.4927792465300727,0.5220833333333333,0.589041095890411,0.66,0.40625,0.5,0.40625
0,direct,2,ENG_01,engineering__INT_GAIT_X_POSTURAL_STABILITY,engineered_representation,none,all,INT_GAIT_X_POSTURAL_STABILITY,interaction,catboost,scaled_dense,3,"{""auto_class_weights"": ""Balanced"", ""depth"": 4, ""iterations"": 300, ""l2_leaf_reg"": 5.0, ""learning_rate"": 0.08}",3,583,145,48,27,Years_since_PD_diagnosis | Age | MCATOT | FRZGT12M | SCAU14 | SCAU16 | GDS_TOTAL | NQ_GAUSSIAN_REVISION | NP1RTOT | BMI | NP1SLPD | NP1URIN | NP3GAIT_COMBINED_MAX | NP3PSTBL_COMBINED_MAX | NHY_COMBINED_MAX | NP3TOT_COMBINED_MAX | NP4TOT | NP1CNST | FOG_FORM_MISSING | NQ_FORM_MISSING | PART_IV_FORM_MISSING | DXPOSINS_Missing | DXPOSINS_No | DXPOSINS_Unknown | DXPOSINS_Yes | DXRIGID_No | DXRIGID_Unknown | DXRIGID_Yes | DOPTHERST_Missing | DOPTHERST_No | DOPTHERST_Yes | FEATPOSHYP_No | FEATPOSHYP_Uncertain | FEATPOSHYP_Yes | ANYFAMPD_Missing | ANYFAMPD_No | ANYFAMPD_Yes | DXTREMOR_No | DXTREMOR_Unknown | DXTREMOR_Yes | DXBRADY_No | DXBRADY_Unknown | DXBRADY_Yes | DOMSIDE_Left | DOMSIDE_Right | DOMSIDE_Symmetric | DOMSIDE_Unknown | INT_GAIT_X_POSTURAL_STABILITY,0.20218200000090292,0.5535244160257773,0.5654176170305202,0.6827586206896552,0.8080808080808081,0.3548387096774194,0.5333333333333333,0.3548387096774194
0,direct,2,ENG_01,engineering__INT_GAIT_X_POSTURAL_STABILITY,engineered_representation,none,all,INT_GAIT_X_POSTURAL_STABILITY,interaction,catboost,scaled_dense,3,"{""auto_class_weights"": ""Balanced"", ""depth"": 4, ""iterations"": 300, ""l2_leaf_reg"": 5.0, ""learning_rate"": 0.08}",4,583,145,48,27,Years_since_PD_diagnosis | Age | MCATOT | FRZGT12M | SCAU14 | SCAU16 | GDS_TOTAL | NQ_GAUSSIAN_REVISION | NP1RTOT | BMI | NP1SLPD | NP1URIN | NP3GAIT_COMBINED_MAX | NP3PSTBL_COMBINED_MAX | NHY_COMBINED_MAX | NP3TOT_COMBINED_MAX | NP4TOT | NP1CNST | FOG_FORM_MISSING | NQ_FORM_MISSING | PART_IV_FORM_MISSING | DXPOSINS_Missing | DXPOSINS_No | DXPOSINS_Unknown | DXPOSINS_Yes | DXRIGID_No | DXRIGID_Unknown | DXRIGID_Yes | DOPTHERST_Missing | DOPTHERST_No | DOPTHERST_Yes | FEATPOSHYP_No | FEATPOSHYP_Uncertain | FEATPOSHYP_Yes | ANYFAMPD_Missing | ANYFAMPD_No | ANYFAMPD_Yes | DXTREMOR_No | DXTREMOR_Unknown | DXTREMOR_Yes | DXBRADY_No | DXBRADY_Unknown | DXBRADY_Yes | DOMSIDE_Left | DOMSIDE_Right | DOMSIDE_Symmetric | DOMSIDE_Unknown | INT_GAIT_X_POSTURAL_STABILITY,0.20011954200163018,0.4056628056628056,0.42123617123617124,0.5379310344827586,0.6565656565656566,0.25,0.35714285714285715,0.25
0,direct,2,ENG_01,engineering__INT_GAIT_X_POSTURAL_STABILITY,engineered_representation,none,all,INT_GAIT_X_POSTURAL_STABILITY,interaction,catboost,scaled_dense,4,"{""auto_class_weights"": null, ""depth"": 6, ""iterations"": 300, ""l2_leaf_reg"": 5.0, ""learning_rate"": 0.03}",0,582,146,48,27,Years_since_PD_diagnosis | Age | MCATOT | FRZGT12M | SCAU14 | SCAU16 | GDS_TOTAL | NQ_GAUSSIAN_REVISION | NP1RTOT | BMI | NP1SLPD | NP1URIN | NP3GAIT_COMBINED_MAX | NP3PSTBL_COMBINED_MAX | NHY_COMBINED_MAX | NP3TOT_COMBINED_MAX | NP4TOT | NP1CNST | FOG_FORM_MISSING | NQ_FORM_MISSING | PART_IV_FORM_MISSING | DXPOSINS_Missing | DXPOSINS_No | DXPOSINS_Unknown | DXPOSINS_Yes | DXRIGID_No | DXRIGID_Unknown | DXRIGID_Yes | DOPTHERST_Missing | DOPTHERST_No | DOPTHERST_Yes | FEATPOSHYP_No | FEATPOSHYP_Uncertain | FEATPOSHYP_Yes | ANYFAMPD_Missing | ANYFAMPD_No | ANYFAMPD_Yes | DXTREMOR_No | DXTREMOR_Unknown | DXTREMOR_Yes | DXBRADY_No | DXBRADY_Unknown | DXBRADY_Yes | DOMSIDE_Left | DOMSIDE_Right | DOMSIDE_Symmetric | DOMSIDE_Unknown | INT_GAIT_X_POSTURAL_STABILITY,0.6086632920014381,0.526916764903035,0.5111904761904762,0.7397260273972602,0.98,0.125,0.42857142857142855,0.125
0,direct,2,ENG_01,engineering__INT_GAIT_X_POSTURAL_STABILITY,engineered_representation,none,all,INT_GAIT_X_POSTURAL_STABILITY,interaction,catboost,scaled_dense,4,"{""auto_class_weights"": null, ""depth"": 6, ""iterations"": 300, ""l2_leaf_reg"": 5.0, ""learning_rate"": 0.03}",1,582,146,47,27,Years_since_PD_diagnosis | Age | MCATOT | FRZGT12M | SCAU14 | SCAU16 | GDS_TOTAL | NQ_GAUSSIAN_REVISION | NP1RTOT | BMI | NP1SLPD | NP1URIN | NP3GAIT_COMBINED_MAX | NP3PSTBL_COMBINED_MAX | NHY_COMBINED_MAX | NP3TOT_COMBINED_MAX | NP4TOT | NP1CNST | FOG_FORM_MISSING | NQ_FORM_MISSING | PART_IV_FORM_MISSING | DXPOSINS_No | DXPOSINS_Unknown | DXPOSINS_Yes | DXRIGID_No | DXRIGID_Unknown | DXRIGID_Yes | DOPTHERST_Missing | DOPTHERST_No | DOPTHERST_Yes | FEATPOSHYP_No | FEATPOSHYP_Uncertain | FEATPOSHYP_Yes | ANYFAMPD_Missing | ANYFAMPD_No | ANYFAMPD_Yes | DXTREMOR_No | DXTREMOR_Unknown | DXTREMOR_Yes | DXBRADY_No | DXBRADY_Unknown | DXBRADY_Yes | DOMSIDE_Left | DOMSIDE_Right | DOMSIDE_Symmetric | DOMSIDE_Unknown | INT_GAIT_X_POSTURAL_STABILITY,0.5633852920000209,0.44347172018971603,0.4334523809523809,0.7191780821917808,0.97,0.1875,0.14285714285714285,0.1875
0,direct,2,ENG_01,engineering__INT_GAIT_X_POSTURAL_STABILITY,engineered_representation,none,all,INT_GAIT_X_POSTURAL_STABILITY,interaction,catboost,scaled_dense,4,"{""auto_class_weights"": null, ""depth"": 6, ""iterations"": 300, ""l2_leaf_reg"": 5.0, ""learning_rate"": 0.03}",2,582,146,48,27,Years_since_PD_diagnosis | Age | MCATOT | FRZGT12M | SCAU14 | SCAU16 | GDS_TOTAL | NQ_GAUSSIAN_REVISION | NP1RTOT | BMI | NP1SLPD | NP1URIN | NP3GAIT_COMBINED_MAX | NP3PSTBL_COMBINED_MAX | NHY_COMBINED_MAX | NP3TOT_COMBINED_MAX | NP4TOT | NP1CNST | FOG_FORM_MISSING | NQ_FORM_MISSING | PART_IV_FORM_MISSING | DXPOSINS_Missing | DXPOSINS_No | DXPOSINS_Unknown | DXPOSINS_Yes | DXRIGID_No | DXRIGID_Unknown | DXRIGID_Yes | DOPTHERST_Missing | DOPTHERST_No | DOPTHERST_Yes | FEATPOSHYP_No | FEATPOSHYP_Uncertain | FEATPOSHYP_Yes | ANYFAMPD_Missing | ANYFAMPD_No | ANYFAMPD_Yes | DXTREMOR_No | DXTREMOR_Unknown | DXTREMOR_Yes | DXBRADY_No | DXBRADY_Unknown | DXBRADY_Yes | DOMSIDE_Left | DOMSIDE_Right | DOMSIDE_Symmetric | DOMSIDE_Unknown | INT_GAIT_X_POSTURAL_STABILITY,0.5921865829986928,0.4636547984565606,0.45023809523809516,0.6986301369863014,0.94,0.125,0.2857142857142857,0.125
0,direct,2,ENG_01,engineering__INT_GAIT_X_POSTURAL_STABILITY,engineered_representation,none,all,INT_GAIT_X_POSTURAL_STABILITY,interaction,catboost,scaled_dense,4,"{""auto_class_weights"": null, ""depth"": 6, ""iterations"": 300, ""l2_leaf_reg"": 5.0, ""learning_rate"": 0.03}",3,583,145,48,27,Years_since_PD_diagnosis | Age | MCATOT | FRZGT12M | SCAU14 | SCAU16 | GDS_TOTAL | NQ_GAUSSIAN_REVISION | NP1RTOT | BMI | NP1SLPD | NP1URIN | NP3GAIT_COMBINED_MAX | NP3PSTBL_COMBINED_MAX | NHY_COMBINED_MAX | NP3TOT_COMBINED_MAX | NP4TOT | NP1CNST | FOG_FORM_MISSING | NQ_FORM_MISSING | PART_IV_FORM_MISSING | DXPOSINS_Missing | DXPOSINS_No | DXPOSINS_Unknown | DXPOSINS_Yes | DXRIGID_No | DXRIGID_Unknown | DXRIGID_Yes | DOPTHERST_Missing | DOPTHERST_No | DOPTHERST_Yes | FEATPOSHYP_No | FEATPOSHYP_Uncertain | FEATPOSHYP_Yes | ANYFAMPD_Missing | ANYFAMPD_No | ANYFAMPD_Yes | DXTREMOR_No | DXTREMOR_Unknown | DXTREMOR_Yes | DXBRADY_No | DXBRADY_Unknown | DXBRADY_Yes | DOMSIDE_Left | DOMSIDE_Right | DOMSIDE_Symmetric | DOMSIDE_Unknown | INT_GAIT_X_POSTURAL_STABILITY,0.5882608329993673,0.35668869359856487,0.37842945584881066,0.6827586206896552,0.9696969696969697,0.03225806451612903,0.13333333333333333,0.03225806451612903
0,direct,2,ENG_01,engineering__INT_GAIT_X_POSTURAL_STABILITY,engineered_representation,none,all,INT_GAIT_X_POSTURAL_STABILITY,interaction,catboost,scaled_dense,4,"{""auto_class_weights"": null, ""depth"": 6, ""iterations"": 300, ""l2_leaf_reg"": 5.0, ""learning_rate"": 0.03}",4,583,145,48,27,Years_since_PD_diagnosis | Age | MCATOT | FRZGT12M | SCAU14 | SCAU16 | GDS_TOTAL | NQ_GAUSSIAN_REVISION | NP1RTOT | BMI | NP1SLPD | NP1URIN | NP3GAIT_COMBINED_MAX | NP3PSTBL_COMBINED_MAX | NHY_COMBINED_MAX | NP3TOT_COMBINED_MAX | NP4TOT | NP1CNST | FOG_FORM_MISSING | NQ_FORM_MISSING | PART_IV_FORM_MISSING | DXPOSINS_Missing | DXPOSINS_No | DXPOSINS_Unknown | DXPOSINS_Yes | DXRIGID_No | DXRIGID_Unknown | DXRIGID_Yes | DOPTHERST_Missing | DOPTHERST_No | DOPTHERST_Yes | FEATPOSHYP_No | FEATPOSHYP_Uncertain | FEATPOSHYP_Yes | ANYFAMPD_Missing | ANYFAMPD_No | ANYFAMPD_Yes | DXTREMOR_No | DXTREMOR_Unknown | DXTREMOR_Yes | DXBRADY_No | DXBRADY_Unknown | DXBRADY_Yes | DOMSIDE_Left | DOMSIDE_Right | DOMSIDE_Symmetric | DOMSIDE_Unknown | INT_GAIT_X_POSTURAL_STABILITY,0.588974332997168,0.39145844409002306,0.39200036075036077,0.6758620689655173,0.9393939393939394,0.09375,0.14285714285714285,0.09375
0,direct,2,ENG_01,engineering__INT_GAIT_X_POSTURAL_STABILITY,engineered_representation,none,all,INT_GAIT_X_POSTURAL_STABILITY,interaction,catboost,scaled_dense,5,"{""auto_class_weights"": ""Balanced"", ""depth"": 6, ""iterations"": 300, ""l2_leaf_reg"": 5.0, ""learning_rate"": 0.03}",0,582,146,48,27,Years_since_PD_diagnosis | Age | MCATOT | FRZGT12M | SCAU14 | SCAU16 | GDS_TOTAL | NQ_GAUSSIAN_REVISION | NP1RTOT | BMI | NP1SLPD | NP1URIN | NP3GAIT_COMBINED_MAX | NP3PSTBL_COMBINED_MAX | NHY_COMBINED_MAX | NP3TOT_COMBINED_MAX | NP4TOT | NP1CNST | FOG_FORM_MISSING | NQ_FORM_MISSING | PART_IV_FORM_MISSING | DXPOSINS_Missing | DXPOSINS_No | DXPOSINS_Unknown | DXPOSINS_Yes | DXRIGID_No | DXRIGID_Unknown | DXRIGID_Yes | DOPTHERST_Missing | DOPTHERST_No | DOPTHERST_Yes | FEATPOSHYP_No | FEATPOSHYP_Uncertain | FEATPOSHYP_Yes | ANYFAMPD_Missing | ANYFAMPD_No | ANYFAMPD_Yes | DXTREMOR_No | DXTREMOR_Unknown | DXTREMOR_Yes | DXBRADY_No | DXBRADY_Unknown | DXBRADY_Yes | DOMSIDE_Left | DOMSIDE_Right | DOMSIDE_Symmetric | DOMSIDE_Unknown | INT_GAIT_X_POSTURAL_STABILITY,0.5941860000020824,0.5251828830223428,0.6057142857142858,0.6232876712328768,0.71,0.25,0.8571428571428571,0.25
0,direct,2,ENG_01,engineering__INT_GAIT_X_POSTURAL_STABILITY,engineered_representation,none,all,INT_GAIT_X_POSTURAL_STABILITY,interaction,catboost,scaled_dense,5,"{""auto_class_weights"": ""Balanced"", ""depth"": 6, ""iterations"": 300, ""l2_leaf_reg"": 5.0, ""learning_rate"": 0.03}",1,582,146,47,27,Years_since_PD_diagnosis | Age | MCATOT | FRZGT12M | SCAU14 | SCAU16 | GDS_TOTAL | NQ_GAUSSIAN_REVISION | NP1RTOT | BMI | NP1SLPD | NP1URIN | NP3GAIT_COMBINED_MAX | NP3PSTBL_COMBINED_MAX | NHY_COMBINED_MAX | NP3TOT_COMBINED_MAX | NP4TOT | NP1CNST | FOG_FORM_MISSING | NQ_FORM_MISSING | PART_IV_FORM_MISSING | DXPOSINS_No | DXPOSINS_Unknown | DXPOSINS_Yes | DXRIGID_No | DXRIGID_Unknown | DXRIGID_Yes | DOPTHERST_Missing | DOPTHERST_No | DOPTHERST_Yes | FEATPOSHYP_No | FEATPOSHYP_Uncertain | FEATPOSHYP_Yes | ANYFAMPD_Missing | ANYFAMPD_No | ANYFAMPD_Yes | DXTREMOR_No | DXTREMOR_Unknown | DXTREMOR_Yes | DXBRADY_No | DXBRADY_Unknown | DXBRADY_Yes | DOMSIDE_Left | DOMSIDE_Right | DOMSIDE_Symmetric | DOMSIDE_Unknown | INT_GAIT_X_POSTURAL_STABILITY,0.5669130829992355,0.5290457315773771,0.5607142857142857,0.6506849315068494,0.7,0.625,0.35714285714285715,0.625
0,direct,2,ENG_01,engineering__INT_GAIT_X_POSTURAL_STABILITY,engineered_representation,none,all,INT_GAIT_X_POSTURAL_STABILITY,interaction,catboost,scaled_dense,5,"{""auto_class_weights"": ""Balanced"", ""depth"": 6, ""iterations"": 300, ""l2_leaf_reg"": 5.0, ""learning_rate"": 0.03}",2,582,146,48,27,Years_since_PD_diagnosis | Age | MCATOT | FRZGT12M | SCAU14 | SCAU16 | GDS_TOTAL | NQ_GAUSSIAN_REVISION | NP1RTOT | BMI | NP1SLPD | NP1URIN | NP3GAIT_COMBINED_MAX | NP3PSTBL_COMBINED_MAX | NHY_COMBINED_MAX | NP3TOT_COMBINED_MAX | NP4TOT | NP1CNST | FOG_FORM_MISSING | NQ_FORM_MISSING | PART_IV_FORM_MISSING | DXPOSINS_Missing | DXPOSINS_No | DXPOSINS_Unknown | DXPOSINS_Yes | DXRIGID_No | DXRIGID_Unknown | DXRIGID_Yes | DOPTHERST_Missing | DOPTHERST_No | DOPTHERST_Yes | FEATPOSHYP_No | FEATPOSHYP_Uncertain | FEATPOSHYP_Yes | ANYFAMPD_Missing | ANYFAMPD_No | ANYFAMPD_Yes | DXTREMOR_No | DXTREMOR_Unknown | DXTREMOR_Yes | DXBRADY_No | DXBRADY_Unknown | DXBRADY_Yes | DOMSIDE_Left | DOMSIDE_Right | DOMSIDE_Symmetric | DOMSIDE_Unknown | INT_GAIT_X_POSTURAL_STABILITY,0.5914349169979687,0.5154981679571843,0.5488095238095237,0.6164383561643836,0.7,0.375,0.5714285714285714,0.375
0,direct,2,ENG_01,engineering__INT_GAIT_X_POSTURAL_STABILITY,engineered_representation,none,all,INT_GAIT_X_POSTURAL_STABILITY,interaction,catboost,scaled_dense,5,"{""auto_class_weights"": ""Balanced"", ""depth"": 6, ""iterations"": 300, ""l2_leaf_reg"": 5.0, ""learning_rate"": 0.03}",3,583,145,48,27,Years_since_PD_diagnosis | Age | MCATOT | FRZGT12M | SCAU14 | SCAU16 | GDS_TOTAL | NQ_GAUSSIAN_REVISION | NP1RTOT | BMI | NP1SLPD | NP1URIN | NP3GAIT_COMBINED_MAX | NP3PSTBL_COMBINED_MAX | NHY_COMBINED_MAX | NP3TOT_COMBINED_MAX | NP4TOT | NP1CNST | FOG_FORM_MISSING | NQ_FORM_MISSING | PART_IV_FORM_MISSING | DXPOSINS_Missing | DXPOSINS_No | DXPOSINS_Unknown | DXPOSINS_Yes | DXRIGID_No | DXRIGID_Unknown | DXRIGID_Yes | DOPTHERST_Missing | DOPTHERST_No | DOPTHERST_Yes | FEATPOSHYP_No | FEATPOSHYP_Uncertain | FEATPOSHYP_Yes | ANYFAMPD_Missing | ANYFAMPD_No | ANYFAMPD_Yes | DXTREMOR_No | DXTREMOR_Unknown | DXTREMOR_Yes | DXBRADY_No | DXBRADY_Unknown | DXBRADY_Yes | DOMSIDE_Left | DOMSIDE_Right | DOMSIDE_Symmetric | DOMSIDE_Unknown | INT_GAIT_X_POSTURAL_STABILITY,0.5967669159981597,0.5408785026911395,0.5701531443466927,0.6689655172413793,0.7878787878787878,0.3225806451612903,0.6,0.3225806451612903
0,direct,2,ENG_01,engineering__INT_GAIT_X_POSTURAL_STABILITY,engineered_representation,none,all,INT_GAIT_X_POSTURAL_STABILITY,interaction,catboost,scaled_dense,5,"{""auto_class_weights"": ""Balanced"", ""depth"": 6, ""iterations"": 300, ""l2_leaf_reg"": 5.0, ""learning_rate"": 0.03}",4,583,145,48,27,Years_since_PD_diagnosis | Age | MCATOT | FRZGT12M | SCAU14 | SCAU16 | GDS_TOTAL | NQ_GAUSSIAN_REVISION | NP1RTOT | BMI | NP1SLPD | NP1URIN | NP3GAIT_COMBINED_MAX | NP3PSTBL_COMBINED_MAX | NHY_COMBINED_MAX | NP3TOT_COMBINED_MAX | NP4TOT | NP1CNST | FOG_FORM_MISSING | NQ_FORM_MISSING | PART_IV_FORM_MISSING | DXPOSINS_Missing | DXPOSINS_No | DXPOSINS_Unknown | DXPOSINS_Yes | DXRIGID_No | DXRIGID_Unknown | DXRIGID_Yes | DOPTHERST_Missing | DOPTHERST_No | DOPTHERST_Yes | FEATPOSHYP_No | FEATPOSHYP_Uncertain | FEATPOSHYP_Yes | ANYFAMPD_Missing | ANYFAMPD_No | ANYFAMPD_Yes | DXTREMOR_No | DXTREMOR_Unknown | DXTREMOR_Yes | DXBRADY_No | DXBRADY_Unknown | DXBRADY_Yes | DOMSIDE_Left | DOMSIDE_Right | DOMSIDE_Symmetric | DOMSIDE_Unknown | INT_GAIT_X_POSTURAL_STABILITY,0.5909654999995837,0.4160569700517023,0.4379960317460317,0.5448275862068965,0.6666666666666666,0.21875,0.42857142857142855,0.21875
0,direct,2,ENG_01,engineering__INT_GAIT_X_POSTURAL_STABILITY,engineered_representation,none,all,INT_GAIT_X_POSTURAL_STABILITY,interaction,catboost,scaled_dense,6,"{""auto_class_weights"": null, ""depth"": 6, ""iterations"": 300, ""l2_leaf_reg"": 5.0, ""learning_rate"": 0.08}",0,582,146,48,27,Years_since_PD_diagnosis | Age | MCATOT | FRZGT12M | SCAU14 | SCAU16 | GDS_TOTAL | NQ_GAUSSIAN_REVISION | NP1RTOT | BMI | NP1SLPD | NP1URIN | NP3GAIT_COMBINED_MAX | NP3PSTBL_COMBINED_MAX | NHY_COMBINED_MAX | NP3TOT_COMBINED_MAX | NP4TOT | NP1CNST | FOG_FORM_MISSING | NQ_FORM_MISSING | PART_IV_FORM_MISSING | DXPOSINS_Missing | DXPOSINS_No | DXPOSINS_Unknown | DXPOSINS_Yes | DXRIGID_No | DXRIGID_Unknown | DXRIGID_Yes | DOPTHERST_Missing | DOPTHERST_No | DOPTHERST_Yes | FEATPOSHYP_No | FEATPOSHYP_Uncertain | FEATPOSHYP_Yes | ANYFAMPD_Missing | ANYFAMPD_No | ANYFAMPD_Yes | DXTREMOR_No | DXTREMOR_Unknown | DXTREMOR_Yes | DXBRADY_No | DXBRADY_Unknown | DXBRADY_Yes | DOMSIDE_Left | DOMSIDE_Right | DOMSIDE_Symmetric | DOMSIDE_Unknown | INT_GAIT_X_POSTURAL_STABILITY,0.6025166670006001,0.5388964710469877,0.5123809523809525,0.726027397260274,0.93,0.25,0.35714285714285715,0.25
0,direct,2,ENG_01,engineering__INT_GAIT_X_POSTURAL_STABILITY,engineered_representation,none,all,INT_GAIT_X_POSTURAL_STABILITY,interaction,catboost,scaled_dense,6,"{""auto_class_weights"": null, ""depth"": 6, ""iterations"": 300, ""l2_leaf_reg"": 5.0, ""learning_rate"": 0.08}",1,582,146,47,27,Years_since_PD_diagnosis | Age | MCATOT | FRZGT12M | SCAU14 | SCAU16 | GDS_TOTAL | NQ_GAUSSIAN_REVISION | NP1RTOT | BMI | NP1SLPD | NP1URIN | NP3GAIT_COMBINED_MAX | NP3PSTBL_COMBINED_MAX | NHY_COMBINED_MAX | NP3TOT_COMBINED_MAX | NP4TOT | NP1CNST | FOG_FORM_MISSING | NQ_FORM_MISSING | PART_IV_FORM_MISSING | DXPOSINS_No | DXPOSINS_Unknown | DXPOSINS_Yes | DXRIGID_No | DXRIGID_Unknown | DXRIGID_Yes | DOPTHERST_Missing | DOPTHERST_No | DOPTHERST_Yes | FEATPOSHYP_No | FEATPOSHYP_Uncertain | FEATPOSHYP_Yes | ANYFAMPD_Missing | ANYFAMPD_No | ANYFAMPD_Yes | DXTREMOR_No | DXTREMOR_Unknown | DXTREMOR_Yes | DXBRADY_No | DXBRADY_Unknown | DXBRADY_Yes | DOMSIDE_Left | DOMSIDE_Right | DOMSIDE_Symmetric | DOMSIDE_Unknown | INT_GAIT_X_POSTURAL_STABILITY,0.5667356670019217,0.4052473826409997,0.40303571428571433,0.6712328767123288,0.91,0.15625,0.14285714285714285,0.15625
0,direct,2,ENG_01,engineering__INT_GAIT_X_POSTURAL_STABILITY,engineered_representation,none,all,INT_GAIT_X_POSTURAL_STABILITY,interaction,catboost,scaled_dense,6,"{""auto_class_weights"": null, ""depth"": 6, ""iterations"": 300, ""l2_leaf_reg"": 5.0, ""learning_rate"": 0.08}",2,582,146,48,27,Years_since_PD_diagnosis | Age | MCATOT | FRZGT12M | SCAU14 | SCAU16 | GDS_TOTAL | NQ_GAUSSIAN_REVISION | NP1RTOT | BMI | NP1SLPD | NP1URIN | NP3GAIT_COMBINED_MAX | NP3PSTBL_COMBINED_MAX | NHY_COMBINED_MAX | NP3TOT_COMBINED_MAX | NP4TOT | NP1CNST | FOG_FORM_MISSING | NQ_FORM_MISSING | PART_IV_FORM_MISSING | DXPOSINS_Missing | DXPOSINS_No | DXPOSINS_Unknown | DXPOSINS_Yes | DXRIGID_No | DXRIGID_Unknown | DXRIGID_Yes | DOPTHERST_Missing | DOPTHERST_No | DOPTHERST_Yes | FEATPOSHYP_No | FEATPOSHYP_Uncertain | FEATPOSHYP_Yes | ANYFAMPD_Missing | ANYFAMPD_No | ANYFAMPD_Yes | DXTREMOR_No | DXTREMOR_Unknown | DXTREMOR_Yes | DXBRADY_No | DXBRADY_Unknown | DXBRADY_Yes | DOMSIDE_Left | DOMSIDE_Right | DOMSIDE_Symmetric | DOMSIDE_Unknown | INT_GAIT_X_POSTURAL_STABILITY,0.5931536249991041,0.43982294319839754,0.4272619047619047,0.6643835616438356,0.88,0.1875,0.21428571428571427,0.1875
0,direct,2,ENG_01,engineering__INT_GAIT_X_POSTURAL_STABILITY,engineered_representation,none,all,INT_GAIT_X_POSTURAL_STABILITY,interaction,catboost,scaled_dense,6,"{""auto_class_weights"": null, ""depth"": 6, ""iterations"": 300, ""l2_leaf_reg"": 5.0, ""learning_rate"": 0.08}",3,583,145,48,27,Years_since_PD_diagnosis | Age | MCATOT | FRZGT12M | SCAU14 | SCAU16 | GDS_TOTAL | NQ_GAUSSIAN_REVISION | NP1RTOT | BMI | NP1SLPD | NP1URIN | NP3GAIT_COMBINED_MAX | NP3PSTBL_COMBINED_MAX | NHY_COMBINED_MAX | NP3TOT_COMBINED_MAX | NP4TOT | NP1CNST | FOG_FORM_MISSING | NQ_FORM_MISSING | PART_IV_FORM_MISSING | DXPOSINS_Missing | DXPOSINS_No | DXPOSINS_Unknown | DXPOSINS_Yes | DXRIGID_No | DXRIGID_Unknown | DXRIGID_Yes | DOPTHERST_Missing | DOPTHERST_No | DOPTHERST_Yes | FEATPOSHYP_No | FEATPOSHYP_Uncertain | FEATPOSHYP_Yes | ANYFAMPD_Missing | ANYFAMPD_No | ANYFAMPD_Yes | DXTREMOR_No | DXTREMOR_Unknown | DXTREMOR_Yes | DXBRADY_No | DXBRADY_Unknown | DXBRADY_Yes | DOMSIDE_Left | DOMSIDE_Right | DOMSIDE_Symmetric | DOMSIDE_Unknown | INT_GAIT_X_POSTURAL_STABILITY,0.5876234579991433,0.4283008658008658,0.4228087324861518,0.6896551724137931,0.9393939393939394,0.12903225806451613,0.2,0.12903225806451613
0,direct,2,ENG_01,engineering__INT_GAIT_X_POSTURAL_STABILITY,engineered_representation,none,all,INT_GAIT_X_POSTURAL_STABILITY,interaction,catboost,scaled_dense,6,"{""auto_class_weights"": null, ""depth"": 6, ""iterations"": 300, ""l2_leaf_reg"": 5.0, ""learning_rate"": 0.08}",4,583,145,48,27,Years_since_PD_diagnosis | Age | MCATOT | FRZGT12M | SCAU14 | SCAU16 | GDS_TOTAL | NQ_GAUSSIAN_REVISION | NP1RTOT | BMI | NP1SLPD | NP1URIN | NP3GAIT_COMBINED_MAX | NP3PSTBL_COMBINED_MAX | NHY_COMBINED_MAX | NP3TOT_COMBINED_MAX | NP4TOT | NP1CNST | FOG_FORM_MISSING | NQ_FORM_MISSING | PART_IV_FORM_MISSING | DXPOSINS_Missing | DXPOSINS_No | DXPOSINS_Unknown | DXPOSINS_Yes | DXRIGID_No | DXRIGID_Unknown | DXRIGID_Yes | DOPTHERST_Missing | DOPTHERST_No | DOPTHERST_Yes | FEATPOSHYP_No | FEATPOSHYP_Uncertain | FEATPOSHYP_Yes | ANYFAMPD_Missing | ANYFAMPD_No | ANYFAMPD_Yes | DXTREMOR_No | DXTREMOR_Unknown | DXTREMOR_Yes | DXBRADY_No | DXBRADY_Unknown | DXBRADY_Yes | DOMSIDE_Left | DOMSIDE_Right | DOMSIDE_Symmetric | DOMSIDE_Unknown | INT_GAIT_X_POSTURAL_STABILITY,0.5874064170020574,0.38654846554006217,0.3855820105820105,0.6482758620689655,0.8888888888888888,0.125,0.14285714285714285,0.125
0,direct,2,ENG_01,engineering__INT_GAIT_X_POSTURAL_STABILITY,engineered_representation,none,all,INT_GAIT_X_POSTURAL_STABILITY,interaction,catboost,scaled_dense,7,"{""auto_class_weights"": ""Balanced"", ""depth"": 6, ""iterations"": 300, ""l2_leaf_reg"": 5.0, ""learning_rate"": 0.08}",0,582,146,48,27,Years_since_PD_diagnosis | Age | MCATOT | FRZGT12M | SCAU14 | SCAU16 | GDS_TOTAL | NQ_GAUSSIAN_REVISION | NP1RTOT | BMI | NP1SLPD | NP1URIN | NP3GAIT_COMBINED_MAX | NP3PSTBL_COMBINED_MAX | NHY_COMBINED_MAX | NP3TOT_COMBINED_MAX | NP4TOT | NP1CNST | FOG_FORM_MISSING | NQ_FORM_MISSING | PART_IV_FORM_MISSING | DXPOSINS_Missing | DXPOSINS_No | DXPOSINS_Unknown | DXPOSINS_Yes | DXRIGID_No | DXRIGID_Unknown | DXRIGID_Yes | DOPTHERST_Missing | DOPTHERST_No | DOPTHERST_Yes | FEATPOSHYP_No | FEATPOSHYP_Uncertain | FEATPOSHYP_Yes | ANYFAMPD_Missing | ANYFAMPD_No | ANYFAMPD_Yes | DXTREMOR_No | DXTREMOR_Unknown | DXTREMOR_Yes | DXBRADY_No | DXBRADY_Unknown | DXBRADY_Yes | DOMSIDE_Left | DOMSIDE_Right | DOMSIDE_Symmetric | DOMSIDE_Unknown | INT_GAIT_X_POSTURAL_STABILITY,0.5939289169982658,0.5086007928749864,0.52375,0.6506849315068494,0.79,0.28125,0.5,0.28125
0,direct,2,ENG_01,engineering__INT_GAIT_X_POSTURAL_STABILITY,engineered_representation,none,all,INT_GAIT_X_POSTURAL_STABILITY,interaction,catboost,scaled_dense,7,"{""auto_class_weights"": ""Balanced"", ""depth"": 6, ""iterations"": 300, ""l2_leaf_reg"": 5.0, ""learning_rate"": 0.08}",1,582,146,47,27,Years_since_PD_diagnosis | Age | MCATOT | FRZGT12M | SCAU14 | SCAU16 | GDS_TOTAL | NQ_GAUSSIAN_REVISION | NP1RTOT | BMI | NP1SLPD | NP1URIN | NP3GAIT_COMBINED_MAX | NP3PSTBL_COMBINED_MAX | NHY_COMBINED_MAX | NP3TOT_COMBINED_MAX | NP4TOT | NP1CNST | FOG_FORM_MISSING | NQ_FORM_MISSING | PART_IV_FORM_MISSING | DXPOSINS_No | DXPOSINS_Unknown | DXPOSINS_Yes | DXRIGID_No | DXRIGID_Unknown | DXRIGID_Yes | DOPTHERST_Missing | DOPTHERST_No | DOPTHERST_Yes | FEATPOSHYP_No | FEATPOSHYP_Uncertain | FEATPOSHYP_Yes | ANYFAMPD_Missing | ANYFAMPD_No | ANYFAMPD_Yes | DXTREMOR_No | DXTREMOR_Unknown | DXTREMOR_Yes | DXBRADY_No | DXBRADY_Unknown | DXBRADY_Yes | DOMSIDE_Left | DOMSIDE_Right | DOMSIDE_Symmetric | DOMSIDE_Unknown | INT_GAIT_X_POSTURAL_STABILITY,0.569879332997516,0.510797451015425,0.5182142857142857,0.6506849315068494,0.76,0.4375,0.35714285714285715,0.4375
0,direct,2,ENG_01,engineering__INT_GAIT_X_POSTURAL_STABILITY,engineered_representation,none,all,INT_GAIT_X_POSTURAL_STABILITY,interaction,catboost,scaled_dense,7,"{""auto_class_weights"": ""Balanced"", ""depth"": 6, ""iterations"": 300, ""l2_leaf_reg"": 5.0, ""learning_rate"": 0.08}",2,582,146,48,27,Years_since_PD_diagnosis | Age | MCATOT | FRZGT12M | SCAU14 | SCAU16 | GDS_TOTAL | NQ_GAUSSIAN_REVISION | NP1RTOT | BMI | NP1SLPD | NP1URIN | NP3GAIT_COMBINED_MAX | NP3PSTBL_COMBINED_MAX | NHY_COMBINED_MAX | NP3TOT_COMBINED_MAX | NP4TOT | NP1CNST | FOG_FORM_MISSING | NQ_FORM_MISSING | PART_IV_FORM_MISSING | DXPOSINS_Missing | DXPOSINS_No | DXPOSINS_Unknown | DXPOSINS_Yes | DXRIGID_No | DXRIGID_Unknown | DXRIGID_Yes | DOPTHERST_Missing | DOPTHERST_No | DOPTHERST_Yes | FEATPOSHYP_No | FEATPOSHYP_Uncertain | FEATPOSHYP_Yes | ANYFAMPD_Missing | ANYFAMPD_No | ANYFAMPD_Yes | DXTREMOR_No | DXTREMOR_Unknown | DXTREMOR_Yes | DXBRADY_No | DXBRADY_Unknown | DXBRADY_Yes | DOMSIDE_Left | DOMSIDE_Right | DOMSIDE_Symmetric | DOMSIDE_Unknown | INT_GAIT_X_POSTURAL_STABILITY,0.59972149999885,0.4750487329434698,0.48369047619047617,0.5958904109589042,0.71,0.3125,0.42857142857142855,0.3125
0,direct,2,ENG_01,engineering__INT_GAIT_X_POSTURAL_STABILITY,engineered_representation,none,all,INT_GAIT_X_POSTURAL_STABILITY,interaction,catboost,scaled_dense,7,"{""auto_class_weights"": ""Balanced"", ""depth"": 6, ""iterations"": 300, ""l2_leaf_reg"": 5.0, ""learning_rate"": 0.08}",3,583,145,48,27,Years_since_PD_diagnosis | Age | MCATOT | FRZGT12M | SCAU14 | SCAU16 | GDS_TOTAL | NQ_GAUSSIAN_REVISION | NP1RTOT | BMI | NP1SLPD | NP1URIN | NP3GAIT_COMBINED_MAX | NP3PSTBL_COMBINED_MAX | NHY_COMBINED_MAX | NP3TOT_COMBINED_MAX | NP4TOT | NP1CNST | FOG_FORM_MISSING | NQ_FORM_MISSING | PART_IV_FORM_MISSING | DXPOSINS_Missing | DXPOSINS_No | DXPOSINS_Unknown | DXPOSINS_Yes | DXRIGID_No | DXRIGID_Unknown | DXRIGID_Yes | DOPTHERST_Missing | DOPTHERST_No | DOPTHERST_Yes | FEATPOSHYP_No | FEATPOSHYP_Uncertain | FEATPOSHYP_Yes | ANYFAMPD_Missing | ANYFAMPD_No | ANYFAMPD_Yes | DXTREMOR_No | DXTREMOR_Unknown | DXTREMOR_Yes | DXBRADY_No | DXBRADY_Unknown | DXBRADY_Yes | DOMSIDE_Left | DOMSIDE_Right | DOMSIDE_Symmetric | DOMSIDE_Unknown | INT_GAIT_X_POSTURAL_STABILITY,0.5966479999988223,0.5125726216412491,0.5176713370261757,0.6689655172413793,0.8282828282828283,0.25806451612903225,0.4666666666666667,0.25806451612903225
0,direct,2,ENG_01,engineering__INT_GAIT_X_POSTURAL_STABILITY,engineered_representation,none,all,INT_GAIT_X_POSTURAL_STABILITY,interaction,catboost,scaled_dense,7,"{""auto_class_weights"": ""Balanced"", ""depth"": 6, ""iterations"": 300, ""l2_leaf_reg"": 5.0, ""learning_rate"": 0.08}",4,583,145,48,27,Years_since_PD_diagnosis | Age | MCATOT | FRZGT12M | SCAU14 | SCAU16 | GDS_TOTAL | NQ_GAUSSIAN_REVISION | NP1RTOT | BMI | NP1SLPD | NP1URIN | NP3GAIT_COMBINED_MAX | NP3PSTBL_COMBINED_MAX | NHY_COMBINED_MAX | NP3TOT_COMBINED_MAX | NP4TOT | NP1CNST | FOG_FORM_MISSING | NQ_FORM_MISSING | PART_IV_FORM_MISSING | DXPOSINS_Missing | DXPOSINS_No | DXPOSINS_Unknown | DXPOSINS_Yes | DXRIGID_No | DXRIGID_Unknown | DXRIGID_Yes | DOPTHERST_Missing | DOPTHERST_No | DOPTHERST_Yes | FEATPOSHYP_No | FEATPOSHYP_Uncertain | FEATPOSHYP_Yes | ANYFAMPD_Missing | ANYFAMPD_No | ANYFAMPD_Yes | DXTREMOR_No | DXTREMOR_Unknown | DXTREMOR_Yes | DXBRADY_No | DXBRADY_Unknown | DXBRADY_Yes | DOMSIDE_Left | DOMSIDE_Right | DOMSIDE_Symmetric | DOMSIDE_Unknown | INT_GAIT_X_POSTURAL_STABILITY,0.6038194590000785,0.40762487926667035,0.4072120009620009,0.5655172413793104,0.7171717171717171,0.21875,0.2857142857142857,0.21875
0,direct,2,ENG_01,engineering__INT_GAIT_X_POSTURAL_STABILITY,engineered_representation,none,all,INT_GAIT_X_POSTURAL_STABILITY,interaction,catboost,scaled_dense,8,"{""auto_class_weights"": null, ""depth"": 4, ""iterations"": 600, ""l2_leaf_reg"": 5.0, ""learning_rate"": 0.03}",0,582,146,48,27,Years_since_PD_diagnosis | Age | MCATOT | FRZGT12M | SCAU14 | SCAU16 | GDS_TOTAL | NQ_GAUSSIAN_REVISION | NP1RTOT | BMI | NP1SLPD | NP1URIN | NP3GAIT_COMBINED_MAX | NP3PSTBL_COMBINED_MAX | NHY_COMBINED_MAX | NP3TOT_COMBINED_MAX | NP4TOT | NP1CNST | FOG_FORM_MISSING | NQ_FORM_MISSING | PART_IV_FORM_MISSING | DXPOSINS_Missing | DXPOSINS_No | DXPOSINS_Unknown | DXPOSINS_Yes | DXRIGID_No | DXRIGID_Unknown | DXRIGID_Yes | DOPTHERST_Missing | DOPTHERST_No | DOPTHERST_Yes | FEATPOSHYP_No | FEATPOSHYP_Uncertain | FEATPOSHYP_Yes | ANYFAMPD_Missing | ANYFAMPD_No | ANYFAMPD_Yes | DXTREMOR_No | DXTREMOR_Unknown | DXTREMOR_Yes | DXBRADY_No | DXBRADY_Unknown | DXBRADY_Yes | DOMSIDE_Left | DOMSIDE_Right | DOMSIDE_Symmetric | DOMSIDE_Unknown | INT_GAIT_X_POSTURAL_STABILITY,0.38097108300280524,0.4564501043240521,0.4602976190476191,0.6917808219178082,0.93,0.09375,0.35714285714285715,0.09375
0,direct,2,ENG_01,engineering__INT_GAIT_X_POSTURAL_STABILITY,engineered_representation,none,all,INT_GAIT_X_POSTURAL_STABILITY,interaction,catboost,scaled_dense,8,"{""auto_class_weights"": null, ""depth"": 4, ""iterations"": 600, ""l2_leaf_reg"": 5.0, ""learning_rate"": 0.03}",1,582,146,47,27,Years_since_PD_diagnosis | Age | MCATOT | FRZGT12M | SCAU14 | SCAU16 | GDS_TOTAL | NQ_GAUSSIAN_REVISION | NP1RTOT | BMI | NP1SLPD | NP1URIN | NP3GAIT_COMBINED_MAX | NP3PSTBL_COMBINED_MAX | NHY_COMBINED_MAX | NP3TOT_COMBINED_MAX | NP4TOT | NP1CNST | FOG_FORM_MISSING | NQ_FORM_MISSING | PART_IV_FORM_MISSING | DXPOSINS_No | DXPOSINS_Unknown | DXPOSINS_Yes | DXRIGID_No | DXRIGID_Unknown | DXRIGID_Yes | DOPTHERST_Missing | DOPTHERST_No | DOPTHERST_Yes | FEATPOSHYP_No | FEATPOSHYP_Uncertain | FEATPOSHYP_Yes | ANYFAMPD_Missing | ANYFAMPD_No | ANYFAMPD_Yes | DXTREMOR_No | DXTREMOR_Unknown | DXTREMOR_Yes | DXBRADY_No | DXBRADY_Unknown | DXBRADY_Yes | DOMSIDE_Left | DOMSIDE_Right | DOMSIDE_Symmetric | DOMSIDE_Unknown | INT_GAIT_X_POSTURAL_STABILITY,0.3650701670012495,0.4148522732593529,0.41303571428571423,0.6917808219178082,0.94,0.15625,0.14285714285714285,0.15625
0,direct,2,ENG_01,engineering__INT_GAIT_X_POSTURAL_STABILITY,engineered_representation,none,all,INT_GAIT_X_POSTURAL_STABILITY,interaction,catboost,scaled_dense,8,"{""auto_class_weights"": null, ""depth"": 4, ""iterations"": 600, ""l2_leaf_reg"": 5.0, ""learning_rate"": 0.03}",2,582,146,48,27,Years_since_PD_diagnosis | Age | MCATOT | FRZGT12M | SCAU14 | SCAU16 | GDS_TOTAL | NQ_GAUSSIAN_REVISION | NP1RTOT | BMI | NP1SLPD | NP1URIN | NP3GAIT_COMBINED_MAX | NP3PSTBL_COMBINED_MAX | NHY_COMBINED_MAX | NP3TOT_COMBINED_MAX | NP4TOT | NP1CNST | FOG_FORM_MISSING | NQ_FORM_MISSING | PART_IV_FORM_MISSING | DXPOSINS_Missing | DXPOSINS_No | DXPOSINS_Unknown | DXPOSINS_Yes | DXRIGID_No | DXRIGID_Unknown | DXRIGID_Yes | DOPTHERST_Missing | DOPTHERST_No | DOPTHERST_Yes | FEATPOSHYP_No | FEATPOSHYP_Uncertain | FEATPOSHYP_Yes | ANYFAMPD_Missing | ANYFAMPD_No | ANYFAMPD_Yes | DXTREMOR_No | DXTREMOR_Unknown | DXTREMOR_Yes | DXBRADY_No | DXBRADY_Unknown | DXBRADY_Yes | DOMSIDE_Left | DOMSIDE_Right | DOMSIDE_Symmetric | DOMSIDE_Unknown | INT_GAIT_X_POSTURAL_STABILITY,0.376509707999503,0.4430896348704567,0.4305952380952381,0.6712328767123288,0.89,0.1875,0.21428571428571427,0.1875
0,direct,2,ENG_01,engineering__INT_GAIT_X_POSTURAL_STABILITY,engineered_representation,none,all,INT_GAIT_X_POSTURAL_STABILITY,interaction,catboost,scaled_dense,8,"{""auto_class_weights"": null, ""depth"": 4, ""iterations"": 600, ""l2_leaf_reg"": 5.0, ""learning_rate"": 0.03}",3,583,145,48,27,Years_since_PD_diagnosis | Age | MCATOT | FRZGT12M | SCAU14 | SCAU16 | GDS_TOTAL | NQ_GAUSSIAN_REVISION | NP1RTOT | BMI | NP1SLPD | NP1URIN | NP3GAIT_COMBINED_MAX | NP3PSTBL_COMBINED_MAX | NHY_COMBINED_MAX | NP3TOT_COMBINED_MAX | NP4TOT | NP1CNST | FOG_FORM_MISSING | NQ_FORM_MISSING | PART_IV_FORM_MISSING | DXPOSINS_Missing | DXPOSINS_No | DXPOSINS_Unknown | DXPOSINS_Yes | DXRIGID_No | DXRIGID_Unknown | DXRIGID_Yes | DOPTHERST_Missing | DOPTHERST_No | DOPTHERST_Yes | FEATPOSHYP_No | FEATPOSHYP_Uncertain | FEATPOSHYP_Yes | ANYFAMPD_Missing | ANYFAMPD_No | ANYFAMPD_Yes | DXTREMOR_No | DXTREMOR_Unknown | DXTREMOR_Yes | DXBRADY_No | DXBRADY_Unknown | DXBRADY_Yes | DOMSIDE_Left | DOMSIDE_Right | DOMSIDE_Symmetric | DOMSIDE_Unknown | INT_GAIT_X_POSTURAL_STABILITY,0.37750758400216,0.42790784095131923,0.4302595850982947,0.696551724137931,0.9595959595959596,0.06451612903225806,0.26666666666666666,0.06451612903225806
0,direct,2,ENG_01,engineering__INT_GAIT_X_POSTURAL_STABILITY,engineered_representation,none,all,INT_GAIT_X_POSTURAL_STABILITY,interaction,catboost,scaled_dense,8,"{""auto_class_weights"": null, ""depth"": 4, ""iterations"": 600, ""l2_leaf_reg"": 5.0, ""learning_rate"": 0.03}",4,583,145,48,27,Years_since_PD_diagnosis | Age | MCATOT | FRZGT12M | SCAU14 | SCAU16 | GDS_TOTAL | NQ_GAUSSIAN_REVISION | NP1RTOT | BMI | NP1SLPD | NP1URIN | NP3GAIT_COMBINED_MAX | NP3PSTBL_COMBINED_MAX | NHY_COMBINED_MAX | NP3TOT_COMBINED_MAX | NP4TOT | NP1CNST | FOG_FORM_MISSING | NQ_FORM_MISSING | PART_IV_FORM_MISSING | DXPOSINS_Missing | DXPOSINS_No | DXPOSINS_Unknown | DXPOSINS_Yes | DXRIGID_No | DXRIGID_Unknown | DXRIGID_Yes | DOPTHERST_Missing | DOPTHERST_No | DOPTHERST_Yes | FEATPOSHYP_No | FEATPOSHYP_Uncertain | FEATPOSHYP_Yes | ANYFAMPD_Missing | ANYFAMPD_No | ANYFAMPD_Yes | DXTREMOR_No | DXTREMOR_Unknown | DXTREMOR_Yes | DXBRADY_No | DXBRADY_Unknown | DXBRADY_Yes | DOMSIDE_Left | DOMSIDE_Right | DOMSIDE_Symmetric | DOMSIDE_Unknown | INT_GAIT_X_POSTURAL_STABILITY,0.3777204170000914,0.3567298714357538,0.3647486772486772,0.6344827586206897,0.8888888888888888,0.0625,0.14285714285714285,0.0625
0,direct,2,ENG_01,engineering__INT_GAIT_X_POSTURAL_STABILITY,engineered_representation,none,all,INT_GAIT_X_POSTURAL_STABILITY,interaction,catboost,scaled_dense,9,"{""auto_class_weights"": ""Balanced"", ""depth"": 4, ""iterations"": 600, ""l2_leaf_reg"": 5.0, ""learning_rate"": 0.03}",0,582,146,48,27,Years_since_PD_diagnosis | Age | MCATOT | FRZGT12M | SCAU14 | SCAU16 | GDS_TOTAL | NQ_GAUSSIAN_REVISION | NP1RTOT | BMI | NP1SLPD | NP1URIN | NP3GAIT_COMBINED_MAX | NP3PSTBL_COMBINED_MAX | NHY_COMBINED_MAX | NP3TOT_COMBINED_MAX | NP4TOT | NP1CNST | FOG_FORM_MISSING | NQ_FORM_MISSING | PART_IV_FORM_MISSING | DXPOSINS_Missing | DXPOSINS_No | DXPOSINS_Unknown | DXPOSINS_Yes | DXRIGID_No | DXRIGID_Unknown | DXRIGID_Yes | DOPTHERST_Missing | DOPTHERST_No | DOPTHERST_Yes | FEATPOSHYP_No | FEATPOSHYP_Uncertain | FEATPOSHYP_Yes | ANYFAMPD_Missing | ANYFAMPD_No | ANYFAMPD_Yes | DXTREMOR_No | DXTREMOR_Unknown | DXTREMOR_Yes | DXBRADY_No | DXBRADY_Unknown | DXBRADY_Yes | DOMSIDE_Left | DOMSIDE_Right | DOMSIDE_Symmetric | DOMSIDE_Unknown | INT_GAIT_X_POSTURAL_STABILITY,0.387809500000003,0.5264481144367884,0.5793452380952382,0.6095890410958904,0.68,0.34375,0.7142857142857143,0.34375
0,direct,2,ENG_01,engineering__INT_GAIT_X_POSTURAL_STABILITY,engineered_representation,none,all,INT_GAIT_X_POSTURAL_STABILITY,interaction,catboost,scaled_dense,9,"{""auto_class_weights"": ""Balanced"", ""depth"": 4, ""iterations"": 600, ""l2_leaf_reg"": 5.0, ""learning_rate"": 0.03}",1,582,146,47,27,Years_since_PD_diagnosis | Age | MCATOT | FRZGT12M | SCAU14 | SCAU16 | GDS_TOTAL | NQ_GAUSSIAN_REVISION | NP1RTOT | BMI | NP1SLPD | NP1URIN | NP3GAIT_COMBINED_MAX | NP3PSTBL_COMBINED_MAX | NHY_COMBINED_MAX | NP3TOT_COMBINED_MAX | NP4TOT | NP1CNST | FOG_FORM_MISSING | NQ_FORM_MISSING | PART_IV_FORM_MISSING | DXPOSINS_No | DXPOSINS_Unknown | DXPOSINS_Yes | DXRIGID_No | DXRIGID_Unknown | DXRIGID_Yes | DOPTHERST_Missing | DOPTHERST_No | DOPTHERST_Yes | FEATPOSHYP_No | FEATPOSHYP_Uncertain | FEATPOSHYP_Yes | ANYFAMPD_Missing | ANYFAMPD_No | ANYFAMPD_Yes | DXTREMOR_No | DXTREMOR_Unknown | DXTREMOR_Yes | DXBRADY_No | DXBRADY_Unknown | DXBRADY_Yes | DOMSIDE_Left | DOMSIDE_Right | DOMSIDE_Symmetric | DOMSIDE_Unknown | INT_GAIT_X_POSTURAL_STABILITY,0.36557900000116206,0.5676645977850797,0.6120833333333334,0.6575342465753424,0.68,0.65625,0.5,0.65625
0,direct,2,ENG_01,engineering__INT_GAIT_X_POSTURAL_STABILITY,engineered_representation,none,all,INT_GAIT_X_POSTURAL_STABILITY,interaction,catboost,scaled_dense,9,"{""auto_class_weights"": ""Balanced"", ""depth"": 4, ""iterations"": 600, ""l2_leaf_reg"": 5.0, ""learning_rate"": 0.03}",2,582,146,48,27,Years_since_PD_diagnosis | Age | MCATOT | FRZGT12M | SCAU14 | SCAU16 | GDS_TOTAL | NQ_GAUSSIAN_REVISION | NP1RTOT | BMI | NP1SLPD | NP1URIN | NP3GAIT_COMBINED_MAX | NP3PSTBL_COMBINED_MAX | NHY_COMBINED_MAX | NP3TOT_COMBINED_MAX | NP4TOT | NP1CNST | FOG_FORM_MISSING | NQ_FORM_MISSING | PART_IV_FORM_MISSING | DXPOSINS_Missing | DXPOSINS_No | DXPOSINS_Unknown | DXPOSINS_Yes | DXRIGID_No | DXRIGID_Unknown | DXRIGID_Yes | DOPTHERST_Missing | DOPTHERST_No | DOPTHERST_Yes | FEATPOSHYP_No | FEATPOSHYP_Uncertain | FEATPOSHYP_Yes | ANYFAMPD_Missing | ANYFAMPD_No | ANYFAMPD_Yes | DXTREMOR_No | DXTREMOR_Unknown | DXTREMOR_Yes | DXBRADY_No | DXBRADY_Unknown | DXBRADY_Yes | DOMSIDE_Left | DOMSIDE_Right | DOMSIDE_Symmetric | DOMSIDE_Unknown | INT_GAIT_X_POSTURAL_STABILITY,0.38157479199799127,0.5050533943554538,0.5253571428571429,0.6232876712328768,0.71,0.4375,0.42857142857142855,0.4375
0,direct,2,ENG_01,engineering__INT_GAIT_X_POSTURAL_STABILITY,engineered_representation,none,all,INT_GAIT_X_POSTURAL_STABILITY,interaction,catboost,scaled_dense,9,"{""auto_class_weights"": ""Balanced"", ""depth"": 4, ""iterations"": 600, ""l2_leaf_reg"": 5.0, ""learning_rate"": 0.03}",3,583,145,48,27,Years_since_PD_diagnosis | Age | MCATOT | FRZGT12M | SCAU14 | SCAU16 | GDS_TOTAL | NQ_GAUSSIAN_REVISION | NP1RTOT | BMI | NP1SLPD | NP1URIN | NP3GAIT_COMBINED_MAX | NP3PSTBL_COMBINED_MAX | NHY_COMBINED_MAX | NP3TOT_COMBINED_MAX | NP4TOT | NP1CNST | FOG_FORM_MISSING | NQ_FORM_MISSING | PART_IV_FORM_MISSING | DXPOSINS_Missing | DXPOSINS_No | DXPOSINS_Unknown | DXPOSINS_Yes | DXRIGID_No | DXRIGID_Unknown | DXRIGID_Yes | DOPTHERST_Missing | DOPTHERST_No | DOPTHERST_Yes | FEATPOSHYP_No | FEATPOSHYP_Uncertain | FEATPOSHYP_Yes | ANYFAMPD_Missing | ANYFAMPD_No | ANYFAMPD_Yes | DXTREMOR_No | DXTREMOR_Unknown | DXTREMOR_Yes | DXBRADY_No | DXBRADY_Unknown | DXBRADY_Yes | DOMSIDE_Left | DOMSIDE_Right | DOMSIDE_Symmetric | DOMSIDE_Unknown | INT_GAIT_X_POSTURAL_STABILITY,0.38135725000029197,0.5437657580514723,0.5735201477136961,0.6758620689655173,0.797979797979798,0.3225806451612903,0.6,0.3225806451612903
0,direct,2,ENG_01,engineering__INT_GAIT_X_POSTURAL_STABILITY,engineered_representation,none,all,INT_GAIT_X_POSTURAL_STABILITY,interaction,catboost,scaled_dense,9,"{""auto_class_weights"": ""Balanced"", ""depth"": 4, ""iterations"": 600, ""l2_leaf_reg"": 5.0, ""learning_rate"": 0.03}",4,583,145,48,27,Years_since_PD_diagnosis | Age | MCATOT | FRZGT12M | SCAU14 | SCAU16 | GDS_TOTAL | NQ_GAUSSIAN_REVISION | NP1RTOT | BMI | NP1SLPD | NP1URIN | NP3GAIT_COMBINED_MAX | NP3PSTBL_COMBINED_MAX | NHY_COMBINED_MAX | NP3TOT_COMBINED_MAX | NP4TOT | NP1CNST | FOG_FORM_MISSING | NQ_FORM_MISSING | PART_IV_FORM_MISSING | DXPOSINS_Missing | DXPOSINS_No | DXPOSINS_Unknown | DXPOSINS_Yes | DXRIGID_No | DXRIGID_Unknown | DXRIGID_Yes | DOPTHERST_Missing | DOPTHERST_No | DOPTHERST_Yes | FEATPOSHYP_No | FEATPOSHYP_Uncertain | FEATPOSHYP_Yes | ANYFAMPD_Missing | ANYFAMPD_No | ANYFAMPD_Yes | DXTREMOR_No | DXTREMOR_Unknown | DXTREMOR_Yes | DXBRADY_No | DXBRADY_Unknown | DXBRADY_Yes | DOMSIDE_Left | DOMSIDE_Right | DOMSIDE_Symmetric | DOMSIDE_Unknown | INT_GAIT_X_POSTURAL_STABILITY,0.39053783399867825,0.3849234028262161,0.3937439874939875,0.5379310344827586,0.6767676767676768,0.21875,0.2857142857142857,0.21875
0,direct,2,ENG_01,engineering__INT_GAIT_X_POSTURAL_STABILITY,engineered_representation,none,all,INT_GAIT_X_POSTURAL_STABILITY,interaction,catboost,scaled_dense,10,"{""auto_class_weights"": null, ""depth"": 4, ""iterations"": 600, ""l2_leaf_reg"": 5.0, ""learning_rate"": 0.08}",0,582,146,48,27,Years_since_PD_diagnosis | Age | MCATOT | FRZGT12M | SCAU14 | SCAU16 | GDS_TOTAL | NQ_GAUSSIAN_REVISION | NP1RTOT | BMI | NP1SLPD | NP1URIN | NP3GAIT_COMBINED_MAX | NP3PSTBL_COMBINED_MAX | NHY_COMBINED_MAX | NP3TOT_COMBINED_MAX | NP4TOT | NP1CNST | FOG_FORM_MISSING | NQ_FORM_MISSING | PART_IV_FORM_MISSING | DXPOSINS_Missing | DXPOSINS_No | DXPOSINS_Unknown | DXPOSINS_Yes | DXRIGID_No | DXRIGID_Unknown | DXRIGID_Yes | DOPTHERST_Missing | DOPTHERST_No | DOPTHERST_Yes | FEATPOSHYP_No | FEATPOSHYP_Uncertain | FEATPOSHYP_Yes | ANYFAMPD_Missing | ANYFAMPD_No | ANYFAMPD_Yes | DXTREMOR_No | DXTREMOR_Unknown | DXTREMOR_Yes | DXBRADY_No | DXBRADY_Unknown | DXBRADY_Yes | DOMSIDE_Left | DOMSIDE_Right | DOMSIDE_Symmetric | DOMSIDE_Unknown | INT_GAIT_X_POSTURAL_STABILITY,0.3787745409972558,0.4362514029180695,0.42386904761904765,0.684931506849315,0.91,0.21875,0.14285714285714285,0.21875
0,direct,2,ENG_01,engineering__INT_GAIT_X_POSTURAL_STABILITY,engineered_representation,none,all,INT_GAIT_X_POSTURAL_STABILITY,interaction,catboost,scaled_dense,10,"{""auto_class_weights"": null, ""depth"": 4, ""iterations"": 600, ""l2_leaf_reg"": 5.0, ""learning_rate"": 0.08}",1,582,146,47,27,Years_since_PD_diagnosis | Age | MCATOT | FRZGT12M | SCAU14 | SCAU16 | GDS_TOTAL | NQ_GAUSSIAN_REVISION | NP1RTOT | BMI | NP1SLPD | NP1URIN | NP3GAIT_COMBINED_MAX | NP3PSTBL_COMBINED_MAX | NHY_COMBINED_MAX | NP3TOT_COMBINED_MAX | NP4TOT | NP1CNST | FOG_FORM_MISSING | NQ_FORM_MISSING | PART_IV_FORM_MISSING | DXPOSINS_No | DXPOSINS_Unknown | DXPOSINS_Yes | DXRIGID_No | DXRIGID_Unknown | DXRIGID_Yes | DOPTHERST_Missing | DOPTHERST_No | DOPTHERST_Yes | FEATPOSHYP_No | FEATPOSHYP_Uncertain | FEATPOSHYP_Yes | ANYFAMPD_Missing | ANYFAMPD_No | ANYFAMPD_Yes | DXTREMOR_No | DXTREMOR_Unknown | DXTREMOR_Yes | DXBRADY_No | DXBRADY_Unknown | DXBRADY_Yes | DOMSIDE_Left | DOMSIDE_Right | DOMSIDE_Symmetric | DOMSIDE_Unknown | INT_GAIT_X_POSTURAL_STABILITY,0.35674174999803654,0.44131644752762766,0.4339285714285714,0.678082191780822,0.9,0.1875,0.21428571428571427,0.1875
0,direct,2,ENG_01,engineering__INT_GAIT_X_POSTURAL_STABILITY,engineered_representation,none,all,INT_GAIT_X_POSTURAL_STABILITY,interaction,catboost,scaled_dense,10,"{""auto_class_weights"": null, ""depth"": 4, ""iterations"": 600, ""l2_leaf_reg"": 5.0, ""learning_rate"": 0.08}",2,582,146,48,27,Years_since_PD_diagnosis | Age | MCATOT | FRZGT12M | SCAU14 | SCAU16 | GDS_TOTAL | NQ_GAUSSIAN_REVISION | NP1RTOT | BMI | NP1SLPD | NP1URIN | NP3GAIT_COMBINED_MAX | NP3PSTBL_COMBINED_MAX | NHY_COMBINED_MAX | NP3TOT_COMBINED_MAX | NP4TOT | NP1CNST | FOG_FORM_MISSING | NQ_FORM_MISSING | PART_IV_FORM_MISSING | DXPOSINS_Missing | DXPOSINS_No | DXPOSINS_Unknown | DXPOSINS_Yes | DXRIGID_No | DXRIGID_Unknown | DXRIGID_Yes | DOPTHERST_Missing | DOPTHERST_No | DOPTHERST_Yes | FEATPOSHYP_No | FEATPOSHYP_Uncertain | FEATPOSHYP_Yes | ANYFAMPD_Missing | ANYFAMPD_No | ANYFAMPD_Yes | DXTREMOR_No | DXTREMOR_Unknown | DXTREMOR_Yes | DXBRADY_No | DXBRADY_Unknown | DXBRADY_Yes | DOMSIDE_Left | DOMSIDE_Right | DOMSIDE_Symmetric | DOMSIDE_Unknown | INT_GAIT_X_POSTURAL_STABILITY,0.38131766600054107,0.4612794612794613,0.44809523809523805,0.678082191780822,0.88,0.25,0.21428571428571427,0.25
0,direct,2,ENG_01,engineering__INT_GAIT_X_POSTURAL_STABILITY,engineered_representation,none,all,INT_GAIT_X_POSTURAL_STABILITY,interaction,catboost,scaled_dense,10,"{""auto_class_weights"": null, ""depth"": 4, ""iterations"": 600, ""l2_leaf_reg"": 5.0, ""learning_rate"": 0.08}",3,583,145,48,27,Years_since_PD_diagnosis | Age | MCATOT | FRZGT12M | SCAU14 | SCAU16 | GDS_TOTAL | NQ_GAUSSIAN_REVISION | NP1RTOT | BMI | NP1SLPD | NP1URIN | NP3GAIT_COMBINED_MAX | NP3PSTBL_COMBINED_MAX | NHY_COMBINED_MAX | NP3TOT_COMBINED_MAX | NP4TOT | NP1CNST | FOG_FORM_MISSING | NQ_FORM_MISSING | PART_IV_FORM_MISSING | DXPOSINS_Missing | DXPOSINS_No | DXPOSINS_Unknown | DXPOSINS_Yes | DXRIGID_No | DXRIGID_Unknown | DXRIGID_Yes | DOPTHERST_Missing | DOPTHERST_No | DOPTHERST_Yes | FEATPOSHYP_No | FEATPOSHYP_Uncertain | FEATPOSHYP_Yes | ANYFAMPD_Missing | ANYFAMPD_No | ANYFAMPD_Yes | DXTREMOR_No | DXTREMOR_Unknown | DXTREMOR_Yes | DXBRADY_No | DXBRADY_Unknown | DXBRADY_Yes | DOMSIDE_Left | DOMSIDE_Right | DOMSIDE_Symmetric | DOMSIDE_Unknown | INT_GAIT_X_POSTURAL_STABILITY,0.38141587499922025,0.41017316017316013,0.4086890409471054,0.6758620689655173,0.9292929292929293,0.0967741935483871,0.2,0.0967741935483871
0,direct,2,ENG_01,engineering__INT_GAIT_X_POSTURAL_STABILITY,engineered_representation,none,all,INT_GAIT_X_POSTURAL_STABILITY,interaction,catboost,scaled_dense,10,"{""auto_class_weights"": null, ""depth"": 4, ""iterations"": 600, ""l2_leaf_reg"": 5.0, ""learning_rate"": 0.08}",4,583,145,48,27,Years_since_PD_diagnosis | Age | MCATOT | FRZGT12M | SCAU14 | SCAU16 | GDS_TOTAL | NQ_GAUSSIAN_REVISION | NP1RTOT | BMI | NP1SLPD | NP1URIN | NP3GAIT_COMBINED_MAX | NP3PSTBL_COMBINED_MAX | NHY_COMBINED_MAX | NP3TOT_COMBINED_MAX | NP4TOT | NP1CNST | FOG_FORM_MISSING | NQ_FORM_MISSING | PART_IV_FORM_MISSING | DXPOSINS_Missing | DXPOSINS_No | DXPOSINS_Unknown | DXPOSINS_Yes | DXRIGID_No | DXRIGID_Unknown | DXRIGID_Yes | DOPTHERST_Missing | DOPTHERST_No | DOPTHERST_Yes | FEATPOSHYP_No | FEATPOSHYP_Uncertain | FEATPOSHYP_Yes | ANYFAMPD_Missing | ANYFAMPD_No | ANYFAMPD_Yes | DXTREMOR_No | DXTREMOR_Unknown | DXTREMOR_Yes | DXBRADY_No | DXBRADY_Unknown | DXBRADY_Yes | DOMSIDE_Left | DOMSIDE_Right | DOMSIDE_Symmetric | DOMSIDE_Unknown | INT_GAIT_X_POSTURAL_STABILITY,0.3778716249980789,0.37788755586920725,0.37548100048100047,0.6275862068965518,0.8585858585858586,0.125,0.14285714285714285,0.125
0,direct,2,ENG_01,engineering__INT_GAIT_X_POSTURAL_STABILITY,engineered_representation,none,all,INT_GAIT_X_POSTURAL_STABILITY,interaction,catboost,scaled_dense,11,"{""auto_class_weights"": ""Balanced"", ""depth"": 4, ""iterations"": 600, ""l2_leaf_reg"": 5.0, ""learning_rate"": 0.08}",0,582,146,48,27,Years_since_PD_diagnosis | Age | MCATOT | FRZGT12M | SCAU14 | SCAU16 | GDS_TOTAL | NQ_GAUSSIAN_REVISION | NP1RTOT | BMI | NP1SLPD | NP1URIN | NP3GAIT_COMBINED_MAX | NP3PSTBL_COMBINED_MAX | NHY_COMBINED_MAX | NP3TOT_COMBINED_MAX | NP4TOT | NP1CNST | FOG_FORM_MISSING | NQ_FORM_MISSING | PART_IV_FORM_MISSING | DXPOSINS_Missing | DXPOSINS_No | DXPOSINS_Unknown | DXPOSINS_Yes | DXRIGID_No | DXRIGID_Unknown | DXRIGID_Yes | DOPTHERST_Missing | DOPTHERST_No | DOPTHERST_Yes | FEATPOSHYP_No | FEATPOSHYP_Uncertain | FEATPOSHYP_Yes | ANYFAMPD_Missing | ANYFAMPD_No | ANYFAMPD_Yes | DXTREMOR_No | DXTREMOR_Unknown | DXTREMOR_Yes | DXBRADY_No | DXBRADY_Unknown | DXBRADY_Yes | DOMSIDE_Left | DOMSIDE_Right | DOMSIDE_Symmetric | DOMSIDE_Unknown | INT_GAIT_X_POSTURAL_STABILITY,0.38865612500012503,0.5119318181818181,0.5204166666666666,0.6438356164383562,0.78,0.28125,0.5,0.28125
0,direct,2,ENG_01,engineering__INT_GAIT_X_POSTURAL_STABILITY,engineered_representation,none,all,INT_GAIT_X_POSTURAL_STABILITY,interaction,catboost,scaled_dense,11,"{""auto_class_weights"": ""Balanced"", ""depth"": 4, ""iterations"": 600, ""l2_leaf_reg"": 5.0, ""learning_rate"": 0.08}",1,582,146,47,27,Years_since_PD_diagnosis | Age | MCATOT | FRZGT12M | SCAU14 | SCAU16 | GDS_TOTAL | NQ_GAUSSIAN_REVISION | NP1RTOT | BMI | NP1SLPD | NP1URIN | NP3GAIT_COMBINED_MAX | NP3PSTBL_COMBINED_MAX | NHY_COMBINED_MAX | NP3TOT_COMBINED_MAX | NP4TOT | NP1CNST | FOG_FORM_MISSING | NQ_FORM_MISSING | PART_IV_FORM_MISSING | DXPOSINS_No | DXPOSINS_Unknown | DXPOSINS_Yes | DXRIGID_No | DXRIGID_Unknown | DXRIGID_Yes | DOPTHERST_Missing | DOPTHERST_No | DOPTHERST_Yes | FEATPOSHYP_No | FEATPOSHYP_Uncertain | FEATPOSHYP_Yes | ANYFAMPD_Missing | ANYFAMPD_No | ANYFAMPD_Yes | DXTREMOR_No | DXTREMOR_Unknown | DXTREMOR_Yes | DXBRADY_No | DXBRADY_Unknown | DXBRADY_Yes | DOMSIDE_Left | DOMSIDE_Right | DOMSIDE_Symmetric | DOMSIDE_Unknown | INT_GAIT_X_POSTURAL_STABILITY,0.36838641700160224,0.5728031418753069,0.5799404761904762,0.6917808219178082,0.78,0.53125,0.42857142857142855,0.53125
0,direct,2,ENG_01,engineering__INT_GAIT_X_POSTURAL_STABILITY,engineered_representation,none,all,INT_GAIT_X_POSTURAL_STABILITY,interaction,catboost,scaled_dense,11,"{""auto_class_weights"": ""Balanced"", ""depth"": 4, ""iterations"": 600, ""l2_leaf_reg"": 5.0, ""learning_rate"": 0.08}",2,582,146,48,27,Years_since_PD_diagnosis | Age | MCATOT | FRZGT12M | SCAU14 | SCAU16 | GDS_TOTAL | NQ_GAUSSIAN_REVISION | NP1RTOT | BMI | NP1SLPD | NP1URIN | NP3GAIT_COMBINED_MAX | NP3PSTBL_COMBINED_MAX | NHY_COMBINED_MAX | NP3TOT_COMBINED_MAX | NP4TOT | NP1CNST | FOG_FORM_MISSING | NQ_FORM_MISSING | PART_IV_FORM_MISSING | DXPOSINS_Missing | DXPOSINS_No | DXPOSINS_Unknown | DXPOSINS_Yes | DXRIGID_No | DXRIGID_Unknown | DXRIGID_Yes | DOPTHERST_Missing | DOPTHERST_No | DOPTHERST_Yes | FEATPOSHYP_No | FEATPOSHYP_Uncertain | FEATPOSHYP_Yes | ANYFAMPD_Missing | ANYFAMPD_No | ANYFAMPD_Yes | DXTREMOR_No | DXTREMOR_Unknown | DXTREMOR_Yes | DXBRADY_No | DXBRADY_Unknown | DXBRADY_Yes | DOMSIDE_Left | DOMSIDE_Right | DOMSIDE_Symmetric | DOMSIDE_Unknown | INT_GAIT_X_POSTURAL_STABILITY,0.38249020900184405,0.46533932017802987,0.4707142857142858,0.5821917808219178,0.68,0.375,0.35714285714285715,0.375
0,direct,2,ENG_01,engineering__INT_GAIT_X_POSTURAL_STABILITY,engineered_representation,none,all,INT_GAIT_X_POSTURAL_STABILITY,interaction,catboost,scaled_dense,11,"{""auto_class_weights"": ""Balanced"", ""depth"": 4, ""iterations"": 600, ""l2_leaf_reg"": 5.0, ""learning_rate"": 0.08}",3,583,145,48,27,Years_since_PD_diagnosis | Age | MCATOT | FRZGT12M | SCAU14 | SCAU16 | GDS_TOTAL | NQ_GAUSSIAN_REVISION | NP1RTOT | BMI | NP1SLPD | NP1URIN | NP3GAIT_COMBINED_MAX | NP3PSTBL_COMBINED_MAX | NHY_COMBINED_MAX | NP3TOT_COMBINED_MAX | NP4TOT | NP1CNST | FOG_FORM_MISSING | NQ_FORM_MISSING | PART_IV_FORM_MISSING | DXPOSINS_Missing | DXPOSINS_No | DXPOSINS_Unknown | DXPOSINS_Yes | DXRIGID_No | DXRIGID_Unknown | DXRIGID_Yes | DOPTHERST_Missing | DOPTHERST_No | DOPTHERST_Yes | FEATPOSHYP_No | FEATPOSHYP_Uncertain | FEATPOSHYP_Yes | ANYFAMPD_Missing | ANYFAMPD_No | ANYFAMPD_Yes | DXTREMOR_No | DXTREMOR_Unknown | DXTREMOR_Yes | DXBRADY_No | DXBRADY_Unknown | DXBRADY_Yes | DOMSIDE_Left | DOMSIDE_Right | DOMSIDE_Symmetric | DOMSIDE_Unknown | INT_GAIT_X_POSTURAL_STABILITY,0.3805437500013795,0.5163022498775675,0.5135874877810362,0.6689655172413793,0.8181818181818182,0.3225806451612903,0.4,0.3225806451612903
0,direct,2,ENG_01,engineering__INT_GAIT_X_POSTURAL_STABILITY,engineered_representation,none,all,INT_GAIT_X_POSTURAL_STABILITY,interaction,catboost,scaled_dense,11,"{""auto_class_weights"": ""Balanced"", ""depth"": 4, ""iterations"": 600, ""l2_leaf_reg"": 5.0, ""learning_rate"": 0.08}",4,583,145,48,27,Years_since_PD_diagnosis | Age | MCATOT | FRZGT12M | SCAU14 | SCAU16 | GDS_TOTAL | NQ_GAUSSIAN_REVISION | NP1RTOT | BMI | NP1SLPD | NP1URIN | NP3GAIT_COMBINED_MAX | NP3PSTBL_COMBINED_MAX | NHY_COMBINED_MAX | NP3TOT_COMBINED_MAX | NP4TOT | NP1CNST | FOG_FORM_MISSING | NQ_FORM_MISSING | PART_IV_FORM_MISSING | DXPOSINS_Missing | DXPOSINS_No | DXPOSINS_Unknown | DXPOSINS_Yes | DXRIGID_No | DXRIGID_Unknown | DXRIGID_Yes | DOPTHERST_Missing | DOPTHERST_No | DOPTHERST_Yes | FEATPOSHYP_No | FEATPOSHYP_Uncertain | FEATPOSHYP_Yes | ANYFAMPD_Missing | ANYFAMPD_No | ANYFAMPD_Yes | DXTREMOR_No | DXTREMOR_Unknown | DXTREMOR_Yes | DXBRADY_No | DXBRADY_Unknown | DXBRADY_Yes | DOMSIDE_Left | DOMSIDE_Right | DOMSIDE_Symmetric | DOMSIDE_Unknown | INT_GAIT_X_POSTURAL_STABILITY,0.38362550000238116,0.41569541569541574,0.41057900432900435,0.5724137931034483,0.7272727272727273,0.21875,0.2857142857142857,0.21875
0,direct,2,ENG_01,engineering__INT_GAIT_X_POSTURAL_STABILITY,engineered_representation,none,all,INT_GAIT_X_POSTURAL_STABILITY,interaction,catboost,scaled_dense,12,"{""auto_class_weights"": null, ""depth"": 6, ""iterations"": 600, ""l2_leaf_reg"": 5.0, ""learning_rate"": 0.03}",0,582,146,48,27,Years_since_PD_diagnosis | Age | MCATOT | FRZGT12M | SCAU14 | SCAU16 | GDS_TOTAL | NQ_GAUSSIAN_REVISION | NP1RTOT | BMI | NP1SLPD | NP1URIN | NP3GAIT_COMBINED_MAX | NP3PSTBL_COMBINED_MAX | NHY_COMBINED_MAX | NP3TOT_COMBINED_MAX | NP4TOT | NP1CNST | FOG_FORM_MISSING | NQ_FORM_MISSING | PART_IV_FORM_MISSING | DXPOSINS_Missing | DXPOSINS_No | DXPOSINS_Unknown | DXPOSINS_Yes | DXRIGID_No | DXRIGID_Unknown | DXRIGID_Yes | DOPTHERST_Missing | DOPTHERST_No | DOPTHERST_Yes | FEATPOSHYP_No | FEATPOSHYP_Uncertain | FEATPOSHYP_Yes | ANYFAMPD_Missing | ANYFAMPD_No | ANYFAMPD_Yes | DXTREMOR_No | DXTREMOR_Unknown | DXTREMOR_Yes | DXBRADY_No | DXBRADY_Unknown | DXBRADY_Yes | DOMSIDE_Left | DOMSIDE_Right | DOMSIDE_Symmetric | DOMSIDE_Unknown | INT_GAIT_X_POSTURAL_STABILITY,1.167372374999104,0.4069868995633188,0.4026190476190476,0.684931506849315,0.94,0.125,0.14285714285714285,0.125
0,direct,2,ENG_01,engineering__INT_GAIT_X_POSTURAL_STABILITY,engineered_representation,none,all,INT_GAIT_X_POSTURAL_STABILITY,interaction,catboost,scaled_dense,12,"{""auto_class_weights"": null, ""depth"": 6, ""iterations"": 600, ""l2_leaf_reg"": 5.0, ""learning_rate"": 0.03}",1,582,146,47,27,Years_since_PD_diagnosis | Age | MCATOT | FRZGT12M | SCAU14 | SCAU16 | GDS_TOTAL | NQ_GAUSSIAN_REVISION | NP1RTOT | BMI | NP1SLPD | NP1URIN | NP3GAIT_COMBINED_MAX | NP3PSTBL_COMBINED_MAX | NHY_COMBINED_MAX | NP3TOT_COMBINED_MAX | NP4TOT | NP1CNST | FOG_FORM_MISSING | NQ_FORM_MISSING | PART_IV_FORM_MISSING | DXPOSINS_No | DXPOSINS_Unknown | DXPOSINS_Yes | DXRIGID_No | DXRIGID_Unknown | DXRIGID_Yes | DOPTHERST_Missing | DOPTHERST_No | DOPTHERST_Yes | FEATPOSHYP_No | FEATPOSHYP_Uncertain | FEATPOSHYP_Yes | ANYFAMPD_Missing | ANYFAMPD_No | ANYFAMPD_Yes | DXTREMOR_No | DXTREMOR_Unknown | DXTREMOR_Yes | DXBRADY_No | DXBRADY_Unknown | DXBRADY_Yes | DOMSIDE_Left | DOMSIDE_Right | DOMSIDE_Symmetric | DOMSIDE_Unknown | INT_GAIT_X_POSTURAL_STABILITY,1.1175183750019642,0.4001627349644971,0.4026190476190476,0.684931506849315,0.94,0.125,0.14285714285714285,0.125
0,direct,2,ENG_01,engineering__INT_GAIT_X_POSTURAL_STABILITY,engineered_representation,none,all,INT_GAIT_X_POSTURAL_STABILITY,interaction,catboost,scaled_dense,12,"{""auto_class_weights"": null, ""depth"": 6, ""iterations"": 600, ""l2_leaf_reg"": 5.0, ""learning_rate"": 0.03}",2,582,146,48,27,Years_since_PD_diagnosis | Age | MCATOT | FRZGT12M | SCAU14 | SCAU16 | GDS_TOTAL | NQ_GAUSSIAN_REVISION | NP1RTOT | BMI | NP1SLPD | NP1URIN | NP3GAIT_COMBINED_MAX | NP3PSTBL_COMBINED_MAX | NHY_COMBINED_MAX | NP3TOT_COMBINED_MAX | NP4TOT | NP1CNST | FOG_FORM_MISSING | NQ_FORM_MISSING | PART_IV_FORM_MISSING | DXPOSINS_Missing | DXPOSINS_No | DXPOSINS_Unknown | DXPOSINS_Yes | DXRIGID_No | DXRIGID_Unknown | DXRIGID_Yes | DOPTHERST_Missing | DOPTHERST_No | DOPTHERST_Yes | FEATPOSHYP_No | FEATPOSHYP_Uncertain | FEATPOSHYP_Yes | ANYFAMPD_Missing | ANYFAMPD_No | ANYFAMPD_Yes | DXTREMOR_No | DXTREMOR_Unknown | DXTREMOR_Yes | DXBRADY_No | DXBRADY_Unknown | DXBRADY_Yes | DOMSIDE_Left | DOMSIDE_Right | DOMSIDE_Symmetric | DOMSIDE_Unknown | INT_GAIT_X_POSTURAL_STABILITY,1.2035178330006602,0.4821015585721468,0.46142857142857135,0.7054794520547946,0.92,0.25,0.21428571428571427,0.25
0,direct,2,ENG_01,engineering__INT_GAIT_X_POSTURAL_STABILITY,engineered_representation,none,all,INT_GAIT_X_POSTURAL_STABILITY,interaction,catboost,scaled_dense,12,"{""auto_class_weights"": null, ""depth"": 6, ""iterations"": 600, ""l2_leaf_reg"": 5.0, ""learning_rate"": 0.03}",3,583,145,48,27,Years_since_PD_diagnosis | Age | MCATOT | FRZGT12M | SCAU14 | SCAU16 | GDS_TOTAL | NQ_GAUSSIAN_REVISION | NP1RTOT | BMI | NP1SLPD | NP1URIN | NP3GAIT_COMBINED_MAX | NP3PSTBL_COMBINED_MAX | NHY_COMBINED_MAX | NP3TOT_COMBINED_MAX | NP4TOT | NP1CNST | FOG_FORM_MISSING | NQ_FORM_MISSING | PART_IV_FORM_MISSING | DXPOSINS_Missing | DXPOSINS_No | DXPOSINS_Unknown | DXPOSINS_Yes | DXRIGID_No | DXRIGID_Unknown | DXRIGID_Yes | DOPTHERST_Missing | DOPTHERST_No | DOPTHERST_Yes | FEATPOSHYP_No | FEATPOSHYP_Uncertain | FEATPOSHYP_Yes | ANYFAMPD_Missing | ANYFAMPD_No | ANYFAMPD_Yes | DXTREMOR_No | DXTREMOR_Unknown | DXTREMOR_Yes | DXBRADY_No | DXBRADY_Unknown | DXBRADY_Yes | DOMSIDE_Left | DOMSIDE_Right | DOMSIDE_Symmetric | DOMSIDE_Unknown | INT_GAIT_X_POSTURAL_STABILITY,1.2761378750001313,0.3830973830973831,0.3972846747040295,0.6827586206896552,0.9595959595959596,0.03225806451612903,0.2,0.03225806451612903
0,direct,2,ENG_01,engineering__INT_GAIT_X_POSTURAL_STABILITY,engineered_representation,none,all,INT_GAIT_X_POSTURAL_STABILITY,interaction,catboost,scaled_dense,12,"{""auto_class_weights"": null, ""depth"": 6, ""iterations"": 600, ""l2_leaf_reg"": 5.0, ""learning_rate"": 0.03}",4,583,145,48,27,Years_since_PD_diagnosis | Age | MCATOT | FRZGT12M | SCAU14 | SCAU16 | GDS_TOTAL | NQ_GAUSSIAN_REVISION | NP1RTOT | BMI | NP1SLPD | NP1URIN | NP3GAIT_COMBINED_MAX | NP3PSTBL_COMBINED_MAX | NHY_COMBINED_MAX | NP3TOT_COMBINED_MAX | NP4TOT | NP1CNST | FOG_FORM_MISSING | NQ_FORM_MISSING | PART_IV_FORM_MISSING | DXPOSINS_Missing | DXPOSINS_No | DXPOSINS_Unknown | DXPOSINS_Yes | DXRIGID_No | DXRIGID_Unknown | DXRIGID_Yes | DOPTHERST_Missing | DOPTHERST_No | DOPTHERST_Yes | FEATPOSHYP_No | FEATPOSHYP_Uncertain | FEATPOSHYP_Yes | ANYFAMPD_Missing | ANYFAMPD_No | ANYFAMPD_Yes | DXTREMOR_No | DXTREMOR_Unknown | DXTREMOR_Yes | DXBRADY_No | DXBRADY_Unknown | DXBRADY_Yes | DOMSIDE_Left | DOMSIDE_Right | DOMSIDE_Symmetric | DOMSIDE_Unknown | INT_GAIT_X_POSTURAL_STABILITY,1.270400499997777,0.38880509468744756,0.38221500721500723,0.6413793103448275,0.8787878787878788,0.125,0.14285714285714285,0.125
0,direct,2,ENG_01,engineering__INT_GAIT_X_POSTURAL_STABILITY,engineered_representation,none,all,INT_GAIT_X_POSTURAL_STABILITY,interaction,catboost,scaled_dense,13,"{""auto_class_weights"": ""Balanced"", ""depth"": 6, ""iterations"": 600, ""l2_leaf_reg"": 5.0, ""learning_rate"": 0.03}",0,582,146,48,27,Years_since_PD_diagnosis | Age | MCATOT | FRZGT12M | SCAU14 | SCAU16 | GDS_TOTAL | NQ_GAUSSIAN_REVISION | NP1RTOT | BMI | NP1SLPD | NP1URIN | NP3GAIT_COMBINED_MAX | NP3PSTBL_COMBINED_MAX | NHY_COMBINED_MAX | NP3TOT_COMBINED_MAX | NP4TOT | NP1CNST | FOG_FORM_MISSING | NQ_FORM_MISSING | PART_IV_FORM_MISSING | DXPOSINS_Missing | DXPOSINS_No | DXPOSINS_Unknown | DXPOSINS_Yes | DXRIGID_No | DXRIGID_Unknown | DXRIGID_Yes | DOPTHERST_Missing | DOPTHERST_No | DOPTHERST_Yes | FEATPOSHYP_No | FEATPOSHYP_Uncertain | FEATPOSHYP_Yes | ANYFAMPD_Missing | ANYFAMPD_No | ANYFAMPD_Yes | DXTREMOR_No | DXTREMOR_Unknown | DXTREMOR_Yes | DXBRADY_No | DXBRADY_Unknown | DXBRADY_Yes | DOMSIDE_Left | DOMSIDE_Right | DOMSIDE_Symmetric | DOMSIDE_Unknown | INT_GAIT_X_POSTURAL_STABILITY,1.1918842079976457,0.536661937788987,0.5885119047619048,0.6575342465753424,0.77,0.28125,0.7142857142857143,0.28125
0,direct,2,ENG_01,engineering__INT_GAIT_X_POSTURAL_STABILITY,engineered_representation,none,all,INT_GAIT_X_POSTURAL_STABILITY,interaction,catboost,scaled_dense,13,"{""auto_class_weights"": ""Balanced"", ""depth"": 6, ""iterations"": 600, ""l2_leaf_reg"": 5.0, ""learning_rate"": 0.03}",1,582,146,47,27,Years_since_PD_diagnosis | Age | MCATOT | FRZGT12M | SCAU14 | SCAU16 | GDS_TOTAL | NQ_GAUSSIAN_REVISION | NP1RTOT | BMI | NP1SLPD | NP1URIN | NP3GAIT_COMBINED_MAX | NP3PSTBL_COMBINED_MAX | NHY_COMBINED_MAX | NP3TOT_COMBINED_MAX | NP4TOT | NP1CNST | FOG_FORM_MISSING | NQ_FORM_MISSING | PART_IV_FORM_MISSING | DXPOSINS_No | DXPOSINS_Unknown | DXPOSINS_Yes | DXRIGID_No | DXRIGID_Unknown | DXRIGID_Yes | DOPTHERST_Missing | DOPTHERST_No | DOPTHERST_Yes | FEATPOSHYP_No | FEATPOSHYP_Uncertain | FEATPOSHYP_Yes | ANYFAMPD_Missing | ANYFAMPD_No | ANYFAMPD_Yes | DXTREMOR_No | DXTREMOR_Unknown | DXTREMOR_Yes | DXBRADY_No | DXBRADY_Unknown | DXBRADY_Yes | DOMSIDE_Left | DOMSIDE_Right | DOMSIDE_Symmetric | DOMSIDE_Unknown | INT_GAIT_X_POSTURAL_STABILITY,1.1245525830017868,0.5259259259259259,0.5390476190476191,0.6643835616438356,0.76,0.5,0.35714285714285715,0.5
0,direct,2,ENG_01,engineering__INT_GAIT_X_POSTURAL_STABILITY,engineered_representation,none,all,INT_GAIT_X_POSTURAL_STABILITY,interaction,catboost,scaled_dense,13,"{""auto_class_weights"": ""Balanced"", ""depth"": 6, ""iterations"": 600, ""l2_leaf_reg"": 5.0, ""learning_rate"": 0.03}",2,582,146,48,27,Years_since_PD_diagnosis | Age | MCATOT | FRZGT12M | SCAU14 | SCAU16 | GDS_TOTAL | NQ_GAUSSIAN_REVISION | NP1RTOT | BMI | NP1SLPD | NP1URIN | NP3GAIT_COMBINED_MAX | NP3PSTBL_COMBINED_MAX | NHY_COMBINED_MAX | NP3TOT_COMBINED_MAX | NP4TOT | NP1CNST | FOG_FORM_MISSING | NQ_FORM_MISSING | PART_IV_FORM_MISSING | DXPOSINS_Missing | DXPOSINS_No | DXPOSINS_Unknown | DXPOSINS_Yes | DXRIGID_No | DXRIGID_Unknown | DXRIGID_Yes | DOPTHERST_Missing | DOPTHERST_No | DOPTHERST_Yes | FEATPOSHYP_No | FEATPOSHYP_Uncertain | FEATPOSHYP_Yes | ANYFAMPD_Missing | ANYFAMPD_No | ANYFAMPD_Yes | DXTREMOR_No | DXTREMOR_Unknown | DXTREMOR_Yes | DXBRADY_No | DXBRADY_Unknown | DXBRADY_Yes | DOMSIDE_Left | DOMSIDE_Right | DOMSIDE_Symmetric | DOMSIDE_Unknown | INT_GAIT_X_POSTURAL_STABILITY,1.1750911660019483,0.46045883940620785,0.4602380952380953,0.6027397260273972,0.72,0.375,0.2857142857142857,0.375
0,direct,2,ENG_01,engineering__INT_GAIT_X_POSTURAL_STABILITY,engineered_representation,none,all,INT_GAIT_X_POSTURAL_STABILITY,interaction,catboost,scaled_dense,13,"{""auto_class_weights"": ""Balanced"", ""depth"": 6, ""iterations"": 600, ""l2_leaf_reg"": 5.0, ""learning_rate"": 0.03}",3,583,145,48,27,Years_since_PD_diagnosis | Age | MCATOT | FRZGT12M | SCAU14 | SCAU16 | GDS_TOTAL | NQ_GAUSSIAN_REVISION | NP1RTOT | BMI | NP1SLPD | NP1URIN | NP3GAIT_COMBINED_MAX | NP3PSTBL_COMBINED_MAX | NHY_COMBINED_MAX | NP3TOT_COMBINED_MAX | NP4TOT | NP1CNST | FOG_FORM_MISSING | NQ_FORM_MISSING | PART_IV_FORM_MISSING | DXPOSINS_Missing | DXPOSINS_No | DXPOSINS_Unknown | DXPOSINS_Yes | DXRIGID_No | DXRIGID_Unknown | DXRIGID_Yes | DOPTHERST_Missing | DOPTHERST_No | DOPTHERST_Yes | FEATPOSHYP_No | FEATPOSHYP_Uncertain | FEATPOSHYP_Yes | ANYFAMPD_Missing | ANYFAMPD_No | ANYFAMPD_Yes | DXTREMOR_No | DXTREMOR_Unknown | DXTREMOR_Yes | DXBRADY_No | DXBRADY_Unknown | DXBRADY_Yes | DOMSIDE_Left | DOMSIDE_Right | DOMSIDE_Symmetric | DOMSIDE_Unknown | INT_GAIT_X_POSTURAL_STABILITY,1.1636772500023653,0.5339366515837104,0.5466275659824046,0.6896551724137931,0.8484848484848485,0.25806451612903225,0.5333333333333333,0.25806451612903225
0,direct,2,ENG_01,engineering__INT_GAIT_X_POSTURAL_STABILITY,engineered_representation,none,all,INT_GAIT_X_POSTURAL_STABILITY,interaction,catboost,scaled_dense,13,"{""auto_class_weights"": ""Balanced"", ""depth"": 6, ""iterations"": 600, ""l2_leaf_reg"": 5.0, ""learning_rate"": 0.03}",4,583,145,48,27,Years_since_PD_diagnosis | Age | MCATOT | FRZGT12M | SCAU14 | SCAU16 | GDS_TOTAL | NQ_GAUSSIAN_REVISION | NP1RTOT | BMI | NP1SLPD | NP1URIN | NP3GAIT_COMBINED_MAX | NP3PSTBL_COMBINED_MAX | NHY_COMBINED_MAX | NP3TOT_COMBINED_MAX | NP4TOT | NP1CNST | FOG_FORM_MISSING | NQ_FORM_MISSING | PART_IV_FORM_MISSING | DXPOSINS_Missing | DXPOSINS_No | DXPOSINS_Unknown | DXPOSINS_Yes | DXRIGID_No | DXRIGID_Unknown | DXRIGID_Yes | DOPTHERST_Missing | DOPTHERST_No | DOPTHERST_Yes | FEATPOSHYP_No | FEATPOSHYP_Uncertain | FEATPOSHYP_Yes | ANYFAMPD_Missing | ANYFAMPD_No | ANYFAMPD_Yes | DXTREMOR_No | DXTREMOR_Unknown | DXTREMOR_Yes | DXBRADY_No | DXBRADY_Unknown | DXBRADY_Yes | DOMSIDE_Left | DOMSIDE_Right | DOMSIDE_Symmetric | DOMSIDE_Unknown | INT_GAIT_X_POSTURAL_STABILITY,1.1661322920008388,0.39384984865337475,0.3900613275613276,0.5448275862068965,0.696969696969697,0.1875,0.2857142857142857,0.1875
0,direct,2,ENG_01,engineering__INT_GAIT_X_POSTURAL_STABILITY,engineered_representation,none,all,INT_GAIT_X_POSTURAL_STABILITY,interaction,catboost,scaled_dense,14,"{""auto_class_weights"": null, ""depth"": 6, ""iterations"": 600, ""l2_leaf_reg"": 5.0, ""learning_rate"": 0.08}",0,582,146,48,27,Years_since_PD_diagnosis | Age | MCATOT | FRZGT12M | SCAU14 | SCAU16 | GDS_TOTAL | NQ_GAUSSIAN_REVISION | NP1RTOT | BMI | NP1SLPD | NP1URIN | NP3GAIT_COMBINED_MAX | NP3PSTBL_COMBINED_MAX | NHY_COMBINED_MAX | NP3TOT_COMBINED_MAX | NP4TOT | NP1CNST | FOG_FORM_MISSING | NQ_FORM_MISSING | PART_IV_FORM_MISSING | DXPOSINS_Missing | DXPOSINS_No | DXPOSINS_Unknown | DXPOSINS_Yes | DXRIGID_No | DXRIGID_Unknown | DXRIGID_Yes | DOPTHERST_Missing | DOPTHERST_No | DOPTHERST_Yes | FEATPOSHYP_No | FEATPOSHYP_Uncertain | FEATPOSHYP_Yes | ANYFAMPD_Missing | ANYFAMPD_No | ANYFAMPD_Yes | DXTREMOR_No | DXTREMOR_Unknown | DXTREMOR_Yes | DXBRADY_No | DXBRADY_Unknown | DXBRADY_Yes | DOMSIDE_Left | DOMSIDE_Right | DOMSIDE_Symmetric | DOMSIDE_Unknown | INT_GAIT_X_POSTURAL_STABILITY,1.1739261249967967,0.4637494637494637,0.4476785714285714,0.6917808219178082,0.91,0.21875,0.21428571428571427,0.21875
0,direct,2,ENG_01,engineering__INT_GAIT_X_POSTURAL_STABILITY,engineered_representation,none,all,INT_GAIT_X_POSTURAL_STABILITY,interaction,catboost,scaled_dense,14,"{""auto_class_weights"": null, ""depth"": 6, ""iterations"": 600, ""l2_leaf_reg"": 5.0, ""learning_rate"": 0.08}",1,582,146,47,27,Years_since_PD_diagnosis | Age | MCATOT | FRZGT12M | SCAU14 | SCAU16 | GDS_TOTAL | NQ_GAUSSIAN_REVISION | NP1RTOT | BMI | NP1SLPD | NP1URIN | NP3GAIT_COMBINED_MAX | NP3PSTBL_COMBINED_MAX | NHY_COMBINED_MAX | NP3TOT_COMBINED_MAX | NP4TOT | NP1CNST | FOG_FORM_MISSING | NQ_FORM_MISSING | PART_IV_FORM_MISSING | DXPOSINS_No | DXPOSINS_Unknown | DXPOSINS_Yes | DXRIGID_No | DXRIGID_Unknown | DXRIGID_Yes | DOPTHERST_Missing | DOPTHERST_No | DOPTHERST_Yes | FEATPOSHYP_No | FEATPOSHYP_Uncertain | FEATPOSHYP_Yes | ANYFAMPD_Missing | ANYFAMPD_No | ANYFAMPD_Yes | DXTREMOR_No | DXTREMOR_Unknown | DXTREMOR_Yes | DXBRADY_No | DXBRADY_Unknown | DXBRADY_Yes | DOMSIDE_Left | DOMSIDE_Right | DOMSIDE_Symmetric | DOMSIDE_Unknown | INT_GAIT_X_POSTURAL_STABILITY,1.1169392080009857,0.400526079425162,0.39678571428571424,0.6438356164383562,0.86,0.1875,0.14285714285714285,0.1875
0,direct,2,ENG_01,engineering__INT_GAIT_X_POSTURAL_STABILITY,engineered_representation,none,all,INT_GAIT_X_POSTURAL_STABILITY,interaction,catboost,scaled_dense,14,"{""auto_class_weights"": null, ""depth"": 6, ""iterations"": 600, ""l2_leaf_reg"": 5.0, ""learning_rate"": 0.08}",2,582,146,48,27,Years_since_PD_diagnosis | Age | MCATOT | FRZGT12M | SCAU14 | SCAU16 | GDS_TOTAL | NQ_GAUSSIAN_REVISION | NP1RTOT | BMI | NP1SLPD | NP1URIN | NP3GAIT_COMBINED_MAX | NP3PSTBL_COMBINED_MAX | NHY_COMBINED_MAX | NP3TOT_COMBINED_MAX | NP4TOT | NP1CNST | FOG_FORM_MISSING | NQ_FORM_MISSING | PART_IV_FORM_MISSING | DXPOSINS_Missing | DXPOSINS_No | DXPOSINS_Unknown | DXPOSINS_Yes | DXRIGID_No | DXRIGID_Unknown | DXRIGID_Yes | DOPTHERST_Missing | DOPTHERST_No | DOPTHERST_Yes | FEATPOSHYP_No | FEATPOSHYP_Uncertain | FEATPOSHYP_Yes | ANYFAMPD_Missing | ANYFAMPD_No | ANYFAMPD_Yes | DXTREMOR_No | DXTREMOR_Unknown | DXTREMOR_Yes | DXBRADY_No | DXBRADY_Unknown | DXBRADY_Yes | DOMSIDE_Left | DOMSIDE_Right | DOMSIDE_Symmetric | DOMSIDE_Unknown | INT_GAIT_X_POSTURAL_STABILITY,1.1747783749997325,0.4430896348704567,0.4305952380952381,0.6712328767123288,0.89,0.1875,0.21428571428571427,0.1875
0,direct,2,ENG_01,engineering__INT_GAIT_X_POSTURAL_STABILITY,engineered_representation,none,all,INT_GAIT_X_POSTURAL_STABILITY,interaction,catboost,scaled_dense,14,"{""auto_class_weights"": null, ""depth"": 6, ""iterations"": 600, ""l2_leaf_reg"": 5.0, ""learning_rate"": 0.08}",3,583,145,48,27,Years_since_PD_diagnosis | Age | MCATOT | FRZGT12M | SCAU14 | SCAU16 | GDS_TOTAL | NQ_GAUSSIAN_REVISION | NP1RTOT | BMI | NP1SLPD | NP1URIN | NP3GAIT_COMBINED_MAX | NP3PSTBL_COMBINED_MAX | NHY_COMBINED_MAX | NP3TOT_COMBINED_MAX | NP4TOT | NP1CNST | FOG_FORM_MISSING | NQ_FORM_MISSING | PART_IV_FORM_MISSING | DXPOSINS_Missing | DXPOSINS_No | DXPOSINS_Unknown | DXPOSINS_Yes | DXRIGID_No | DXRIGID_Unknown | DXRIGID_Yes | DOPTHERST_Missing | DOPTHERST_No | DOPTHERST_Yes | FEATPOSHYP_No | FEATPOSHYP_Uncertain | FEATPOSHYP_Yes | ANYFAMPD_Missing | ANYFAMPD_No | ANYFAMPD_Yes | DXTREMOR_No | DXTREMOR_Unknown | DXTREMOR_Yes | DXBRADY_No | DXBRADY_Unknown | DXBRADY_Yes | DOMSIDE_Left | DOMSIDE_Right | DOMSIDE_Symmetric | DOMSIDE_Unknown | INT_GAIT_X_POSTURAL_STABILITY,1.1816853750024165,0.4253246753246753,0.4194417291191485,0.6827586206896552,0.9292929292929293,0.12903225806451613,0.2,0.12903225806451613
0,direct,2,ENG_01,engineering__INT_GAIT_X_POSTURAL_STABILITY,engineered_representation,none,all,INT_GAIT_X_POSTURAL_STABILITY,interaction,catboost,scaled_dense,14,"{""auto_class_weights"": null, ""depth"": 6, ""iterations"": 600, ""l2_leaf_reg"": 5.0, ""learning_rate"": 0.08}",4,583,145,48,27,Years_since_PD_diagnosis | Age | MCATOT | FRZGT12M | SCAU14 | SCAU16 | GDS_TOTAL | NQ_GAUSSIAN_REVISION | NP1RTOT | BMI | NP1SLPD | NP1URIN | NP3GAIT_COMBINED_MAX | NP3PSTBL_COMBINED_MAX | NHY_COMBINED_MAX | NP3TOT_COMBINED_MAX | NP4TOT | NP1CNST | FOG_FORM_MISSING | NQ_FORM_MISSING | PART_IV_FORM_MISSING | DXPOSINS_Missing | DXPOSINS_No | DXPOSINS_Unknown | DXPOSINS_Yes | DXRIGID_No | DXRIGID_Unknown | DXRIGID_Yes | DOPTHERST_Missing | DOPTHERST_No | DOPTHERST_Yes | FEATPOSHYP_No | FEATPOSHYP_Uncertain | FEATPOSHYP_Yes | ANYFAMPD_Missing | ANYFAMPD_No | ANYFAMPD_Yes | DXTREMOR_No | DXTREMOR_Unknown | DXTREMOR_Yes | DXBRADY_No | DXBRADY_Unknown | DXBRADY_Yes | DOMSIDE_Left | DOMSIDE_Right | DOMSIDE_Symmetric | DOMSIDE_Unknown | INT_GAIT_X_POSTURAL_STABILITY,1.1732968750002328,0.38306908090189823,0.3788480038480038,0.6344827586206897,0.8686868686868687,0.125,0.14285714285714285,0.125
0,direct,2,ENG_01,engineering__INT_GAIT_X_POSTURAL_STABILITY,engineered_representation,none,all,INT_GAIT_X_POSTURAL_STABILITY,interaction,catboost,scaled_dense,15,"{""auto_class_weights"": ""Balanced"", ""depth"": 6, ""iterations"": 600, ""l2_leaf_reg"": 5.0, ""learning_rate"": 0.08}",0,582,146,48,27,Years_since_PD_diagnosis | Age | MCATOT | FRZGT12M | SCAU14 | SCAU16 | GDS_TOTAL | NQ_GAUSSIAN_REVISION | NP1RTOT | BMI | NP1SLPD | NP1URIN | NP3GAIT_COMBINED_MAX | NP3PSTBL_COMBINED_MAX | NHY_COMBINED_MAX | NP3TOT_COMBINED_MAX | NP4TOT | NP1CNST | FOG_FORM_MISSING | NQ_FORM_MISSING | PART_IV_FORM_MISSING | DXPOSINS_Missing | DXPOSINS_No | DXPOSINS_Unknown | DXPOSINS_Yes | DXRIGID_No | DXRIGID_Unknown | DXRIGID_Yes | DOPTHERST_Missing | DOPTHERST_No | DOPTHERST_Yes | FEATPOSHYP_No | FEATPOSHYP_Uncertain | FEATPOSHYP_Yes | ANYFAMPD_Missing | ANYFAMPD_No | ANYFAMPD_Yes | DXTREMOR_No | DXTREMOR_Unknown | DXTREMOR_Yes | DXBRADY_No | DXBRADY_Unknown | DXBRADY_Yes | DOMSIDE_Left | DOMSIDE_Right | DOMSIDE_Symmetric | DOMSIDE_Unknown | INT_GAIT_X_POSTURAL_STABILITY,1.1629075829987414,0.45826330532212883,0.4586309523809524,0.6301369863013698,0.8,0.21875,0.35714285714285715,0.21875
0,direct,2,ENG_01,engineering__INT_GAIT_X_POSTURAL_STABILITY,engineered_representation,none,all,INT_GAIT_X_POSTURAL_STABILITY,interaction,catboost,scaled_dense,15,"{""auto_class_weights"": ""Balanced"", ""depth"": 6, ""iterations"": 600, ""l2_leaf_reg"": 5.0, ""learning_rate"": 0.08}",1,582,146,47,27,Years_since_PD_diagnosis | Age | MCATOT | FRZGT12M | SCAU14 | SCAU16 | GDS_TOTAL | NQ_GAUSSIAN_REVISION | NP1RTOT | BMI | NP1SLPD | NP1URIN | NP3GAIT_COMBINED_MAX | NP3PSTBL_COMBINED_MAX | NHY_COMBINED_MAX | NP3TOT_COMBINED_MAX | NP4TOT | NP1CNST | FOG_FORM_MISSING | NQ_FORM_MISSING | PART_IV_FORM_MISSING | DXPOSINS_No | DXPOSINS_Unknown | DXPOSINS_Yes | DXRIGID_No | DXRIGID_Unknown | DXRIGID_Yes | DOPTHERST_Missing | DOPTHERST_No | DOPTHERST_Yes | FEATPOSHYP_No | FEATPOSHYP_Uncertain | FEATPOSHYP_Yes | ANYFAMPD_Missing | ANYFAMPD_No | ANYFAMPD_Yes | DXTREMOR_No | DXTREMOR_Unknown | DXTREMOR_Yes | DXBRADY_No | DXBRADY_Unknown | DXBRADY_Yes | DOMSIDE_Left | DOMSIDE_Right | DOMSIDE_Symmetric | DOMSIDE_Unknown | INT_GAIT_X_POSTURAL_STABILITY,1.122335916999873,0.5163589896736734,0.510297619047619,0.678082191780822,0.83,0.34375,0.35714285714285715,0.34375
0,direct,2,ENG_01,engineering__INT_GAIT_X_POSTURAL_STABILITY,engineered_representation,none,all,INT_GAIT_X_POSTURAL_STABILITY,interaction,catboost,scaled_dense,15,"{""auto_class_weights"": ""Balanced"", ""depth"": 6, ""iterations"": 600, ""l2_leaf_reg"": 5.0, ""learning_rate"": 0.08}",2,582,146,48,27,Years_since_PD_diagnosis | Age | MCATOT | FRZGT12M | SCAU14 | SCAU16 | GDS_TOTAL | NQ_GAUSSIAN_REVISION | NP1RTOT | BMI | NP1SLPD | NP1URIN | NP3GAIT_COMBINED_MAX | NP3PSTBL_COMBINED_MAX | NHY_COMBINED_MAX | NP3TOT_COMBINED_MAX | NP4TOT | NP1CNST | FOG_FORM_MISSING | NQ_FORM_MISSING | PART_IV_FORM_MISSING | DXPOSINS_Missing | DXPOSINS_No | DXPOSINS_Unknown | DXPOSINS_Yes | DXRIGID_No | DXRIGID_Unknown | DXRIGID_Yes | DOPTHERST_Missing | DOPTHERST_No | DOPTHERST_Yes | FEATPOSHYP_No | FEATPOSHYP_Uncertain | FEATPOSHYP_Yes | ANYFAMPD_Missing | ANYFAMPD_No | ANYFAMPD_Yes | DXTREMOR_No | DXTREMOR_Unknown | DXTREMOR_Yes | DXBRADY_No | DXBRADY_Unknown | DXBRADY_Yes | DOMSIDE_Left | DOMSIDE_Right | DOMSIDE_Symmetric | DOMSIDE_Unknown | INT_GAIT_X_POSTURAL_STABILITY,1.175288874997932,0.4327350427350427,0.42565476190476187,0.5753424657534246,0.71,0.28125,0.2857142857142857,0.28125
0,direct,2,ENG_01,engineering__INT_GAIT_X_POSTURAL_STABILITY,engineered_representation,none,all,INT_GAIT_X_POSTURAL_STABILITY,interaction,catboost,scaled_dense,15,"{""auto_class_weights"": ""Balanced"", ""depth"": 6, ""iterations"": 600, ""l2_leaf_reg"": 5.0, ""learning_rate"": 0.08}",3,583,145,48,27,Years_since_PD_diagnosis | Age | MCATOT | FRZGT12M | SCAU14 | SCAU16 | GDS_TOTAL | NQ_GAUSSIAN_REVISION | NP1RTOT | BMI | NP1SLPD | NP1URIN | NP3GAIT_COMBINED_MAX | NP3PSTBL_COMBINED_MAX | NHY_COMBINED_MAX | NP3TOT_COMBINED_MAX | NP4TOT | NP1CNST | FOG_FORM_MISSING | NQ_FORM_MISSING | PART_IV_FORM_MISSING | DXPOSINS_Missing | DXPOSINS_No | DXPOSINS_Unknown | DXPOSINS_Yes | DXRIGID_No | DXRIGID_Unknown | DXRIGID_Yes | DOPTHERST_Missing | DOPTHERST_No | DOPTHERST_Yes | FEATPOSHYP_No | FEATPOSHYP_Uncertain | FEATPOSHYP_Yes | ANYFAMPD_Missing | ANYFAMPD_No | ANYFAMPD_Yes | DXTREMOR_No | DXTREMOR_Unknown | DXTREMOR_Yes | DXBRADY_No | DXBRADY_Unknown | DXBRADY_Yes | DOMSIDE_Left | DOMSIDE_Right | DOMSIDE_Symmetric | DOMSIDE_Unknown | INT_GAIT_X_POSTURAL_STABILITY,1.2134244580011,0.45661839672728965,0.4550885196046486,0.6482758620689655,0.8383838383838383,0.1935483870967742,0.3333333333333333,0.1935483870967742
0,direct,2,ENG_01,engineering__INT_GAIT_X_POSTURAL_STABILITY,engineered_representation,none,all,INT_GAIT_X_POSTURAL_STABILITY,interaction,catboost,scaled_dense,15,"{""auto_class_weights"": ""Balanced"", ""depth"": 6, ""iterations"": 600, ""l2_leaf_reg"": 5.0, ""learning_rate"": 0.08}",4,583,145,48,27,Years_since_PD_diagnosis | Age | MCATOT | FRZGT12M | SCAU14 | SCAU16 | GDS_TOTAL | NQ_GAUSSIAN_REVISION | NP1RTOT | BMI | NP1SLPD | NP1URIN | NP3GAIT_COMBINED_MAX | NP3PSTBL_COMBINED_MAX | NHY_COMBINED_MAX | NP3TOT_COMBINED_MAX | NP4TOT | NP1CNST | FOG_FORM_MISSING | NQ_FORM_MISSING | PART_IV_FORM_MISSING | DXPOSINS_Missing | DXPOSINS_No | DXPOSINS_Unknown | DXPOSINS_Yes | DXRIGID_No | DXRIGID_Unknown | DXRIGID_Yes | DOPTHERST_Missing | DOPTHERST_No | DOPTHERST_Yes | FEATPOSHYP_No | FEATPOSHYP_Uncertain | FEATPOSHYP_Yes | ANYFAMPD_Missing | ANYFAMPD_No | ANYFAMPD_Yes | DXTREMOR_No | DXTREMOR_Unknown | DXTREMOR_Yes | DXBRADY_No | DXBRADY_Unknown | DXBRADY_Yes | DOMSIDE_Left | DOMSIDE_Right | DOMSIDE_Symmetric | DOMSIDE_Unknown | INT_GAIT_X_POSTURAL_STABILITY,1.1626715830025205,0.41173076923076923,0.4068963443963444,0.5793103448275863,0.7474747474747475,0.1875,0.2857142857142857,0.1875
0,stage_1,1,ENG_06,engineering__PCA_PART_I_PATIENT_3_90,engineered_representation,none,all,PCA_PART_I_PATIENT_3_90,pca,rbf_svc,scaled_dense,0,"{""C"": 0.1, ""class_weight"": null, ""gamma"": ""scale""}",0,582,146,47,27,Years_since_PD_diagnosis | Age | MCATOT | FRZGT12M | SCAU14 | SCAU16 | GDS_TOTAL | NQ_GAUSSIAN_REVISION | NP1RTOT | BMI | NP3GAIT_COMBINED_MAX | NP3PSTBL_COMBINED_MAX | NHY_COMBINED_MAX | NP3TOT_COMBINED_MAX | NP4TOT | FOG_FORM_MISSING | NQ_FORM_MISSING | PART_IV_FORM_MISSING | DXPOSINS_Missing | DXPOSINS_No | DXPOSINS_Unknown | DXPOSINS_Yes | DXRIGID_No | DXRIGID_Unknown | DXRIGID_Yes | DOPTHERST_Missing | DOPTHERST_No | DOPTHERST_Yes | FEATPOSHYP_No | FEATPOSHYP_Uncertain | FEATPOSHYP_Yes | ANYFAMPD_Missing | ANYFAMPD_No | ANYFAMPD_Yes | DXTREMOR_No | DXTREMOR_Unknown | DXTREMOR_Yes | DXBRADY_No | DXBRADY_Unknown | DXBRADY_Yes | DOMSIDE_Left | DOMSIDE_Right | DOMSIDE_Symmetric | DOMSIDE_Unknown | PCA_PART_I_PATIENT_3_90_PC1 | PCA_PART_I_PATIENT_3_90_PC2 | PCA_PART_I_PATIENT_3_90_PC3,0.03723883299971931,0.4065040650406504,0.5,0.684931506849315,1.0,0.0,,0.0
0,stage_1,1,ENG_06,engineering__PCA_PART_I_PATIENT_3_90,engineered_representation,none,all,PCA_PART_I_PATIENT_3_90,pca,rbf_svc,scaled_dense,0,"{""C"": 0.1, ""class_weight"": null, ""gamma"": ""scale""}",1,582,146,46,27,Years_since_PD_diagnosis | Age | MCATOT | FRZGT12M | SCAU14 | SCAU16 | GDS_TOTAL | NQ_GAUSSIAN_REVISION | NP1RTOT | BMI | NP3GAIT_COMBINED_MAX | NP3PSTBL_COMBINED_MAX | NHY_COMBINED_MAX | NP3TOT_COMBINED_MAX | NP4TOT | FOG_FORM_MISSING | NQ_FORM_MISSING | PART_IV_FORM_MISSING | DXPOSINS_No | DXPOSINS_Unknown | DXPOSINS_Yes | DXRIGID_No | DXRIGID_Unknown | DXRIGID_Yes | DOPTHERST_Missing | DOPTHERST_No | DOPTHERST_Yes | FEATPOSHYP_No | FEATPOSHYP_Uncertain | FEATPOSHYP_Yes | ANYFAMPD_Missing | ANYFAMPD_No | ANYFAMPD_Yes | DXTREMOR_No | DXTREMOR_Unknown | DXTREMOR_Yes | DXBRADY_No | DXBRADY_Unknown | DXBRADY_Yes | DOMSIDE_Left | DOMSIDE_Right | DOMSIDE_Symmetric | DOMSIDE_Unknown | PCA_PART_I_PATIENT_3_90_PC1 | PCA_PART_I_PATIENT_3_90_PC2 | PCA_PART_I_PATIENT_3_90_PC3,0.03195904200038058,0.40408163265306124,0.495,0.678082191780822,0.99,0.0,,0.0
0,stage_1,1,ENG_06,engineering__PCA_PART_I_PATIENT_3_90,engineered_representation,none,all,PCA_PART_I_PATIENT_3_90,pca,rbf_svc,scaled_dense,0,"{""C"": 0.1, ""class_weight"": null, ""gamma"": ""scale""}",2,582,146,47,27,Years_since_PD_diagnosis | Age | MCATOT | FRZGT12M | SCAU14 | SCAU16 | GDS_TOTAL | NQ_GAUSSIAN_REVISION | NP1RTOT | BMI | NP3GAIT_COMBINED_MAX | NP3PSTBL_COMBINED_MAX | NHY_COMBINED_MAX | NP3TOT_COMBINED_MAX | NP4TOT | FOG_FORM_MISSING | NQ_FORM_MISSING | PART_IV_FORM_MISSING | DXPOSINS_Missing | DXPOSINS_No | DXPOSINS_Unknown | DXPOSINS_Yes | DXRIGID_No | DXRIGID_Unknown | DXRIGID_Yes | DOPTHERST_Missing | DOPTHERST_No | DOPTHERST_Yes | FEATPOSHYP_No | FEATPOSHYP_Uncertain | FEATPOSHYP_Yes | ANYFAMPD_Missing | ANYFAMPD_No | ANYFAMPD_Yes | DXTREMOR_No | DXTREMOR_Unknown | DXTREMOR_Yes | DXBRADY_No | DXBRADY_Unknown | DXBRADY_Yes | DOMSIDE_Left | DOMSIDE_Right | DOMSIDE_Symmetric | DOMSIDE_Unknown | PCA_PART_I_PATIENT_3_90_PC1 | PCA_PART_I_PATIENT_3_90_PC2 | PCA_PART_I_PATIENT_3_90_PC3,0.032712374999391614,0.4515027322404372,0.5217391304347826,0.6986301369863014,1.0,0.043478260869565216,,0.043478260869565216
0,stage_1,1,ENG_06,engineering__PCA_PART_I_PATIENT_3_90,engineered_representation,none,all,PCA_PART_I_PATIENT_3_90,pca,rbf_svc,scaled_dense,0,"{""C"": 0.1, ""class_weight"": null, ""gamma"": ""scale""}",3,583,145,47,27,Years_since_PD_diagnosis | Age | MCATOT | FRZGT12M | SCAU14 | SCAU16 | GDS_TOTAL | NQ_GAUSSIAN_REVISION | NP1RTOT | BMI | NP3GAIT_COMBINED_MAX | NP3PSTBL_COMBINED_MAX | NHY_COMBINED_MAX | NP3TOT_COMBINED_MAX | NP4TOT | FOG_FORM_MISSING | NQ_FORM_MISSING | PART_IV_FORM_MISSING | DXPOSINS_Missing | DXPOSINS_No | DXPOSINS_Unknown | DXPOSINS_Yes | DXRIGID_No | DXRIGID_Unknown | DXRIGID_Yes | DOPTHERST_Missing | DOPTHERST_No | DOPTHERST_Yes | FEATPOSHYP_No | FEATPOSHYP_Uncertain | FEATPOSHYP_Yes | ANYFAMPD_Missing | ANYFAMPD_No | ANYFAMPD_Yes | DXTREMOR_No | DXTREMOR_Unknown | DXTREMOR_Yes | DXBRADY_No | DXBRADY_Unknown | DXBRADY_Yes | DOMSIDE_Left | DOMSIDE_Right | DOMSIDE_Symmetric | DOMSIDE_Unknown | PCA_PART_I_PATIENT_3_90_PC1 | PCA_PART_I_PATIENT_3_90_PC2 | PCA_PART_I_PATIENT_3_90_PC3,0.03171829199709464,0.4683333333333333,0.5275581906016689,0.696551724137931,0.98989898989899,0.06521739130434782,,0.06521739130434782
0,stage_1,1,ENG_06,engineering__PCA_PART_I_PATIENT_3_90,engineered_representation,none,all,PCA_PART_I_PATIENT_3_90,pca,rbf_svc,scaled_dense,0,"{""C"": 0.1, ""class_weight"": null, ""gamma"": ""scale""}",4,583,145,47,27,Years_since_PD_diagnosis | Age | MCATOT | FRZGT12M | SCAU14 | SCAU16 | GDS_TOTAL | NQ_GAUSSIAN_REVISION | NP1RTOT | BMI | NP3GAIT_COMBINED_MAX | NP3PSTBL_COMBINED_MAX | NHY_COMBINED_MAX | NP3TOT_COMBINED_MAX | NP4TOT | FOG_FORM_MISSING | NQ_FORM_MISSING | PART_IV_FORM_MISSING | DXPOSINS_Missing | DXPOSINS_No | DXPOSINS_Unknown | DXPOSINS_Yes | DXRIGID_No | DXRIGID_Unknown | DXRIGID_Yes | DOPTHERST_Missing | DOPTHERST_No | DOPTHERST_Yes | FEATPOSHYP_No | FEATPOSHYP_Uncertain | FEATPOSHYP_Yes | ANYFAMPD_Missing | ANYFAMPD_No | ANYFAMPD_Yes | DXTREMOR_No | DXTREMOR_Unknown | DXTREMOR_Yes | DXBRADY_No | DXBRADY_Unknown | DXBRADY_Yes | DOMSIDE_Left | DOMSIDE_Right | DOMSIDE_Symmetric | DOMSIDE_Unknown | PCA_PART_I_PATIENT_3_90_PC1 | PCA_PART_I_PATIENT_3_90_PC2 | PCA_PART_I_PATIENT_3_90_PC3,0.032698625000193715,0.4925,0.5434782608695652,0.7103448275862069,1.0,0.08695652173913043,,0.08695652173913043
0,stage_1,1,ENG_06,engineering__PCA_PART_I_PATIENT_3_90,engineered_representation,none,all,PCA_PART_I_PATIENT_3_90,pca,rbf_svc,scaled_dense,1,"{""C"": 0.1, ""class_weight"": ""balanced"", ""gamma"": ""scale""}",0,582,146,47,27,Years_since_PD_diagnosis | Age | MCATOT | FRZGT12M | SCAU14 | SCAU16 | GDS_TOTAL | NQ_GAUSSIAN_REVISION | NP1RTOT | BMI | NP3GAIT_COMBINED_MAX | NP3PSTBL_COMBINED_MAX | NHY_COMBINED_MAX | NP3TOT_COMBINED_MAX | NP4TOT | FOG_FORM_MISSING | NQ_FORM_MISSING | PART_IV_FORM_MISSING | DXPOSINS_Missing | DXPOSINS_No | DXPOSINS_Unknown | DXPOSINS_Yes | DXRIGID_No | DXRIGID_Unknown | DXRIGID_Yes | DOPTHERST_Missing | DOPTHERST_No | DOPTHERST_Yes | FEATPOSHYP_No | FEATPOSHYP_Uncertain | FEATPOSHYP_Yes | ANYFAMPD_Missing | ANYFAMPD_No | ANYFAMPD_Yes | DXTREMOR_No | DXTREMOR_Unknown | DXTREMOR_Yes | DXBRADY_No | DXBRADY_Unknown | DXBRADY_Yes | DOMSIDE_Left | DOMSIDE_Right | DOMSIDE_Symmetric | DOMSIDE_Unknown | PCA_PART_I_PATIENT_3_90_PC1 | PCA_PART_I_PATIENT_3_90_PC2 | PCA_PART_I_PATIENT_3_90_PC3,0.03487420799865504,0.687521775919566,0.7145652173913043,0.7054794520547946,0.69,0.7391304347826086,,0.7391304347826086
0,stage_1,1,ENG_06,engineering__PCA_PART_I_PATIENT_3_90,engineered_representation,none,all,PCA_PART_I_PATIENT_3_90,pca,rbf_svc,scaled_dense,1,"{""C"": 0.1, ""class_weight"": ""balanced"", ""gamma"": ""scale""}",1,582,146,46,27,Years_since_PD_diagnosis | Age | MCATOT | FRZGT12M | SCAU14 | SCAU16 | GDS_TOTAL | NQ_GAUSSIAN_REVISION | NP1RTOT | BMI | NP3GAIT_COMBINED_MAX | NP3PSTBL_COMBINED_MAX | NHY_COMBINED_MAX | NP3TOT_COMBINED_MAX | NP4TOT | FOG_FORM_MISSING | NQ_FORM_MISSING | PART_IV_FORM_MISSING | DXPOSINS_No | DXPOSINS_Unknown | DXPOSINS_Yes | DXRIGID_No | DXRIGID_Unknown | DXRIGID_Yes | DOPTHERST_Missing | DOPTHERST_No | DOPTHERST_Yes | FEATPOSHYP_No | FEATPOSHYP_Uncertain | FEATPOSHYP_Yes | ANYFAMPD_Missing | ANYFAMPD_No | ANYFAMPD_Yes | DXTREMOR_No | DXTREMOR_Unknown | DXTREMOR_Yes | DXBRADY_No | DXBRADY_Unknown | DXBRADY_Yes | DOMSIDE_Left | DOMSIDE_Right | DOMSIDE_Symmetric | DOMSIDE_Unknown | PCA_PART_I_PATIENT_3_90_PC1 | PCA_PART_I_PATIENT_3_90_PC2 | PCA_PART_I_PATIENT_3_90_PC3,0.03467412500322098,0.6978119455943228,0.731304347826087,0.7123287671232876,0.68,0.782608695652174,,0.782608695652174
0,stage_1,1,ENG_06,engineering__PCA_PART_I_PATIENT_3_90,engineered_representation,none,all,PCA_PART_I_PATIENT_3_90,pca,rbf_svc,scaled_dense,1,"{""C"": 0.1, ""class_weight"": ""balanced"", ""gamma"": ""scale""}",2,582,146,47,27,Years_since_PD_diagnosis | Age | MCATOT | FRZGT12M | SCAU14 | SCAU16 | GDS_TOTAL | NQ_GAUSSIAN_REVISION | NP1RTOT | BMI | NP3GAIT_COMBINED_MAX | NP3PSTBL_COMBINED_MAX | NHY_COMBINED_MAX | NP3TOT_COMBINED_MAX | NP4TOT | FOG_FORM_MISSING | NQ_FORM_MISSING | PART_IV_FORM_MISSING | DXPOSINS_Missing | DXPOSINS_No | DXPOSINS_Unknown | DXPOSINS_Yes | DXRIGID_No | DXRIGID_Unknown | DXRIGID_Yes | DOPTHERST_Missing | DOPTHERST_No | DOPTHERST_Yes | FEATPOSHYP_No | FEATPOSHYP_Uncertain | FEATPOSHYP_Yes | ANYFAMPD_Missing | ANYFAMPD_No | ANYFAMPD_Yes | DXTREMOR_No | DXTREMOR_Unknown | DXTREMOR_Yes | DXBRADY_No | DXBRADY_Unknown | DXBRADY_Yes | DOMSIDE_Left | DOMSIDE_Right | DOMSIDE_Symmetric | DOMSIDE_Unknown | PCA_PART_I_PATIENT_3_90_PC1 | PCA_PART_I_PATIENT_3_90_PC2 | PCA_PART_I_PATIENT_3_90_PC3,0.035498416000336874,0.6951362363127069,0.7128260869565217,0.7191780821917808,0.73,0.6956521739130435,,0.6956521739130435
0,stage_1,1,ENG_06,engineering__PCA_PART_I_PATIENT_3_90,engineered_representation,none,all,PCA_PART_I_PATIENT_3_90,pca,rbf_svc,scaled_dense,1,"{""C"": 0.1, ""class_weight"": ""balanced"", ""gamma"": ""scale""}",3,583,145,47,27,Years_since_PD_diagnosis | Age | MCATOT | FRZGT12M | SCAU14 | SCAU16 | GDS_TOTAL | NQ_GAUSSIAN_REVISION | NP1RTOT | BMI | NP3GAIT_COMBINED_MAX | NP3PSTBL_COMBINED_MAX | NHY_COMBINED_MAX | NP3TOT_COMBINED_MAX | NP4TOT | FOG_FORM_MISSING | NQ_FORM_MISSING | PART_IV_FORM_MISSING | DXPOSINS_Missing | DXPOSINS_No | DXPOSINS_Unknown | DXPOSINS_Yes | DXRIGID_No | DXRIGID_Unknown | DXRIGID_Yes | DOPTHERST_Missing | DOPTHERST_No | DOPTHERST_Yes | FEATPOSHYP_No | FEATPOSHYP_Uncertain | FEATPOSHYP_Yes | ANYFAMPD_Missing | ANYFAMPD_No | ANYFAMPD_Yes | DXTREMOR_No | DXTREMOR_Unknown | DXTREMOR_Yes | DXBRADY_No | DXBRADY_Unknown | DXBRADY_Yes | DOMSIDE_Left | DOMSIDE_Right | DOMSIDE_Symmetric | DOMSIDE_Unknown | PCA_PART_I_PATIENT_3_90_PC1 | PCA_PART_I_PATIENT_3_90_PC2 | PCA_PART_I_PATIENT_3_90_PC3,0.03504716699899291,0.6763392857142857,0.6831357048748353,0.7103448275862069,0.7575757575757576,0.6086956521739131,,0.6086956521739131
0,stage_1,1,ENG_06,engineering__PCA_PART_I_PATIENT_3_90,engineered_representation,none,all,PCA_PART_I_PATIENT_3_90,pca,rbf_svc,scaled_dense,1,"{""C"": 0.1, ""class_weight"": ""balanced"", ""gamma"": ""scale""}",4,583,145,47,27,Years_since_PD_diagnosis | Age | MCATOT | FRZGT12M | SCAU14 | SCAU16 | GDS_TOTAL | NQ_GAUSSIAN_REVISION | NP1RTOT | BMI | NP3GAIT_COMBINED_MAX | NP3PSTBL_COMBINED_MAX | NHY_COMBINED_MAX | NP3TOT_COMBINED_MAX | NP4TOT | FOG_FORM_MISSING | NQ_FORM_MISSING | PART_IV_FORM_MISSING | DXPOSINS_Missing | DXPOSINS_No | DXPOSINS_Unknown | DXPOSINS_Yes | DXRIGID_No | DXRIGID_Unknown | DXRIGID_Yes | DOPTHERST_Missing | DOPTHERST_No | DOPTHERST_Yes | FEATPOSHYP_No | FEATPOSHYP_Uncertain | FEATPOSHYP_Yes | ANYFAMPD_Missing | ANYFAMPD_No | ANYFAMPD_Yes | DXTREMOR_No | DXTREMOR_Unknown | DXTREMOR_Yes | DXBRADY_No | DXBRADY_Unknown | DXBRADY_Yes | DOMSIDE_Left | DOMSIDE_Right | DOMSIDE_Symmetric | DOMSIDE_Unknown | PCA_PART_I_PATIENT_3_90_PC1 | PCA_PART_I_PATIENT_3_90_PC2 | PCA_PART_I_PATIENT_3_90_PC3,0.03445262499735691,0.6401985111662531,0.652832674571805,0.6689655172413793,0.696969696969697,0.6086956521739131,,0.6086956521739131
0,stage_1,1,ENG_06,engineering__PCA_PART_I_PATIENT_3_90,engineered_representation,none,all,PCA_PART_I_PATIENT_3_90,pca,rbf_svc,scaled_dense,2,"{""C"": 0.1, ""class_weight"": null, ""gamma"": 0.01}",0,582,146,47,27,Years_since_PD_diagnosis | Age | MCATOT | FRZGT12M | SCAU14 | SCAU16 | GDS_TOTAL | NQ_GAUSSIAN_REVISION | NP1RTOT | BMI | NP3GAIT_COMBINED_MAX | NP3PSTBL_COMBINED_MAX | NHY_COMBINED_MAX | NP3TOT_COMBINED_MAX | NP4TOT | FOG_FORM_MISSING | NQ_FORM_MISSING | PART_IV_FORM_MISSING | DXPOSINS_Missing | DXPOSINS_No | DXPOSINS_Unknown | DXPOSINS_Yes | DXRIGID_No | DXRIGID_Unknown | DXRIGID_Yes | DOPTHERST_Missing | DOPTHERST_No | DOPTHERST_Yes | FEATPOSHYP_No | FEATPOSHYP_Uncertain | FEATPOSHYP_Yes | ANYFAMPD_Missing | ANYFAMPD_No | ANYFAMPD_Yes | DXTREMOR_No | DXTREMOR_Unknown | DXTREMOR_Yes | DXBRADY_No | DXBRADY_Unknown | DXBRADY_Yes | DOMSIDE_Left | DOMSIDE_Right | DOMSIDE_Symmetric | DOMSIDE_Unknown | PCA_PART_I_PATIENT_3_90_PC1 | PCA_PART_I_PATIENT_3_90_PC2 | PCA_PART_I_PATIENT_3_90_PC3,0.03130612499808194,0.5855772919064058,0.5978260869565217,0.7465753424657534,1.0,0.1956521739130435,,0.1956521739130435
0,stage_1,1,ENG_06,engineering__PCA_PART_I_PATIENT_3_90,engineered_representation,none,all,PCA_PART_I_PATIENT_3_90,pca,rbf_svc,scaled_dense,2,"{""C"": 0.1, ""class_weight"": null, ""gamma"": 0.01}",1,582,146,46,27,Years_since_PD_diagnosis | Age | MCATOT | FRZGT12M | SCAU14 | SCAU16 | GDS_TOTAL | NQ_GAUSSIAN_REVISION | NP1RTOT | BMI | NP3GAIT_COMBINED_MAX | NP3PSTBL_COMBINED_MAX | NHY_COMBINED_MAX | NP3TOT_COMBINED_MAX | NP4TOT | FOG_FORM_MISSING | NQ_FORM_MISSING | PART_IV_FORM_MISSING | DXPOSINS_No | DXPOSINS_Unknown | DXPOSINS_Yes | DXRIGID_No | DXRIGID_Unknown | DXRIGID_Yes | DOPTHERST_Missing | DOPTHERST_No | DOPTHERST_Yes | FEATPOSHYP_No | FEATPOSHYP_Uncertain | FEATPOSHYP_Yes | ANYFAMPD_Missing | ANYFAMPD_No | ANYFAMPD_Yes | DXTREMOR_No | DXTREMOR_Unknown | DXTREMOR_Yes | DXBRADY_No | DXBRADY_Unknown | DXBRADY_Yes | DOMSIDE_Left | DOMSIDE_Right | DOMSIDE_Symmetric | DOMSIDE_Unknown | PCA_PART_I_PATIENT_3_90_PC1 | PCA_PART_I_PATIENT_3_90_PC2 | PCA_PART_I_PATIENT_3_90_PC3,0.030905958999937866,0.5001556178026766,0.5393478260869565,0.6986301369863014,0.97,0.10869565217391304,,0.10869565217391304
0,stage_1,1,ENG_06,engineering__PCA_PART_I_PATIENT_3_90,engineered_representation,none,all,PCA_PART_I_PATIENT_3_90,pca,rbf_svc,scaled_dense,2,"{""C"": 0.1, ""class_weight"": null, ""gamma"": 0.01}",2,582,146,47,27,Years_since_PD_diagnosis | Age | MCATOT | FRZGT12M | SCAU14 | SCAU16 | GDS_TOTAL | NQ_GAUSSIAN_REVISION | NP1RTOT | BMI | NP3GAIT_COMBINED_MAX | NP3PSTBL_COMBINED_MAX | NHY_COMBINED_MAX | NP3TOT_COMBINED_MAX | NP4TOT | FOG_FORM_MISSING | NQ_FORM_MISSING | PART_IV_FORM_MISSING | DXPOSINS_Missing | DXPOSINS_No | DXPOSINS_Unknown | DXPOSINS_Yes | DXRIGID_No | DXRIGID_Unknown | DXRIGID_Yes | DOPTHERST_Missing | DOPTHERST_No | DOPTHERST_Yes | FEATPOSHYP_No | FEATPOSHYP_Uncertain | FEATPOSHYP_Yes | ANYFAMPD_Missing | ANYFAMPD_No | ANYFAMPD_Yes | DXTREMOR_No | DXTREMOR_Unknown | DXTREMOR_Yes | DXBRADY_No | DXBRADY_Unknown | DXBRADY_Yes | DOMSIDE_Left | DOMSIDE_Right | DOMSIDE_Symmetric | DOMSIDE_Unknown | PCA_PART_I_PATIENT_3_90_PC1 | PCA_PART_I_PATIENT_3_90_PC2 | PCA_PART_I_PATIENT_3_90_PC3,0.031545249999908265,0.553116834639791,0.5719565217391305,0.7191780821917808,0.97,0.17391304347826086,,0.17391304347826086
0,stage_1,1,ENG_06,engineering__PCA_PART_I_PATIENT_3_90,engineered_representation,none,all,PCA_PART_I_PATIENT_3_90,pca,rbf_svc,scaled_dense,2,"{""C"": 0.1, ""class_weight"": null, ""gamma"": 0.01}",3,583,145,47,27,Years_since_PD_diagnosis | Age | MCATOT | FRZGT12M | SCAU14 | SCAU16 | GDS_TOTAL | NQ_GAUSSIAN_REVISION | NP1RTOT | BMI | NP3GAIT_COMBINED_MAX | NP3PSTBL_COMBINED_MAX | NHY_COMBINED_MAX | NP3TOT_COMBINED_MAX | NP4TOT | FOG_FORM_MISSING | NQ_FORM_MISSING | PART_IV_FORM_MISSING | DXPOSINS_Missing | DXPOSINS_No | DXPOSINS_Unknown | DXPOSINS_Yes | DXRIGID_No | DXRIGID_Unknown | DXRIGID_Yes | DOPTHERST_Missing | DOPTHERST_No | DOPTHERST_Yes | FEATPOSHYP_No | FEATPOSHYP_Uncertain | FEATPOSHYP_Yes | ANYFAMPD_Missing | ANYFAMPD_No | ANYFAMPD_Yes | DXTREMOR_No | DXTREMOR_Unknown | DXTREMOR_Yes | DXBRADY_No | DXBRADY_Unknown | DXBRADY_Yes | DOMSIDE_Left | DOMSIDE_Right | DOMSIDE_Symmetric | DOMSIDE_Unknown | PCA_PART_I_PATIENT_3_90_PC1 | PCA_PART_I_PATIENT_3_90_PC2 | PCA_PART_I_PATIENT_3_90_PC3,0.03176629100198625,0.5036223230634503,0.5442468159859464,0.7034482758620689,0.9797979797979798,0.10869565217391304,,0.10869565217391304
0,stage_1,1,ENG_06,engineering__PCA_PART_I_PATIENT_3_90,engineered_representation,none,all,PCA_PART_I_PATIENT_3_90,pca,rbf_svc,scaled_dense,2,"{""C"": 0.1, ""class_weight"": null, ""gamma"": 0.01}",4,583,145,47,27,Years_since_PD_diagnosis | Age | MCATOT | FRZGT12M | SCAU14 | SCAU16 | GDS_TOTAL | NQ_GAUSSIAN_REVISION | NP1RTOT | BMI | NP3GAIT_COMBINED_MAX | NP3PSTBL_COMBINED_MAX | NHY_COMBINED_MAX | NP3TOT_COMBINED_MAX | NP4TOT | FOG_FORM_MISSING | NQ_FORM_MISSING | PART_IV_FORM_MISSING | DXPOSINS_Missing | DXPOSINS_No | DXPOSINS_Unknown | DXPOSINS_Yes | DXRIGID_No | DXRIGID_Unknown | DXRIGID_Yes | DOPTHERST_Missing | DOPTHERST_No | DOPTHERST_Yes | FEATPOSHYP_No | FEATPOSHYP_Uncertain | FEATPOSHYP_Yes | ANYFAMPD_Missing | ANYFAMPD_No | ANYFAMPD_Yes | DXTREMOR_No | DXTREMOR_Unknown | DXTREMOR_Yes | DXBRADY_No | DXBRADY_Unknown | DXBRADY_Yes | DOMSIDE_Left | DOMSIDE_Right | DOMSIDE_Symmetric | DOMSIDE_Unknown | PCA_PART_I_PATIENT_3_90_PC1 | PCA_PART_I_PATIENT_3_90_PC2 | PCA_PART_I_PATIENT_3_90_PC3,0.032528374998946674,0.6007246376811594,0.6044137022397892,0.7379310344827587,0.9696969696969697,0.2391304347826087,,0.2391304347826087
0,stage_1,1,ENG_06,engineering__PCA_PART_I_PATIENT_3_90,engineered_representation,none,all,PCA_PART_I_PATIENT_3_90,pca,rbf_svc,scaled_dense,3,"{""C"": 0.1, ""class_weight"": ""balanced"", ""gamma"": 0.01}",0,582,146,47,27,Years_since_PD_diagnosis | Age | MCATOT | FRZGT12M | SCAU14 | SCAU16 | GDS_TOTAL | NQ_GAUSSIAN_REVISION | NP1RTOT | BMI | NP3GAIT_COMBINED_MAX | NP3PSTBL_COMBINED_MAX | NHY_COMBINED_MAX | NP3TOT_COMBINED_MAX | NP4TOT | FOG_FORM_MISSING | NQ_FORM_MISSING | PART_IV_FORM_MISSING | DXPOSINS_Missing | DXPOSINS_No | DXPOSINS_Unknown | DXPOSINS_Yes | DXRIGID_No | DXRIGID_Unknown | DXRIGID_Yes | DOPTHERST_Missing | DOPTHERST_No | DOPTHERST_Yes | FEATPOSHYP_No | FEATPOSHYP_Uncertain | FEATPOSHYP_Yes | ANYFAMPD_Missing | ANYFAMPD_No | ANYFAMPD_Yes | DXTREMOR_No | DXTREMOR_Unknown | DXTREMOR_Yes | DXBRADY_No | DXBRADY_Unknown | DXBRADY_Yes | DOMSIDE_Left | DOMSIDE_Right | DOMSIDE_Symmetric | DOMSIDE_Unknown | PCA_PART_I_PATIENT_3_90_PC1 | PCA_PART_I_PATIENT_3_90_PC2 | PCA_PART_I_PATIENT_3_90_PC3,0.035572332999436185,0.6986584107327141,0.7119565217391304,0.726027397260274,0.75,0.6739130434782609,,0.6739130434782609
0,stage_1,1,ENG_06,engineering__PCA_PART_I_PATIENT_3_90,engineered_representation,none,all,PCA_PART_I_PATIENT_3_90,pca,rbf_svc,scaled_dense,3,"{""C"": 0.1, ""class_weight"": ""balanced"", ""gamma"": 0.01}",1,582,146,46,27,Years_since_PD_diagnosis | Age | MCATOT | FRZGT12M | SCAU14 | SCAU16 | GDS_TOTAL | NQ_GAUSSIAN_REVISION | NP1RTOT | BMI | NP3GAIT_COMBINED_MAX | NP3PSTBL_COMBINED_MAX | NHY_COMBINED_MAX | NP3TOT_COMBINED_MAX | NP4TOT | FOG_FORM_MISSING | NQ_FORM_MISSING | PART_IV_FORM_MISSING | DXPOSINS_No | DXPOSINS_Unknown | DXPOSINS_Yes | DXRIGID_No | DXRIGID_Unknown | DXRIGID_Yes | DOPTHERST_Missing | DOPTHERST_No | DOPTHERST_Yes | FEATPOSHYP_No | FEATPOSHYP_Uncertain | FEATPOSHYP_Yes | ANYFAMPD_Missing | ANYFAMPD_No | ANYFAMPD_Yes | DXTREMOR_No | DXTREMOR_Unknown | DXTREMOR_Yes | DXBRADY_No | DXBRADY_Unknown | DXBRADY_Yes | DOMSIDE_Left | DOMSIDE_Right | DOMSIDE_Symmetric | DOMSIDE_Unknown | PCA_PART_I_PATIENT_3_90_PC1 | PCA_PART_I_PATIENT_3_90_PC2 | PCA_PART_I_PATIENT_3_90_PC3,0.03443891600181814,0.7235430254576057,0.7319565217391304,0.7534246575342466,0.79,0.6739130434782609,,0.6739130434782609
0,stage_1,1,ENG_06,engineering__PCA_PART_I_PATIENT_3_90,engineered_representation,none,all,PCA_PART_I_PATIENT_3_90,pca,rbf_svc,scaled_dense,3,"{""C"": 0.1, ""class_weight"": ""balanced"", ""gamma"": 0.01}",2,582,146,47,27,Years_since_PD_diagnosis | Age | MCATOT | FRZGT12M | SCAU14 | SCAU16 | GDS_TOTAL | NQ_GAUSSIAN_REVISION | NP1RTOT | BMI | NP3GAIT_COMBINED_MAX | NP3PSTBL_COMBINED_MAX | NHY_COMBINED_MAX | NP3TOT_COMBINED_MAX | NP4TOT | FOG_FORM_MISSING | NQ_FORM_MISSING | PART_IV_FORM_MISSING | DXPOSINS_Missing | DXPOSINS_No | DXPOSINS_Unknown | DXPOSINS_Yes | DXRIGID_No | DXRIGID_Unknown | DXRIGID_Yes | DOPTHERST_Missing | DOPTHERST_No | DOPTHERST_Yes | FEATPOSHYP_No | FEATPOSHYP_Uncertain | FEATPOSHYP_Yes | ANYFAMPD_Missing | ANYFAMPD_No | ANYFAMPD_Yes | DXTREMOR_No | DXTREMOR_Unknown | DXTREMOR_Yes | DXBRADY_No | DXBRADY_Unknown | DXBRADY_Yes | DOMSIDE_Left | DOMSIDE_Right | DOMSIDE_Symmetric | DOMSIDE_Unknown | PCA_PART_I_PATIENT_3_90_PC1 | PCA_PART_I_PATIENT_3_90_PC2 | PCA_PART_I_PATIENT_3_90_PC3,0.033702666998578934,0.6989690721649484,0.7052173913043478,0.7328767123287672,0.78,0.6304347826086957,,0.6304347826086957
0,stage_1,1,ENG_06,engineering__PCA_PART_I_PATIENT_3_90,engineered_representation,none,all,PCA_PART_I_PATIENT_3_90,pca,rbf_svc,scaled_dense,3,"{""C"": 0.1, ""class_weight"": ""balanced"", ""gamma"": 0.01}",3,583,145,47,27,Years_since_PD_diagnosis | Age | MCATOT | FRZGT12M | SCAU14 | SCAU16 | GDS_TOTAL | NQ_GAUSSIAN_REVISION | NP1RTOT | BMI | NP3GAIT_COMBINED_MAX | NP3PSTBL_COMBINED_MAX | NHY_COMBINED_MAX | NP3TOT_COMBINED_MAX | NP4TOT | FOG_FORM_MISSING | NQ_FORM_MISSING | PART_IV_FORM_MISSING | DXPOSINS_Missing | DXPOSINS_No | DXPOSINS_Unknown | DXPOSINS_Yes | DXRIGID_No | DXRIGID_Unknown | DXRIGID_Yes | DOPTHERST_Missing | DOPTHERST_No | DOPTHERST_Yes | FEATPOSHYP_No | FEATPOSHYP_Uncertain | FEATPOSHYP_Yes | ANYFAMPD_Missing | ANYFAMPD_No | ANYFAMPD_Yes | DXTREMOR_No | DXTREMOR_Unknown | DXTREMOR_Yes | DXBRADY_No | DXBRADY_Unknown | DXBRADY_Yes | DOMSIDE_Left | DOMSIDE_Right | DOMSIDE_Symmetric | DOMSIDE_Unknown | PCA_PART_I_PATIENT_3_90_PC1 | PCA_PART_I_PATIENT_3_90_PC2 | PCA_PART_I_PATIENT_3_90_PC3,0.033324542000627844,0.6616666666666666,0.6598594642072904,0.7103448275862069,0.797979797979798,0.5217391304347826,,0.5217391304347826
0,stage_1,1,ENG_06,engineering__PCA_PART_I_PATIENT_3_90,engineered_representation,none,all,PCA_PART_I_PATIENT_3_90,pca,rbf_svc,scaled_dense,3,"{""C"": 0.1, ""class_weight"": ""balanced"", ""gamma"": 0.01}",4,583,145,47,27,Years_since_PD_diagnosis | Age | MCATOT | FRZGT12M | SCAU14 | SCAU16 | GDS_TOTAL | NQ_GAUSSIAN_REVISION | NP1RTOT | BMI | NP3GAIT_COMBINED_MAX | NP3PSTBL_COMBINED_MAX | NHY_COMBINED_MAX | NP3TOT_COMBINED_MAX | NP4TOT | FOG_FORM_MISSING | NQ_FORM_MISSING | PART_IV_FORM_MISSING | DXPOSINS_Missing | DXPOSINS_No | DXPOSINS_Unknown | DXPOSINS_Yes | DXRIGID_No | DXRIGID_Unknown | DXRIGID_Yes | DOPTHERST_Missing | DOPTHERST_No | DOPTHERST_Yes | FEATPOSHYP_No | FEATPOSHYP_Uncertain | FEATPOSHYP_Yes | ANYFAMPD_Missing | ANYFAMPD_No | ANYFAMPD_Yes | DXTREMOR_No | DXTREMOR_Unknown | DXTREMOR_Yes | DXBRADY_No | DXBRADY_Unknown | DXBRADY_Yes | DOMSIDE_Left | DOMSIDE_Right | DOMSIDE_Symmetric | DOMSIDE_Unknown | PCA_PART_I_PATIENT_3_90_PC1 | PCA_PART_I_PATIENT_3_90_PC2 | PCA_PART_I_PATIENT_3_90_PC3,0.03373354200084577,0.6418599656357389,0.6454765041721564,0.6827586206896552,0.7474747474747475,0.5434782608695652,,0.5434782608695652
0,stage_1,1,ENG_06,engineering__PCA_PART_I_PATIENT_3_90,engineered_representation,none,all,PCA_PART_I_PATIENT_3_90,pca,rbf_svc,scaled_dense,4,"{""C"": 0.1, ""class_weight"": null, ""gamma"": 0.1}",0,582,146,47,27,Years_since_PD_diagnosis | Age | MCATOT | FRZGT12M | SCAU14 | SCAU16 | GDS_TOTAL | NQ_GAUSSIAN_REVISION | NP1RTOT | BMI | NP3GAIT_COMBINED_MAX | NP3PSTBL_COMBINED_MAX | NHY_COMBINED_MAX | NP3TOT_COMBINED_MAX | NP4TOT | FOG_FORM_MISSING | NQ_FORM_MISSING | PART_IV_FORM_MISSING | DXPOSINS_Missing | DXPOSINS_No | DXPOSINS_Unknown | DXPOSINS_Yes | DXRIGID_No | DXRIGID_Unknown | DXRIGID_Yes | DOPTHERST_Missing | DOPTHERST_No | DOPTHERST_Yes | FEATPOSHYP_No | FEATPOSHYP_Uncertain | FEATPOSHYP_Yes | ANYFAMPD_Missing | ANYFAMPD_No | ANYFAMPD_Yes | DXTREMOR_No | DXTREMOR_Unknown | DXTREMOR_Yes | DXBRADY_No | DXBRADY_Unknown | DXBRADY_Yes | DOMSIDE_Left | DOMSIDE_Right | DOMSIDE_Symmetric | DOMSIDE_Unknown | PCA_PART_I_PATIENT_3_90_PC1 | PCA_PART_I_PATIENT_3_90_PC2 | PCA_PART_I_PATIENT_3_90_PC3,0.033252332999836653,0.4065040650406504,0.5,0.684931506849315,1.0,0.0,,0.0
0,stage_1,1,ENG_06,engineering__PCA_PART_I_PATIENT_3_90,engineered_representation,none,all,PCA_PART_I_PATIENT_3_90,pca,rbf_svc,scaled_dense,4,"{""C"": 0.1, ""class_weight"": null, ""gamma"": 0.1}",1,582,146,46,27,Years_since_PD_diagnosis | Age | MCATOT | FRZGT12M | SCAU14 | SCAU16 | GDS_TOTAL | NQ_GAUSSIAN_REVISION | NP1RTOT | BMI | NP3GAIT_COMBINED_MAX | NP3PSTBL_COMBINED_MAX | NHY_COMBINED_MAX | NP3TOT_COMBINED_MAX | NP4TOT | FOG_FORM_MISSING | NQ_FORM_MISSING | PART_IV_FORM_MISSING | DXPOSINS_No | DXPOSINS_Unknown | DXPOSINS_Yes | DXRIGID_No | DXRIGID_Unknown | DXRIGID_Yes | DOPTHERST_Missing | DOPTHERST_No | DOPTHERST_Yes | FEATPOSHYP_No | FEATPOSHYP_Uncertain | FEATPOSHYP_Yes | ANYFAMPD_Missing | ANYFAMPD_No | ANYFAMPD_Yes | DXTREMOR_No | DXTREMOR_Unknown | DXTREMOR_Yes | DXBRADY_No | DXBRADY_Unknown | DXBRADY_Yes | DOMSIDE_Left | DOMSIDE_Right | DOMSIDE_Symmetric | DOMSIDE_Unknown | PCA_PART_I_PATIENT_3_90_PC1 | PCA_PART_I_PATIENT_3_90_PC2 | PCA_PART_I_PATIENT_3_90_PC3,0.03242345800026669,0.4065040650406504,0.5,0.684931506849315,1.0,0.0,,0.0
0,stage_1,1,ENG_06,engineering__PCA_PART_I_PATIENT_3_90,engineered_representation,none,all,PCA_PART_I_PATIENT_3_90,pca,rbf_svc,scaled_dense,4,"{""C"": 0.1, ""class_weight"": null, ""gamma"": 0.1}",2,582,146,47,27,Years_since_PD_diagnosis | Age | MCATOT | FRZGT12M | SCAU14 | SCAU16 | GDS_TOTAL | NQ_GAUSSIAN_REVISION | NP1RTOT | BMI | NP3GAIT_COMBINED_MAX | NP3PSTBL_COMBINED_MAX | NHY_COMBINED_MAX | NP3TOT_COMBINED_MAX | NP4TOT | FOG_FORM_MISSING | NQ_FORM_MISSING | PART_IV_FORM_MISSING | DXPOSINS_Missing | DXPOSINS_No | DXPOSINS_Unknown | DXPOSINS_Yes | DXRIGID_No | DXRIGID_Unknown | DXRIGID_Yes | DOPTHERST_Missing | DOPTHERST_No | DOPTHERST_Yes | FEATPOSHYP_No | FEATPOSHYP_Uncertain | FEATPOSHYP_Yes | ANYFAMPD_Missing | ANYFAMPD_No | ANYFAMPD_Yes | DXTREMOR_No | DXTREMOR_Unknown | DXTREMOR_Yes | DXBRADY_No | DXBRADY_Unknown | DXBRADY_Yes | DOMSIDE_Left | DOMSIDE_Right | DOMSIDE_Symmetric | DOMSIDE_Unknown | PCA_PART_I_PATIENT_3_90_PC1 | PCA_PART_I_PATIENT_3_90_PC2 | PCA_PART_I_PATIENT_3_90_PC3,0.03336795799987158,0.4065040650406504,0.5,0.684931506849315,1.0,0.0,,0.0
0,stage_1,1,ENG_06,engineering__PCA_PART_I_PATIENT_3_90,engineered_representation,none,all,PCA_PART_I_PATIENT_3_90,pca,rbf_svc,scaled_dense,4,"{""C"": 0.1, ""class_weight"": null, ""gamma"": 0.1}",3,583,145,47,27,Years_since_PD_diagnosis | Age | MCATOT | FRZGT12M | SCAU14 | SCAU16 | GDS_TOTAL | NQ_GAUSSIAN_REVISION | NP1RTOT | BMI | NP3GAIT_COMBINED_MAX | NP3PSTBL_COMBINED_MAX | NHY_COMBINED_MAX | NP3TOT_COMBINED_MAX | NP4TOT | FOG_FORM_MISSING | NQ_FORM_MISSING | PART_IV_FORM_MISSING | DXPOSINS_Missing | DXPOSINS_No | DXPOSINS_Unknown | DXPOSINS_Yes | DXRIGID_No | DXRIGID_Unknown | DXRIGID_Yes | DOPTHERST_Missing | DOPTHERST_No | DOPTHERST_Yes | FEATPOSHYP_No | FEATPOSHYP_Uncertain | FEATPOSHYP_Yes | ANYFAMPD_Missing | ANYFAMPD_No | ANYFAMPD_Yes | DXTREMOR_No | DXTREMOR_Unknown | DXTREMOR_Yes | DXBRADY_No | DXBRADY_Unknown | DXBRADY_Yes | DOMSIDE_Left | DOMSIDE_Right | DOMSIDE_Symmetric | DOMSIDE_Unknown | PCA_PART_I_PATIENT_3_90_PC1 | PCA_PART_I_PATIENT_3_90_PC2 | PCA_PART_I_PATIENT_3_90_PC3,0.03274766599861323,0.4057377049180328,0.5,0.6827586206896552,1.0,0.0,,0.0
0,stage_1,1,ENG_06,engineering__PCA_PART_I_PATIENT_3_90,engineered_representation,none,all,PCA_PART_I_PATIENT_3_90,pca,rbf_svc,scaled_dense,4,"{""C"": 0.1, ""class_weight"": null, ""gamma"": 0.1}",4,583,145,47,27,Years_since_PD_diagnosis | Age | MCATOT | FRZGT12M | SCAU14 | SCAU16 | GDS_TOTAL | NQ_GAUSSIAN_REVISION | NP1RTOT | BMI | NP3GAIT_COMBINED_MAX | NP3PSTBL_COMBINED_MAX | NHY_COMBINED_MAX | NP3TOT_COMBINED_MAX | NP4TOT | FOG_FORM_MISSING | NQ_FORM_MISSING | PART_IV_FORM_MISSING | DXPOSINS_Missing | DXPOSINS_No | DXPOSINS_Unknown | DXPOSINS_Yes | DXRIGID_No | DXRIGID_Unknown | DXRIGID_Yes | DOPTHERST_Missing | DOPTHERST_No | DOPTHERST_Yes | FEATPOSHYP_No | FEATPOSHYP_Uncertain | FEATPOSHYP_Yes | ANYFAMPD_Missing | ANYFAMPD_No | ANYFAMPD_Yes | DXTREMOR_No | DXTREMOR_Unknown | DXTREMOR_Yes | DXBRADY_No | DXBRADY_Unknown | DXBRADY_Yes | DOMSIDE_Left | DOMSIDE_Right | DOMSIDE_Symmetric | DOMSIDE_Unknown | PCA_PART_I_PATIENT_3_90_PC1 | PCA_PART_I_PATIENT_3_90_PC2 | PCA_PART_I_PATIENT_3_90_PC3,0.032935041999735404,0.4057377049180328,0.5,0.6827586206896552,1.0,0.0,,0.0
0,stage_1,1,ENG_06,engineering__PCA_PART_I_PATIENT_3_90,engineered_representation,none,all,PCA_PART_I_PATIENT_3_90,pca,rbf_svc,scaled_dense,5,"{""C"": 0.1, ""class_weight"": ""balanced"", ""gamma"": 0.1}",0,582,146,47,27,Years_since_PD_diagnosis | Age | MCATOT | FRZGT12M | SCAU14 | SCAU16 | GDS_TOTAL | NQ_GAUSSIAN_REVISION | NP1RTOT | BMI | NP3GAIT_COMBINED_MAX | NP3PSTBL_COMBINED_MAX | NHY_COMBINED_MAX | NP3TOT_COMBINED_MAX | NP4TOT | FOG_FORM_MISSING | NQ_FORM_MISSING | PART_IV_FORM_MISSING | DXPOSINS_Missing | DXPOSINS_No | DXPOSINS_Unknown | DXPOSINS_Yes | DXRIGID_No | DXRIGID_Unknown | DXRIGID_Yes | DOPTHERST_Missing | DOPTHERST_No | DOPTHERST_Yes | FEATPOSHYP_No | FEATPOSHYP_Uncertain | FEATPOSHYP_Yes | ANYFAMPD_Missing | ANYFAMPD_No | ANYFAMPD_Yes | DXTREMOR_No | DXTREMOR_Unknown | DXTREMOR_Yes | DXBRADY_No | DXBRADY_Unknown | DXBRADY_Yes | DOMSIDE_Left | DOMSIDE_Right | DOMSIDE_Symmetric | DOMSIDE_Unknown | PCA_PART_I_PATIENT_3_90_PC1 | PCA_PART_I_PATIENT_3_90_PC2 | PCA_PART_I_PATIENT_3_90_PC3,0.03757920900170575,0.6368329656920261,0.7291304347826086,0.636986301369863,0.48,0.9782608695652174,,0.9782608695652174
0,stage_1,1,ENG_06,engineering__PCA_PART_I_PATIENT_3_90,engineered_representation,none,all,PCA_PART_I_PATIENT_3_90,pca,rbf_svc,scaled_dense,5,"{""C"": 0.1, ""class_weight"": ""balanced"", ""gamma"": 0.1}",1,582,146,46,27,Years_since_PD_diagnosis | Age | MCATOT | FRZGT12M | SCAU14 | SCAU16 | GDS_TOTAL | NQ_GAUSSIAN_REVISION | NP1RTOT | BMI | NP3GAIT_COMBINED_MAX | NP3PSTBL_COMBINED_MAX | NHY_COMBINED_MAX | NP3TOT_COMBINED_MAX | NP4TOT | FOG_FORM_MISSING | NQ_FORM_MISSING | PART_IV_FORM_MISSING | DXPOSINS_No | DXPOSINS_Unknown | DXPOSINS_Yes | DXRIGID_No | DXRIGID_Unknown | DXRIGID_Yes | DOPTHERST_Missing | DOPTHERST_No | DOPTHERST_Yes | FEATPOSHYP_No | FEATPOSHYP_Uncertain | FEATPOSHYP_Yes | ANYFAMPD_Missing | ANYFAMPD_No | ANYFAMPD_Yes | DXTREMOR_No | DXTREMOR_Unknown | DXTREMOR_Yes | DXBRADY_No | DXBRADY_Unknown | DXBRADY_Yes | DOMSIDE_Left | DOMSIDE_Right | DOMSIDE_Symmetric | DOMSIDE_Unknown | PCA_PART_I_PATIENT_3_90_PC1 | PCA_PART_I_PATIENT_3_90_PC2 | PCA_PART_I_PATIENT_3_90_PC3,0.036221624999598134,0.6080998351777724,0.6797826086956522,0.6095890410958904,0.49,0.8695652173913043,,0.8695652173913043
0,stage_1,1,ENG_06,engineering__PCA_PART_I_PATIENT_3_90,engineered_representation,none,all,PCA_PART_I_PATIENT_3_90,pca,rbf_svc,scaled_dense,5,"{""C"": 0.1, ""class_weight"": ""balanced"", ""gamma"": 0.1}",2,582,146,47,27,Years_since_PD_diagnosis | Age | MCATOT | FRZGT12M | SCAU14 | SCAU16 | GDS_TOTAL | NQ_GAUSSIAN_REVISION | NP1RTOT | BMI | NP3GAIT_COMBINED_MAX | NP3PSTBL_COMBINED_MAX | NHY_COMBINED_MAX | NP3TOT_COMBINED_MAX | NP4TOT | FOG_FORM_MISSING | NQ_FORM_MISSING | PART_IV_FORM_MISSING | DXPOSINS_Missing | DXPOSINS_No | DXPOSINS_Unknown | DXPOSINS_Yes | DXRIGID_No | DXRIGID_Unknown | DXRIGID_Yes | DOPTHERST_Missing | DOPTHERST_No | DOPTHERST_Yes | FEATPOSHYP_No | FEATPOSHYP_Uncertain | FEATPOSHYP_Yes | ANYFAMPD_Missing | ANYFAMPD_No | ANYFAMPD_Yes | DXTREMOR_No | DXTREMOR_Unknown | DXTREMOR_Yes | DXBRADY_No | DXBRADY_Unknown | DXBRADY_Yes | DOMSIDE_Left | DOMSIDE_Right | DOMSIDE_Symmetric | DOMSIDE_Unknown | PCA_PART_I_PATIENT_3_90_PC1 | PCA_PART_I_PATIENT_3_90_PC2 | PCA_PART_I_PATIENT_3_90_PC3,0.036094541999773355,0.6395061728395062,0.6989130434782609,0.6438356164383562,0.55,0.8478260869565217,,0.8478260869565217
0,stage_1,1,ENG_06,engineering__PCA_PART_I_PATIENT_3_90,engineered_representation,none,all,PCA_PART_I_PATIENT_3_90,pca,rbf_svc,scaled_dense,5,"{""C"": 0.1, ""class_weight"": ""balanced"", ""gamma"": 0.1}",3,583,145,47,27,Years_since_PD_diagnosis | Age | MCATOT | FRZGT12M | SCAU14 | SCAU16 | GDS_TOTAL | NQ_GAUSSIAN_REVISION | NP1RTOT | BMI | NP3GAIT_COMBINED_MAX | NP3PSTBL_COMBINED_MAX | NHY_COMBINED_MAX | NP3TOT_COMBINED_MAX | NP4TOT | FOG_FORM_MISSING | NQ_FORM_MISSING | PART_IV_FORM_MISSING | DXPOSINS_Missing | DXPOSINS_No | DXPOSINS_Unknown | DXPOSINS_Yes | DXRIGID_No | DXRIGID_Unknown | DXRIGID_Yes | DOPTHERST_Missing | DOPTHERST_No | DOPTHERST_Yes | FEATPOSHYP_No | FEATPOSHYP_Uncertain | FEATPOSHYP_Yes | ANYFAMPD_Missing | ANYFAMPD_No | ANYFAMPD_Yes | DXTREMOR_No | DXTREMOR_Unknown | DXTREMOR_Yes | DXBRADY_No | DXBRADY_Unknown | DXBRADY_Yes | DOMSIDE_Left | DOMSIDE_Right | DOMSIDE_Symmetric | DOMSIDE_Unknown | PCA_PART_I_PATIENT_3_90_PC1 | PCA_PART_I_PATIENT_3_90_PC2 | PCA_PART_I_PATIENT_3_90_PC3,0.03717733300072723,0.6427867560110367,0.6776460254721124,0.6551724137931034,0.6161616161616161,0.7391304347826086,,0.7391304347826086
0,stage_1,1,ENG_06,engineering__PCA_PART_I_PATIENT_3_90,engineered_representation,none,all,PCA_PART_I_PATIENT_3_90,pca,rbf_svc,scaled_dense,5,"{""C"": 0.1, ""class_weight"": ""balanced"", ""gamma"": 0.1}",4,583,145,47,27,Years_since_PD_diagnosis | Age | MCATOT | FRZGT12M | SCAU14 | SCAU16 | GDS_TOTAL | NQ_GAUSSIAN_REVISION | NP1RTOT | BMI | NP3GAIT_COMBINED_MAX | NP3PSTBL_COMBINED_MAX | NHY_COMBINED_MAX | NP3TOT_COMBINED_MAX | NP4TOT | FOG_FORM_MISSING | NQ_FORM_MISSING | PART_IV_FORM_MISSING | DXPOSINS_Missing | DXPOSINS_No | DXPOSINS_Unknown | DXPOSINS_Yes | DXRIGID_No | DXRIGID_Unknown | DXRIGID_Yes | DOPTHERST_Missing | DOPTHERST_No | DOPTHERST_Yes | FEATPOSHYP_No | FEATPOSHYP_Uncertain | FEATPOSHYP_Yes | ANYFAMPD_Missing | ANYFAMPD_No | ANYFAMPD_Yes | DXTREMOR_No | DXTREMOR_Unknown | DXTREMOR_Yes | DXBRADY_No | DXBRADY_Unknown | DXBRADY_Yes | DOMSIDE_Left | DOMSIDE_Right | DOMSIDE_Symmetric | DOMSIDE_Unknown | PCA_PART_I_PATIENT_3_90_PC1 | PCA_PART_I_PATIENT_3_90_PC2 | PCA_PART_I_PATIENT_3_90_PC3,0.035606000001280336,0.6020511339014878,0.6539306104523497,0.6068965517241379,0.5252525252525253,0.782608695652174,,0.782608695652174
0,stage_1,1,ENG_06,engineering__PCA_PART_I_PATIENT_3_90,engineered_representation,none,all,PCA_PART_I_PATIENT_3_90,pca,rbf_svc,scaled_dense,6,"{""C"": 1.0, ""class_weight"": null, ""gamma"": ""scale""}",0,582,146,47,27,Years_since_PD_diagnosis | Age | MCATOT | FRZGT12M | SCAU14 | SCAU16 | GDS_TOTAL | NQ_GAUSSIAN_REVISION | NP1RTOT | BMI | NP3GAIT_COMBINED_MAX | NP3PSTBL_COMBINED_MAX | NHY_COMBINED_MAX | NP3TOT_COMBINED_MAX | NP4TOT | FOG_FORM_MISSING | NQ_FORM_MISSING | PART_IV_FORM_MISSING | DXPOSINS_Missing | DXPOSINS_No | DXPOSINS_Unknown | DXPOSINS_Yes | DXRIGID_No | DXRIGID_Unknown | DXRIGID_Yes | DOPTHERST_Missing | DOPTHERST_No | DOPTHERST_Yes | FEATPOSHYP_No | FEATPOSHYP_Uncertain | FEATPOSHYP_Yes | ANYFAMPD_Missing | ANYFAMPD_No | ANYFAMPD_Yes | DXTREMOR_No | DXTREMOR_Unknown | DXTREMOR_Yes | DXBRADY_No | DXBRADY_Unknown | DXBRADY_Yes | DOMSIDE_Left | DOMSIDE_Right | DOMSIDE_Symmetric | DOMSIDE_Unknown | PCA_PART_I_PATIENT_3_90_PC1 | PCA_PART_I_PATIENT_3_90_PC2 | PCA_PART_I_PATIENT_3_90_PC3,0.03305641699989792,0.7136744517739347,0.7,0.773972602739726,0.9,0.5,,0.5
0,stage_1,1,ENG_06,engineering__PCA_PART_I_PATIENT_3_90,engineered_representation,none,all,PCA_PART_I_PATIENT_3_90,pca,rbf_svc,scaled_dense,6,"{""C"": 1.0, ""class_weight"": null, ""gamma"": ""scale""}",1,582,146,46,27,Years_since_PD_diagnosis | Age | MCATOT | FRZGT12M | SCAU14 | SCAU16 | GDS_TOTAL | NQ_GAUSSIAN_REVISION | NP1RTOT | BMI | NP3GAIT_COMBINED_MAX | NP3PSTBL_COMBINED_MAX | NHY_COMBINED_MAX | NP3TOT_COMBINED_MAX | NP4TOT | FOG_FORM_MISSING | NQ_FORM_MISSING | PART_IV_FORM_MISSING | DXPOSINS_No | DXPOSINS_Unknown | DXPOSINS_Yes | DXRIGID_No | DXRIGID_Unknown | DXRIGID_Yes | DOPTHERST_Missing | DOPTHERST_No | DOPTHERST_Yes | FEATPOSHYP_No | FEATPOSHYP_Uncertain | FEATPOSHYP_Yes | ANYFAMPD_Missing | ANYFAMPD_No | ANYFAMPD_Yes | DXTREMOR_No | DXTREMOR_Unknown | DXTREMOR_Yes | DXBRADY_No | DXBRADY_Unknown | DXBRADY_Yes | DOMSIDE_Left | DOMSIDE_Right | DOMSIDE_Symmetric | DOMSIDE_Unknown | PCA_PART_I_PATIENT_3_90_PC1 | PCA_PART_I_PATIENT_3_90_PC2 | PCA_PART_I_PATIENT_3_90_PC3,0.031037875000038184,0.6140969162995595,0.6113043478260869,0.7328767123287672,0.94,0.2826086956521739,,0.2826086956521739
0,stage_1,1,ENG_06,engineering__PCA_PART_I_PATIENT_3_90,engineered_representation,none,all,PCA_PART_I_PATIENT_3_90,pca,rbf_svc,scaled_dense,6,"{""C"": 1.0, ""class_weight"": null, ""gamma"": ""scale""}",2,582,146,47,27,Years_since_PD_diagnosis | Age | MCATOT | FRZGT12M | SCAU14 | SCAU16 | GDS_TOTAL | NQ_GAUSSIAN_REVISION | NP1RTOT | BMI | NP3GAIT_COMBINED_MAX | NP3PSTBL_COMBINED_MAX | NHY_COMBINED_MAX | NP3TOT_COMBINED_MAX | NP4TOT | FOG_FORM_MISSING | NQ_FORM_MISSING | PART_IV_FORM_MISSING | DXPOSINS_Missing | DXPOSINS_No | DXPOSINS_Unknown | DXPOSINS_Yes | DXRIGID_No | DXRIGID_Unknown | DXRIGID_Yes | DOPTHERST_Missing | DOPTHERST_No | DOPTHERST_Yes | FEATPOSHYP_No | FEATPOSHYP_Uncertain | FEATPOSHYP_Yes | ANYFAMPD_Missing | ANYFAMPD_No | ANYFAMPD_Yes | DXTREMOR_No | DXTREMOR_Unknown | DXTREMOR_Yes | DXBRADY_No | DXBRADY_Unknown | DXBRADY_Yes | DOMSIDE_Left | DOMSIDE_Right | DOMSIDE_Symmetric | DOMSIDE_Unknown | PCA_PART_I_PATIENT_3_90_PC1 | PCA_PART_I_PATIENT_3_90_PC2 | PCA_PART_I_PATIENT_3_90_PC3,0.03130999999848427,0.6128787878787879,0.6080434782608696,0.7123287671232876,0.89,0.32608695652173914,,0.32608695652173914
0,stage_1,1,ENG_06,engineering__PCA_PART_I_PATIENT_3_90,engineered_representation,none,all,PCA_PART_I_PATIENT_3_90,pca,rbf_svc,scaled_dense,6,"{""C"": 1.0, ""class_weight"": null, ""gamma"": ""scale""}",3,583,145,47,27,Years_since_PD_diagnosis | Age | MCATOT | FRZGT12M | SCAU14 | SCAU16 | GDS_TOTAL | NQ_GAUSSIAN_REVISION | NP1RTOT | BMI | NP3GAIT_COMBINED_MAX | NP3PSTBL_COMBINED_MAX | NHY_COMBINED_MAX | NP3TOT_COMBINED_MAX | NP4TOT | FOG_FORM_MISSING | NQ_FORM_MISSING | PART_IV_FORM_MISSING | DXPOSINS_Missing | DXPOSINS_No | DXPOSINS_Unknown | DXPOSINS_Yes | DXRIGID_No | DXRIGID_Unknown | DXRIGID_Yes | DOPTHERST_Missing | DOPTHERST_No | DOPTHERST_Yes | FEATPOSHYP_No | FEATPOSHYP_Uncertain | FEATPOSHYP_Yes | ANYFAMPD_Missing | ANYFAMPD_No | ANYFAMPD_Yes | DXTREMOR_No | DXTREMOR_Unknown | DXTREMOR_Yes | DXBRADY_No | DXBRADY_Unknown | DXBRADY_Yes | DOMSIDE_Left | DOMSIDE_Right | DOMSIDE_Symmetric | DOMSIDE_Unknown | PCA_PART_I_PATIENT_3_90_PC1 | PCA_PART_I_PATIENT_3_90_PC2 | PCA_PART_I_PATIENT_3_90_PC3,0.032245665999653284,0.6363110167856454,0.6284584980237153,0.7310344827586207,0.9090909090909091,0.34782608695652173,,0.34782608695652173
0,stage_1,1,ENG_06,engineering__PCA_PART_I_PATIENT_3_90,engineered_representation,none,all,PCA_PART_I_PATIENT_3_90,pca,rbf_svc,scaled_dense,6,"{""C"": 1.0, ""class_weight"": null, ""gamma"": ""scale""}",4,583,145,47,27,Years_since_PD_diagnosis | Age | MCATOT | FRZGT12M | SCAU14 | SCAU16 | GDS_TOTAL | NQ_GAUSSIAN_REVISION | NP1RTOT | BMI | NP3GAIT_COMBINED_MAX | NP3PSTBL_COMBINED_MAX | NHY_COMBINED_MAX | NP3TOT_COMBINED_MAX | NP4TOT | FOG_FORM_MISSING | NQ_FORM_MISSING | PART_IV_FORM_MISSING | DXPOSINS_Missing | DXPOSINS_No | DXPOSINS_Unknown | DXPOSINS_Yes | DXRIGID_No | DXRIGID_Unknown | DXRIGID_Yes | DOPTHERST_Missing | DOPTHERST_No | DOPTHERST_Yes | FEATPOSHYP_No | FEATPOSHYP_Uncertain | FEATPOSHYP_Yes | ANYFAMPD_Missing | ANYFAMPD_No | ANYFAMPD_Yes | DXTREMOR_No | DXTREMOR_Unknown | DXTREMOR_Yes | DXBRADY_No | DXBRADY_Unknown | DXBRADY_Yes | DOMSIDE_Left | DOMSIDE_Right | DOMSIDE_Symmetric | DOMSIDE_Unknown | PCA_PART_I_PATIENT_3_90_PC1 | PCA_PART_I_PATIENT_3_90_PC2 | PCA_PART_I_PATIENT_3_90_PC3,0.03189304199986509,0.5697872609052459,0.5705972771190162,0.6758620689655173,0.8585858585858586,0.2826086956521739,,0.2826086956521739
0,stage_1,1,ENG_06,engineering__PCA_PART_I_PATIENT_3_90,engineered_representation,none,all,PCA_PART_I_PATIENT_3_90,pca,rbf_svc,scaled_dense,7,"{""C"": 1.0, ""class_weight"": ""balanced"", ""gamma"": ""scale""}",0,582,146,47,27,Years_since_PD_diagnosis | Age | MCATOT | FRZGT12M | SCAU14 | SCAU16 | GDS_TOTAL | NQ_GAUSSIAN_REVISION | NP1RTOT | BMI | NP3GAIT_COMBINED_MAX | NP3PSTBL_COMBINED_MAX | NHY_COMBINED_MAX | NP3TOT_COMBINED_MAX | NP4TOT | FOG_FORM_MISSING | NQ_FORM_MISSING | PART_IV_FORM_MISSING | DXPOSINS_Missing | DXPOSINS_No | DXPOSINS_Unknown | DXPOSINS_Yes | DXRIGID_No | DXRIGID_Unknown | DXRIGID_Yes | DOPTHERST_Missing | DOPTHERST_No | DOPTHERST_Yes | FEATPOSHYP_No | FEATPOSHYP_Uncertain | FEATPOSHYP_Yes | ANYFAMPD_Missing | ANYFAMPD_No | ANYFAMPD_Yes | DXTREMOR_No | DXTREMOR_Unknown | DXTREMOR_Yes | DXBRADY_No | DXBRADY_Unknown | DXBRADY_Yes | DOMSIDE_Left | DOMSIDE_Right | DOMSIDE_Symmetric | DOMSIDE_Unknown | PCA_PART_I_PATIENT_3_90_PC1 | PCA_PART_I_PATIENT_3_90_PC2 | PCA_PART_I_PATIENT_3_90_PC3,0.032732167001086054,0.676731078904992,0.6978260869565217,0.6986301369863014,0.7,0.6956521739130435,,0.6956521739130435
0,stage_1,1,ENG_06,engineering__PCA_PART_I_PATIENT_3_90,engineered_representation,none,all,PCA_PART_I_PATIENT_3_90,pca,rbf_svc,scaled_dense,7,"{""C"": 1.0, ""class_weight"": ""balanced"", ""gamma"": ""scale""}",1,582,146,46,27,Years_since_PD_diagnosis | Age | MCATOT | FRZGT12M | SCAU14 | SCAU16 | GDS_TOTAL | NQ_GAUSSIAN_REVISION | NP1RTOT | BMI | NP3GAIT_COMBINED_MAX | NP3PSTBL_COMBINED_MAX | NHY_COMBINED_MAX | NP3TOT_COMBINED_MAX | NP4TOT | FOG_FORM_MISSING | NQ_FORM_MISSING | PART_IV_FORM_MISSING | DXPOSINS_No | DXPOSINS_Unknown | DXPOSINS_Yes | DXRIGID_No | DXRIGID_Unknown | DXRIGID_Yes | DOPTHERST_Missing | DOPTHERST_No | DOPTHERST_Yes | FEATPOSHYP_No | FEATPOSHYP_Uncertain | FEATPOSHYP_Yes | ANYFAMPD_Missing | ANYFAMPD_No | ANYFAMPD_Yes | DXTREMOR_No | DXTREMOR_Unknown | DXTREMOR_Yes | DXBRADY_No | DXBRADY_Unknown | DXBRADY_Yes | DOMSIDE_Left | DOMSIDE_Right | DOMSIDE_Symmetric | DOMSIDE_Unknown | PCA_PART_I_PATIENT_3_90_PC1 | PCA_PART_I_PATIENT_3_90_PC2 | PCA_PART_I_PATIENT_3_90_PC3,0.03269254199767602,0.7199730444248613,0.7328260869565217,0.7465753424657534,0.77,0.6956521739130435,,0.6956521739130435
0,stage_1,1,ENG_06,engineering__PCA_PART_I_PATIENT_3_90,engineered_representation,none,all,PCA_PART_I_PATIENT_3_90,pca,rbf_svc,scaled_dense,7,"{""C"": 1.0, ""class_weight"": ""balanced"", ""gamma"": ""scale""}",2,582,146,47,27,Years_since_PD_diagnosis | Age | MCATOT | FRZGT12M | SCAU14 | SCAU16 | GDS_TOTAL | NQ_GAUSSIAN_REVISION | NP1RTOT | BMI | NP3GAIT_COMBINED_MAX | NP3PSTBL_COMBINED_MAX | NHY_COMBINED_MAX | NP3TOT_COMBINED_MAX | NP4TOT | FOG_FORM_MISSING | NQ_FORM_MISSING | PART_IV_FORM_MISSING | DXPOSINS_Missing | DXPOSINS_No | DXPOSINS_Unknown | DXPOSINS_Yes | DXRIGID_No | DXRIGID_Unknown | DXRIGID_Yes | DOPTHERST_Missing | DOPTHERST_No | DOPTHERST_Yes | FEATPOSHYP_No | FEATPOSHYP_Uncertain | FEATPOSHYP_Yes | ANYFAMPD_Missing | ANYFAMPD_No | ANYFAMPD_Yes | DXTREMOR_No | DXTREMOR_Unknown | DXTREMOR_Yes | DXBRADY_No | DXBRADY_Unknown | DXBRADY_Yes | DOMSIDE_Left | DOMSIDE_Right | DOMSIDE_Symmetric | DOMSIDE_Unknown | PCA_PART_I_PATIENT_3_90_PC1 | PCA_PART_I_PATIENT_3_90_PC2 | PCA_PART_I_PATIENT_3_90_PC3,0.03349504200014053,0.6685242518059855,0.6802173913043479,0.6986301369863014,0.73,0.6304347826086957,,0.6304347826086957
0,stage_1,1,ENG_06,engineering__PCA_PART_I_PATIENT_3_90,engineered_representation,none,all,PCA_PART_I_PATIENT_3_90,pca,rbf_svc,scaled_dense,7,"{""C"": 1.0, ""class_weight"": ""balanced"", ""gamma"": ""scale""}",3,583,145,47,27,Years_since_PD_diagnosis | Age | MCATOT | FRZGT12M | SCAU14 | SCAU16 | GDS_TOTAL | NQ_GAUSSIAN_REVISION | NP1RTOT | BMI | NP3GAIT_COMBINED_MAX | NP3PSTBL_COMBINED_MAX | NHY_COMBINED_MAX | NP3TOT_COMBINED_MAX | NP4TOT | FOG_FORM_MISSING | NQ_FORM_MISSING | PART_IV_FORM_MISSING | DXPOSINS_Missing | DXPOSINS_No | DXPOSINS_Unknown | DXPOSINS_Yes | DXRIGID_No | DXRIGID_Unknown | DXRIGID_Yes | DOPTHERST_Missing | DOPTHERST_No | DOPTHERST_Yes | FEATPOSHYP_No | FEATPOSHYP_Uncertain | FEATPOSHYP_Yes | ANYFAMPD_Missing | ANYFAMPD_No | ANYFAMPD_Yes | DXTREMOR_No | DXTREMOR_Unknown | DXTREMOR_Yes | DXBRADY_No | DXBRADY_Unknown | DXBRADY_Yes | DOMSIDE_Left | DOMSIDE_Right | DOMSIDE_Symmetric | DOMSIDE_Unknown | PCA_PART_I_PATIENT_3_90_PC1 | PCA_PART_I_PATIENT_3_90_PC2 | PCA_PART_I_PATIENT_3_90_PC3,0.03379570900142426,0.688573883161512,0.6932367149758454,0.7241379310344828,0.7777777777777778,0.6086956521739131,,0.6086956521739131
0,stage_1,1,ENG_06,engineering__PCA_PART_I_PATIENT_3_90,engineered_representation,none,all,PCA_PART_I_PATIENT_3_90,pca,rbf_svc,scaled_dense,7,"{""C"": 1.0, ""class_weight"": ""balanced"", ""gamma"": ""scale""}",4,583,145,47,27,Years_since_PD_diagnosis | Age | MCATOT | FRZGT12M | SCAU14 | SCAU16 | GDS_TOTAL | NQ_GAUSSIAN_REVISION | NP1RTOT | BMI | NP3GAIT_COMBINED_MAX | NP3PSTBL_COMBINED_MAX | NHY_COMBINED_MAX | NP3TOT_COMBINED_MAX | NP4TOT | FOG_FORM_MISSING | NQ_FORM_MISSING | PART_IV_FORM_MISSING | DXPOSINS_Missing | DXPOSINS_No | DXPOSINS_Unknown | DXPOSINS_Yes | DXRIGID_No | DXRIGID_Unknown | DXRIGID_Yes | DOPTHERST_Missing | DOPTHERST_No | DOPTHERST_Yes | FEATPOSHYP_No | FEATPOSHYP_Uncertain | FEATPOSHYP_Yes | ANYFAMPD_Missing | ANYFAMPD_No | ANYFAMPD_Yes | DXTREMOR_No | DXTREMOR_Unknown | DXTREMOR_Yes | DXBRADY_No | DXBRADY_Unknown | DXBRADY_Yes | DOMSIDE_Left | DOMSIDE_Right | DOMSIDE_Symmetric | DOMSIDE_Unknown | PCA_PART_I_PATIENT_3_90_PC1 | PCA_PART_I_PATIENT_3_90_PC2 | PCA_PART_I_PATIENT_3_90_PC3,0.03422204099842929,0.6336842105263158,0.6411945542380324,0.6689655172413793,0.7171717171717171,0.5652173913043478,,0.5652173913043478
0,stage_1,1,ENG_06,engineering__PCA_PART_I_PATIENT_3_90,engineered_representation,none,all,PCA_PART_I_PATIENT_3_90,pca,rbf_svc,scaled_dense,8,"{""C"": 1.0, ""class_weight"": null, ""gamma"": 0.01}",0,582,146,47,27,Years_since_PD_diagnosis | Age | MCATOT | FRZGT12M | SCAU14 | SCAU16 | GDS_TOTAL | NQ_GAUSSIAN_REVISION | NP1RTOT | BMI | NP3GAIT_COMBINED_MAX | NP3PSTBL_COMBINED_MAX | NHY_COMBINED_MAX | NP3TOT_COMBINED_MAX | NP4TOT | FOG_FORM_MISSING | NQ_FORM_MISSING | PART_IV_FORM_MISSING | DXPOSINS_Missing | DXPOSINS_No | DXPOSINS_Unknown | DXPOSINS_Yes | DXRIGID_No | DXRIGID_Unknown | DXRIGID_Yes | DOPTHERST_Missing | DOPTHERST_No | DOPTHERST_Yes | FEATPOSHYP_No | FEATPOSHYP_Uncertain | FEATPOSHYP_Yes | ANYFAMPD_Missing | ANYFAMPD_No | ANYFAMPD_Yes | DXTREMOR_No | DXTREMOR_Unknown | DXTREMOR_Yes | DXBRADY_No | DXBRADY_Unknown | DXBRADY_Yes | DOMSIDE_Left | DOMSIDE_Right | DOMSIDE_Symmetric | DOMSIDE_Unknown | PCA_PART_I_PATIENT_3_90_PC1 | PCA_PART_I_PATIENT_3_90_PC2 | PCA_PART_I_PATIENT_3_90_PC3,0.031300124999688705,0.6922886188941235,0.6773913043478261,0.7671232876712328,0.92,0.43478260869565216,,0.43478260869565216
0,stage_1,1,ENG_06,engineering__PCA_PART_I_PATIENT_3_90,engineered_representation,none,all,PCA_PART_I_PATIENT_3_90,pca,rbf_svc,scaled_dense,8,"{""C"": 1.0, ""class_weight"": null, ""gamma"": 0.01}",1,582,146,46,27,Years_since_PD_diagnosis | Age | MCATOT | FRZGT12M | SCAU14 | SCAU16 | GDS_TOTAL | NQ_GAUSSIAN_REVISION | NP1RTOT | BMI | NP3GAIT_COMBINED_MAX | NP3PSTBL_COMBINED_MAX | NHY_COMBINED_MAX | NP3TOT_COMBINED_MAX | NP4TOT | FOG_FORM_MISSING | NQ_FORM_MISSING | PART_IV_FORM_MISSING | DXPOSINS_No | DXPOSINS_Unknown | DXPOSINS_Yes | DXRIGID_No | DXRIGID_Unknown | DXRIGID_Yes | DOPTHERST_Missing | DOPTHERST_No | DOPTHERST_Yes | FEATPOSHYP_No | FEATPOSHYP_Uncertain | FEATPOSHYP_Yes | ANYFAMPD_Missing | ANYFAMPD_No | ANYFAMPD_Yes | DXTREMOR_No | DXTREMOR_Unknown | DXTREMOR_Yes | DXBRADY_No | DXBRADY_Unknown | DXBRADY_Yes | DOMSIDE_Left | DOMSIDE_Right | DOMSIDE_Symmetric | DOMSIDE_Unknown | PCA_PART_I_PATIENT_3_90_PC1 | PCA_PART_I_PATIENT_3_90_PC2 | PCA_PART_I_PATIENT_3_90_PC3,0.03062633399895276,0.6338868180277872,0.6271739130434782,0.7465753424657534,0.95,0.30434782608695654,,0.30434782608695654
0,stage_1,1,ENG_06,engineering__PCA_PART_I_PATIENT_3_90,engineered_representation,none,all,PCA_PART_I_PATIENT_3_90,pca,rbf_svc,scaled_dense,8,"{""C"": 1.0, ""class_weight"": null, ""gamma"": 0.01}",2,582,146,47,27,Years_since_PD_diagnosis | Age | MCATOT | FRZGT12M | SCAU14 | SCAU16 | GDS_TOTAL | NQ_GAUSSIAN_REVISION | NP1RTOT | BMI | NP3GAIT_COMBINED_MAX | NP3PSTBL_COMBINED_MAX | NHY_COMBINED_MAX | NP3TOT_COMBINED_MAX | NP4TOT | FOG_FORM_MISSING | NQ_FORM_MISSING | PART_IV_FORM_MISSING | DXPOSINS_Missing | DXPOSINS_No | DXPOSINS_Unknown | DXPOSINS_Yes | DXRIGID_No | DXRIGID_Unknown | DXRIGID_Yes | DOPTHERST_Missing | DOPTHERST_No | DOPTHERST_Yes | FEATPOSHYP_No | FEATPOSHYP_Uncertain | FEATPOSHYP_Yes | ANYFAMPD_Missing | ANYFAMPD_No | ANYFAMPD_Yes | DXTREMOR_No | DXTREMOR_Unknown | DXTREMOR_Yes | DXBRADY_No | DXBRADY_Unknown | DXBRADY_Yes | DOMSIDE_Left | DOMSIDE_Right | DOMSIDE_Symmetric | DOMSIDE_Unknown | PCA_PART_I_PATIENT_3_90_PC1 | PCA_PART_I_PATIENT_3_90_PC2 | PCA_PART_I_PATIENT_3_90_PC3,0.03126870900086942,0.6029187396351576,0.601304347826087,0.7191780821917808,0.92,0.2826086956521739,,0.2826086956521739
0,stage_1,1,ENG_06,engineering__PCA_PART_I_PATIENT_3_90,engineered_representation,none,all,PCA_PART_I_PATIENT_3_90,pca,rbf_svc,scaled_dense,8,"{""C"": 1.0, ""class_weight"": null, ""gamma"": 0.01}",3,583,145,47,27,Years_since_PD_diagnosis | Age | MCATOT | FRZGT12M | SCAU14 | SCAU16 | GDS_TOTAL | NQ_GAUSSIAN_REVISION | NP1RTOT | BMI | NP3GAIT_COMBINED_MAX | NP3PSTBL_COMBINED_MAX | NHY_COMBINED_MAX | NP3TOT_COMBINED_MAX | NP4TOT | FOG_FORM_MISSING | NQ_FORM_MISSING | PART_IV_FORM_MISSING | DXPOSINS_Missing | DXPOSINS_No | DXPOSINS_Unknown | DXPOSINS_Yes | DXRIGID_No | DXRIGID_Unknown | DXRIGID_Yes | DOPTHERST_Missing | DOPTHERST_No | DOPTHERST_Yes | FEATPOSHYP_No | FEATPOSHYP_Uncertain | FEATPOSHYP_Yes | ANYFAMPD_Missing | ANYFAMPD_No | ANYFAMPD_Yes | DXTREMOR_No | DXTREMOR_Unknown | DXTREMOR_Yes | DXBRADY_No | DXBRADY_Unknown | DXBRADY_Yes | DOMSIDE_Left | DOMSIDE_Right | DOMSIDE_Symmetric | DOMSIDE_Unknown | PCA_PART_I_PATIENT_3_90_PC1 | PCA_PART_I_PATIENT_3_90_PC2 | PCA_PART_I_PATIENT_3_90_PC3,0.031550666000839556,0.6157922628510863,0.6117698726394378,0.7241379310344828,0.9191919191919192,0.30434782608695654,,0.30434782608695654
0,stage_1,1,ENG_06,engineering__PCA_PART_I_PATIENT_3_90,engineered_representation,none,all,PCA_PART_I_PATIENT_3_90,pca,rbf_svc,scaled_dense,8,"{""C"": 1.0, ""class_weight"": null, ""gamma"": 0.01}",4,583,145,47,27,Years_since_PD_diagnosis | Age | MCATOT | FRZGT12M | SCAU14 | SCAU16 | GDS_TOTAL | NQ_GAUSSIAN_REVISION | NP1RTOT | BMI | NP3GAIT_COMBINED_MAX | NP3PSTBL_COMBINED_MAX | NHY_COMBINED_MAX | NP3TOT_COMBINED_MAX | NP4TOT | FOG_FORM_MISSING | NQ_FORM_MISSING | PART_IV_FORM_MISSING | DXPOSINS_Missing | DXPOSINS_No | DXPOSINS_Unknown | DXPOSINS_Yes | DXRIGID_No | DXRIGID_Unknown | DXRIGID_Yes | DOPTHERST_Missing | DOPTHERST_No | DOPTHERST_Yes | FEATPOSHYP_No | FEATPOSHYP_Uncertain | FEATPOSHYP_Yes | ANYFAMPD_Missing | ANYFAMPD_No | ANYFAMPD_Yes | DXTREMOR_No | DXTREMOR_Unknown | DXTREMOR_Yes | DXBRADY_No | DXBRADY_Unknown | DXBRADY_Yes | DOMSIDE_Left | DOMSIDE_Right | DOMSIDE_Symmetric | DOMSIDE_Unknown | PCA_PART_I_PATIENT_3_90_PC1 | PCA_PART_I_PATIENT_3_90_PC2 | PCA_PART_I_PATIENT_3_90_PC3,0.030938667001464637,0.6045454545454545,0.6016688625384278,0.7103448275862069,0.898989898989899,0.30434782608695654,,0.30434782608695654
0,stage_1,1,ENG_06,engineering__PCA_PART_I_PATIENT_3_90,engineered_representation,none,all,PCA_PART_I_PATIENT_3_90,pca,rbf_svc,scaled_dense,9,"{""C"": 1.0, ""class_weight"": ""balanced"", ""gamma"": 0.01}",0,582,146,47,27,Years_since_PD_diagnosis | Age | MCATOT | FRZGT12M | SCAU14 | SCAU16 | GDS_TOTAL | NQ_GAUSSIAN_REVISION | NP1RTOT | BMI | NP3GAIT_COMBINED_MAX | NP3PSTBL_COMBINED_MAX | NHY_COMBINED_MAX | NP3TOT_COMBINED_MAX | NP4TOT | FOG_FORM_MISSING | NQ_FORM_MISSING | PART_IV_FORM_MISSING | DXPOSINS_Missing | DXPOSINS_No | DXPOSINS_Unknown | DXPOSINS_Yes | DXRIGID_No | DXRIGID_Unknown | DXRIGID_Yes | DOPTHERST_Missing | DOPTHERST_No | DOPTHERST_Yes | FEATPOSHYP_No | FEATPOSHYP_Uncertain | FEATPOSHYP_Yes | ANYFAMPD_Missing | ANYFAMPD_No | ANYFAMPD_Yes | DXTREMOR_No | DXTREMOR_Unknown | DXTREMOR_Yes | DXBRADY_No | DXBRADY_Unknown | DXBRADY_Yes | DOMSIDE_Left | DOMSIDE_Right | DOMSIDE_Symmetric | DOMSIDE_Unknown | PCA_PART_I_PATIENT_3_90_PC1 | PCA_PART_I_PATIENT_3_90_PC2 | PCA_PART_I_PATIENT_3_90_PC3,0.033639500001299893,0.6505220269926153,0.6652173913043478,0.678082191780822,0.7,0.6304347826086957,,0.6304347826086957
0,stage_1,1,ENG_06,engineering__PCA_PART_I_PATIENT_3_90,engineered_representation,none,all,PCA_PART_I_PATIENT_3_90,pca,rbf_svc,scaled_dense,9,"{""C"": 1.0, ""class_weight"": ""balanced"", ""gamma"": 0.01}",1,582,146,46,27,Years_since_PD_diagnosis | Age | MCATOT | FRZGT12M | SCAU14 | SCAU16 | GDS_TOTAL | NQ_GAUSSIAN_REVISION | NP1RTOT | BMI | NP3GAIT_COMBINED_MAX | NP3PSTBL_COMBINED_MAX | NHY_COMBINED_MAX | NP3TOT_COMBINED_MAX | NP4TOT | FOG_FORM_MISSING | NQ_FORM_MISSING | PART_IV_FORM_MISSING | DXPOSINS_No | DXPOSINS_Unknown | DXPOSINS_Yes | DXRIGID_No | DXRIGID_Unknown | DXRIGID_Yes | DOPTHERST_Missing | DOPTHERST_No | DOPTHERST_Yes | FEATPOSHYP_No | FEATPOSHYP_Uncertain | FEATPOSHYP_Yes | ANYFAMPD_Missing | ANYFAMPD_No | ANYFAMPD_Yes | DXTREMOR_No | DXTREMOR_Unknown | DXTREMOR_Yes | DXBRADY_No | DXBRADY_Unknown | DXBRADY_Yes | DOMSIDE_Left | DOMSIDE_Right | DOMSIDE_Symmetric | DOMSIDE_Unknown | PCA_PART_I_PATIENT_3_90_PC1 | PCA_PART_I_PATIENT_3_90_PC2 | PCA_PART_I_PATIENT_3_90_PC3,0.0328161249999539,0.7037938729965509,0.7236956521739131,0.726027397260274,0.73,0.717391304347826,,0.717391304347826
0,stage_1,1,ENG_06,engineering__PCA_PART_I_PATIENT_3_90,engineered_representation,none,all,PCA_PART_I_PATIENT_3_90,pca,rbf_svc,scaled_dense,9,"{""C"": 1.0, ""class_weight"": ""balanced"", ""gamma"": 0.01}",2,582,146,47,27,Years_since_PD_diagnosis | Age | MCATOT | FRZGT12M | SCAU14 | SCAU16 | GDS_TOTAL | NQ_GAUSSIAN_REVISION | NP1RTOT | BMI | NP3GAIT_COMBINED_MAX | NP3PSTBL_COMBINED_MAX | NHY_COMBINED_MAX | NP3TOT_COMBINED_MAX | NP4TOT | FOG_FORM_MISSING | NQ_FORM_MISSING | PART_IV_FORM_MISSING | DXPOSINS_Missing | DXPOSINS_No | DXPOSINS_Unknown | DXPOSINS_Yes | DXRIGID_No | DXRIGID_Unknown | DXRIGID_Yes | DOPTHERST_Missing | DOPTHERST_No | DOPTHERST_Yes | FEATPOSHYP_No | FEATPOSHYP_Uncertain | FEATPOSHYP_Yes | ANYFAMPD_Missing | ANYFAMPD_No | ANYFAMPD_Yes | DXTREMOR_No | DXTREMOR_Unknown | DXTREMOR_Yes | DXBRADY_No | DXBRADY_Unknown | DXBRADY_Yes | DOMSIDE_Left | DOMSIDE_Right | DOMSIDE_Symmetric | DOMSIDE_Unknown | PCA_PART_I_PATIENT_3_90_PC1 | PCA_PART_I_PATIENT_3_90_PC2 | PCA_PART_I_PATIENT_3_90_PC3,0.03201229199839872,0.686711676348982,0.6952173913043478,0.7191780821917808,0.76,0.6304347826086957,,0.6304347826086957
0,stage_1,1,ENG_06,engineering__PCA_PART_I_PATIENT_3_90,engineered_representation,none,all,PCA_PART_I_PATIENT_3_90,pca,rbf_svc,scaled_dense,9,"{""C"": 1.0, ""class_weight"": ""balanced"", ""gamma"": 0.01}",3,583,145,47,27,Years_since_PD_diagnosis | Age | MCATOT | FRZGT12M | SCAU14 | SCAU16 | GDS_TOTAL | NQ_GAUSSIAN_REVISION | NP1RTOT | BMI | NP3GAIT_COMBINED_MAX | NP3PSTBL_COMBINED_MAX | NHY_COMBINED_MAX | NP3TOT_COMBINED_MAX | NP4TOT | FOG_FORM_MISSING | NQ_FORM_MISSING | PART_IV_FORM_MISSING | DXPOSINS_Missing | DXPOSINS_No | DXPOSINS_Unknown | DXPOSINS_Yes | DXRIGID_No | DXRIGID_Unknown | DXRIGID_Yes | DOPTHERST_Missing | DOPTHERST_No | DOPTHERST_Yes | FEATPOSHYP_No | FEATPOSHYP_Uncertain | FEATPOSHYP_Yes | ANYFAMPD_Missing | ANYFAMPD_No | ANYFAMPD_Yes | DXTREMOR_No | DXTREMOR_Unknown | DXTREMOR_Yes | DXBRADY_No | DXBRADY_Unknown | DXBRADY_Yes | DOMSIDE_Left | DOMSIDE_Right | DOMSIDE_Symmetric | DOMSIDE_Unknown | PCA_PART_I_PATIENT_3_90_PC1 | PCA_PART_I_PATIENT_3_90_PC2 | PCA_PART_I_PATIENT_3_90_PC3,0.03231220900124754,0.688573883161512,0.6932367149758454,0.7241379310344828,0.7777777777777778,0.6086956521739131,,0.6086956521739131
0,stage_1,1,ENG_06,engineering__PCA_PART_I_PATIENT_3_90,engineered_representation,none,all,PCA_PART_I_PATIENT_3_90,pca,rbf_svc,scaled_dense,9,"{""C"": 1.0, ""class_weight"": ""balanced"", ""gamma"": 0.01}",4,583,145,47,27,Years_since_PD_diagnosis | Age | MCATOT | FRZGT12M | SCAU14 | SCAU16 | GDS_TOTAL | NQ_GAUSSIAN_REVISION | NP1RTOT | BMI | NP3GAIT_COMBINED_MAX | NP3PSTBL_COMBINED_MAX | NHY_COMBINED_MAX | NP3TOT_COMBINED_MAX | NP4TOT | FOG_FORM_MISSING | NQ_FORM_MISSING | PART_IV_FORM_MISSING | DXPOSINS_Missing | DXPOSINS_No | DXPOSINS_Unknown | DXPOSINS_Yes | DXRIGID_No | DXRIGID_Unknown | DXRIGID_Yes | DOPTHERST_Missing | DOPTHERST_No | DOPTHERST_Yes | FEATPOSHYP_No | FEATPOSHYP_Uncertain | FEATPOSHYP_Yes | ANYFAMPD_Missing | ANYFAMPD_No | ANYFAMPD_Yes | DXTREMOR_No | DXTREMOR_Unknown | DXTREMOR_Yes | DXBRADY_No | DXBRADY_Unknown | DXBRADY_Yes | DOMSIDE_Left | DOMSIDE_Right | DOMSIDE_Symmetric | DOMSIDE_Unknown | PCA_PART_I_PATIENT_3_90_PC1 | PCA_PART_I_PATIENT_3_90_PC2 | PCA_PART_I_PATIENT_3_90_PC3,0.03312162499787519,0.6336842105263158,0.6411945542380324,0.6689655172413793,0.7171717171717171,0.5652173913043478,,0.5652173913043478
0,stage_1,1,ENG_06,engineering__PCA_PART_I_PATIENT_3_90,engineered_representation,none,all,PCA_PART_I_PATIENT_3_90,pca,rbf_svc,scaled_dense,10,"{""C"": 1.0, ""class_weight"": null, ""gamma"": 0.1}",0,582,146,47,27,Years_since_PD_diagnosis | Age | MCATOT | FRZGT12M | SCAU14 | SCAU16 | GDS_TOTAL | NQ_GAUSSIAN_REVISION | NP1RTOT | BMI | NP3GAIT_COMBINED_MAX | NP3PSTBL_COMBINED_MAX | NHY_COMBINED_MAX | NP3TOT_COMBINED_MAX | NP4TOT | FOG_FORM_MISSING | NQ_FORM_MISSING | PART_IV_FORM_MISSING | DXPOSINS_Missing | DXPOSINS_No | DXPOSINS_Unknown | DXPOSINS_Yes | DXRIGID_No | DXRIGID_Unknown | DXRIGID_Yes | DOPTHERST_Missing | DOPTHERST_No | DOPTHERST_Yes | FEATPOSHYP_No | FEATPOSHYP_Uncertain | FEATPOSHYP_Yes | ANYFAMPD_Missing | ANYFAMPD_No | ANYFAMPD_Yes | DXTREMOR_No | DXTREMOR_Unknown | DXTREMOR_Yes | DXBRADY_No | DXBRADY_Unknown | DXBRADY_Yes | DOMSIDE_Left | DOMSIDE_Right | DOMSIDE_Symmetric | DOMSIDE_Unknown | PCA_PART_I_PATIENT_3_90_PC1 | PCA_PART_I_PATIENT_3_90_PC2 | PCA_PART_I_PATIENT_3_90_PC3,0.034777875000145286,0.6976120857699806,0.6832608695652174,0.7671232876712328,0.91,0.45652173913043476,,0.45652173913043476
0,stage_1,1,ENG_06,engineering__PCA_PART_I_PATIENT_3_90,engineered_representation,none,all,PCA_PART_I_PATIENT_3_90,pca,rbf_svc,scaled_dense,10,"{""C"": 1.0, ""class_weight"": null, ""gamma"": 0.1}",1,582,146,46,27,Years_since_PD_diagnosis | Age | MCATOT | FRZGT12M | SCAU14 | SCAU16 | GDS_TOTAL | NQ_GAUSSIAN_REVISION | NP1RTOT | BMI | NP3GAIT_COMBINED_MAX | NP3PSTBL_COMBINED_MAX | NHY_COMBINED_MAX | NP3TOT_COMBINED_MAX | NP4TOT | FOG_FORM_MISSING | NQ_FORM_MISSING | PART_IV_FORM_MISSING | DXPOSINS_No | DXPOSINS_Unknown | DXPOSINS_Yes | DXRIGID_No | DXRIGID_Unknown | DXRIGID_Yes | DOPTHERST_Missing | DOPTHERST_No | DOPTHERST_Yes | FEATPOSHYP_No | FEATPOSHYP_Uncertain | FEATPOSHYP_Yes | ANYFAMPD_Missing | ANYFAMPD_No | ANYFAMPD_Yes | DXTREMOR_No | DXTREMOR_Unknown | DXTREMOR_Yes | DXBRADY_No | DXBRADY_Unknown | DXBRADY_Yes | DOMSIDE_Left | DOMSIDE_Right | DOMSIDE_Symmetric | DOMSIDE_Unknown | PCA_PART_I_PATIENT_3_90_PC1 | PCA_PART_I_PATIENT_3_90_PC2 | PCA_PART_I_PATIENT_3_90_PC3,0.03465225000036298,0.5648436958480627,0.573695652173913,0.7054794520547946,0.93,0.21739130434782608,,0.21739130434782608
0,stage_1,1,ENG_06,engineering__PCA_PART_I_PATIENT_3_90,engineered_representation,none,all,PCA_PART_I_PATIENT_3_90,pca,rbf_svc,scaled_dense,10,"{""C"": 1.0, ""class_weight"": null, ""gamma"": 0.1}",2,582,146,47,27,Years_since_PD_diagnosis | Age | MCATOT | FRZGT12M | SCAU14 | SCAU16 | GDS_TOTAL | NQ_GAUSSIAN_REVISION | NP1RTOT | BMI | NP3GAIT_COMBINED_MAX | NP3PSTBL_COMBINED_MAX | NHY_COMBINED_MAX | NP3TOT_COMBINED_MAX | NP4TOT | FOG_FORM_MISSING | NQ_FORM_MISSING | PART_IV_FORM_MISSING | DXPOSINS_Missing | DXPOSINS_No | DXPOSINS_Unknown | DXPOSINS_Yes | DXRIGID_No | DXRIGID_Unknown | DXRIGID_Yes | DOPTHERST_Missing | DOPTHERST_No | DOPTHERST_Yes | FEATPOSHYP_No | FEATPOSHYP_Uncertain | FEATPOSHYP_Yes | ANYFAMPD_Missing | ANYFAMPD_No | ANYFAMPD_Yes | DXTREMOR_No | DXTREMOR_Unknown | DXTREMOR_Yes | DXBRADY_No | DXBRADY_Unknown | DXBRADY_Yes | DOMSIDE_Left | DOMSIDE_Right | DOMSIDE_Symmetric | DOMSIDE_Unknown | PCA_PART_I_PATIENT_3_90_PC1 | PCA_PART_I_PATIENT_3_90_PC2 | PCA_PART_I_PATIENT_3_90_PC3,0.03546837500107358,0.656087279940491,0.6456521739130435,0.7397260273972602,0.9,0.391304347826087,,0.391304347826087
0,stage_1,1,ENG_06,engineering__PCA_PART_I_PATIENT_3_90,engineered_representation,none,all,PCA_PART_I_PATIENT_3_90,pca,rbf_svc,scaled_dense,10,"{""C"": 1.0, ""class_weight"": null, ""gamma"": 0.1}",3,583,145,47,27,Years_since_PD_diagnosis | Age | MCATOT | FRZGT12M | SCAU14 | SCAU16 | GDS_TOTAL | NQ_GAUSSIAN_REVISION | NP1RTOT | BMI | NP3GAIT_COMBINED_MAX | NP3PSTBL_COMBINED_MAX | NHY_COMBINED_MAX | NP3TOT_COMBINED_MAX | NP4TOT | FOG_FORM_MISSING | NQ_FORM_MISSING | PART_IV_FORM_MISSING | DXPOSINS_Missing | DXPOSINS_No | DXPOSINS_Unknown | DXPOSINS_Yes | DXRIGID_No | DXRIGID_Unknown | DXRIGID_Yes | DOPTHERST_Missing | DOPTHERST_No | DOPTHERST_Yes | FEATPOSHYP_No | FEATPOSHYP_Uncertain | FEATPOSHYP_Yes | ANYFAMPD_Missing | ANYFAMPD_No | ANYFAMPD_Yes | DXTREMOR_No | DXTREMOR_Unknown | DXTREMOR_Yes | DXBRADY_No | DXBRADY_Unknown | DXBRADY_Yes | DOMSIDE_Left | DOMSIDE_Right | DOMSIDE_Symmetric | DOMSIDE_Unknown | PCA_PART_I_PATIENT_3_90_PC1 | PCA_PART_I_PATIENT_3_90_PC2 | PCA_PART_I_PATIENT_3_90_PC3,0.034305749999475665,0.6672868217054264,0.6560166886253843,0.7448275862068966,0.898989898989899,0.41304347826086957,,0.41304347826086957
0,stage_1,1,ENG_06,engineering__PCA_PART_I_PATIENT_3_90,engineered_representation,none,all,PCA_PART_I_PATIENT_3_90,pca,rbf_svc,scaled_dense,10,"{""C"": 1.0, ""class_weight"": null, ""gamma"": 0.1}",4,583,145,47,27,Years_since_PD_diagnosis | Age | MCATOT | FRZGT12M | SCAU14 | SCAU16 | GDS_TOTAL | NQ_GAUSSIAN_REVISION | NP1RTOT | BMI | NP3GAIT_COMBINED_MAX | NP3PSTBL_COMBINED_MAX | NHY_COMBINED_MAX | NP3TOT_COMBINED_MAX | NP4TOT | FOG_FORM_MISSING | NQ_FORM_MISSING | PART_IV_FORM_MISSING | DXPOSINS_Missing | DXPOSINS_No | DXPOSINS_Unknown | DXPOSINS_Yes | DXRIGID_No | DXRIGID_Unknown | DXRIGID_Yes | DOPTHERST_Missing | DOPTHERST_No | DOPTHERST_Yes | FEATPOSHYP_No | FEATPOSHYP_Uncertain | FEATPOSHYP_Yes | ANYFAMPD_Missing | ANYFAMPD_No | ANYFAMPD_Yes | DXTREMOR_No | DXTREMOR_Unknown | DXTREMOR_Yes | DXBRADY_No | DXBRADY_Unknown | DXBRADY_Yes | DOMSIDE_Left | DOMSIDE_Right | DOMSIDE_Symmetric | DOMSIDE_Unknown | PCA_PART_I_PATIENT_3_90_PC1 | PCA_PART_I_PATIENT_3_90_PC2 | PCA_PART_I_PATIENT_3_90_PC3,0.03526733400212834,0.5953488372093023,0.5923364075537989,0.6896551724137931,0.8585858585858586,0.32608695652173914,,0.32608695652173914
0,stage_1,1,ENG_06,engineering__PCA_PART_I_PATIENT_3_90,engineered_representation,none,all,PCA_PART_I_PATIENT_3_90,pca,rbf_svc,scaled_dense,11,"{""C"": 1.0, ""class_weight"": ""balanced"", ""gamma"": 0.1}",0,582,146,47,27,Years_since_PD_diagnosis | Age | MCATOT | FRZGT12M | SCAU14 | SCAU16 | GDS_TOTAL | NQ_GAUSSIAN_REVISION | NP1RTOT | BMI | NP3GAIT_COMBINED_MAX | NP3PSTBL_COMBINED_MAX | NHY_COMBINED_MAX | NP3TOT_COMBINED_MAX | NP4TOT | FOG_FORM_MISSING | NQ_FORM_MISSING | PART_IV_FORM_MISSING | DXPOSINS_Missing | DXPOSINS_No | DXPOSINS_Unknown | DXPOSINS_Yes | DXRIGID_No | DXRIGID_Unknown | DXRIGID_Yes | DOPTHERST_Missing | DOPTHERST_No | DOPTHERST_Yes | FEATPOSHYP_No | FEATPOSHYP_Uncertain | FEATPOSHYP_Yes | ANYFAMPD_Missing | ANYFAMPD_No | ANYFAMPD_Yes | DXTREMOR_No | DXTREMOR_Unknown | DXTREMOR_Yes | DXBRADY_No | DXBRADY_Unknown | DXBRADY_Yes | DOMSIDE_Left | DOMSIDE_Right | DOMSIDE_Symmetric | DOMSIDE_Unknown | PCA_PART_I_PATIENT_3_90_PC1 | PCA_PART_I_PATIENT_3_90_PC2 | PCA_PART_I_PATIENT_3_90_PC3,0.0349114999989979,0.6976004041424602,0.718695652173913,0.7191780821917808,0.72,0.717391304347826,,0.717391304347826
0,stage_1,1,ENG_06,engineering__PCA_PART_I_PATIENT_3_90,engineered_representation,none,all,PCA_PART_I_PATIENT_3_90,pca,rbf_svc,scaled_dense,11,"{""C"": 1.0, ""class_weight"": ""balanced"", ""gamma"": 0.1}",1,582,146,46,27,Years_since_PD_diagnosis | Age | MCATOT | FRZGT12M | SCAU14 | SCAU16 | GDS_TOTAL | NQ_GAUSSIAN_REVISION | NP1RTOT | BMI | NP3GAIT_COMBINED_MAX | NP3PSTBL_COMBINED_MAX | NHY_COMBINED_MAX | NP3TOT_COMBINED_MAX | NP4TOT | FOG_FORM_MISSING | NQ_FORM_MISSING | PART_IV_FORM_MISSING | DXPOSINS_No | DXPOSINS_Unknown | DXPOSINS_Yes | DXRIGID_No | DXRIGID_Unknown | DXRIGID_Yes | DOPTHERST_Missing | DOPTHERST_No | DOPTHERST_Yes | FEATPOSHYP_No | FEATPOSHYP_Uncertain | FEATPOSHYP_Yes | ANYFAMPD_Missing | ANYFAMPD_No | ANYFAMPD_Yes | DXTREMOR_No | DXTREMOR_Unknown | DXTREMOR_Yes | DXBRADY_No | DXBRADY_Unknown | DXBRADY_Yes | DOMSIDE_Left | DOMSIDE_Right | DOMSIDE_Symmetric | DOMSIDE_Unknown | PCA_PART_I_PATIENT_3_90_PC1 | PCA_PART_I_PATIENT_3_90_PC2 | PCA_PART_I_PATIENT_3_90_PC3,0.03426512500300305,0.7013093289689034,0.7178260869565217,0.726027397260274,0.74,0.6956521739130435,,0.6956521739130435
0,stage_1,1,ENG_06,engineering__PCA_PART_I_PATIENT_3_90,engineered_representation,none,all,PCA_PART_I_PATIENT_3_90,pca,rbf_svc,scaled_dense,11,"{""C"": 1.0, ""class_weight"": ""balanced"", ""gamma"": 0.1}",2,582,146,47,27,Years_since_PD_diagnosis | Age | MCATOT | FRZGT12M | SCAU14 | SCAU16 | GDS_TOTAL | NQ_GAUSSIAN_REVISION | NP1RTOT | BMI | NP3GAIT_COMBINED_MAX | NP3PSTBL_COMBINED_MAX | NHY_COMBINED_MAX | NP3TOT_COMBINED_MAX | NP4TOT | FOG_FORM_MISSING | NQ_FORM_MISSING | PART_IV_FORM_MISSING | DXPOSINS_Missing | DXPOSINS_No | DXPOSINS_Unknown | DXPOSINS_Yes | DXRIGID_No | DXRIGID_Unknown | DXRIGID_Yes | DOPTHERST_Missing | DOPTHERST_No | DOPTHERST_Yes | FEATPOSHYP_No | FEATPOSHYP_Uncertain | FEATPOSHYP_Yes | ANYFAMPD_Missing | ANYFAMPD_No | ANYFAMPD_Yes | DXTREMOR_No | DXTREMOR_Unknown | DXTREMOR_Yes | DXBRADY_No | DXBRADY_Unknown | DXBRADY_Yes | DOMSIDE_Left | DOMSIDE_Right | DOMSIDE_Symmetric | DOMSIDE_Unknown | PCA_PART_I_PATIENT_3_90_PC1 | PCA_PART_I_PATIENT_3_90_PC2 | PCA_PART_I_PATIENT_3_90_PC3,0.03519879200030118,0.6408646045951746,0.6476086956521738,0.678082191780822,0.73,0.5652173913043478,,0.5652173913043478
0,stage_1,1,ENG_06,engineering__PCA_PART_I_PATIENT_3_90,engineered_representation,none,all,PCA_PART_I_PATIENT_3_90,pca,rbf_svc,scaled_dense,11,"{""C"": 1.0, ""class_weight"": ""balanced"", ""gamma"": 0.1}",3,583,145,47,27,Years_since_PD_diagnosis | Age | MCATOT | FRZGT12M | SCAU14 | SCAU16 | GDS_TOTAL | NQ_GAUSSIAN_REVISION | NP1RTOT | BMI | NP3GAIT_COMBINED_MAX | NP3PSTBL_COMBINED_MAX | NHY_COMBINED_MAX | NP3TOT_COMBINED_MAX | NP4TOT | FOG_FORM_MISSING | NQ_FORM_MISSING | PART_IV_FORM_MISSING | DXPOSINS_Missing | DXPOSINS_No | DXPOSINS_Unknown | DXPOSINS_Yes | DXRIGID_No | DXRIGID_Unknown | DXRIGID_Yes | DOPTHERST_Missing | DOPTHERST_No | DOPTHERST_Yes | FEATPOSHYP_No | FEATPOSHYP_Uncertain | FEATPOSHYP_Yes | ANYFAMPD_Missing | ANYFAMPD_No | ANYFAMPD_Yes | DXTREMOR_No | DXTREMOR_Unknown | DXTREMOR_Yes | DXBRADY_No | DXBRADY_Unknown | DXBRADY_Yes | DOMSIDE_Left | DOMSIDE_Right | DOMSIDE_Symmetric | DOMSIDE_Unknown | PCA_PART_I_PATIENT_3_90_PC1 | PCA_PART_I_PATIENT_3_90_PC2 | PCA_PART_I_PATIENT_3_90_PC3,0.03439387500111479,0.6794736842105262,0.6889547650417216,0.7103448275862069,0.7474747474747475,0.6304347826086957,,0.6304347826086957
0,stage_1,1,ENG_06,engineering__PCA_PART_I_PATIENT_3_90,engineered_representation,none,all,PCA_PART_I_PATIENT_3_90,pca,rbf_svc,scaled_dense,11,"{""C"": 1.0, ""class_weight"": ""balanced"", ""gamma"": 0.1}",4,583,145,47,27,Years_since_PD_diagnosis | Age | MCATOT | FRZGT12M | SCAU14 | SCAU16 | GDS_TOTAL | NQ_GAUSSIAN_REVISION | NP1RTOT | BMI | NP3GAIT_COMBINED_MAX | NP3PSTBL_COMBINED_MAX | NHY_COMBINED_MAX | NP3TOT_COMBINED_MAX | NP4TOT | FOG_FORM_MISSING | NQ_FORM_MISSING | PART_IV_FORM_MISSING | DXPOSINS_Missing | DXPOSINS_No | DXPOSINS_Unknown | DXPOSINS_Yes | DXRIGID_No | DXRIGID_Unknown | DXRIGID_Yes | DOPTHERST_Missing | DOPTHERST_No | DOPTHERST_Yes | FEATPOSHYP_No | FEATPOSHYP_Uncertain | FEATPOSHYP_Yes | ANYFAMPD_Missing | ANYFAMPD_No | ANYFAMPD_Yes | DXTREMOR_No | DXTREMOR_Unknown | DXTREMOR_Yes | DXBRADY_No | DXBRADY_Unknown | DXBRADY_Yes | DOMSIDE_Left | DOMSIDE_Right | DOMSIDE_Symmetric | DOMSIDE_Unknown | PCA_PART_I_PATIENT_3_90_PC1 | PCA_PART_I_PATIENT_3_90_PC2 | PCA_PART_I_PATIENT_3_90_PC3,0.035012083000765415,0.6609268707482994,0.667215634606939,0.696551724137931,0.7474747474747475,0.5869565217391305,,0.5869565217391305
0,stage_1,1,ENG_06,engineering__PCA_PART_I_PATIENT_3_90,engineered_representation,none,all,PCA_PART_I_PATIENT_3_90,pca,rbf_svc,scaled_dense,12,"{""C"": 10.0, ""class_weight"": null, ""gamma"": ""scale""}",0,582,146,47,27,Years_since_PD_diagnosis | Age | MCATOT | FRZGT12M | SCAU14 | SCAU16 | GDS_TOTAL | NQ_GAUSSIAN_REVISION | NP1RTOT | BMI | NP3GAIT_COMBINED_MAX | NP3PSTBL_COMBINED_MAX | NHY_COMBINED_MAX | NP3TOT_COMBINED_MAX | NP4TOT | FOG_FORM_MISSING | NQ_FORM_MISSING | PART_IV_FORM_MISSING | DXPOSINS_Missing | DXPOSINS_No | DXPOSINS_Unknown | DXPOSINS_Yes | DXRIGID_No | DXRIGID_Unknown | DXRIGID_Yes | DOPTHERST_Missing | DOPTHERST_No | DOPTHERST_Yes | FEATPOSHYP_No | FEATPOSHYP_Uncertain | FEATPOSHYP_Yes | ANYFAMPD_Missing | ANYFAMPD_No | ANYFAMPD_Yes | DXTREMOR_No | DXTREMOR_Unknown | DXTREMOR_Yes | DXBRADY_No | DXBRADY_Unknown | DXBRADY_Yes | DOMSIDE_Left | DOMSIDE_Right | DOMSIDE_Symmetric | DOMSIDE_Unknown | PCA_PART_I_PATIENT_3_90_PC1 | PCA_PART_I_PATIENT_3_90_PC2 | PCA_PART_I_PATIENT_3_90_PC3,0.03635762499834527,0.68246336996337,0.675,0.7397260273972602,0.85,0.5,,0.5
0,stage_1,1,ENG_06,engineering__PCA_PART_I_PATIENT_3_90,engineered_representation,none,all,PCA_PART_I_PATIENT_3_90,pca,rbf_svc,scaled_dense,12,"{""C"": 10.0, ""class_weight"": null, ""gamma"": ""scale""}",1,582,146,46,27,Years_since_PD_diagnosis | Age | MCATOT | FRZGT12M | SCAU14 | SCAU16 | GDS_TOTAL | NQ_GAUSSIAN_REVISION | NP1RTOT | BMI | NP3GAIT_COMBINED_MAX | NP3PSTBL_COMBINED_MAX | NHY_COMBINED_MAX | NP3TOT_COMBINED_MAX | NP4TOT | FOG_FORM_MISSING | NQ_FORM_MISSING | PART_IV_FORM_MISSING | DXPOSINS_No | DXPOSINS_Unknown | DXPOSINS_Yes | DXRIGID_No | DXRIGID_Unknown | DXRIGID_Yes | DOPTHERST_Missing | DOPTHERST_No | DOPTHERST_Yes | FEATPOSHYP_No | FEATPOSHYP_Uncertain | FEATPOSHYP_Yes | ANYFAMPD_Missing | ANYFAMPD_No | ANYFAMPD_Yes | DXTREMOR_No | DXTREMOR_Unknown | DXTREMOR_Yes | DXBRADY_No | DXBRADY_Unknown | DXBRADY_Yes | DOMSIDE_Left | DOMSIDE_Right | DOMSIDE_Symmetric | DOMSIDE_Unknown | PCA_PART_I_PATIENT_3_90_PC1 | PCA_PART_I_PATIENT_3_90_PC2 | PCA_PART_I_PATIENT_3_90_PC3,0.03691387499929988,0.5760743321718931,0.5739130434782609,0.6575342465753424,0.8,0.34782608695652173,,0.34782608695652173
0,stage_1,1,ENG_06,engineering__PCA_PART_I_PATIENT_3_90,engineered_representation,none,all,PCA_PART_I_PATIENT_3_90,pca,rbf_svc,scaled_dense,12,"{""C"": 10.0, ""class_weight"": null, ""gamma"": ""scale""}",2,582,146,47,27,Years_since_PD_diagnosis | Age | MCATOT | FRZGT12M | SCAU14 | SCAU16 | GDS_TOTAL | NQ_GAUSSIAN_REVISION | NP1RTOT | BMI | NP3GAIT_COMBINED_MAX | NP3PSTBL_COMBINED_MAX | NHY_COMBINED_MAX | NP3TOT_COMBINED_MAX | NP4TOT | FOG_FORM_MISSING | NQ_FORM_MISSING | PART_IV_FORM_MISSING | DXPOSINS_Missing | DXPOSINS_No | DXPOSINS_Unknown | DXPOSINS_Yes | DXRIGID_No | DXRIGID_Unknown | DXRIGID_Yes | DOPTHERST_Missing | DOPTHERST_No | DOPTHERST_Yes | FEATPOSHYP_No | FEATPOSHYP_Uncertain | FEATPOSHYP_Yes | ANYFAMPD_Missing | ANYFAMPD_No | ANYFAMPD_Yes | DXTREMOR_No | DXTREMOR_Unknown | DXTREMOR_Yes | DXBRADY_No | DXBRADY_Unknown | DXBRADY_Yes | DOMSIDE_Left | DOMSIDE_Right | DOMSIDE_Symmetric | DOMSIDE_Unknown | PCA_PART_I_PATIENT_3_90_PC1 | PCA_PART_I_PATIENT_3_90_PC2 | PCA_PART_I_PATIENT_3_90_PC3,0.03647916699992493,0.5976515696141864,0.5939130434782609,0.684931506849315,0.84,0.34782608695652173,,0.34782608695652173
0,stage_1,1,ENG_06,engineering__PCA_PART_I_PATIENT_3_90,engineered_representation,none,all,PCA_PART_I_PATIENT_3_90,pca,rbf_svc,scaled_dense,12,"{""C"": 10.0, ""class_weight"": null, ""gamma"": ""scale""}",3,583,145,47,27,Years_since_PD_diagnosis | Age | MCATOT | FRZGT12M | SCAU14 | SCAU16 | GDS_TOTAL | NQ_GAUSSIAN_REVISION | NP1RTOT | BMI | NP3GAIT_COMBINED_MAX | NP3PSTBL_COMBINED_MAX | NHY_COMBINED_MAX | NP3TOT_COMBINED_MAX | NP4TOT | FOG_FORM_MISSING | NQ_FORM_MISSING | PART_IV_FORM_MISSING | DXPOSINS_Missing | DXPOSINS_No | DXPOSINS_Unknown | DXPOSINS_Yes | DXRIGID_No | DXRIGID_Unknown | DXRIGID_Yes | DOPTHERST_Missing | DOPTHERST_No | DOPTHERST_Yes | FEATPOSHYP_No | FEATPOSHYP_Uncertain | FEATPOSHYP_Yes | ANYFAMPD_Missing | ANYFAMPD_No | ANYFAMPD_Yes | DXTREMOR_No | DXTREMOR_Unknown | DXTREMOR_Yes | DXBRADY_No | DXBRADY_Unknown | DXBRADY_Yes | DOMSIDE_Left | DOMSIDE_Right | DOMSIDE_Symmetric | DOMSIDE_Unknown | PCA_PART_I_PATIENT_3_90_PC1 | PCA_PART_I_PATIENT_3_90_PC2 | PCA_PART_I_PATIENT_3_90_PC3,0.03608904099746724,0.6528727770177838,0.6482213438735178,0.7103448275862069,0.8181818181818182,0.4782608695652174,,0.4782608695652174
0,stage_1,1,ENG_06,engineering__PCA_PART_I_PATIENT_3_90,engineered_representation,none,all,PCA_PART_I_PATIENT_3_90,pca,rbf_svc,scaled_dense,12,"{""C"": 10.0, ""class_weight"": null, ""gamma"": ""scale""}",4,583,145,47,27,Years_since_PD_diagnosis | Age | MCATOT | FRZGT12M | SCAU14 | SCAU16 | GDS_TOTAL | NQ_GAUSSIAN_REVISION | NP1RTOT | BMI | NP3GAIT_COMBINED_MAX | NP3PSTBL_COMBINED_MAX | NHY_COMBINED_MAX | NP3TOT_COMBINED_MAX | NP4TOT | FOG_FORM_MISSING | NQ_FORM_MISSING | PART_IV_FORM_MISSING | DXPOSINS_Missing | DXPOSINS_No | DXPOSINS_Unknown | DXPOSINS_Yes | DXRIGID_No | DXRIGID_Unknown | DXRIGID_Yes | DOPTHERST_Missing | DOPTHERST_No | DOPTHERST_Yes | FEATPOSHYP_No | FEATPOSHYP_Uncertain | FEATPOSHYP_Yes | ANYFAMPD_Missing | ANYFAMPD_No | ANYFAMPD_Yes | DXTREMOR_No | DXTREMOR_Unknown | DXTREMOR_Yes | DXBRADY_No | DXBRADY_Unknown | DXBRADY_Yes | DOMSIDE_Left | DOMSIDE_Right | DOMSIDE_Symmetric | DOMSIDE_Unknown | PCA_PART_I_PATIENT_3_90_PC1 | PCA_PART_I_PATIENT_3_90_PC2 | PCA_PART_I_PATIENT_3_90_PC3,0.035380249999434454,0.5977011494252873,0.5954106280193237,0.6620689655172414,0.7777777777777778,0.41304347826086957,,0.41304347826086957
0,stage_1,1,ENG_06,engineering__PCA_PART_I_PATIENT_3_90,engineered_representation,none,all,PCA_PART_I_PATIENT_3_90,pca,rbf_svc,scaled_dense,13,"{""C"": 10.0, ""class_weight"": ""balanced"", ""gamma"": ""scale""}",0,582,146,47,27,Years_since_PD_diagnosis | Age | MCATOT | FRZGT12M | SCAU14 | SCAU16 | GDS_TOTAL | NQ_GAUSSIAN_REVISION | NP1RTOT | BMI | NP3GAIT_COMBINED_MAX | NP3PSTBL_COMBINED_MAX | NHY_COMBINED_MAX | NP3TOT_COMBINED_MAX | NP4TOT | FOG_FORM_MISSING | NQ_FORM_MISSING | PART_IV_FORM_MISSING | DXPOSINS_Missing | DXPOSINS_No | DXPOSINS_Unknown | DXPOSINS_Yes | DXRIGID_No | DXRIGID_Unknown | DXRIGID_Yes | DOPTHERST_Missing | DOPTHERST_No | DOPTHERST_Yes | FEATPOSHYP_No | FEATPOSHYP_Uncertain | FEATPOSHYP_Yes | ANYFAMPD_Missing | ANYFAMPD_No | ANYFAMPD_Yes | DXTREMOR_No | DXTREMOR_Unknown | DXTREMOR_Yes | DXBRADY_No | DXBRADY_Unknown | DXBRADY_Yes | DOMSIDE_Left | DOMSIDE_Right | DOMSIDE_Symmetric | DOMSIDE_Unknown | PCA_PART_I_PATIENT_3_90_PC1 | PCA_PART_I_PATIENT_3_90_PC2 | PCA_PART_I_PATIENT_3_90_PC3,0.03612929199880455,0.631623212783852,0.6282608695652174,0.6917808219178082,0.8,0.45652173913043476,,0.45652173913043476
0,stage_1,1,ENG_06,engineering__PCA_PART_I_PATIENT_3_90,engineered_representation,none,all,PCA_PART_I_PATIENT_3_90,pca,rbf_svc,scaled_dense,13,"{""C"": 10.0, ""class_weight"": ""balanced"", ""gamma"": ""scale""}",1,582,146,46,27,Years_since_PD_diagnosis | Age | MCATOT | FRZGT12M | SCAU14 | SCAU16 | GDS_TOTAL | NQ_GAUSSIAN_REVISION | NP1RTOT | BMI | NP3GAIT_COMBINED_MAX | NP3PSTBL_COMBINED_MAX | NHY_COMBINED_MAX | NP3TOT_COMBINED_MAX | NP4TOT | FOG_FORM_MISSING | NQ_FORM_MISSING | PART_IV_FORM_MISSING | DXPOSINS_No | DXPOSINS_Unknown | DXPOSINS_Yes | DXRIGID_No | DXRIGID_Unknown | DXRIGID_Yes | DOPTHERST_Missing | DOPTHERST_No | DOPTHERST_Yes | FEATPOSHYP_No | FEATPOSHYP_Uncertain | FEATPOSHYP_Yes | ANYFAMPD_Missing | ANYFAMPD_No | ANYFAMPD_Yes | DXTREMOR_No | DXTREMOR_Unknown | DXTREMOR_Yes | DXBRADY_No | DXBRADY_Unknown | DXBRADY_Yes | DOMSIDE_Left | DOMSIDE_Right | DOMSIDE_Symmetric | DOMSIDE_Unknown | PCA_PART_I_PATIENT_3_90_PC1 | PCA_PART_I_PATIENT_3_90_PC2 | PCA_PART_I_PATIENT_3_90_PC3,0.03669287499724305,0.5821886446886446,0.5797826086956521,0.6575342465753424,0.79,0.3695652173913043,,0.3695652173913043
0,stage_1,1,ENG_06,engineering__PCA_PART_I_PATIENT_3_90,engineered_representation,none,all,PCA_PART_I_PATIENT_3_90,pca,rbf_svc,scaled_dense,13,"{""C"": 10.0, ""class_weight"": ""balanced"", ""gamma"": ""scale""}",2,582,146,47,27,Years_since_PD_diagnosis | Age | MCATOT | FRZGT12M | SCAU14 | SCAU16 | GDS_TOTAL | NQ_GAUSSIAN_REVISION | NP1RTOT | BMI | NP3GAIT_COMBINED_MAX | NP3PSTBL_COMBINED_MAX | NHY_COMBINED_MAX | NP3TOT_COMBINED_MAX | NP4TOT | FOG_FORM_MISSING | NQ_FORM_MISSING | PART_IV_FORM_MISSING | DXPOSINS_Missing | DXPOSINS_No | DXPOSINS_Unknown | DXPOSINS_Yes | DXRIGID_No | DXRIGID_Unknown | DXRIGID_Yes | DOPTHERST_Missing | DOPTHERST_No | DOPTHERST_Yes | FEATPOSHYP_No | FEATPOSHYP_Uncertain | FEATPOSHYP_Yes | ANYFAMPD_Missing | ANYFAMPD_No | ANYFAMPD_Yes | DXTREMOR_No | DXTREMOR_Unknown | DXTREMOR_Yes | DXBRADY_No | DXBRADY_Unknown | DXBRADY_Yes | DOMSIDE_Left | DOMSIDE_Right | DOMSIDE_Symmetric | DOMSIDE_Unknown | PCA_PART_I_PATIENT_3_90_PC1 | PCA_PART_I_PATIENT_3_90_PC2 | PCA_PART_I_PATIENT_3_90_PC3,0.036482166997302556,0.5934072179596476,0.5906521739130435,0.6643835616438356,0.79,0.391304347826087,,0.391304347826087
0,stage_1,1,ENG_06,engineering__PCA_PART_I_PATIENT_3_90,engineered_representation,none,all,PCA_PART_I_PATIENT_3_90,pca,rbf_svc,scaled_dense,13,"{""C"": 10.0, ""class_weight"": ""balanced"", ""gamma"": ""scale""}",3,583,145,47,27,Years_since_PD_diagnosis | Age | MCATOT | FRZGT12M | SCAU14 | SCAU16 | GDS_TOTAL | NQ_GAUSSIAN_REVISION | NP1RTOT | BMI | NP3GAIT_COMBINED_MAX | NP3PSTBL_COMBINED_MAX | NHY_COMBINED_MAX | NP3TOT_COMBINED_MAX | NP4TOT | FOG_FORM_MISSING | NQ_FORM_MISSING | PART_IV_FORM_MISSING | DXPOSINS_Missing | DXPOSINS_No | DXPOSINS_Unknown | DXPOSINS_Yes | DXRIGID_No | DXRIGID_Unknown | DXRIGID_Yes | DOPTHERST_Missing | DOPTHERST_No | DOPTHERST_Yes | FEATPOSHYP_No | FEATPOSHYP_Uncertain | FEATPOSHYP_Yes | ANYFAMPD_Missing | ANYFAMPD_No | ANYFAMPD_Yes | DXTREMOR_No | DXTREMOR_Unknown | DXTREMOR_Yes | DXBRADY_No | DXBRADY_Unknown | DXBRADY_Yes | DOMSIDE_Left | DOMSIDE_Right | DOMSIDE_Symmetric | DOMSIDE_Unknown | PCA_PART_I_PATIENT_3_90_PC1 | PCA_PART_I_PATIENT_3_90_PC2 | PCA_PART_I_PATIENT_3_90_PC3,0.03642949999994016,0.6514617921627817,0.648989898989899,0.7034482758620689,0.797979797979798,0.5,,0.5
0,stage_1,1,ENG_06,engineering__PCA_PART_I_PATIENT_3_90,engineered_representation,none,all,PCA_PART_I_PATIENT_3_90,pca,rbf_svc,scaled_dense,13,"{""C"": 10.0, ""class_weight"": ""balanced"", ""gamma"": ""scale""}",4,583,145,47,27,Years_since_PD_diagnosis | Age | MCATOT | FRZGT12M | SCAU14 | SCAU16 | GDS_TOTAL | NQ_GAUSSIAN_REVISION | NP1RTOT | BMI | NP3GAIT_COMBINED_MAX | NP3PSTBL_COMBINED_MAX | NHY_COMBINED_MAX | NP3TOT_COMBINED_MAX | NP4TOT | FOG_FORM_MISSING | NQ_FORM_MISSING | PART_IV_FORM_MISSING | DXPOSINS_Missing | DXPOSINS_No | DXPOSINS_Unknown | DXPOSINS_Yes | DXRIGID_No | DXRIGID_Unknown | DXRIGID_Yes | DOPTHERST_Missing | DOPTHERST_No | DOPTHERST_Yes | FEATPOSHYP_No | FEATPOSHYP_Uncertain | FEATPOSHYP_Yes | ANYFAMPD_Missing | ANYFAMPD_No | ANYFAMPD_Yes | DXTREMOR_No | DXTREMOR_Unknown | DXTREMOR_Yes | DXBRADY_No | DXBRADY_Unknown | DXBRADY_Yes | DOMSIDE_Left | DOMSIDE_Right | DOMSIDE_Symmetric | DOMSIDE_Unknown | PCA_PART_I_PATIENT_3_90_PC1 | PCA_PART_I_PATIENT_3_90_PC2 | PCA_PART_I_PATIENT_3_90_PC3,0.037637707999238046,0.5866174744256247,0.5853096179183136,0.6482758620689655,0.7575757575757576,0.41304347826086957,,0.41304347826086957
0,stage_1,1,ENG_06,engineering__PCA_PART_I_PATIENT_3_90,engineered_representation,none,all,PCA_PART_I_PATIENT_3_90,pca,rbf_svc,scaled_dense,14,"{""C"": 10.0, ""class_weight"": null, ""gamma"": 0.01}",0,582,146,47,27,Years_since_PD_diagnosis | Age | MCATOT | FRZGT12M | SCAU14 | SCAU16 | GDS_TOTAL | NQ_GAUSSIAN_REVISION | NP1RTOT | BMI | NP3GAIT_COMBINED_MAX | NP3PSTBL_COMBINED_MAX | NHY_COMBINED_MAX | NP3TOT_COMBINED_MAX | NP4TOT | FOG_FORM_MISSING | NQ_FORM_MISSING | PART_IV_FORM_MISSING | DXPOSINS_Missing | DXPOSINS_No | DXPOSINS_Unknown | DXPOSINS_Yes | DXRIGID_No | DXRIGID_Unknown | DXRIGID_Yes | DOPTHERST_Missing | DOPTHERST_No | DOPTHERST_Yes | FEATPOSHYP_No | FEATPOSHYP_Uncertain | FEATPOSHYP_Yes | ANYFAMPD_Missing | ANYFAMPD_No | ANYFAMPD_Yes | DXTREMOR_No | DXTREMOR_Unknown | DXTREMOR_Yes | DXBRADY_No | DXBRADY_Unknown | DXBRADY_Yes | DOMSIDE_Left | DOMSIDE_Right | DOMSIDE_Symmetric | DOMSIDE_Unknown | PCA_PART_I_PATIENT_3_90_PC1 | PCA_PART_I_PATIENT_3_90_PC2 | PCA_PART_I_PATIENT_3_90_PC3,0.03229941700192285,0.6616152611873775,0.6523913043478261,0.7328767123287672,0.87,0.43478260869565216,,0.43478260869565216
0,stage_1,1,ENG_06,engineering__PCA_PART_I_PATIENT_3_90,engineered_representation,none,all,PCA_PART_I_PATIENT_3_90,pca,rbf_svc,scaled_dense,14,"{""C"": 10.0, ""class_weight"": null, ""gamma"": 0.01}",1,582,146,46,27,Years_since_PD_diagnosis | Age | MCATOT | FRZGT12M | SCAU14 | SCAU16 | GDS_TOTAL | NQ_GAUSSIAN_REVISION | NP1RTOT | BMI | NP3GAIT_COMBINED_MAX | NP3PSTBL_COMBINED_MAX | NHY_COMBINED_MAX | NP3TOT_COMBINED_MAX | NP4TOT | FOG_FORM_MISSING | NQ_FORM_MISSING | PART_IV_FORM_MISSING | DXPOSINS_No | DXPOSINS_Unknown | DXPOSINS_Yes | DXRIGID_No | DXRIGID_Unknown | DXRIGID_Yes | DOPTHERST_Missing | DOPTHERST_No | DOPTHERST_Yes | FEATPOSHYP_No | FEATPOSHYP_Uncertain | FEATPOSHYP_Yes | ANYFAMPD_Missing | ANYFAMPD_No | ANYFAMPD_Yes | DXTREMOR_No | DXTREMOR_Unknown | DXTREMOR_Yes | DXBRADY_No | DXBRADY_Unknown | DXBRADY_Yes | DOMSIDE_Left | DOMSIDE_Right | DOMSIDE_Symmetric | DOMSIDE_Unknown | PCA_PART_I_PATIENT_3_90_PC1 | PCA_PART_I_PATIENT_3_90_PC2 | PCA_PART_I_PATIENT_3_90_PC3,0.03141716599930078,0.576010101010101,0.576304347826087,0.684931506849315,0.87,0.2826086956521739,,0.2826086956521739
0,stage_1,1,ENG_06,engineering__PCA_PART_I_PATIENT_3_90,engineered_representation,none,all,PCA_PART_I_PATIENT_3_90,pca,rbf_svc,scaled_dense,14,"{""C"": 10.0, ""class_weight"": null, ""gamma"": 0.01}",2,582,146,47,27,Years_since_PD_diagnosis | Age | MCATOT | FRZGT12M | SCAU14 | SCAU16 | GDS_TOTAL | NQ_GAUSSIAN_REVISION | NP1RTOT | BMI | NP3GAIT_COMBINED_MAX | NP3PSTBL_COMBINED_MAX | NHY_COMBINED_MAX | NP3TOT_COMBINED_MAX | NP4TOT | FOG_FORM_MISSING | NQ_FORM_MISSING | PART_IV_FORM_MISSING | DXPOSINS_Missing | DXPOSINS_No | DXPOSINS_Unknown | DXPOSINS_Yes | DXRIGID_No | DXRIGID_Unknown | DXRIGID_Yes | DOPTHERST_Missing | DOPTHERST_No | DOPTHERST_Yes | FEATPOSHYP_No | FEATPOSHYP_Uncertain | FEATPOSHYP_Yes | ANYFAMPD_Missing | ANYFAMPD_No | ANYFAMPD_Yes | DXTREMOR_No | DXTREMOR_Unknown | DXTREMOR_Yes | DXBRADY_No | DXBRADY_Unknown | DXBRADY_Yes | DOMSIDE_Left | DOMSIDE_Right | DOMSIDE_Symmetric | DOMSIDE_Unknown | PCA_PART_I_PATIENT_3_90_PC1 | PCA_PART_I_PATIENT_3_90_PC2 | PCA_PART_I_PATIENT_3_90_PC3,0.03211504200226045,0.5812886367981646,0.581304347826087,0.6917808219178082,0.88,0.2826086956521739,,0.2826086956521739
0,stage_1,1,ENG_06,engineering__PCA_PART_I_PATIENT_3_90,engineered_representation,none,all,PCA_PART_I_PATIENT_3_90,pca,rbf_svc,scaled_dense,14,"{""C"": 10.0, ""class_weight"": null, ""gamma"": 0.01}",3,583,145,47,27,Years_since_PD_diagnosis | Age | MCATOT | FRZGT12M | SCAU14 | SCAU16 | GDS_TOTAL | NQ_GAUSSIAN_REVISION | NP1RTOT | BMI | NP3GAIT_COMBINED_MAX | NP3PSTBL_COMBINED_MAX | NHY_COMBINED_MAX | NP3TOT_COMBINED_MAX | NP4TOT | FOG_FORM_MISSING | NQ_FORM_MISSING | PART_IV_FORM_MISSING | DXPOSINS_Missing | DXPOSINS_No | DXPOSINS_Unknown | DXPOSINS_Yes | DXRIGID_No | DXRIGID_Unknown | DXRIGID_Yes | DOPTHERST_Missing | DOPTHERST_No | DOPTHERST_Yes | FEATPOSHYP_No | FEATPOSHYP_Uncertain | FEATPOSHYP_Yes | ANYFAMPD_Missing | ANYFAMPD_No | ANYFAMPD_Yes | DXTREMOR_No | DXTREMOR_Unknown | DXTREMOR_Yes | DXBRADY_No | DXBRADY_Unknown | DXBRADY_Yes | DOMSIDE_Left | DOMSIDE_Right | DOMSIDE_Symmetric | DOMSIDE_Unknown | PCA_PART_I_PATIENT_3_90_PC1 | PCA_PART_I_PATIENT_3_90_PC2 | PCA_PART_I_PATIENT_3_90_PC3,0.03154429200003506,0.6233766233766234,0.6175889328063241,0.7241379310344828,0.9090909090909091,0.32608695652173914,,0.32608695652173914
0,stage_1,1,ENG_06,engineering__PCA_PART_I_PATIENT_3_90,engineered_representation,none,all,PCA_PART_I_PATIENT_3_90,pca,rbf_svc,scaled_dense,14,"{""C"": 10.0, ""class_weight"": null, ""gamma"": 0.01}",4,583,145,47,27,Years_since_PD_diagnosis | Age | MCATOT | FRZGT12M | SCAU14 | SCAU16 | GDS_TOTAL | NQ_GAUSSIAN_REVISION | NP1RTOT | BMI | NP3GAIT_COMBINED_MAX | NP3PSTBL_COMBINED_MAX | NHY_COMBINED_MAX | NP3TOT_COMBINED_MAX | NP4TOT | FOG_FORM_MISSING | NQ_FORM_MISSING | PART_IV_FORM_MISSING | DXPOSINS_Missing | DXPOSINS_No | DXPOSINS_Unknown | DXPOSINS_Yes | DXRIGID_No | DXRIGID_Unknown | DXRIGID_Yes | DOPTHERST_Missing | DOPTHERST_No | DOPTHERST_Yes | FEATPOSHYP_No | FEATPOSHYP_Uncertain | FEATPOSHYP_Yes | ANYFAMPD_Missing | ANYFAMPD_No | ANYFAMPD_Yes | DXTREMOR_No | DXTREMOR_Unknown | DXTREMOR_Yes | DXBRADY_No | DXBRADY_Unknown | DXBRADY_Yes | DOMSIDE_Left | DOMSIDE_Right | DOMSIDE_Symmetric | DOMSIDE_Unknown | PCA_PART_I_PATIENT_3_90_PC1 | PCA_PART_I_PATIENT_3_90_PC2 | PCA_PART_I_PATIENT_3_90_PC3,0.03118279200134566,0.6008508508508509,0.5973869126043039,0.696551724137931,0.8686868686868687,0.32608695652173914,,0.32608695652173914
0,stage_1,1,ENG_06,engineering__PCA_PART_I_PATIENT_3_90,engineered_representation,none,all,PCA_PART_I_PATIENT_3_90,pca,rbf_svc,scaled_dense,15,"{""C"": 10.0, ""class_weight"": ""balanced"", ""gamma"": 0.01}",0,582,146,47,27,Years_since_PD_diagnosis | Age | MCATOT | FRZGT12M | SCAU14 | SCAU16 | GDS_TOTAL | NQ_GAUSSIAN_REVISION | NP1RTOT | BMI | NP3GAIT_COMBINED_MAX | NP3PSTBL_COMBINED_MAX | NHY_COMBINED_MAX | NP3TOT_COMBINED_MAX | NP4TOT | FOG_FORM_MISSING | NQ_FORM_MISSING | PART_IV_FORM_MISSING | DXPOSINS_Missing | DXPOSINS_No | DXPOSINS_Unknown | DXPOSINS_Yes | DXRIGID_No | DXRIGID_Unknown | DXRIGID_Yes | DOPTHERST_Missing | DOPTHERST_No | DOPTHERST_Yes | FEATPOSHYP_No | FEATPOSHYP_Uncertain | FEATPOSHYP_Yes | ANYFAMPD_Missing | ANYFAMPD_No | ANYFAMPD_Yes | DXTREMOR_No | DXTREMOR_Unknown | DXTREMOR_Yes | DXBRADY_No | DXBRADY_Unknown | DXBRADY_Yes | DOMSIDE_Left | DOMSIDE_Right | DOMSIDE_Symmetric | DOMSIDE_Unknown | PCA_PART_I_PATIENT_3_90_PC1 | PCA_PART_I_PATIENT_3_90_PC2 | PCA_PART_I_PATIENT_3_90_PC3,0.03374366599746281,0.6685242518059855,0.6802173913043479,0.6986301369863014,0.73,0.6304347826086957,,0.6304347826086957
0,stage_1,1,ENG_06,engineering__PCA_PART_I_PATIENT_3_90,engineered_representation,none,all,PCA_PART_I_PATIENT_3_90,pca,rbf_svc,scaled_dense,15,"{""C"": 10.0, ""class_weight"": ""balanced"", ""gamma"": 0.01}",1,582,146,46,27,Years_since_PD_diagnosis | Age | MCATOT | FRZGT12M | SCAU14 | SCAU16 | GDS_TOTAL | NQ_GAUSSIAN_REVISION | NP1RTOT | BMI | NP3GAIT_COMBINED_MAX | NP3PSTBL_COMBINED_MAX | NHY_COMBINED_MAX | NP3TOT_COMBINED_MAX | NP4TOT | FOG_FORM_MISSING | NQ_FORM_MISSING | PART_IV_FORM_MISSING | DXPOSINS_No | DXPOSINS_Unknown | DXPOSINS_Yes | DXRIGID_No | DXRIGID_Unknown | DXRIGID_Yes | DOPTHERST_Missing | DOPTHERST_No | DOPTHERST_Yes | FEATPOSHYP_No | FEATPOSHYP_Uncertain | FEATPOSHYP_Yes | ANYFAMPD_Missing | ANYFAMPD_No | ANYFAMPD_Yes | DXTREMOR_No | DXTREMOR_Unknown | DXTREMOR_Yes | DXBRADY_No | DXBRADY_Unknown | DXBRADY_Yes | DOMSIDE_Left | DOMSIDE_Right | DOMSIDE_Symmetric | DOMSIDE_Unknown | PCA_PART_I_PATIENT_3_90_PC1 | PCA_PART_I_PATIENT_3_90_PC2 | PCA_PART_I_PATIENT_3_90_PC3,0.03330504100085818,0.6088786835055492,0.6082608695652174,0.6643835616438356,0.76,0.45652173913043476,,0.45652173913043476
0,stage_1,1,ENG_06,engineering__PCA_PART_I_PATIENT_3_90,engineered_representation,none,all,PCA_PART_I_PATIENT_3_90,pca,rbf_svc,scaled_dense,15,"{""C"": 10.0, ""class_weight"": ""balanced"", ""gamma"": 0.01}",2,582,146,47,27,Years_since_PD_diagnosis | Age | MCATOT | FRZGT12M | SCAU14 | SCAU16 | GDS_TOTAL | NQ_GAUSSIAN_REVISION | NP1RTOT | BMI | NP3GAIT_COMBINED_MAX | NP3PSTBL_COMBINED_MAX | NHY_COMBINED_MAX | NP3TOT_COMBINED_MAX | NP4TOT | FOG_FORM_MISSING | NQ_FORM_MISSING | PART_IV_FORM_MISSING | DXPOSINS_Missing | DXPOSINS_No | DXPOSINS_Unknown | DXPOSINS_Yes | DXRIGID_No | DXRIGID_Unknown | DXRIGID_Yes | DOPTHERST_Missing | DOPTHERST_No | DOPTHERST_Yes | FEATPOSHYP_No | FEATPOSHYP_Uncertain | FEATPOSHYP_Yes | ANYFAMPD_Missing | ANYFAMPD_No | ANYFAMPD_Yes | DXTREMOR_No | DXTREMOR_Unknown | DXTREMOR_Yes | DXBRADY_No | DXBRADY_Unknown | DXBRADY_Yes | DOMSIDE_Left | DOMSIDE_Right | DOMSIDE_Symmetric | DOMSIDE_Unknown | PCA_PART_I_PATIENT_3_90_PC1 | PCA_PART_I_PATIENT_3_90_PC2 | PCA_PART_I_PATIENT_3_90_PC3,0.03346958300244296,0.6680941052075073,0.6734782608695653,0.7054794520547946,0.76,0.5869565217391305,,0.5869565217391305
0,stage_1,1,ENG_06,engineering__PCA_PART_I_PATIENT_3_90,engineered_representation,none,all,PCA_PART_I_PATIENT_3_90,pca,rbf_svc,scaled_dense,15,"{""C"": 10.0, ""class_weight"": ""balanced"", ""gamma"": 0.01}",3,583,145,47,27,Years_since_PD_diagnosis | Age | MCATOT | FRZGT12M | SCAU14 | SCAU16 | GDS_TOTAL | NQ_GAUSSIAN_REVISION | NP1RTOT | BMI | NP3GAIT_COMBINED_MAX | NP3PSTBL_COMBINED_MAX | NHY_COMBINED_MAX | NP3TOT_COMBINED_MAX | NP4TOT | FOG_FORM_MISSING | NQ_FORM_MISSING | PART_IV_FORM_MISSING | DXPOSINS_Missing | DXPOSINS_No | DXPOSINS_Unknown | DXPOSINS_Yes | DXRIGID_No | DXRIGID_Unknown | DXRIGID_Yes | DOPTHERST_Missing | DOPTHERST_No | DOPTHERST_Yes | FEATPOSHYP_No | FEATPOSHYP_Uncertain | FEATPOSHYP_Yes | ANYFAMPD_Missing | ANYFAMPD_No | ANYFAMPD_Yes | DXTREMOR_No | DXTREMOR_Unknown | DXTREMOR_Yes | DXBRADY_No | DXBRADY_Unknown | DXBRADY_Yes | DOMSIDE_Left | DOMSIDE_Right | DOMSIDE_Symmetric | DOMSIDE_Unknown | PCA_PART_I_PATIENT_3_90_PC1 | PCA_PART_I_PATIENT_3_90_PC2 | PCA_PART_I_PATIENT_3_90_PC3,0.03298025000185589,0.6596801484635118,0.6606280193236715,0.7034482758620689,0.7777777777777778,0.5434782608695652,,0.5434782608695652
0,stage_1,1,ENG_06,engineering__PCA_PART_I_PATIENT_3_90,engineered_representation,none,all,PCA_PART_I_PATIENT_3_90,pca,rbf_svc,scaled_dense,15,"{""C"": 10.0, ""class_weight"": ""balanced"", ""gamma"": 0.01}",4,583,145,47,27,Years_since_PD_diagnosis | Age | MCATOT | FRZGT12M | SCAU14 | SCAU16 | GDS_TOTAL | NQ_GAUSSIAN_REVISION | NP1RTOT | BMI | NP3GAIT_COMBINED_MAX | NP3PSTBL_COMBINED_MAX | NHY_COMBINED_MAX | NP3TOT_COMBINED_MAX | NP4TOT | FOG_FORM_MISSING | NQ_FORM_MISSING | PART_IV_FORM_MISSING | DXPOSINS_Missing | DXPOSINS_No | DXPOSINS_Unknown | DXPOSINS_Yes | DXRIGID_No | DXRIGID_Unknown | DXRIGID_Yes | DOPTHERST_Missing | DOPTHERST_No | DOPTHERST_Yes | FEATPOSHYP_No | FEATPOSHYP_Uncertain | FEATPOSHYP_Yes | ANYFAMPD_Missing | ANYFAMPD_No | ANYFAMPD_Yes | DXTREMOR_No | DXTREMOR_Unknown | DXTREMOR_Yes | DXBRADY_No | DXBRADY_Unknown | DXBRADY_Yes | DOMSIDE_Left | DOMSIDE_Right | DOMSIDE_Symmetric | DOMSIDE_Unknown | PCA_PART_I_PATIENT_3_90_PC1 | PCA_PART_I_PATIENT_3_90_PC2 | PCA_PART_I_PATIENT_3_90_PC3,0.03209849999984726,0.6049890497302495,0.6085858585858586,0.6482758620689655,0.7171717171717171,0.5,,0.5
0,stage_1,1,ENG_06,engineering__PCA_PART_I_PATIENT_3_90,engineered_representation,none,all,PCA_PART_I_PATIENT_3_90,pca,rbf_svc,scaled_dense,16,"{""C"": 10.0, ""class_weight"": null, ""gamma"": 0.1}",0,582,146,47,27,Years_since_PD_diagnosis | Age | MCATOT | FRZGT12M | SCAU14 | SCAU16 | GDS_TOTAL | NQ_GAUSSIAN_REVISION | NP1RTOT | BMI | NP3GAIT_COMBINED_MAX | NP3PSTBL_COMBINED_MAX | NHY_COMBINED_MAX | NP3TOT_COMBINED_MAX | NP4TOT | FOG_FORM_MISSING | NQ_FORM_MISSING | PART_IV_FORM_MISSING | DXPOSINS_Missing | DXPOSINS_No | DXPOSINS_Unknown | DXPOSINS_Yes | DXRIGID_No | DXRIGID_Unknown | DXRIGID_Yes | DOPTHERST_Missing | DOPTHERST_No | DOPTHERST_Yes | FEATPOSHYP_No | FEATPOSHYP_Uncertain | FEATPOSHYP_Yes | ANYFAMPD_Missing | ANYFAMPD_No | ANYFAMPD_Yes | DXTREMOR_No | DXTREMOR_Unknown | DXTREMOR_Yes | DXBRADY_No | DXBRADY_Unknown | DXBRADY_Yes | DOMSIDE_Left | DOMSIDE_Right | DOMSIDE_Symmetric | DOMSIDE_Unknown | PCA_PART_I_PATIENT_3_90_PC1 | PCA_PART_I_PATIENT_3_90_PC2 | PCA_PART_I_PATIENT_3_90_PC3,0.03630429099939647,0.692980960500142,0.6858695652173913,0.7465753424657534,0.85,0.5217391304347826,,0.5217391304347826
0,stage_1,1,ENG_06,engineering__PCA_PART_I_PATIENT_3_90,engineered_representation,none,all,PCA_PART_I_PATIENT_3_90,pca,rbf_svc,scaled_dense,16,"{""C"": 10.0, ""class_weight"": null, ""gamma"": 0.1}",1,582,146,46,27,Years_since_PD_diagnosis | Age | MCATOT | FRZGT12M | SCAU14 | SCAU16 | GDS_TOTAL | NQ_GAUSSIAN_REVISION | NP1RTOT | BMI | NP3GAIT_COMBINED_MAX | NP3PSTBL_COMBINED_MAX | NHY_COMBINED_MAX | NP3TOT_COMBINED_MAX | NP4TOT | FOG_FORM_MISSING | NQ_FORM_MISSING | PART_IV_FORM_MISSING | DXPOSINS_No | DXPOSINS_Unknown | DXPOSINS_Yes | DXRIGID_No | DXRIGID_Unknown | DXRIGID_Yes | DOPTHERST_Missing | DOPTHERST_No | DOPTHERST_Yes | FEATPOSHYP_No | FEATPOSHYP_Uncertain | FEATPOSHYP_Yes | ANYFAMPD_Missing | ANYFAMPD_No | ANYFAMPD_Yes | DXTREMOR_No | DXTREMOR_Unknown | DXTREMOR_Yes | DXBRADY_No | DXBRADY_Unknown | DXBRADY_Yes | DOMSIDE_Left | DOMSIDE_Right | DOMSIDE_Symmetric | DOMSIDE_Unknown | PCA_PART_I_PATIENT_3_90_PC1 | PCA_PART_I_PATIENT_3_90_PC2 | PCA_PART_I_PATIENT_3_90_PC3,0.036474042000918416,0.5976515696141864,0.5939130434782609,0.684931506849315,0.84,0.34782608695652173,,0.34782608695652173
0,stage_1,1,ENG_06,engineering__PCA_PART_I_PATIENT_3_90,engineered_representation,none,all,PCA_PART_I_PATIENT_3_90,pca,rbf_svc,scaled_dense,16,"{""C"": 10.0, ""class_weight"": null, ""gamma"": 0.1}",2,582,146,47,27,Years_since_PD_diagnosis | Age | MCATOT | FRZGT12M | SCAU14 | SCAU16 | GDS_TOTAL | NQ_GAUSSIAN_REVISION | NP1RTOT | BMI | NP3GAIT_COMBINED_MAX | NP3PSTBL_COMBINED_MAX | NHY_COMBINED_MAX | NP3TOT_COMBINED_MAX | NP4TOT | FOG_FORM_MISSING | NQ_FORM_MISSING | PART_IV_FORM_MISSING | DXPOSINS_Missing | DXPOSINS_No | DXPOSINS_Unknown | DXPOSINS_Yes | DXRIGID_No | DXRIGID_Unknown | DXRIGID_Yes | DOPTHERST_Missing | DOPTHERST_No | DOPTHERST_Yes | FEATPOSHYP_No | FEATPOSHYP_Uncertain | FEATPOSHYP_Yes | ANYFAMPD_Missing | ANYFAMPD_No | ANYFAMPD_Yes | DXTREMOR_No | DXTREMOR_Unknown | DXTREMOR_Yes | DXBRADY_No | DXBRADY_Unknown | DXBRADY_Yes | DOMSIDE_Left | DOMSIDE_Right | DOMSIDE_Symmetric | DOMSIDE_Unknown | PCA_PART_I_PATIENT_3_90_PC1 | PCA_PART_I_PATIENT_3_90_PC2 | PCA_PART_I_PATIENT_3_90_PC3,0.03652245799821685,0.5875943967256586,0.5847826086956522,0.6643835616438356,0.8,0.3695652173913043,,0.3695652173913043
0,stage_1,1,ENG_06,engineering__PCA_PART_I_PATIENT_3_90,engineered_representation,none,all,PCA_PART_I_PATIENT_3_90,pca,rbf_svc,scaled_dense,16,"{""C"": 10.0, ""class_weight"": null, ""gamma"": 0.1}",3,583,145,47,27,Years_since_PD_diagnosis | Age | MCATOT | FRZGT12M | SCAU14 | SCAU16 | GDS_TOTAL | NQ_GAUSSIAN_REVISION | NP1RTOT | BMI | NP3GAIT_COMBINED_MAX | NP3PSTBL_COMBINED_MAX | NHY_COMBINED_MAX | NP3TOT_COMBINED_MAX | NP4TOT | FOG_FORM_MISSING | NQ_FORM_MISSING | PART_IV_FORM_MISSING | DXPOSINS_Missing | DXPOSINS_No | DXPOSINS_Unknown | DXPOSINS_Yes | DXRIGID_No | DXRIGID_Unknown | DXRIGID_Yes | DOPTHERST_Missing | DOPTHERST_No | DOPTHERST_Yes | FEATPOSHYP_No | FEATPOSHYP_Uncertain | FEATPOSHYP_Yes | ANYFAMPD_Missing | ANYFAMPD_No | ANYFAMPD_Yes | DXTREMOR_No | DXTREMOR_Unknown | DXTREMOR_Yes | DXBRADY_No | DXBRADY_Unknown | DXBRADY_Yes | DOMSIDE_Left | DOMSIDE_Right | DOMSIDE_Symmetric | DOMSIDE_Unknown | PCA_PART_I_PATIENT_3_90_PC1 | PCA_PART_I_PATIENT_3_90_PC2 | PCA_PART_I_PATIENT_3_90_PC3,0.03603429199938546,0.7037384725826936,0.7025691699604744,0.7448275862068966,0.8181818181818182,0.5869565217391305,,0.5869565217391305
0,stage_1,1,ENG_06,engineering__PCA_PART_I_PATIENT_3_90,engineered_representation,none,all,PCA_PART_I_PATIENT_3_90,pca,rbf_svc,scaled_dense,16,"{""C"": 10.0, ""class_weight"": null, ""gamma"": 0.1}",4,583,145,47,27,Years_since_PD_diagnosis | Age | MCATOT | FRZGT12M | SCAU14 | SCAU16 | GDS_TOTAL | NQ_GAUSSIAN_REVISION | NP1RTOT | BMI | NP3GAIT_COMBINED_MAX | NP3PSTBL_COMBINED_MAX | NHY_COMBINED_MAX | NP3TOT_COMBINED_MAX | NP4TOT | FOG_FORM_MISSING | NQ_FORM_MISSING | PART_IV_FORM_MISSING | DXPOSINS_Missing | DXPOSINS_No | DXPOSINS_Unknown | DXPOSINS_Yes | DXRIGID_No | DXRIGID_Unknown | DXRIGID_Yes | DOPTHERST_Missing | DOPTHERST_No | DOPTHERST_Yes | FEATPOSHYP_No | FEATPOSHYP_Uncertain | FEATPOSHYP_Yes | ANYFAMPD_Missing | ANYFAMPD_No | ANYFAMPD_Yes | DXTREMOR_No | DXTREMOR_Unknown | DXTREMOR_Yes | DXBRADY_No | DXBRADY_Unknown | DXBRADY_Yes | DOMSIDE_Left | DOMSIDE_Right | DOMSIDE_Symmetric | DOMSIDE_Unknown | PCA_PART_I_PATIENT_3_90_PC1 | PCA_PART_I_PATIENT_3_90_PC2 | PCA_PART_I_PATIENT_3_90_PC3,0.03661366600135807,0.6089352720450282,0.6047430830039526,0.6827586206896552,0.8181818181818182,0.391304347826087,,0.391304347826087
0,stage_1,1,ENG_06,engineering__PCA_PART_I_PATIENT_3_90,engineered_representation,none,all,PCA_PART_I_PATIENT_3_90,pca,rbf_svc,scaled_dense,17,"{""C"": 10.0, ""class_weight"": ""balanced"", ""gamma"": 0.1}",0,582,146,47,27,Years_since_PD_diagnosis | Age | MCATOT | FRZGT12M | SCAU14 | SCAU16 | GDS_TOTAL | NQ_GAUSSIAN_REVISION | NP1RTOT | BMI | NP3GAIT_COMBINED_MAX | NP3PSTBL_COMBINED_MAX | NHY_COMBINED_MAX | NP3TOT_COMBINED_MAX | NP4TOT | FOG_FORM_MISSING | NQ_FORM_MISSING | PART_IV_FORM_MISSING | DXPOSINS_Missing | DXPOSINS_No | DXPOSINS_Unknown | DXPOSINS_Yes | DXRIGID_No | DXRIGID_Unknown | DXRIGID_Yes | DOPTHERST_Missing | DOPTHERST_No | DOPTHERST_Yes | FEATPOSHYP_No | FEATPOSHYP_Uncertain | FEATPOSHYP_Yes | ANYFAMPD_Missing | ANYFAMPD_No | ANYFAMPD_Yes | DXTREMOR_No | DXTREMOR_Unknown | DXTREMOR_Yes | DXBRADY_No | DXBRADY_Unknown | DXBRADY_Yes | DOMSIDE_Left | DOMSIDE_Right | DOMSIDE_Symmetric | DOMSIDE_Unknown | PCA_PART_I_PATIENT_3_90_PC1 | PCA_PART_I_PATIENT_3_90_PC2 | PCA_PART_I_PATIENT_3_90_PC3,0.036053542000445304,0.6868367577331226,0.6808695652173913,0.7397260273972602,0.84,0.5217391304347826,,0.5217391304347826
0,stage_1,1,ENG_06,engineering__PCA_PART_I_PATIENT_3_90,engineered_representation,none,all,PCA_PART_I_PATIENT_3_90,pca,rbf_svc,scaled_dense,17,"{""C"": 10.0, ""class_weight"": ""balanced"", ""gamma"": 0.1}",1,582,146,46,27,Years_since_PD_diagnosis | Age | MCATOT | FRZGT12M | SCAU14 | SCAU16 | GDS_TOTAL | NQ_GAUSSIAN_REVISION | NP1RTOT | BMI | NP3GAIT_COMBINED_MAX | NP3PSTBL_COMBINED_MAX | NHY_COMBINED_MAX | NP3TOT_COMBINED_MAX | NP4TOT | FOG_FORM_MISSING | NQ_FORM_MISSING | PART_IV_FORM_MISSING | DXPOSINS_No | DXPOSINS_Unknown | DXPOSINS_Yes | DXRIGID_No | DXRIGID_Unknown | DXRIGID_Yes | DOPTHERST_Missing | DOPTHERST_No | DOPTHERST_Yes | FEATPOSHYP_No | FEATPOSHYP_Uncertain | FEATPOSHYP_Yes | ANYFAMPD_Missing | ANYFAMPD_No | ANYFAMPD_Yes | DXTREMOR_No | DXTREMOR_Unknown | DXTREMOR_Yes | DXBRADY_No | DXBRADY_Unknown | DXBRADY_Yes | DOMSIDE_Left | DOMSIDE_Right | DOMSIDE_Symmetric | DOMSIDE_Unknown | PCA_PART_I_PATIENT_3_90_PC1 | PCA_PART_I_PATIENT_3_90_PC2 | PCA_PART_I_PATIENT_3_90_PC3,0.036383624999871245,0.5976515696141864,0.5939130434782609,0.684931506849315,0.84,0.34782608695652173,,0.34782608695652173
0,stage_1,1,ENG_06,engineering__PCA_PART_I_PATIENT_3_90,engineered_representation,none,all,PCA_PART_I_PATIENT_3_90,pca,rbf_svc,scaled_dense,17,"{""C"": 10.0, ""class_weight"": ""balanced"", ""gamma"": 0.1}",2,582,146,47,27,Years_since_PD_diagnosis | Age | MCATOT | FRZGT12M | SCAU14 | SCAU16 | GDS_TOTAL | NQ_GAUSSIAN_REVISION | NP1RTOT | BMI | NP3GAIT_COMBINED_MAX | NP3PSTBL_COMBINED_MAX | NHY_COMBINED_MAX | NP3TOT_COMBINED_MAX | NP4TOT | FOG_FORM_MISSING | NQ_FORM_MISSING | PART_IV_FORM_MISSING | DXPOSINS_Missing | DXPOSINS_No | DXPOSINS_Unknown | DXPOSINS_Yes | DXRIGID_No | DXRIGID_Unknown | DXRIGID_Yes | DOPTHERST_Missing | DOPTHERST_No | DOPTHERST_Yes | FEATPOSHYP_No | FEATPOSHYP_Uncertain | FEATPOSHYP_Yes | ANYFAMPD_Missing | ANYFAMPD_No | ANYFAMPD_Yes | DXTREMOR_No | DXTREMOR_Unknown | DXTREMOR_Yes | DXBRADY_No | DXBRADY_Unknown | DXBRADY_Yes | DOMSIDE_Left | DOMSIDE_Right | DOMSIDE_Symmetric | DOMSIDE_Unknown | PCA_PART_I_PATIENT_3_90_PC1 | PCA_PART_I_PATIENT_3_90_PC2 | PCA_PART_I_PATIENT_3_90_PC3,0.037856666996958666,0.5875943967256586,0.5847826086956522,0.6643835616438356,0.8,0.3695652173913043,,0.3695652173913043
0,stage_1,1,ENG_06,engineering__PCA_PART_I_PATIENT_3_90,engineered_representation,none,all,PCA_PART_I_PATIENT_3_90,pca,rbf_svc,scaled_dense,17,"{""C"": 10.0, ""class_weight"": ""balanced"", ""gamma"": 0.1}",3,583,145,47,27,Years_since_PD_diagnosis | Age | MCATOT | FRZGT12M | SCAU14 | SCAU16 | GDS_TOTAL | NQ_GAUSSIAN_REVISION | NP1RTOT | BMI | NP3GAIT_COMBINED_MAX | NP3PSTBL_COMBINED_MAX | NHY_COMBINED_MAX | NP3TOT_COMBINED_MAX | NP4TOT | FOG_FORM_MISSING | NQ_FORM_MISSING | PART_IV_FORM_MISSING | DXPOSINS_Missing | DXPOSINS_No | DXPOSINS_Unknown | DXPOSINS_Yes | DXRIGID_No | DXRIGID_Unknown | DXRIGID_Yes | DOPTHERST_Missing | DOPTHERST_No | DOPTHERST_Yes | FEATPOSHYP_No | FEATPOSHYP_Uncertain | FEATPOSHYP_Yes | ANYFAMPD_Missing | ANYFAMPD_No | ANYFAMPD_Yes | DXTREMOR_No | DXTREMOR_Unknown | DXTREMOR_Yes | DXBRADY_No | DXBRADY_Unknown | DXBRADY_Yes | DOMSIDE_Left | DOMSIDE_Right | DOMSIDE_Symmetric | DOMSIDE_Unknown | PCA_PART_I_PATIENT_3_90_PC1 | PCA_PART_I_PATIENT_3_90_PC2 | PCA_PART_I_PATIENT_3_90_PC3,0.03731274999881862,0.7037384725826936,0.7025691699604744,0.7448275862068966,0.8181818181818182,0.5869565217391305,,0.5869565217391305
0,stage_1,1,ENG_06,engineering__PCA_PART_I_PATIENT_3_90,engineered_representation,none,all,PCA_PART_I_PATIENT_3_90,pca,rbf_svc,scaled_dense,17,"{""C"": 10.0, ""class_weight"": ""balanced"", ""gamma"": 0.1}",4,583,145,47,27,Years_since_PD_diagnosis | Age | MCATOT | FRZGT12M | SCAU14 | SCAU16 | GDS_TOTAL | NQ_GAUSSIAN_REVISION | NP1RTOT | BMI | NP3GAIT_COMBINED_MAX | NP3PSTBL_COMBINED_MAX | NHY_COMBINED_MAX | NP3TOT_COMBINED_MAX | NP4TOT | FOG_FORM_MISSING | NQ_FORM_MISSING | PART_IV_FORM_MISSING | DXPOSINS_Missing | DXPOSINS_No | DXPOSINS_Unknown | DXPOSINS_Yes | DXRIGID_No | DXRIGID_Unknown | DXRIGID_Yes | DOPTHERST_Missing | DOPTHERST_No | DOPTHERST_Yes | FEATPOSHYP_No | FEATPOSHYP_Uncertain | FEATPOSHYP_Yes | ANYFAMPD_Missing | ANYFAMPD_No | ANYFAMPD_Yes | DXTREMOR_No | DXTREMOR_Unknown | DXTREMOR_Yes | DXBRADY_No | DXBRADY_Unknown | DXBRADY_Yes | DOMSIDE_Left | DOMSIDE_Right | DOMSIDE_Symmetric | DOMSIDE_Unknown | PCA_PART_I_PATIENT_3_90_PC1 | PCA_PART_I_PATIENT_3_90_PC2 | PCA_PART_I_PATIENT_3_90_PC3,0.03667650000352296,0.6145667198298777,0.6097935880544576,0.6896551724137931,0.8282828282828283,0.391304347826087,,0.391304347826087
0,stage_1,2,ENG_07,engineering__PCA_PART_I_PATIENT_3_95,engineered_representation,none,all,PCA_PART_I_PATIENT_3_95,pca,rbf_svc,scaled_dense,0,"{""C"": 0.1, ""class_weight"": null, ""gamma"": ""scale""}",0,582,146,47,27,Years_since_PD_diagnosis | Age | MCATOT | FRZGT12M | SCAU14 | SCAU16 | GDS_TOTAL | NQ_GAUSSIAN_REVISION | NP1RTOT | BMI | NP3GAIT_COMBINED_MAX | NP3PSTBL_COMBINED_MAX | NHY_COMBINED_MAX | NP3TOT_COMBINED_MAX | NP4TOT | FOG_FORM_MISSING | NQ_FORM_MISSING | PART_IV_FORM_MISSING | DXPOSINS_Missing | DXPOSINS_No | DXPOSINS_Unknown | DXPOSINS_Yes | DXRIGID_No | DXRIGID_Unknown | DXRIGID_Yes | DOPTHERST_Missing | DOPTHERST_No | DOPTHERST_Yes | FEATPOSHYP_No | FEATPOSHYP_Uncertain | FEATPOSHYP_Yes | ANYFAMPD_Missing | ANYFAMPD_No | ANYFAMPD_Yes | DXTREMOR_No | DXTREMOR_Unknown | DXTREMOR_Yes | DXBRADY_No | DXBRADY_Unknown | DXBRADY_Yes | DOMSIDE_Left | DOMSIDE_Right | DOMSIDE_Symmetric | DOMSIDE_Unknown | PCA_PART_I_PATIENT_3_95_PC1 | PCA_PART_I_PATIENT_3_95_PC2 | PCA_PART_I_PATIENT_3_95_PC3,0.03404749999754131,0.4065040650406504,0.5,0.684931506849315,1.0,0.0,,0.0
0,stage_1,2,ENG_07,engineering__PCA_PART_I_PATIENT_3_95,engineered_representation,none,all,PCA_PART_I_PATIENT_3_95,pca,rbf_svc,scaled_dense,0,"{""C"": 0.1, ""class_weight"": null, ""gamma"": ""scale""}",1,582,146,46,27,Years_since_PD_diagnosis | Age | MCATOT | FRZGT12M | SCAU14 | SCAU16 | GDS_TOTAL | NQ_GAUSSIAN_REVISION | NP1RTOT | BMI | NP3GAIT_COMBINED_MAX | NP3PSTBL_COMBINED_MAX | NHY_COMBINED_MAX | NP3TOT_COMBINED_MAX | NP4TOT | FOG_FORM_MISSING | NQ_FORM_MISSING | PART_IV_FORM_MISSING | DXPOSINS_No | DXPOSINS_Unknown | DXPOSINS_Yes | DXRIGID_No | DXRIGID_Unknown | DXRIGID_Yes | DOPTHERST_Missing | DOPTHERST_No | DOPTHERST_Yes | FEATPOSHYP_No | FEATPOSHYP_Uncertain | FEATPOSHYP_Yes | ANYFAMPD_Missing | ANYFAMPD_No | ANYFAMPD_Yes | DXTREMOR_No | DXTREMOR_Unknown | DXTREMOR_Yes | DXBRADY_No | DXBRADY_Unknown | DXBRADY_Yes | DOMSIDE_Left | DOMSIDE_Right | DOMSIDE_Symmetric | DOMSIDE_Unknown | PCA_PART_I_PATIENT_3_95_PC1 | PCA_PART_I_PATIENT_3_95_PC2 | PCA_PART_I_PATIENT_3_95_PC3,0.032637207998050144,0.40408163265306124,0.495,0.678082191780822,0.99,0.0,,0.0
0,stage_1,2,ENG_07,engineering__PCA_PART_I_PATIENT_3_95,engineered_representation,none,all,PCA_PART_I_PATIENT_3_95,pca,rbf_svc,scaled_dense,0,"{""C"": 0.1, ""class_weight"": null, ""gamma"": ""scale""}",2,582,146,47,27,Years_since_PD_diagnosis | Age | MCATOT | FRZGT12M | SCAU14 | SCAU16 | GDS_TOTAL | NQ_GAUSSIAN_REVISION | NP1RTOT | BMI | NP3GAIT_COMBINED_MAX | NP3PSTBL_COMBINED_MAX | NHY_COMBINED_MAX | NP3TOT_COMBINED_MAX | NP4TOT | FOG_FORM_MISSING | NQ_FORM_MISSING | PART_IV_FORM_MISSING | DXPOSINS_Missing | DXPOSINS_No | DXPOSINS_Unknown | DXPOSINS_Yes | DXRIGID_No | DXRIGID_Unknown | DXRIGID_Yes | DOPTHERST_Missing | DOPTHERST_No | DOPTHERST_Yes | FEATPOSHYP_No | FEATPOSHYP_Uncertain | FEATPOSHYP_Yes | ANYFAMPD_Missing | ANYFAMPD_No | ANYFAMPD_Yes | DXTREMOR_No | DXTREMOR_Unknown | DXTREMOR_Yes | DXBRADY_No | DXBRADY_Unknown | DXBRADY_Yes | DOMSIDE_Left | DOMSIDE_Right | DOMSIDE_Symmetric | DOMSIDE_Unknown | PCA_PART_I_PATIENT_3_95_PC1 | PCA_PART_I_PATIENT_3_95_PC2 | PCA_PART_I_PATIENT_3_95_PC3,0.03169741699821316,0.4515027322404372,0.5217391304347826,0.6986301369863014,1.0,0.043478260869565216,,0.043478260869565216
0,stage_1,2,ENG_07,engineering__PCA_PART_I_PATIENT_3_95,engineered_representation,none,all,PCA_PART_I_PATIENT_3_95,pca,rbf_svc,scaled_dense,0,"{""C"": 0.1, ""class_weight"": null, ""gamma"": ""scale""}",3,583,145,47,27,Years_since_PD_diagnosis | Age | MCATOT | FRZGT12M | SCAU14 | SCAU16 | GDS_TOTAL | NQ_GAUSSIAN_REVISION | NP1RTOT | BMI | NP3GAIT_COMBINED_MAX | NP3PSTBL_COMBINED_MAX | NHY_COMBINED_MAX | NP3TOT_COMBINED_MAX | NP4TOT | FOG_FORM_MISSING | NQ_FORM_MISSING | PART_IV_FORM_MISSING | DXPOSINS_Missing | DXPOSINS_No | DXPOSINS_Unknown | DXPOSINS_Yes | DXRIGID_No | DXRIGID_Unknown | DXRIGID_Yes | DOPTHERST_Missing | DOPTHERST_No | DOPTHERST_Yes | FEATPOSHYP_No | FEATPOSHYP_Uncertain | FEATPOSHYP_Yes | ANYFAMPD_Missing | ANYFAMPD_No | ANYFAMPD_Yes | DXTREMOR_No | DXTREMOR_Unknown | DXTREMOR_Yes | DXBRADY_No | DXBRADY_Unknown | DXBRADY_Yes | DOMSIDE_Left | DOMSIDE_Right | DOMSIDE_Symmetric | DOMSIDE_Unknown | PCA_PART_I_PATIENT_3_95_PC1 | PCA_PART_I_PATIENT_3_95_PC2 | PCA_PART_I_PATIENT_3_95_PC3,0.031739542002469534,0.4683333333333333,0.5275581906016689,0.696551724137931,0.98989898989899,0.06521739130434782,,0.06521739130434782
0,stage_1,2,ENG_07,engineering__PCA_PART_I_PATIENT_3_95,engineered_representation,none,all,PCA_PART_I_PATIENT_3_95,pca,rbf_svc,scaled_dense,0,"{""C"": 0.1, ""class_weight"": null, ""gamma"": ""scale""}",4,583,145,47,27,Years_since_PD_diagnosis | Age | MCATOT | FRZGT12M | SCAU14 | SCAU16 | GDS_TOTAL | NQ_GAUSSIAN_REVISION | NP1RTOT | BMI | NP3GAIT_COMBINED_MAX | NP3PSTBL_COMBINED_MAX | NHY_COMBINED_MAX | NP3TOT_COMBINED_MAX | NP4TOT | FOG_FORM_MISSING | NQ_FORM_MISSING | PART_IV_FORM_MISSING | DXPOSINS_Missing | DXPOSINS_No | DXPOSINS_Unknown | DXPOSINS_Yes | DXRIGID_No | DXRIGID_Unknown | DXRIGID_Yes | DOPTHERST_Missing | DOPTHERST_No | DOPTHERST_Yes | FEATPOSHYP_No | FEATPOSHYP_Uncertain | FEATPOSHYP_Yes | ANYFAMPD_Missing | ANYFAMPD_No | ANYFAMPD_Yes | DXTREMOR_No | DXTREMOR_Unknown | DXTREMOR_Yes | DXBRADY_No | DXBRADY_Unknown | DXBRADY_Yes | DOMSIDE_Left | DOMSIDE_Right | DOMSIDE_Symmetric | DOMSIDE_Unknown | PCA_PART_I_PATIENT_3_95_PC1 | PCA_PART_I_PATIENT_3_95_PC2 | PCA_PART_I_PATIENT_3_95_PC3,0.031852459000219824,0.4925,0.5434782608695652,0.7103448275862069,1.0,0.08695652173913043,,0.08695652173913043
0,stage_1,2,ENG_07,engineering__PCA_PART_I_PATIENT_3_95,engineered_representation,none,all,PCA_PART_I_PATIENT_3_95,pca,rbf_svc,scaled_dense,1,"{""C"": 0.1, ""class_weight"": ""balanced"", ""gamma"": ""scale""}",0,582,146,47,27,Years_since_PD_diagnosis | Age | MCATOT | FRZGT12M | SCAU14 | SCAU16 | GDS_TOTAL | NQ_GAUSSIAN_REVISION | NP1RTOT | BMI | NP3GAIT_COMBINED_MAX | NP3PSTBL_COMBINED_MAX | NHY_COMBINED_MAX | NP3TOT_COMBINED_MAX | NP4TOT | FOG_FORM_MISSING | NQ_FORM_MISSING | PART_IV_FORM_MISSING | DXPOSINS_Missing | DXPOSINS_No | DXPOSINS_Unknown | DXPOSINS_Yes | DXRIGID_No | DXRIGID_Unknown | DXRIGID_Yes | DOPTHERST_Missing | DOPTHERST_No | DOPTHERST_Yes | FEATPOSHYP_No | FEATPOSHYP_Uncertain | FEATPOSHYP_Yes | ANYFAMPD_Missing | ANYFAMPD_No | ANYFAMPD_Yes | DXTREMOR_No | DXTREMOR_Unknown | DXTREMOR_Yes | DXBRADY_No | DXBRADY_Unknown | DXBRADY_Yes | DOMSIDE_Left | DOMSIDE_Right | DOMSIDE_Symmetric | DOMSIDE_Unknown | PCA_PART_I_PATIENT_3_95_PC1 | PCA_PART_I_PATIENT_3_95_PC2 | PCA_PART_I_PATIENT_3_95_PC3,0.03499424999972689,0.687521775919566,0.7145652173913043,0.7054794520547946,0.69,0.7391304347826086,,0.7391304347826086
0,stage_1,2,ENG_07,engineering__PCA_PART_I_PATIENT_3_95,engineered_representation,none,all,PCA_PART_I_PATIENT_3_95,pca,rbf_svc,scaled_dense,1,"{""C"": 0.1, ""class_weight"": ""balanced"", ""gamma"": ""scale""}",1,582,146,46,27,Years_since_PD_diagnosis | Age | MCATOT | FRZGT12M | SCAU14 | SCAU16 | GDS_TOTAL | NQ_GAUSSIAN_REVISION | NP1RTOT | BMI | NP3GAIT_COMBINED_MAX | NP3PSTBL_COMBINED_MAX | NHY_COMBINED_MAX | NP3TOT_COMBINED_MAX | NP4TOT | FOG_FORM_MISSING | NQ_FORM_MISSING | PART_IV_FORM_MISSING | DXPOSINS_No | DXPOSINS_Unknown | DXPOSINS_Yes | DXRIGID_No | DXRIGID_Unknown | DXRIGID_Yes | DOPTHERST_Missing | DOPTHERST_No | DOPTHERST_Yes | FEATPOSHYP_No | FEATPOSHYP_Uncertain | FEATPOSHYP_Yes | ANYFAMPD_Missing | ANYFAMPD_No | ANYFAMPD_Yes | DXTREMOR_No | DXTREMOR_Unknown | DXTREMOR_Yes | DXBRADY_No | DXBRADY_Unknown | DXBRADY_Yes | DOMSIDE_Left | DOMSIDE_Right | DOMSIDE_Symmetric | DOMSIDE_Unknown | PCA_PART_I_PATIENT_3_95_PC1 | PCA_PART_I_PATIENT_3_95_PC2 | PCA_PART_I_PATIENT_3_95_PC3,0.03420591699978104,0.6978119455943228,0.731304347826087,0.7123287671232876,0.68,0.782608695652174,,0.782608695652174
0,stage_1,2,ENG_07,engineering__PCA_PART_I_PATIENT_3_95,engineered_representation,none,all,PCA_PART_I_PATIENT_3_95,pca,rbf_svc,scaled_dense,1,"{""C"": 0.1, ""class_weight"": ""balanced"", ""gamma"": ""scale""}",2,582,146,47,27,Years_since_PD_diagnosis | Age | MCATOT | FRZGT12M | SCAU14 | SCAU16 | GDS_TOTAL | NQ_GAUSSIAN_REVISION | NP1RTOT | BMI | NP3GAIT_COMBINED_MAX | NP3PSTBL_COMBINED_MAX | NHY_COMBINED_MAX | NP3TOT_COMBINED_MAX | NP4TOT | FOG_FORM_MISSING | NQ_FORM_MISSING | PART_IV_FORM_MISSING | DXPOSINS_Missing | DXPOSINS_No | DXPOSINS_Unknown | DXPOSINS_Yes | DXRIGID_No | DXRIGID_Unknown | DXRIGID_Yes | DOPTHERST_Missing | DOPTHERST_No | DOPTHERST_Yes | FEATPOSHYP_No | FEATPOSHYP_Uncertain | FEATPOSHYP_Yes | ANYFAMPD_Missing | ANYFAMPD_No | ANYFAMPD_Yes | DXTREMOR_No | DXTREMOR_Unknown | DXTREMOR_Yes | DXBRADY_No | DXBRADY_Unknown | DXBRADY_Yes | DOMSIDE_Left | DOMSIDE_Right | DOMSIDE_Symmetric | DOMSIDE_Unknown | PCA_PART_I_PATIENT_3_95_PC1 | PCA_PART_I_PATIENT_3_95_PC2 | PCA_PART_I_PATIENT_3_95_PC3,0.035054790998401586,0.6951362363127069,0.7128260869565217,0.7191780821917808,0.73,0.6956521739130435,,0.6956521739130435
0,stage_1,2,ENG_07,engineering__PCA_PART_I_PATIENT_3_95,engineered_representation,none,all,PCA_PART_I_PATIENT_3_95,pca,rbf_svc,scaled_dense,1,"{""C"": 0.1, ""class_weight"": ""balanced"", ""gamma"": ""scale""}",3,583,145,47,27,Years_since_PD_diagnosis | Age | MCATOT | FRZGT12M | SCAU14 | SCAU16 | GDS_TOTAL | NQ_GAUSSIAN_REVISION | NP1RTOT | BMI | NP3GAIT_COMBINED_MAX | NP3PSTBL_COMBINED_MAX | NHY_COMBINED_MAX | NP3TOT_COMBINED_MAX | NP4TOT | FOG_FORM_MISSING | NQ_FORM_MISSING | PART_IV_FORM_MISSING | DXPOSINS_Missing | DXPOSINS_No | DXPOSINS_Unknown | DXPOSINS_Yes | DXRIGID_No | DXRIGID_Unknown | DXRIGID_Yes | DOPTHERST_Missing | DOPTHERST_No | DOPTHERST_Yes | FEATPOSHYP_No | FEATPOSHYP_Uncertain | FEATPOSHYP_Yes | ANYFAMPD_Missing | ANYFAMPD_No | ANYFAMPD_Yes | DXTREMOR_No | DXTREMOR_Unknown | DXTREMOR_Yes | DXBRADY_No | DXBRADY_Unknown | DXBRADY_Yes | DOMSIDE_Left | DOMSIDE_Right | DOMSIDE_Symmetric | DOMSIDE_Unknown | PCA_PART_I_PATIENT_3_95_PC1 | PCA_PART_I_PATIENT_3_95_PC2 | PCA_PART_I_PATIENT_3_95_PC3,0.035220916997786844,0.6763392857142857,0.6831357048748353,0.7103448275862069,0.7575757575757576,0.6086956521739131,,0.6086956521739131
0,stage_1,2,ENG_07,engineering__PCA_PART_I_PATIENT_3_95,engineered_representation,none,all,PCA_PART_I_PATIENT_3_95,pca,rbf_svc,scaled_dense,1,"{""C"": 0.1, ""class_weight"": ""balanced"", ""gamma"": ""scale""}",4,583,145,47,27,Years_since_PD_diagnosis | Age | MCATOT | FRZGT12M | SCAU14 | SCAU16 | GDS_TOTAL | NQ_GAUSSIAN_REVISION | NP1RTOT | BMI | NP3GAIT_COMBINED_MAX | NP3PSTBL_COMBINED_MAX | NHY_COMBINED_MAX | NP3TOT_COMBINED_MAX | NP4TOT | FOG_FORM_MISSING | NQ_FORM_MISSING | PART_IV_FORM_MISSING | DXPOSINS_Missing | DXPOSINS_No | DXPOSINS_Unknown | DXPOSINS_Yes | DXRIGID_No | DXRIGID_Unknown | DXRIGID_Yes | DOPTHERST_Missing | DOPTHERST_No | DOPTHERST_Yes | FEATPOSHYP_No | FEATPOSHYP_Uncertain | FEATPOSHYP_Yes | ANYFAMPD_Missing | ANYFAMPD_No | ANYFAMPD_Yes | DXTREMOR_No | DXTREMOR_Unknown | DXTREMOR_Yes | DXBRADY_No | DXBRADY_Unknown | DXBRADY_Yes | DOMSIDE_Left | DOMSIDE_Right | DOMSIDE_Symmetric | DOMSIDE_Unknown | PCA_PART_I_PATIENT_3_95_PC1 | PCA_PART_I_PATIENT_3_95_PC2 | PCA_PART_I_PATIENT_3_95_PC3,0.03513554200253566,0.6401985111662531,0.652832674571805,0.6689655172413793,0.696969696969697,0.6086956521739131,,0.6086956521739131
0,stage_1,2,ENG_07,engineering__PCA_PART_I_PATIENT_3_95,engineered_representation,none,all,PCA_PART_I_PATIENT_3_95,pca,rbf_svc,scaled_dense,2,"{""C"": 0.1, ""class_weight"": null, ""gamma"": 0.01}",0,582,146,47,27,Years_since_PD_diagnosis | Age | MCATOT | FRZGT12M | SCAU14 | SCAU16 | GDS_TOTAL | NQ_GAUSSIAN_REVISION | NP1RTOT | BMI | NP3GAIT_COMBINED_MAX | NP3PSTBL_COMBINED_MAX | NHY_COMBINED_MAX | NP3TOT_COMBINED_MAX | NP4TOT | FOG_FORM_MISSING | NQ_FORM_MISSING | PART_IV_FORM_MISSING | DXPOSINS_Missing | DXPOSINS_No | DXPOSINS_Unknown | DXPOSINS_Yes | DXRIGID_No | DXRIGID_Unknown | DXRIGID_Yes | DOPTHERST_Missing | DOPTHERST_No | DOPTHERST_Yes | FEATPOSHYP_No | FEATPOSHYP_Uncertain | FEATPOSHYP_Yes | ANYFAMPD_Missing | ANYFAMPD_No | ANYFAMPD_Yes | DXTREMOR_No | DXTREMOR_Unknown | DXTREMOR_Yes | DXBRADY_No | DXBRADY_Unknown | DXBRADY_Yes | DOMSIDE_Left | DOMSIDE_Right | DOMSIDE_Symmetric | DOMSIDE_Unknown | PCA_PART_I_PATIENT_3_95_PC1 | PCA_PART_I_PATIENT_3_95_PC2 | PCA_PART_I_PATIENT_3_95_PC3,0.03199662499901024,0.5855772919064058,0.5978260869565217,0.7465753424657534,1.0,0.1956521739130435,,0.1956521739130435
0,stage_1,2,ENG_07,engineering__PCA_PART_I_PATIENT_3_95,engineered_representation,none,all,PCA_PART_I_PATIENT_3_95,pca,rbf_svc,scaled_dense,2,"{""C"": 0.1, ""class_weight"": null, ""gamma"": 0.01}",1,582,146,46,27,Years_since_PD_diagnosis | Age | MCATOT | FRZGT12M | SCAU14 | SCAU16 | GDS_TOTAL | NQ_GAUSSIAN_REVISION | NP1RTOT | BMI | NP3GAIT_COMBINED_MAX | NP3PSTBL_COMBINED_MAX | NHY_COMBINED_MAX | NP3TOT_COMBINED_MAX | NP4TOT | FOG_FORM_MISSING | NQ_FORM_MISSING | PART_IV_FORM_MISSING | DXPOSINS_No | DXPOSINS_Unknown | DXPOSINS_Yes | DXRIGID_No | DXRIGID_Unknown | DXRIGID_Yes | DOPTHERST_Missing | DOPTHERST_No | DOPTHERST_Yes | FEATPOSHYP_No | FEATPOSHYP_Uncertain | FEATPOSHYP_Yes | ANYFAMPD_Missing | ANYFAMPD_No | ANYFAMPD_Yes | DXTREMOR_No | DXTREMOR_Unknown | DXTREMOR_Yes | DXBRADY_No | DXBRADY_Unknown | DXBRADY_Yes | DOMSIDE_Left | DOMSIDE_Right | DOMSIDE_Symmetric | DOMSIDE_Unknown | PCA_PART_I_PATIENT_3_95_PC1 | PCA_PART_I_PATIENT_3_95_PC2 | PCA_PART_I_PATIENT_3_95_PC3,0.0318896249991667,0.5001556178026766,0.5393478260869565,0.6986301369863014,0.97,0.10869565217391304,,0.10869565217391304
0,stage_1,2,ENG_07,engineering__PCA_PART_I_PATIENT_3_95,engineered_representation,none,all,PCA_PART_I_PATIENT_3_95,pca,rbf_svc,scaled_dense,2,"{""C"": 0.1, ""class_weight"": null, ""gamma"": 0.01}",2,582,146,47,27,Years_since_PD_diagnosis | Age | MCATOT | FRZGT12M | SCAU14 | SCAU16 | GDS_TOTAL | NQ_GAUSSIAN_REVISION | NP1RTOT | BMI | NP3GAIT_COMBINED_MAX | NP3PSTBL_COMBINED_MAX | NHY_COMBINED_MAX | NP3TOT_COMBINED_MAX | NP4TOT | FOG_FORM_MISSING | NQ_FORM_MISSING | PART_IV_FORM_MISSING | DXPOSINS_Missing | DXPOSINS_No | DXPOSINS_Unknown | DXPOSINS_Yes | DXRIGID_No | DXRIGID_Unknown | DXRIGID_Yes | DOPTHERST_Missing | DOPTHERST_No | DOPTHERST_Yes | FEATPOSHYP_No | FEATPOSHYP_Uncertain | FEATPOSHYP_Yes | ANYFAMPD_Missing | ANYFAMPD_No | ANYFAMPD_Yes | DXTREMOR_No | DXTREMOR_Unknown | DXTREMOR_Yes | DXBRADY_No | DXBRADY_Unknown | DXBRADY_Yes | DOMSIDE_Left | DOMSIDE_Right | DOMSIDE_Symmetric | DOMSIDE_Unknown | PCA_PART_I_PATIENT_3_95_PC1 | PCA_PART_I_PATIENT_3_95_PC2 | PCA_PART_I_PATIENT_3_95_PC3,0.031210416000249097,0.553116834639791,0.5719565217391305,0.7191780821917808,0.97,0.17391304347826086,,0.17391304347826086
0,stage_1,2,ENG_07,engineering__PCA_PART_I_PATIENT_3_95,engineered_representation,none,all,PCA_PART_I_PATIENT_3_95,pca,rbf_svc,scaled_dense,2,"{""C"": 0.1, ""class_weight"": null, ""gamma"": 0.01}",3,583,145,47,27,Years_since_PD_diagnosis | Age | MCATOT | FRZGT12M | SCAU14 | SCAU16 | GDS_TOTAL | NQ_GAUSSIAN_REVISION | NP1RTOT | BMI | NP3GAIT_COMBINED_MAX | NP3PSTBL_COMBINED_MAX | NHY_COMBINED_MAX | NP3TOT_COMBINED_MAX | NP4TOT | FOG_FORM_MISSING | NQ_FORM_MISSING | PART_IV_FORM_MISSING | DXPOSINS_Missing | DXPOSINS_No | DXPOSINS_Unknown | DXPOSINS_Yes | DXRIGID_No | DXRIGID_Unknown | DXRIGID_Yes | DOPTHERST_Missing | DOPTHERST_No | DOPTHERST_Yes | FEATPOSHYP_No | FEATPOSHYP_Uncertain | FEATPOSHYP_Yes | ANYFAMPD_Missing | ANYFAMPD_No | ANYFAMPD_Yes | DXTREMOR_No | DXTREMOR_Unknown | DXTREMOR_Yes | DXBRADY_No | DXBRADY_Unknown | DXBRADY_Yes | DOMSIDE_Left | DOMSIDE_Right | DOMSIDE_Symmetric | DOMSIDE_Unknown | PCA_PART_I_PATIENT_3_95_PC1 | PCA_PART_I_PATIENT_3_95_PC2 | PCA_PART_I_PATIENT_3_95_PC3,0.03017966600236832,0.5036223230634503,0.5442468159859464,0.7034482758620689,0.9797979797979798,0.10869565217391304,,0.10869565217391304
0,stage_1,2,ENG_07,engineering__PCA_PART_I_PATIENT_3_95,engineered_representation,none,all,PCA_PART_I_PATIENT_3_95,pca,rbf_svc,scaled_dense,2,"{""C"": 0.1, ""class_weight"": null, ""gamma"": 0.01}",4,583,145,47,27,Years_since_PD_diagnosis | Age | MCATOT | FRZGT12M | SCAU14 | SCAU16 | GDS_TOTAL | NQ_GAUSSIAN_REVISION | NP1RTOT | BMI | NP3GAIT_COMBINED_MAX | NP3PSTBL_COMBINED_MAX | NHY_COMBINED_MAX | NP3TOT_COMBINED_MAX | NP4TOT | FOG_FORM_MISSING | NQ_FORM_MISSING | PART_IV_FORM_MISSING | DXPOSINS_Missing | DXPOSINS_No | DXPOSINS_Unknown | DXPOSINS_Yes | DXRIGID_No | DXRIGID_Unknown | DXRIGID_Yes | DOPTHERST_Missing | DOPTHERST_No | DOPTHERST_Yes | FEATPOSHYP_No | FEATPOSHYP_Uncertain | FEATPOSHYP_Yes | ANYFAMPD_Missing | ANYFAMPD_No | ANYFAMPD_Yes | DXTREMOR_No | DXTREMOR_Unknown | DXTREMOR_Yes | DXBRADY_No | DXBRADY_Unknown | DXBRADY_Yes | DOMSIDE_Left | DOMSIDE_Right | DOMSIDE_Symmetric | DOMSIDE_Unknown | PCA_PART_I_PATIENT_3_95_PC1 | PCA_PART_I_PATIENT_3_95_PC2 | PCA_PART_I_PATIENT_3_95_PC3,0.02996937500211061,0.6007246376811594,0.6044137022397892,0.7379310344827587,0.9696969696969697,0.2391304347826087,,0.2391304347826087
0,stage_1,2,ENG_07,engineering__PCA_PART_I_PATIENT_3_95,engineered_representation,none,all,PCA_PART_I_PATIENT_3_95,pca,rbf_svc,scaled_dense,3,"{""C"": 0.1, ""class_weight"": ""balanced"", ""gamma"": 0.01}",0,582,146,47,27,Years_since_PD_diagnosis | Age | MCATOT | FRZGT12M | SCAU14 | SCAU16 | GDS_TOTAL | NQ_GAUSSIAN_REVISION | NP1RTOT | BMI | NP3GAIT_COMBINED_MAX | NP3PSTBL_COMBINED_MAX | NHY_COMBINED_MAX | NP3TOT_COMBINED_MAX | NP4TOT | FOG_FORM_MISSING | NQ_FORM_MISSING | PART_IV_FORM_MISSING | DXPOSINS_Missing | DXPOSINS_No | DXPOSINS_Unknown | DXPOSINS_Yes | DXRIGID_No | DXRIGID_Unknown | DXRIGID_Yes | DOPTHERST_Missing | DOPTHERST_No | DOPTHERST_Yes | FEATPOSHYP_No | FEATPOSHYP_Uncertain | FEATPOSHYP_Yes | ANYFAMPD_Missing | ANYFAMPD_No | ANYFAMPD_Yes | DXTREMOR_No | DXTREMOR_Unknown | DXTREMOR_Yes | DXBRADY_No | DXBRADY_Unknown | DXBRADY_Yes | DOMSIDE_Left | DOMSIDE_Right | DOMSIDE_Symmetric | DOMSIDE_Unknown | PCA_PART_I_PATIENT_3_95_PC1 | PCA_PART_I_PATIENT_3_95_PC2 | PCA_PART_I_PATIENT_3_95_PC3,0.03386412500185543,0.6986584107327141,0.7119565217391304,0.726027397260274,0.75,0.6739130434782609,,0.6739130434782609
0,stage_1,2,ENG_07,engineering__PCA_PART_I_PATIENT_3_95,engineered_representation,none,all,PCA_PART_I_PATIENT_3_95,pca,rbf_svc,scaled_dense,3,"{""C"": 0.1, ""class_weight"": ""balanced"", ""gamma"": 0.01}",1,582,146,46,27,Years_since_PD_diagnosis | Age | MCATOT | FRZGT12M | SCAU14 | SCAU16 | GDS_TOTAL | NQ_GAUSSIAN_REVISION | NP1RTOT | BMI | NP3GAIT_COMBINED_MAX | NP3PSTBL_COMBINED_MAX | NHY_COMBINED_MAX | NP3TOT_COMBINED_MAX | NP4TOT | FOG_FORM_MISSING | NQ_FORM_MISSING | PART_IV_FORM_MISSING | DXPOSINS_No | DXPOSINS_Unknown | DXPOSINS_Yes | DXRIGID_No | DXRIGID_Unknown | DXRIGID_Yes | DOPTHERST_Missing | DOPTHERST_No | DOPTHERST_Yes | FEATPOSHYP_No | FEATPOSHYP_Uncertain | FEATPOSHYP_Yes | ANYFAMPD_Missing | ANYFAMPD_No | ANYFAMPD_Yes | DXTREMOR_No | DXTREMOR_Unknown | DXTREMOR_Yes | DXBRADY_No | DXBRADY_Unknown | DXBRADY_Yes | DOMSIDE_Left | DOMSIDE_Right | DOMSIDE_Symmetric | DOMSIDE_Unknown | PCA_PART_I_PATIENT_3_95_PC1 | PCA_PART_I_PATIENT_3_95_PC2 | PCA_PART_I_PATIENT_3_95_PC3,0.034081375000823755,0.7235430254576057,0.7319565217391304,0.7534246575342466,0.79,0.6739130434782609,,0.6739130434782609
0,stage_1,2,ENG_07,engineering__PCA_PART_I_PATIENT_3_95,engineered_representation,none,all,PCA_PART_I_PATIENT_3_95,pca,rbf_svc,scaled_dense,3,"{""C"": 0.1, ""class_weight"": ""balanced"", ""gamma"": 0.01}",2,582,146,47,27,Years_since_PD_diagnosis | Age | MCATOT | FRZGT12M | SCAU14 | SCAU16 | GDS_TOTAL | NQ_GAUSSIAN_REVISION | NP1RTOT | BMI | NP3GAIT_COMBINED_MAX | NP3PSTBL_COMBINED_MAX | NHY_COMBINED_MAX | NP3TOT_COMBINED_MAX | NP4TOT | FOG_FORM_MISSING | NQ_FORM_MISSING | PART_IV_FORM_MISSING | DXPOSINS_Missing | DXPOSINS_No | DXPOSINS_Unknown | DXPOSINS_Yes | DXRIGID_No | DXRIGID_Unknown | DXRIGID_Yes | DOPTHERST_Missing | DOPTHERST_No | DOPTHERST_Yes | FEATPOSHYP_No | FEATPOSHYP_Uncertain | FEATPOSHYP_Yes | ANYFAMPD_Missing | ANYFAMPD_No | ANYFAMPD_Yes | DXTREMOR_No | DXTREMOR_Unknown | DXTREMOR_Yes | DXBRADY_No | DXBRADY_Unknown | DXBRADY_Yes | DOMSIDE_Left | DOMSIDE_Right | DOMSIDE_Symmetric | DOMSIDE_Unknown | PCA_PART_I_PATIENT_3_95_PC1 | PCA_PART_I_PATIENT_3_95_PC2 | PCA_PART_I_PATIENT_3_95_PC3,0.03424270899995463,0.6989690721649484,0.7052173913043478,0.7328767123287672,0.78,0.6304347826086957,,0.6304347826086957
0,stage_1,2,ENG_07,engineering__PCA_PART_I_PATIENT_3_95,engineered_representation,none,all,PCA_PART_I_PATIENT_3_95,pca,rbf_svc,scaled_dense,3,"{""C"": 0.1, ""class_weight"": ""balanced"", ""gamma"": 0.01}",3,583,145,47,27,Years_since_PD_diagnosis | Age | MCATOT | FRZGT12M | SCAU14 | SCAU16 | GDS_TOTAL | NQ_GAUSSIAN_REVISION | NP1RTOT | BMI | NP3GAIT_COMBINED_MAX | NP3PSTBL_COMBINED_MAX | NHY_COMBINED_MAX | NP3TOT_COMBINED_MAX | NP4TOT | FOG_FORM_MISSING | NQ_FORM_MISSING | PART_IV_FORM_MISSING | DXPOSINS_Missing | DXPOSINS_No | DXPOSINS_Unknown | DXPOSINS_Yes | DXRIGID_No | DXRIGID_Unknown | DXRIGID_Yes | DOPTHERST_Missing | DOPTHERST_No | DOPTHERST_Yes | FEATPOSHYP_No | FEATPOSHYP_Uncertain | FEATPOSHYP_Yes | ANYFAMPD_Missing | ANYFAMPD_No | ANYFAMPD_Yes | DXTREMOR_No | DXTREMOR_Unknown | DXTREMOR_Yes | DXBRADY_No | DXBRADY_Unknown | DXBRADY_Yes | DOMSIDE_Left | DOMSIDE_Right | DOMSIDE_Symmetric | DOMSIDE_Unknown | PCA_PART_I_PATIENT_3_95_PC1 | PCA_PART_I_PATIENT_3_95_PC2 | PCA_PART_I_PATIENT_3_95_PC3,0.03394254199884017,0.6616666666666666,0.6598594642072904,0.7103448275862069,0.797979797979798,0.5217391304347826,,0.5217391304347826
0,stage_1,2,ENG_07,engineering__PCA_PART_I_PATIENT_3_95,engineered_representation,none,all,PCA_PART_I_PATIENT_3_95,pca,rbf_svc,scaled_dense,3,"{""C"": 0.1, ""class_weight"": ""balanced"", ""gamma"": 0.01}",4,583,145,47,27,Years_since_PD_diagnosis | Age | MCATOT | FRZGT12M | SCAU14 | SCAU16 | GDS_TOTAL | NQ_GAUSSIAN_REVISION | NP1RTOT | BMI | NP3GAIT_COMBINED_MAX | NP3PSTBL_COMBINED_MAX | NHY_COMBINED_MAX | NP3TOT_COMBINED_MAX | NP4TOT | FOG_FORM_MISSING | NQ_FORM_MISSING | PART_IV_FORM_MISSING | DXPOSINS_Missing | DXPOSINS_No | DXPOSINS_Unknown | DXPOSINS_Yes | DXRIGID_No | DXRIGID_Unknown | DXRIGID_Yes | DOPTHERST_Missing | DOPTHERST_No | DOPTHERST_Yes | FEATPOSHYP_No | FEATPOSHYP_Uncertain | FEATPOSHYP_Yes | ANYFAMPD_Missing | ANYFAMPD_No | ANYFAMPD_Yes | DXTREMOR_No | DXTREMOR_Unknown | DXTREMOR_Yes | DXBRADY_No | DXBRADY_Unknown | DXBRADY_Yes | DOMSIDE_Left | DOMSIDE_Right | DOMSIDE_Symmetric | DOMSIDE_Unknown | PCA_PART_I_PATIENT_3_95_PC1 | PCA_PART_I_PATIENT_3_95_PC2 | PCA_PART_I_PATIENT_3_95_PC3,0.03331445799994981,0.6418599656357389,0.6454765041721564,0.6827586206896552,0.7474747474747475,0.5434782608695652,,0.5434782608695652
0,stage_1,2,ENG_07,engineering__PCA_PART_I_PATIENT_3_95,engineered_representation,none,all,PCA_PART_I_PATIENT_3_95,pca,rbf_svc,scaled_dense,4,"{""C"": 0.1, ""class_weight"": null, ""gamma"": 0.1}",0,582,146,47,27,Years_since_PD_diagnosis | Age | MCATOT | FRZGT12M | SCAU14 | SCAU16 | GDS_TOTAL | NQ_GAUSSIAN_REVISION | NP1RTOT | BMI | NP3GAIT_COMBINED_MAX | NP3PSTBL_COMBINED_MAX | NHY_COMBINED_MAX | NP3TOT_COMBINED_MAX | NP4TOT | FOG_FORM_MISSING | NQ_FORM_MISSING | PART_IV_FORM_MISSING | DXPOSINS_Missing | DXPOSINS_No | DXPOSINS_Unknown | DXPOSINS_Yes | DXRIGID_No | DXRIGID_Unknown | DXRIGID_Yes | DOPTHERST_Missing | DOPTHERST_No | DOPTHERST_Yes | FEATPOSHYP_No | FEATPOSHYP_Uncertain | FEATPOSHYP_Yes | ANYFAMPD_Missing | ANYFAMPD_No | ANYFAMPD_Yes | DXTREMOR_No | DXTREMOR_Unknown | DXTREMOR_Yes | DXBRADY_No | DXBRADY_Unknown | DXBRADY_Yes | DOMSIDE_Left | DOMSIDE_Right | DOMSIDE_Symmetric | DOMSIDE_Unknown | PCA_PART_I_PATIENT_3_95_PC1 | PCA_PART_I_PATIENT_3_95_PC2 | PCA_PART_I_PATIENT_3_95_PC3,0.03358654099793057,0.4065040650406504,0.5,0.684931506849315,1.0,0.0,,0.0
0,stage_1,2,ENG_07,engineering__PCA_PART_I_PATIENT_3_95,engineered_representation,none,all,PCA_PART_I_PATIENT_3_95,pca,rbf_svc,scaled_dense,4,"{""C"": 0.1, ""class_weight"": null, ""gamma"": 0.1}",1,582,146,46,27,Years_since_PD_diagnosis | Age | MCATOT | FRZGT12M | SCAU14 | SCAU16 | GDS_TOTAL | NQ_GAUSSIAN_REVISION | NP1RTOT | BMI | NP3GAIT_COMBINED_MAX | NP3PSTBL_COMBINED_MAX | NHY_COMBINED_MAX | NP3TOT_COMBINED_MAX | NP4TOT | FOG_FORM_MISSING | NQ_FORM_MISSING | PART_IV_FORM_MISSING | DXPOSINS_No | DXPOSINS_Unknown | DXPOSINS_Yes | DXRIGID_No | DXRIGID_Unknown | DXRIGID_Yes | DOPTHERST_Missing | DOPTHERST_No | DOPTHERST_Yes | FEATPOSHYP_No | FEATPOSHYP_Uncertain | FEATPOSHYP_Yes | ANYFAMPD_Missing | ANYFAMPD_No | ANYFAMPD_Yes | DXTREMOR_No | DXTREMOR_Unknown | DXTREMOR_Yes | DXBRADY_No | DXBRADY_Unknown | DXBRADY_Yes | DOMSIDE_Left | DOMSIDE_Right | DOMSIDE_Symmetric | DOMSIDE_Unknown | PCA_PART_I_PATIENT_3_95_PC1 | PCA_PART_I_PATIENT_3_95_PC2 | PCA_PART_I_PATIENT_3_95_PC3,0.033991083000728395,0.4065040650406504,0.5,0.684931506849315,1.0,0.0,,0.0
0,stage_1,2,ENG_07,engineering__PCA_PART_I_PATIENT_3_95,engineered_representation,none,all,PCA_PART_I_PATIENT_3_95,pca,rbf_svc,scaled_dense,4,"{""C"": 0.1, ""class_weight"": null, ""gamma"": 0.1}",2,582,146,47,27,Years_since_PD_diagnosis | Age | MCATOT | FRZGT12M | SCAU14 | SCAU16 | GDS_TOTAL | NQ_GAUSSIAN_REVISION | NP1RTOT | BMI | NP3GAIT_COMBINED_MAX | NP3PSTBL_COMBINED_MAX | NHY_COMBINED_MAX | NP3TOT_COMBINED_MAX | NP4TOT | FOG_FORM_MISSING | NQ_FORM_MISSING | PART_IV_FORM_MISSING | DXPOSINS_Missing | DXPOSINS_No | DXPOSINS_Unknown | DXPOSINS_Yes | DXRIGID_No | DXRIGID_Unknown | DXRIGID_Yes | DOPTHERST_Missing | DOPTHERST_No | DOPTHERST_Yes | FEATPOSHYP_No | FEATPOSHYP_Uncertain | FEATPOSHYP_Yes | ANYFAMPD_Missing | ANYFAMPD_No | ANYFAMPD_Yes | DXTREMOR_No | DXTREMOR_Unknown | DXTREMOR_Yes | DXBRADY_No | DXBRADY_Unknown | DXBRADY_Yes | DOMSIDE_Left | DOMSIDE_Right | DOMSIDE_Symmetric | DOMSIDE_Unknown | PCA_PART_I_PATIENT_3_95_PC1 | PCA_PART_I_PATIENT_3_95_PC2 | PCA_PART_I_PATIENT_3_95_PC3,0.03442725000058999,0.4065040650406504,0.5,0.684931506849315,1.0,0.0,,0.0
0,stage_1,2,ENG_07,engineering__PCA_PART_I_PATIENT_3_95,engineered_representation,none,all,PCA_PART_I_PATIENT_3_95,pca,rbf_svc,scaled_dense,4,"{""C"": 0.1, ""class_weight"": null, ""gamma"": 0.1}",3,583,145,47,27,Years_since_PD_diagnosis | Age | MCATOT | FRZGT12M | SCAU14 | SCAU16 | GDS_TOTAL | NQ_GAUSSIAN_REVISION | NP1RTOT | BMI | NP3GAIT_COMBINED_MAX | NP3PSTBL_COMBINED_MAX | NHY_COMBINED_MAX | NP3TOT_COMBINED_MAX | NP4TOT | FOG_FORM_MISSING | NQ_FORM_MISSING | PART_IV_FORM_MISSING | DXPOSINS_Missing | DXPOSINS_No | DXPOSINS_Unknown | DXPOSINS_Yes | DXRIGID_No | DXRIGID_Unknown | DXRIGID_Yes | DOPTHERST_Missing | DOPTHERST_No | DOPTHERST_Yes | FEATPOSHYP_No | FEATPOSHYP_Uncertain | FEATPOSHYP_Yes | ANYFAMPD_Missing | ANYFAMPD_No | ANYFAMPD_Yes | DXTREMOR_No | DXTREMOR_Unknown | DXTREMOR_Yes | DXBRADY_No | DXBRADY_Unknown | DXBRADY_Yes | DOMSIDE_Left | DOMSIDE_Right | DOMSIDE_Symmetric | DOMSIDE_Unknown | PCA_PART_I_PATIENT_3_95_PC1 | PCA_PART_I_PATIENT_3_95_PC2 | PCA_PART_I_PATIENT_3_95_PC3,0.03374545800033957,0.4057377049180328,0.5,0.6827586206896552,1.0,0.0,,0.0
0,stage_1,2,ENG_07,engineering__PCA_PART_I_PATIENT_3_95,engineered_representation,none,all,PCA_PART_I_PATIENT_3_95,pca,rbf_svc,scaled_dense,4,"{""C"": 0.1, ""class_weight"": null, ""gamma"": 0.1}",4,583,145,47,27,Years_since_PD_diagnosis | Age | MCATOT | FRZGT12M | SCAU14 | SCAU16 | GDS_TOTAL | NQ_GAUSSIAN_REVISION | NP1RTOT | BMI | NP3GAIT_COMBINED_MAX | NP3PSTBL_COMBINED_MAX | NHY_COMBINED_MAX | NP3TOT_COMBINED_MAX | NP4TOT | FOG_FORM_MISSING | NQ_FORM_MISSING | PART_IV_FORM_MISSING | DXPOSINS_Missing | DXPOSINS_No | DXPOSINS_Unknown | DXPOSINS_Yes | DXRIGID_No | DXRIGID_Unknown | DXRIGID_Yes | DOPTHERST_Missing | DOPTHERST_No | DOPTHERST_Yes | FEATPOSHYP_No | FEATPOSHYP_Uncertain | FEATPOSHYP_Yes | ANYFAMPD_Missing | ANYFAMPD_No | ANYFAMPD_Yes | DXTREMOR_No | DXTREMOR_Unknown | DXTREMOR_Yes | DXBRADY_No | DXBRADY_Unknown | DXBRADY_Yes | DOMSIDE_Left | DOMSIDE_Right | DOMSIDE_Symmetric | DOMSIDE_Unknown | PCA_PART_I_PATIENT_3_95_PC1 | PCA_PART_I_PATIENT_3_95_PC2 | PCA_PART_I_PATIENT_3_95_PC3,0.03393191699797171,0.4057377049180328,0.5,0.6827586206896552,1.0,0.0,,0.0
0,stage_1,2,ENG_07,engineering__PCA_PART_I_PATIENT_3_95,engineered_representation,none,all,PCA_PART_I_PATIENT_3_95,pca,rbf_svc,scaled_dense,5,"{""C"": 0.1, ""class_weight"": ""balanced"", ""gamma"": 0.1}",0,582,146,47,27,Years_since_PD_diagnosis | Age | MCATOT | FRZGT12M | SCAU14 | SCAU16 | GDS_TOTAL | NQ_GAUSSIAN_REVISION | NP1RTOT | BMI | NP3GAIT_COMBINED_MAX | NP3PSTBL_COMBINED_MAX | NHY_COMBINED_MAX | NP3TOT_COMBINED_MAX | NP4TOT | FOG_FORM_MISSING | NQ_FORM_MISSING | PART_IV_FORM_MISSING | DXPOSINS_Missing | DXPOSINS_No | DXPOSINS_Unknown | DXPOSINS_Yes | DXRIGID_No | DXRIGID_Unknown | DXRIGID_Yes | DOPTHERST_Missing | DOPTHERST_No | DOPTHERST_Yes | FEATPOSHYP_No | FEATPOSHYP_Uncertain | FEATPOSHYP_Yes | ANYFAMPD_Missing | ANYFAMPD_No | ANYFAMPD_Yes | DXTREMOR_No | DXTREMOR_Unknown | DXTREMOR_Yes | DXBRADY_No | DXBRADY_Unknown | DXBRADY_Yes | DOMSIDE_Left | DOMSIDE_Right | DOMSIDE_Symmetric | DOMSIDE_Unknown | PCA_PART_I_PATIENT_3_95_PC1 | PCA_PART_I_PATIENT_3_95_PC2 | PCA_PART_I_PATIENT_3_95_PC3,0.036279583000577986,0.6368329656920261,0.7291304347826086,0.636986301369863,0.48,0.9782608695652174,,0.9782608695652174
0,stage_1,2,ENG_07,engineering__PCA_PART_I_PATIENT_3_95,engineered_representation,none,all,PCA_PART_I_PATIENT_3_95,pca,rbf_svc,scaled_dense,5,"{""C"": 0.1, ""class_weight"": ""balanced"", ""gamma"": 0.1}",1,582,146,46,27,Years_since_PD_diagnosis | Age | MCATOT | FRZGT12M | SCAU14 | SCAU16 | GDS_TOTAL | NQ_GAUSSIAN_REVISION | NP1RTOT | BMI | NP3GAIT_COMBINED_MAX | NP3PSTBL_COMBINED_MAX | NHY_COMBINED_MAX | NP3TOT_COMBINED_MAX | NP4TOT | FOG_FORM_MISSING | NQ_FORM_MISSING | PART_IV_FORM_MISSING | DXPOSINS_No | DXPOSINS_Unknown | DXPOSINS_Yes | DXRIGID_No | DXRIGID_Unknown | DXRIGID_Yes | DOPTHERST_Missing | DOPTHERST_No | DOPTHERST_Yes | FEATPOSHYP_No | FEATPOSHYP_Uncertain | FEATPOSHYP_Yes | ANYFAMPD_Missing | ANYFAMPD_No | ANYFAMPD_Yes | DXTREMOR_No | DXTREMOR_Unknown | DXTREMOR_Yes | DXBRADY_No | DXBRADY_Unknown | DXBRADY_Yes | DOMSIDE_Left | DOMSIDE_Right | DOMSIDE_Symmetric | DOMSIDE_Unknown | PCA_PART_I_PATIENT_3_95_PC1 | PCA_PART_I_PATIENT_3_95_PC2 | PCA_PART_I_PATIENT_3_95_PC3,0.034887375000835164,0.6080998351777724,0.6797826086956522,0.6095890410958904,0.49,0.8695652173913043,,0.8695652173913043
0,stage_1,2,ENG_07,engineering__PCA_PART_I_PATIENT_3_95,engineered_representation,none,all,PCA_PART_I_PATIENT_3_95,pca,rbf_svc,scaled_dense,5,"{""C"": 0.1, ""class_weight"": ""balanced"", ""gamma"": 0.1}",2,582,146,47,27,Years_since_PD_diagnosis | Age | MCATOT | FRZGT12M | SCAU14 | SCAU16 | GDS_TOTAL | NQ_GAUSSIAN_REVISION | NP1RTOT | BMI | NP3GAIT_COMBINED_MAX | NP3PSTBL_COMBINED_MAX | NHY_COMBINED_MAX | NP3TOT_COMBINED_MAX | NP4TOT | FOG_FORM_MISSING | NQ_FORM_MISSING | PART_IV_FORM_MISSING | DXPOSINS_Missing | DXPOSINS_No | DXPOSINS_Unknown | DXPOSINS_Yes | DXRIGID_No | DXRIGID_Unknown | DXRIGID_Yes | DOPTHERST_Missing | DOPTHERST_No | DOPTHERST_Yes | FEATPOSHYP_No | FEATPOSHYP_Uncertain | FEATPOSHYP_Yes | ANYFAMPD_Missing | ANYFAMPD_No | ANYFAMPD_Yes | DXTREMOR_No | DXTREMOR_Unknown | DXTREMOR_Yes | DXBRADY_No | DXBRADY_Unknown | DXBRADY_Yes | DOMSIDE_Left | DOMSIDE_Right | DOMSIDE_Symmetric | DOMSIDE_Unknown | PCA_PART_I_PATIENT_3_95_PC1 | PCA_PART_I_PATIENT_3_95_PC2 | PCA_PART_I_PATIENT_3_95_PC3,0.03502562499852502,0.6395061728395062,0.6989130434782609,0.6438356164383562,0.55,0.8478260869565217,,0.8478260869565217
0,stage_1,2,ENG_07,engineering__PCA_PART_I_PATIENT_3_95,engineered_representation,none,all,PCA_PART_I_PATIENT_3_95,pca,rbf_svc,scaled_dense,5,"{""C"": 0.1, ""class_weight"": ""balanced"", ""gamma"": 0.1}",3,583,145,47,27,Years_since_PD_diagnosis | Age | MCATOT | FRZGT12M | SCAU14 | SCAU16 | GDS_TOTAL | NQ_GAUSSIAN_REVISION | NP1RTOT | BMI | NP3GAIT_COMBINED_MAX | NP3PSTBL_COMBINED_MAX | NHY_COMBINED_MAX | NP3TOT_COMBINED_MAX | NP4TOT | FOG_FORM_MISSING | NQ_FORM_MISSING | PART_IV_FORM_MISSING | DXPOSINS_Missing | DXPOSINS_No | DXPOSINS_Unknown | DXPOSINS_Yes | DXRIGID_No | DXRIGID_Unknown | DXRIGID_Yes | DOPTHERST_Missing | DOPTHERST_No | DOPTHERST_Yes | FEATPOSHYP_No | FEATPOSHYP_Uncertain | FEATPOSHYP_Yes | ANYFAMPD_Missing | ANYFAMPD_No | ANYFAMPD_Yes | DXTREMOR_No | DXTREMOR_Unknown | DXTREMOR_Yes | DXBRADY_No | DXBRADY_Unknown | DXBRADY_Yes | DOMSIDE_Left | DOMSIDE_Right | DOMSIDE_Symmetric | DOMSIDE_Unknown | PCA_PART_I_PATIENT_3_95_PC1 | PCA_PART_I_PATIENT_3_95_PC2 | PCA_PART_I_PATIENT_3_95_PC3,0.035356374999537366,0.6427867560110367,0.6776460254721124,0.6551724137931034,0.6161616161616161,0.7391304347826086,,0.7391304347826086
0,stage_1,2,ENG_07,engineering__PCA_PART_I_PATIENT_3_95,engineered_representation,none,all,PCA_PART_I_PATIENT_3_95,pca,rbf_svc,scaled_dense,5,"{""C"": 0.1, ""class_weight"": ""balanced"", ""gamma"": 0.1}",4,583,145,47,27,Years_since_PD_diagnosis | Age | MCATOT | FRZGT12M | SCAU14 | SCAU16 | GDS_TOTAL | NQ_GAUSSIAN_REVISION | NP1RTOT | BMI | NP3GAIT_COMBINED_MAX | NP3PSTBL_COMBINED_MAX | NHY_COMBINED_MAX | NP3TOT_COMBINED_MAX | NP4TOT | FOG_FORM_MISSING | NQ_FORM_MISSING | PART_IV_FORM_MISSING | DXPOSINS_Missing | DXPOSINS_No | DXPOSINS_Unknown | DXPOSINS_Yes | DXRIGID_No | DXRIGID_Unknown | DXRIGID_Yes | DOPTHERST_Missing | DOPTHERST_No | DOPTHERST_Yes | FEATPOSHYP_No | FEATPOSHYP_Uncertain | FEATPOSHYP_Yes | ANYFAMPD_Missing | ANYFAMPD_No | ANYFAMPD_Yes | DXTREMOR_No | DXTREMOR_Unknown | DXTREMOR_Yes | DXBRADY_No | DXBRADY_Unknown | DXBRADY_Yes | DOMSIDE_Left | DOMSIDE_Right | DOMSIDE_Symmetric | DOMSIDE_Unknown | PCA_PART_I_PATIENT_3_95_PC1 | PCA_PART_I_PATIENT_3_95_PC2 | PCA_PART_I_PATIENT_3_95_PC3,0.03761475000283099,0.6020511339014878,0.6539306104523497,0.6068965517241379,0.5252525252525253,0.782608695652174,,0.782608695652174
0,stage_1,2,ENG_07,engineering__PCA_PART_I_PATIENT_3_95,engineered_representation,none,all,PCA_PART_I_PATIENT_3_95,pca,rbf_svc,scaled_dense,6,"{""C"": 1.0, ""class_weight"": null, ""gamma"": ""scale""}",0,582,146,47,27,Years_since_PD_diagnosis | Age | MCATOT | FRZGT12M | SCAU14 | SCAU16 | GDS_TOTAL | NQ_GAUSSIAN_REVISION | NP1RTOT | BMI | NP3GAIT_COMBINED_MAX | NP3PSTBL_COMBINED_MAX | NHY_COMBINED_MAX | NP3TOT_COMBINED_MAX | NP4TOT | FOG_FORM_MISSING | NQ_FORM_MISSING | PART_IV_FORM_MISSING | DXPOSINS_Missing | DXPOSINS_No | DXPOSINS_Unknown | DXPOSINS_Yes | DXRIGID_No | DXRIGID_Unknown | DXRIGID_Yes | DOPTHERST_Missing | DOPTHERST_No | DOPTHERST_Yes | FEATPOSHYP_No | FEATPOSHYP_Uncertain | FEATPOSHYP_Yes | ANYFAMPD_Missing | ANYFAMPD_No | ANYFAMPD_Yes | DXTREMOR_No | DXTREMOR_Unknown | DXTREMOR_Yes | DXBRADY_No | DXBRADY_Unknown | DXBRADY_Yes | DOMSIDE_Left | DOMSIDE_Right | DOMSIDE_Symmetric | DOMSIDE_Unknown | PCA_PART_I_PATIENT_3_95_PC1 | PCA_PART_I_PATIENT_3_95_PC2 | PCA_PART_I_PATIENT_3_95_PC3,0.03254687500157161,0.7136744517739347,0.7,0.773972602739726,0.9,0.5,,0.5
0,stage_1,2,ENG_07,engineering__PCA_PART_I_PATIENT_3_95,engineered_representation,none,all,PCA_PART_I_PATIENT_3_95,pca,rbf_svc,scaled_dense,6,"{""C"": 1.0, ""class_weight"": null, ""gamma"": ""scale""}",1,582,146,46,27,Years_since_PD_diagnosis | Age | MCATOT | FRZGT12M | SCAU14 | SCAU16 | GDS_TOTAL | NQ_GAUSSIAN_REVISION | NP1RTOT | BMI | NP3GAIT_COMBINED_MAX | NP3PSTBL_COMBINED_MAX | NHY_COMBINED_MAX | NP3TOT_COMBINED_MAX | NP4TOT | FOG_FORM_MISSING | NQ_FORM_MISSING | PART_IV_FORM_MISSING | DXPOSINS_No | DXPOSINS_Unknown | DXPOSINS_Yes | DXRIGID_No | DXRIGID_Unknown | DXRIGID_Yes | DOPTHERST_Missing | DOPTHERST_No | DOPTHERST_Yes | FEATPOSHYP_No | FEATPOSHYP_Uncertain | FEATPOSHYP_Yes | ANYFAMPD_Missing | ANYFAMPD_No | ANYFAMPD_Yes | DXTREMOR_No | DXTREMOR_Unknown | DXTREMOR_Yes | DXBRADY_No | DXBRADY_Unknown | DXBRADY_Yes | DOMSIDE_Left | DOMSIDE_Right | DOMSIDE_Symmetric | DOMSIDE_Unknown | PCA_PART_I_PATIENT_3_95_PC1 | PCA_PART_I_PATIENT_3_95_PC2 | PCA_PART_I_PATIENT_3_95_PC3,0.03238670800055843,0.6140969162995595,0.6113043478260869,0.7328767123287672,0.94,0.2826086956521739,,0.2826086956521739
0,stage_1,2,ENG_07,engineering__PCA_PART_I_PATIENT_3_95,engineered_representation,none,all,PCA_PART_I_PATIENT_3_95,pca,rbf_svc,scaled_dense,6,"{""C"": 1.0, ""class_weight"": null, ""gamma"": ""scale""}",2,582,146,47,27,Years_since_PD_diagnosis | Age | MCATOT | FRZGT12M | SCAU14 | SCAU16 | GDS_TOTAL | NQ_GAUSSIAN_REVISION | NP1RTOT | BMI | NP3GAIT_COMBINED_MAX | NP3PSTBL_COMBINED_MAX | NHY_COMBINED_MAX | NP3TOT_COMBINED_MAX | NP4TOT | FOG_FORM_MISSING | NQ_FORM_MISSING | PART_IV_FORM_MISSING | DXPOSINS_Missing | DXPOSINS_No | DXPOSINS_Unknown | DXPOSINS_Yes | DXRIGID_No | DXRIGID_Unknown | DXRIGID_Yes | DOPTHERST_Missing | DOPTHERST_No | DOPTHERST_Yes | FEATPOSHYP_No | FEATPOSHYP_Uncertain | FEATPOSHYP_Yes | ANYFAMPD_Missing | ANYFAMPD_No | ANYFAMPD_Yes | DXTREMOR_No | DXTREMOR_Unknown | DXTREMOR_Yes | DXBRADY_No | DXBRADY_Unknown | DXBRADY_Yes | DOMSIDE_Left | DOMSIDE_Right | DOMSIDE_Symmetric | DOMSIDE_Unknown | PCA_PART_I_PATIENT_3_95_PC1 | PCA_PART_I_PATIENT_3_95_PC2 | PCA_PART_I_PATIENT_3_95_PC3,0.033204625000507804,0.6128787878787879,0.6080434782608696,0.7123287671232876,0.89,0.32608695652173914,,0.32608695652173914
0,stage_1,2,ENG_07,engineering__PCA_PART_I_PATIENT_3_95,engineered_representation,none,all,PCA_PART_I_PATIENT_3_95,pca,rbf_svc,scaled_dense,6,"{""C"": 1.0, ""class_weight"": null, ""gamma"": ""scale""}",3,583,145,47,27,Years_since_PD_diagnosis | Age | MCATOT | FRZGT12M | SCAU14 | SCAU16 | GDS_TOTAL | NQ_GAUSSIAN_REVISION | NP1RTOT | BMI | NP3GAIT_COMBINED_MAX | NP3PSTBL_COMBINED_MAX | NHY_COMBINED_MAX | NP3TOT_COMBINED_MAX | NP4TOT | FOG_FORM_MISSING | NQ_FORM_MISSING | PART_IV_FORM_MISSING | DXPOSINS_Missing | DXPOSINS_No | DXPOSINS_Unknown | DXPOSINS_Yes | DXRIGID_No | DXRIGID_Unknown | DXRIGID_Yes | DOPTHERST_Missing | DOPTHERST_No | DOPTHERST_Yes | FEATPOSHYP_No | FEATPOSHYP_Uncertain | FEATPOSHYP_Yes | ANYFAMPD_Missing | ANYFAMPD_No | ANYFAMPD_Yes | DXTREMOR_No | DXTREMOR_Unknown | DXTREMOR_Yes | DXBRADY_No | DXBRADY_Unknown | DXBRADY_Yes | DOMSIDE_Left | DOMSIDE_Right | DOMSIDE_Symmetric | DOMSIDE_Unknown | PCA_PART_I_PATIENT_3_95_PC1 | PCA_PART_I_PATIENT_3_95_PC2 | PCA_PART_I_PATIENT_3_95_PC3,0.032247375002043555,0.6363110167856454,0.6284584980237153,0.7310344827586207,0.9090909090909091,0.34782608695652173,,0.34782608695652173
0,stage_1,2,ENG_07,engineering__PCA_PART_I_PATIENT_3_95,engineered_representation,none,all,PCA_PART_I_PATIENT_3_95,pca,rbf_svc,scaled_dense,6,"{""C"": 1.0, ""class_weight"": null, ""gamma"": ""scale""}",4,583,145,47,27,Years_since_PD_diagnosis | Age | MCATOT | FRZGT12M | SCAU14 | SCAU16 | GDS_TOTAL | NQ_GAUSSIAN_REVISION | NP1RTOT | BMI | NP3GAIT_COMBINED_MAX | NP3PSTBL_COMBINED_MAX | NHY_COMBINED_MAX | NP3TOT_COMBINED_MAX | NP4TOT | FOG_FORM_MISSING | NQ_FORM_MISSING | PART_IV_FORM_MISSING | DXPOSINS_Missing | DXPOSINS_No | DXPOSINS_Unknown | DXPOSINS_Yes | DXRIGID_No | DXRIGID_Unknown | DXRIGID_Yes | DOPTHERST_Missing | DOPTHERST_No | DOPTHERST_Yes | FEATPOSHYP_No | FEATPOSHYP_Uncertain | FEATPOSHYP_Yes | ANYFAMPD_Missing | ANYFAMPD_No | ANYFAMPD_Yes | DXTREMOR_No | DXTREMOR_Unknown | DXTREMOR_Yes | DXBRADY_No | DXBRADY_Unknown | DXBRADY_Yes | DOMSIDE_Left | DOMSIDE_Right | DOMSIDE_Symmetric | DOMSIDE_Unknown | PCA_PART_I_PATIENT_3_95_PC1 | PCA_PART_I_PATIENT_3_95_PC2 | PCA_PART_I_PATIENT_3_95_PC3,0.03445879100036109,0.5697872609052459,0.5705972771190162,0.6758620689655173,0.8585858585858586,0.2826086956521739,,0.2826086956521739
0,stage_1,2,ENG_07,engineering__PCA_PART_I_PATIENT_3_95,engineered_representation,none,all,PCA_PART_I_PATIENT_3_95,pca,rbf_svc,scaled_dense,7,"{""C"": 1.0, ""class_weight"": ""balanced"", ""gamma"": ""scale""}",0,582,146,47,27,Years_since_PD_diagnosis | Age | MCATOT | FRZGT12M | SCAU14 | SCAU16 | GDS_TOTAL | NQ_GAUSSIAN_REVISION | NP1RTOT | BMI | NP3GAIT_COMBINED_MAX | NP3PSTBL_COMBINED_MAX | NHY_COMBINED_MAX | NP3TOT_COMBINED_MAX | NP4TOT | FOG_FORM_MISSING | NQ_FORM_MISSING | PART_IV_FORM_MISSING | DXPOSINS_Missing | DXPOSINS_No | DXPOSINS_Unknown | DXPOSINS_Yes | DXRIGID_No | DXRIGID_Unknown | DXRIGID_Yes | DOPTHERST_Missing | DOPTHERST_No | DOPTHERST_Yes | FEATPOSHYP_No | FEATPOSHYP_Uncertain | FEATPOSHYP_Yes | ANYFAMPD_Missing | ANYFAMPD_No | ANYFAMPD_Yes | DXTREMOR_No | DXTREMOR_Unknown | DXTREMOR_Yes | DXBRADY_No | DXBRADY_Unknown | DXBRADY_Yes | DOMSIDE_Left | DOMSIDE_Right | DOMSIDE_Symmetric | DOMSIDE_Unknown | PCA_PART_I_PATIENT_3_95_PC1 | PCA_PART_I_PATIENT_3_95_PC2 | PCA_PART_I_PATIENT_3_95_PC3,0.035013207998417784,0.676731078904992,0.6978260869565217,0.6986301369863014,0.7,0.6956521739130435,,0.6956521739130435
0,stage_1,2,ENG_07,engineering__PCA_PART_I_PATIENT_3_95,engineered_representation,none,all,PCA_PART_I_PATIENT_3_95,pca,rbf_svc,scaled_dense,7,"{""C"": 1.0, ""class_weight"": ""balanced"", ""gamma"": ""scale""}",1,582,146,46,27,Years_since_PD_diagnosis | Age | MCATOT | FRZGT12M | SCAU14 | SCAU16 | GDS_TOTAL | NQ_GAUSSIAN_REVISION | NP1RTOT | BMI | NP3GAIT_COMBINED_MAX | NP3PSTBL_COMBINED_MAX | NHY_COMBINED_MAX | NP3TOT_COMBINED_MAX | NP4TOT | FOG_FORM_MISSING | NQ_FORM_MISSING | PART_IV_FORM_MISSING | DXPOSINS_No | DXPOSINS_Unknown | DXPOSINS_Yes | DXRIGID_No | DXRIGID_Unknown | DXRIGID_Yes | DOPTHERST_Missing | DOPTHERST_No | DOPTHERST_Yes | FEATPOSHYP_No | FEATPOSHYP_Uncertain | FEATPOSHYP_Yes | ANYFAMPD_Missing | ANYFAMPD_No | ANYFAMPD_Yes | DXTREMOR_No | DXTREMOR_Unknown | DXTREMOR_Yes | DXBRADY_No | DXBRADY_Unknown | DXBRADY_Yes | DOMSIDE_Left | DOMSIDE_Right | DOMSIDE_Symmetric | DOMSIDE_Unknown | PCA_PART_I_PATIENT_3_95_PC1 | PCA_PART_I_PATIENT_3_95_PC2 | PCA_PART_I_PATIENT_3_95_PC3,0.032372417001170106,0.7199730444248613,0.7328260869565217,0.7465753424657534,0.77,0.6956521739130435,,0.6956521739130435
0,stage_1,2,ENG_07,engineering__PCA_PART_I_PATIENT_3_95,engineered_representation,none,all,PCA_PART_I_PATIENT_3_95,pca,rbf_svc,scaled_dense,7,"{""C"": 1.0, ""class_weight"": ""balanced"", ""gamma"": ""scale""}",2,582,146,47,27,Years_since_PD_diagnosis | Age | MCATOT | FRZGT12M | SCAU14 | SCAU16 | GDS_TOTAL | NQ_GAUSSIAN_REVISION | NP1RTOT | BMI | NP3GAIT_COMBINED_MAX | NP3PSTBL_COMBINED_MAX | NHY_COMBINED_MAX | NP3TOT_COMBINED_MAX | NP4TOT | FOG_FORM_MISSING | NQ_FORM_MISSING | PART_IV_FORM_MISSING | DXPOSINS_Missing | DXPOSINS_No | DXPOSINS_Unknown | DXPOSINS_Yes | DXRIGID_No | DXRIGID_Unknown | DXRIGID_Yes | DOPTHERST_Missing | DOPTHERST_No | DOPTHERST_Yes | FEATPOSHYP_No | FEATPOSHYP_Uncertain | FEATPOSHYP_Yes | ANYFAMPD_Missing | ANYFAMPD_No | ANYFAMPD_Yes | DXTREMOR_No | DXTREMOR_Unknown | DXTREMOR_Yes | DXBRADY_No | DXBRADY_Unknown | DXBRADY_Yes | DOMSIDE_Left | DOMSIDE_Right | DOMSIDE_Symmetric | DOMSIDE_Unknown | PCA_PART_I_PATIENT_3_95_PC1 | PCA_PART_I_PATIENT_3_95_PC2 | PCA_PART_I_PATIENT_3_95_PC3,0.033559625000634696,0.6685242518059855,0.6802173913043479,0.6986301369863014,0.73,0.6304347826086957,,0.6304347826086957
0,stage_1,2,ENG_07,engineering__PCA_PART_I_PATIENT_3_95,engineered_representation,none,all,PCA_PART_I_PATIENT_3_95,pca,rbf_svc,scaled_dense,7,"{""C"": 1.0, ""class_weight"": ""balanced"", ""gamma"": ""scale""}",3,583,145,47,27,Years_since_PD_diagnosis | Age | MCATOT | FRZGT12M | SCAU14 | SCAU16 | GDS_TOTAL | NQ_GAUSSIAN_REVISION | NP1RTOT | BMI | NP3GAIT_COMBINED_MAX | NP3PSTBL_COMBINED_MAX | NHY_COMBINED_MAX | NP3TOT_COMBINED_MAX | NP4TOT | FOG_FORM_MISSING | NQ_FORM_MISSING | PART_IV_FORM_MISSING | DXPOSINS_Missing | DXPOSINS_No | DXPOSINS_Unknown | DXPOSINS_Yes | DXRIGID_No | DXRIGID_Unknown | DXRIGID_Yes | DOPTHERST_Missing | DOPTHERST_No | DOPTHERST_Yes | FEATPOSHYP_No | FEATPOSHYP_Uncertain | FEATPOSHYP_Yes | ANYFAMPD_Missing | ANYFAMPD_No | ANYFAMPD_Yes | DXTREMOR_No | DXTREMOR_Unknown | DXTREMOR_Yes | DXBRADY_No | DXBRADY_Unknown | DXBRADY_Yes | DOMSIDE_Left | DOMSIDE_Right | DOMSIDE_Symmetric | DOMSIDE_Unknown | PCA_PART_I_PATIENT_3_95_PC1 | PCA_PART_I_PATIENT_3_95_PC2 | PCA_PART_I_PATIENT_3_95_PC3,0.03451970800233539,0.688573883161512,0.6932367149758454,0.7241379310344828,0.7777777777777778,0.6086956521739131,,0.6086956521739131
0,stage_1,2,ENG_07,engineering__PCA_PART_I_PATIENT_3_95,engineered_representation,none,all,PCA_PART_I_PATIENT_3_95,pca,rbf_svc,scaled_dense,7,"{""C"": 1.0, ""class_weight"": ""balanced"", ""gamma"": ""scale""}",4,583,145,47,27,Years_since_PD_diagnosis | Age | MCATOT | FRZGT12M | SCAU14 | SCAU16 | GDS_TOTAL | NQ_GAUSSIAN_REVISION | NP1RTOT | BMI | NP3GAIT_COMBINED_MAX | NP3PSTBL_COMBINED_MAX | NHY_COMBINED_MAX | NP3TOT_COMBINED_MAX | NP4TOT | FOG_FORM_MISSING | NQ_FORM_MISSING | PART_IV_FORM_MISSING | DXPOSINS_Missing | DXPOSINS_No | DXPOSINS_Unknown | DXPOSINS_Yes | DXRIGID_No | DXRIGID_Unknown | DXRIGID_Yes | DOPTHERST_Missing | DOPTHERST_No | DOPTHERST_Yes | FEATPOSHYP_No | FEATPOSHYP_Uncertain | FEATPOSHYP_Yes | ANYFAMPD_Missing | ANYFAMPD_No | ANYFAMPD_Yes | DXTREMOR_No | DXTREMOR_Unknown | DXTREMOR_Yes | DXBRADY_No | DXBRADY_Unknown | DXBRADY_Yes | DOMSIDE_Left | DOMSIDE_Right | DOMSIDE_Symmetric | DOMSIDE_Unknown | PCA_PART_I_PATIENT_3_95_PC1 | PCA_PART_I_PATIENT_3_95_PC2 | PCA_PART_I_PATIENT_3_95_PC3,0.034254124999279156,0.6336842105263158,0.6411945542380324,0.6689655172413793,0.7171717171717171,0.5652173913043478,,0.5652173913043478
0,stage_1,2,ENG_07,engineering__PCA_PART_I_PATIENT_3_95,engineered_representation,none,all,PCA_PART_I_PATIENT_3_95,pca,rbf_svc,scaled_dense,8,"{""C"": 1.0, ""class_weight"": null, ""gamma"": 0.01}",0,582,146,47,27,Years_since_PD_diagnosis | Age | MCATOT | FRZGT12M | SCAU14 | SCAU16 | GDS_TOTAL | NQ_GAUSSIAN_REVISION | NP1RTOT | BMI | NP3GAIT_COMBINED_MAX | NP3PSTBL_COMBINED_MAX | NHY_COMBINED_MAX | NP3TOT_COMBINED_MAX | NP4TOT | FOG_FORM_MISSING | NQ_FORM_MISSING | PART_IV_FORM_MISSING | DXPOSINS_Missing | DXPOSINS_No | DXPOSINS_Unknown | DXPOSINS_Yes | DXRIGID_No | DXRIGID_Unknown | DXRIGID_Yes | DOPTHERST_Missing | DOPTHERST_No | DOPTHERST_Yes | FEATPOSHYP_No | FEATPOSHYP_Uncertain | FEATPOSHYP_Yes | ANYFAMPD_Missing | ANYFAMPD_No | ANYFAMPD_Yes | DXTREMOR_No | DXTREMOR_Unknown | DXTREMOR_Yes | DXBRADY_No | DXBRADY_Unknown | DXBRADY_Yes | DOMSIDE_Left | DOMSIDE_Right | DOMSIDE_Symmetric | DOMSIDE_Unknown | PCA_PART_I_PATIENT_3_95_PC1 | PCA_PART_I_PATIENT_3_95_PC2 | PCA_PART_I_PATIENT_3_95_PC3,0.031001166000351077,0.6922886188941235,0.6773913043478261,0.7671232876712328,0.92,0.43478260869565216,,0.43478260869565216
0,stage_1,2,ENG_07,engineering__PCA_PART_I_PATIENT_3_95,engineered_representation,none,all,PCA_PART_I_PATIENT_3_95,pca,rbf_svc,scaled_dense,8,"{""C"": 1.0, ""class_weight"": null, ""gamma"": 0.01}",1,582,146,46,27,Years_since_PD_diagnosis | Age | MCATOT | FRZGT12M | SCAU14 | SCAU16 | GDS_TOTAL | NQ_GAUSSIAN_REVISION | NP1RTOT | BMI | NP3GAIT_COMBINED_MAX | NP3PSTBL_COMBINED_MAX | NHY_COMBINED_MAX | NP3TOT_COMBINED_MAX | NP4TOT | FOG_FORM_MISSING | NQ_FORM_MISSING | PART_IV_FORM_MISSING | DXPOSINS_No | DXPOSINS_Unknown | DXPOSINS_Yes | DXRIGID_No | DXRIGID_Unknown | DXRIGID_Yes | DOPTHERST_Missing | DOPTHERST_No | DOPTHERST_Yes | FEATPOSHYP_No | FEATPOSHYP_Uncertain | FEATPOSHYP_Yes | ANYFAMPD_Missing | ANYFAMPD_No | ANYFAMPD_Yes | DXTREMOR_No | DXTREMOR_Unknown | DXTREMOR_Yes | DXBRADY_No | DXBRADY_Unknown | DXBRADY_Yes | DOMSIDE_Left | DOMSIDE_Right | DOMSIDE_Symmetric | DOMSIDE_Unknown | PCA_PART_I_PATIENT_3_95_PC1 | PCA_PART_I_PATIENT_3_95_PC2 | PCA_PART_I_PATIENT_3_95_PC3,0.030046959000173956,0.6338868180277872,0.6271739130434782,0.7465753424657534,0.95,0.30434782608695654,,0.30434782608695654
0,stage_1,2,ENG_07,engineering__PCA_PART_I_PATIENT_3_95,engineered_representation,none,all,PCA_PART_I_PATIENT_3_95,pca,rbf_svc,scaled_dense,8,"{""C"": 1.0, ""class_weight"": null, ""gamma"": 0.01}",2,582,146,47,27,Years_since_PD_diagnosis | Age | MCATOT | FRZGT12M | SCAU14 | SCAU16 | GDS_TOTAL | NQ_GAUSSIAN_REVISION | NP1RTOT | BMI | NP3GAIT_COMBINED_MAX | NP3PSTBL_COMBINED_MAX | NHY_COMBINED_MAX | NP3TOT_COMBINED_MAX | NP4TOT | FOG_FORM_MISSING | NQ_FORM_MISSING | PART_IV_FORM_MISSING | DXPOSINS_Missing | DXPOSINS_No | DXPOSINS_Unknown | DXPOSINS_Yes | DXRIGID_No | DXRIGID_Unknown | DXRIGID_Yes | DOPTHERST_Missing | DOPTHERST_No | DOPTHERST_Yes | FEATPOSHYP_No | FEATPOSHYP_Uncertain | FEATPOSHYP_Yes | ANYFAMPD_Missing | ANYFAMPD_No | ANYFAMPD_Yes | DXTREMOR_No | DXTREMOR_Unknown | DXTREMOR_Yes | DXBRADY_No | DXBRADY_Unknown | DXBRADY_Yes | DOMSIDE_Left | DOMSIDE_Right | DOMSIDE_Symmetric | DOMSIDE_Unknown | PCA_PART_I_PATIENT_3_95_PC1 | PCA_PART_I_PATIENT_3_95_PC2 | PCA_PART_I_PATIENT_3_95_PC3,0.030075709000811912,0.6029187396351576,0.601304347826087,0.7191780821917808,0.92,0.2826086956521739,,0.2826086956521739
0,stage_1,2,ENG_07,engineering__PCA_PART_I_PATIENT_3_95,engineered_representation,none,all,PCA_PART_I_PATIENT_3_95,pca,rbf_svc,scaled_dense,8,"{""C"": 1.0, ""class_weight"": null, ""gamma"": 0.01}",3,583,145,47,27,Years_since_PD_diagnosis | Age | MCATOT | FRZGT12M | SCAU14 | SCAU16 | GDS_TOTAL | NQ_GAUSSIAN_REVISION | NP1RTOT | BMI | NP3GAIT_COMBINED_MAX | NP3PSTBL_COMBINED_MAX | NHY_COMBINED_MAX | NP3TOT_COMBINED_MAX | NP4TOT | FOG_FORM_MISSING | NQ_FORM_MISSING | PART_IV_FORM_MISSING | DXPOSINS_Missing | DXPOSINS_No | DXPOSINS_Unknown | DXPOSINS_Yes | DXRIGID_No | DXRIGID_Unknown | DXRIGID_Yes | DOPTHERST_Missing | DOPTHERST_No | DOPTHERST_Yes | FEATPOSHYP_No | FEATPOSHYP_Uncertain | FEATPOSHYP_Yes | ANYFAMPD_Missing | ANYFAMPD_No | ANYFAMPD_Yes | DXTREMOR_No | DXTREMOR_Unknown | DXTREMOR_Yes | DXBRADY_No | DXBRADY_Unknown | DXBRADY_Yes | DOMSIDE_Left | DOMSIDE_Right | DOMSIDE_Symmetric | DOMSIDE_Unknown | PCA_PART_I_PATIENT_3_95_PC1 | PCA_PART_I_PATIENT_3_95_PC2 | PCA_PART_I_PATIENT_3_95_PC3,0.03045525000197813,0.6157922628510863,0.6117698726394378,0.7241379310344828,0.9191919191919192,0.30434782608695654,,0.30434782608695654
0,stage_1,2,ENG_07,engineering__PCA_PART_I_PATIENT_3_95,engineered_representation,none,all,PCA_PART_I_PATIENT_3_95,pca,rbf_svc,scaled_dense,8,"{""C"": 1.0, ""class_weight"": null, ""gamma"": 0.01}",4,583,145,47,27,Years_since_PD_diagnosis | Age | MCATOT | FRZGT12M | SCAU14 | SCAU16 | GDS_TOTAL | NQ_GAUSSIAN_REVISION | NP1RTOT | BMI | NP3GAIT_COMBINED_MAX | NP3PSTBL_COMBINED_MAX | NHY_COMBINED_MAX | NP3TOT_COMBINED_MAX | NP4TOT | FOG_FORM_MISSING | NQ_FORM_MISSING | PART_IV_FORM_MISSING | DXPOSINS_Missing | DXPOSINS_No | DXPOSINS_Unknown | DXPOSINS_Yes | DXRIGID_No | DXRIGID_Unknown | DXRIGID_Yes | DOPTHERST_Missing | DOPTHERST_No | DOPTHERST_Yes | FEATPOSHYP_No | FEATPOSHYP_Uncertain | FEATPOSHYP_Yes | ANYFAMPD_Missing | ANYFAMPD_No | ANYFAMPD_Yes | DXTREMOR_No | DXTREMOR_Unknown | DXTREMOR_Yes | DXBRADY_No | DXBRADY_Unknown | DXBRADY_Yes | DOMSIDE_Left | DOMSIDE_Right | DOMSIDE_Symmetric | DOMSIDE_Unknown | PCA_PART_I_PATIENT_3_95_PC1 | PCA_PART_I_PATIENT_3_95_PC2 | PCA_PART_I_PATIENT_3_95_PC3,0.029886625001381617,0.6045454545454545,0.6016688625384278,0.7103448275862069,0.898989898989899,0.30434782608695654,,0.30434782608695654
0,stage_1,2,ENG_07,engineering__PCA_PART_I_PATIENT_3_95,engineered_representation,none,all,PCA_PART_I_PATIENT_3_95,pca,rbf_svc,scaled_dense,9,"{""C"": 1.0, ""class_weight"": ""balanced"", ""gamma"": 0.01}",0,582,146,47,27,Years_since_PD_diagnosis | Age | MCATOT | FRZGT12M | SCAU14 | SCAU16 | GDS_TOTAL | NQ_GAUSSIAN_REVISION | NP1RTOT | BMI | NP3GAIT_COMBINED_MAX | NP3PSTBL_COMBINED_MAX | NHY_COMBINED_MAX | NP3TOT_COMBINED_MAX | NP4TOT | FOG_FORM_MISSING | NQ_FORM_MISSING | PART_IV_FORM_MISSING | DXPOSINS_Missing | DXPOSINS_No | DXPOSINS_Unknown | DXPOSINS_Yes | DXRIGID_No | DXRIGID_Unknown | DXRIGID_Yes | DOPTHERST_Missing | DOPTHERST_No | DOPTHERST_Yes | FEATPOSHYP_No | FEATPOSHYP_Uncertain | FEATPOSHYP_Yes | ANYFAMPD_Missing | ANYFAMPD_No | ANYFAMPD_Yes | DXTREMOR_No | DXTREMOR_Unknown | DXTREMOR_Yes | DXBRADY_No | DXBRADY_Unknown | DXBRADY_Yes | DOMSIDE_Left | DOMSIDE_Right | DOMSIDE_Symmetric | DOMSIDE_Unknown | PCA_PART_I_PATIENT_3_95_PC1 | PCA_PART_I_PATIENT_3_95_PC2 | PCA_PART_I_PATIENT_3_95_PC3,0.0326027079972846,0.6505220269926153,0.6652173913043478,0.678082191780822,0.7,0.6304347826086957,,0.6304347826086957
0,stage_1,2,ENG_07,engineering__PCA_PART_I_PATIENT_3_95,engineered_representation,none,all,PCA_PART_I_PATIENT_3_95,pca,rbf_svc,scaled_dense,9,"{""C"": 1.0, ""class_weight"": ""balanced"", ""gamma"": 0.01}",1,582,146,46,27,Years_since_PD_diagnosis | Age | MCATOT | FRZGT12M | SCAU14 | SCAU16 | GDS_TOTAL | NQ_GAUSSIAN_REVISION | NP1RTOT | BMI | NP3GAIT_COMBINED_MAX | NP3PSTBL_COMBINED_MAX | NHY_COMBINED_MAX | NP3TOT_COMBINED_MAX | NP4TOT | FOG_FORM_MISSING | NQ_FORM_MISSING | PART_IV_FORM_MISSING | DXPOSINS_No | DXPOSINS_Unknown | DXPOSINS_Yes | DXRIGID_No | DXRIGID_Unknown | DXRIGID_Yes | DOPTHERST_Missing | DOPTHERST_No | DOPTHERST_Yes | FEATPOSHYP_No | FEATPOSHYP_Uncertain | FEATPOSHYP_Yes | ANYFAMPD_Missing | ANYFAMPD_No | ANYFAMPD_Yes | DXTREMOR_No | DXTREMOR_Unknown | DXTREMOR_Yes | DXBRADY_No | DXBRADY_Unknown | DXBRADY_Yes | DOMSIDE_Left | DOMSIDE_Right | DOMSIDE_Symmetric | DOMSIDE_Unknown | PCA_PART_I_PATIENT_3_95_PC1 | PCA_PART_I_PATIENT_3_95_PC2 | PCA_PART_I_PATIENT_3_95_PC3,0.03438795799957006,0.7037938729965509,0.7236956521739131,0.726027397260274,0.73,0.717391304347826,,0.717391304347826
0,stage_1,2,ENG_07,engineering__PCA_PART_I_PATIENT_3_95,engineered_representation,none,all,PCA_PART_I_PATIENT_3_95,pca,rbf_svc,scaled_dense,9,"{""C"": 1.0, ""class_weight"": ""balanced"", ""gamma"": 0.01}",2,582,146,47,27,Years_since_PD_diagnosis | Age | MCATOT | FRZGT12M | SCAU14 | SCAU16 | GDS_TOTAL | NQ_GAUSSIAN_REVISION | NP1RTOT | BMI | NP3GAIT_COMBINED_MAX | NP3PSTBL_COMBINED_MAX | NHY_COMBINED_MAX | NP3TOT_COMBINED_MAX | NP4TOT | FOG_FORM_MISSING | NQ_FORM_MISSING | PART_IV_FORM_MISSING | DXPOSINS_Missing | DXPOSINS_No | DXPOSINS_Unknown | DXPOSINS_Yes | DXRIGID_No | DXRIGID_Unknown | DXRIGID_Yes | DOPTHERST_Missing | DOPTHERST_No | DOPTHERST_Yes | FEATPOSHYP_No | FEATPOSHYP_Uncertain | FEATPOSHYP_Yes | ANYFAMPD_Missing | ANYFAMPD_No | ANYFAMPD_Yes | DXTREMOR_No | DXTREMOR_Unknown | DXTREMOR_Yes | DXBRADY_No | DXBRADY_Unknown | DXBRADY_Yes | DOMSIDE_Left | DOMSIDE_Right | DOMSIDE_Symmetric | DOMSIDE_Unknown | PCA_PART_I_PATIENT_3_95_PC1 | PCA_PART_I_PATIENT_3_95_PC2 | PCA_PART_I_PATIENT_3_95_PC3,0.03360216700093588,0.686711676348982,0.6952173913043478,0.7191780821917808,0.76,0.6304347826086957,,0.6304347826086957
0,stage_1,2,ENG_07,engineering__PCA_PART_I_PATIENT_3_95,engineered_representation,none,all,PCA_PART_I_PATIENT_3_95,pca,rbf_svc,scaled_dense,9,"{""C"": 1.0, ""class_weight"": ""balanced"", ""gamma"": 0.01}",3,583,145,47,27,Years_since_PD_diagnosis | Age | MCATOT | FRZGT12M | SCAU14 | SCAU16 | GDS_TOTAL | NQ_GAUSSIAN_REVISION | NP1RTOT | BMI | NP3GAIT_COMBINED_MAX | NP3PSTBL_COMBINED_MAX | NHY_COMBINED_MAX | NP3TOT_COMBINED_MAX | NP4TOT | FOG_FORM_MISSING | NQ_FORM_MISSING | PART_IV_FORM_MISSING | DXPOSINS_Missing | DXPOSINS_No | DXPOSINS_Unknown | DXPOSINS_Yes | DXRIGID_No | DXRIGID_Unknown | DXRIGID_Yes | DOPTHERST_Missing | DOPTHERST_No | DOPTHERST_Yes | FEATPOSHYP_No | FEATPOSHYP_Uncertain | FEATPOSHYP_Yes | ANYFAMPD_Missing | ANYFAMPD_No | ANYFAMPD_Yes | DXTREMOR_No | DXTREMOR_Unknown | DXTREMOR_Yes | DXBRADY_No | DXBRADY_Unknown | DXBRADY_Yes | DOMSIDE_Left | DOMSIDE_Right | DOMSIDE_Symmetric | DOMSIDE_Unknown | PCA_PART_I_PATIENT_3_95_PC1 | PCA_PART_I_PATIENT_3_95_PC2 | PCA_PART_I_PATIENT_3_95_PC3,0.03269791699858615,0.688573883161512,0.6932367149758454,0.7241379310344828,0.7777777777777778,0.6086956521739131,,0.6086956521739131
0,stage_1,2,ENG_07,engineering__PCA_PART_I_PATIENT_3_95,engineered_representation,none,all,PCA_PART_I_PATIENT_3_95,pca,rbf_svc,scaled_dense,9,"{""C"": 1.0, ""class_weight"": ""balanced"", ""gamma"": 0.01}",4,583,145,47,27,Years_since_PD_diagnosis | Age | MCATOT | FRZGT12M | SCAU14 | SCAU16 | GDS_TOTAL | NQ_GAUSSIAN_REVISION | NP1RTOT | BMI | NP3GAIT_COMBINED_MAX | NP3PSTBL_COMBINED_MAX | NHY_COMBINED_MAX | NP3TOT_COMBINED_MAX | NP4TOT | FOG_FORM_MISSING | NQ_FORM_MISSING | PART_IV_FORM_MISSING | DXPOSINS_Missing | DXPOSINS_No | DXPOSINS_Unknown | DXPOSINS_Yes | DXRIGID_No | DXRIGID_Unknown | DXRIGID_Yes | DOPTHERST_Missing | DOPTHERST_No | DOPTHERST_Yes | FEATPOSHYP_No | FEATPOSHYP_Uncertain | FEATPOSHYP_Yes | ANYFAMPD_Missing | ANYFAMPD_No | ANYFAMPD_Yes | DXTREMOR_No | DXTREMOR_Unknown | DXTREMOR_Yes | DXBRADY_No | DXBRADY_Unknown | DXBRADY_Yes | DOMSIDE_Left | DOMSIDE_Right | DOMSIDE_Symmetric | DOMSIDE_Unknown | PCA_PART_I_PATIENT_3_95_PC1 | PCA_PART_I_PATIENT_3_95_PC2 | PCA_PART_I_PATIENT_3_95_PC3,0.03252762500051176,0.6336842105263158,0.6411945542380324,0.6689655172413793,0.7171717171717171,0.5652173913043478,,0.5652173913043478
0,stage_1,2,ENG_07,engineering__PCA_PART_I_PATIENT_3_95,engineered_representation,none,all,PCA_PART_I_PATIENT_3_95,pca,rbf_svc,scaled_dense,10,"{""C"": 1.0, ""class_weight"": null, ""gamma"": 0.1}",0,582,146,47,27,Years_since_PD_diagnosis | Age | MCATOT | FRZGT12M | SCAU14 | SCAU16 | GDS_TOTAL | NQ_GAUSSIAN_REVISION | NP1RTOT | BMI | NP3GAIT_COMBINED_MAX | NP3PSTBL_COMBINED_MAX | NHY_COMBINED_MAX | NP3TOT_COMBINED_MAX | NP4TOT | FOG_FORM_MISSING | NQ_FORM_MISSING | PART_IV_FORM_MISSING | DXPOSINS_Missing | DXPOSINS_No | DXPOSINS_Unknown | DXPOSINS_Yes | DXRIGID_No | DXRIGID_Unknown | DXRIGID_Yes | DOPTHERST_Missing | DOPTHERST_No | DOPTHERST_Yes | FEATPOSHYP_No | FEATPOSHYP_Uncertain | FEATPOSHYP_Yes | ANYFAMPD_Missing | ANYFAMPD_No | ANYFAMPD_Yes | DXTREMOR_No | DXTREMOR_Unknown | DXTREMOR_Yes | DXBRADY_No | DXBRADY_Unknown | DXBRADY_Yes | DOMSIDE_Left | DOMSIDE_Right | DOMSIDE_Symmetric | DOMSIDE_Unknown | PCA_PART_I_PATIENT_3_95_PC1 | PCA_PART_I_PATIENT_3_95_PC2 | PCA_PART_I_PATIENT_3_95_PC3,0.03332395799952792,0.6976120857699806,0.6832608695652174,0.7671232876712328,0.91,0.45652173913043476,,0.45652173913043476
0,stage_1,2,ENG_07,engineering__PCA_PART_I_PATIENT_3_95,engineered_representation,none,all,PCA_PART_I_PATIENT_3_95,pca,rbf_svc,scaled_dense,10,"{""C"": 1.0, ""class_weight"": null, ""gamma"": 0.1}",1,582,146,46,27,Years_since_PD_diagnosis | Age | MCATOT | FRZGT12M | SCAU14 | SCAU16 | GDS_TOTAL | NQ_GAUSSIAN_REVISION | NP1RTOT | BMI | NP3GAIT_COMBINED_MAX | NP3PSTBL_COMBINED_MAX | NHY_COMBINED_MAX | NP3TOT_COMBINED_MAX | NP4TOT | FOG_FORM_MISSING | NQ_FORM_MISSING | PART_IV_FORM_MISSING | DXPOSINS_No | DXPOSINS_Unknown | DXPOSINS_Yes | DXRIGID_No | DXRIGID_Unknown | DXRIGID_Yes | DOPTHERST_Missing | DOPTHERST_No | DOPTHERST_Yes | FEATPOSHYP_No | FEATPOSHYP_Uncertain | FEATPOSHYP_Yes | ANYFAMPD_Missing | ANYFAMPD_No | ANYFAMPD_Yes | DXTREMOR_No | DXTREMOR_Unknown | DXTREMOR_Yes | DXBRADY_No | DXBRADY_Unknown | DXBRADY_Yes | DOMSIDE_Left | DOMSIDE_Right | DOMSIDE_Symmetric | DOMSIDE_Unknown | PCA_PART_I_PATIENT_3_95_PC1 | PCA_PART_I_PATIENT_3_95_PC2 | PCA_PART_I_PATIENT_3_95_PC3,0.034220000001369044,0.5648436958480627,0.573695652173913,0.7054794520547946,0.93,0.21739130434782608,,0.21739130434782608
0,stage_1,2,ENG_07,engineering__PCA_PART_I_PATIENT_3_95,engineered_representation,none,all,PCA_PART_I_PATIENT_3_95,pca,rbf_svc,scaled_dense,10,"{""C"": 1.0, ""class_weight"": null, ""gamma"": 0.1}",2,582,146,47,27,Years_since_PD_diagnosis | Age | MCATOT | FRZGT12M | SCAU14 | SCAU16 | GDS_TOTAL | NQ_GAUSSIAN_REVISION | NP1RTOT | BMI | NP3GAIT_COMBINED_MAX | NP3PSTBL_COMBINED_MAX | NHY_COMBINED_MAX | NP3TOT_COMBINED_MAX | NP4TOT | FOG_FORM_MISSING | NQ_FORM_MISSING | PART_IV_FORM_MISSING | DXPOSINS_Missing | DXPOSINS_No | DXPOSINS_Unknown | DXPOSINS_Yes | DXRIGID_No | DXRIGID_Unknown | DXRIGID_Yes | DOPTHERST_Missing | DOPTHERST_No | DOPTHERST_Yes | FEATPOSHYP_No | FEATPOSHYP_Uncertain | FEATPOSHYP_Yes | ANYFAMPD_Missing | ANYFAMPD_No | ANYFAMPD_Yes | DXTREMOR_No | DXTREMOR_Unknown | DXTREMOR_Yes | DXBRADY_No | DXBRADY_Unknown | DXBRADY_Yes | DOMSIDE_Left | DOMSIDE_Right | DOMSIDE_Symmetric | DOMSIDE_Unknown | PCA_PART_I_PATIENT_3_95_PC1 | PCA_PART_I_PATIENT_3_95_PC2 | PCA_PART_I_PATIENT_3_95_PC3,0.03520737500002724,0.656087279940491,0.6456521739130435,0.7397260273972602,0.9,0.391304347826087,,0.391304347826087
0,stage_1,2,ENG_07,engineering__PCA_PART_I_PATIENT_3_95,engineered_representation,none,all,PCA_PART_I_PATIENT_3_95,pca,rbf_svc,scaled_dense,10,"{""C"": 1.0, ""class_weight"": null, ""gamma"": 0.1}",3,583,145,47,27,Years_since_PD_diagnosis | Age | MCATOT | FRZGT12M | SCAU14 | SCAU16 | GDS_TOTAL | NQ_GAUSSIAN_REVISION | NP1RTOT | BMI | NP3GAIT_COMBINED_MAX | NP3PSTBL_COMBINED_MAX | NHY_COMBINED_MAX | NP3TOT_COMBINED_MAX | NP4TOT | FOG_FORM_MISSING | NQ_FORM_MISSING | PART_IV_FORM_MISSING | DXPOSINS_Missing | DXPOSINS_No | DXPOSINS_Unknown | DXPOSINS_Yes | DXRIGID_No | DXRIGID_Unknown | DXRIGID_Yes | DOPTHERST_Missing | DOPTHERST_No | DOPTHERST_Yes | FEATPOSHYP_No | FEATPOSHYP_Uncertain | FEATPOSHYP_Yes | ANYFAMPD_Missing | ANYFAMPD_No | ANYFAMPD_Yes | DXTREMOR_No | DXTREMOR_Unknown | DXTREMOR_Yes | DXBRADY_No | DXBRADY_Unknown | DXBRADY_Yes | DOMSIDE_Left | DOMSIDE_Right | DOMSIDE_Symmetric | DOMSIDE_Unknown | PCA_PART_I_PATIENT_3_95_PC1 | PCA_PART_I_PATIENT_3_95_PC2 | PCA_PART_I_PATIENT_3_95_PC3,0.03392399999938789,0.6672868217054264,0.6560166886253843,0.7448275862068966,0.898989898989899,0.41304347826086957,,0.41304347826086957
0,stage_1,2,ENG_07,engineering__PCA_PART_I_PATIENT_3_95,engineered_representation,none,all,PCA_PART_I_PATIENT_3_95,pca,rbf_svc,scaled_dense,10,"{""C"": 1.0, ""class_weight"": null, ""gamma"": 0.1}",4,583,145,47,27,Years_since_PD_diagnosis | Age | MCATOT | FRZGT12M | SCAU14 | SCAU16 | GDS_TOTAL | NQ_GAUSSIAN_REVISION | NP1RTOT | BMI | NP3GAIT_COMBINED_MAX | NP3PSTBL_COMBINED_MAX | NHY_COMBINED_MAX | NP3TOT_COMBINED_MAX | NP4TOT | FOG_FORM_MISSING | NQ_FORM_MISSING | PART_IV_FORM_MISSING | DXPOSINS_Missing | DXPOSINS_No | DXPOSINS_Unknown | DXPOSINS_Yes | DXRIGID_No | DXRIGID_Unknown | DXRIGID_Yes | DOPTHERST_Missing | DOPTHERST_No | DOPTHERST_Yes | FEATPOSHYP_No | FEATPOSHYP_Uncertain | FEATPOSHYP_Yes | ANYFAMPD_Missing | ANYFAMPD_No | ANYFAMPD_Yes | DXTREMOR_No | DXTREMOR_Unknown | DXTREMOR_Yes | DXBRADY_No | DXBRADY_Unknown | DXBRADY_Yes | DOMSIDE_Left | DOMSIDE_Right | DOMSIDE_Symmetric | DOMSIDE_Unknown | PCA_PART_I_PATIENT_3_95_PC1 | PCA_PART_I_PATIENT_3_95_PC2 | PCA_PART_I_PATIENT_3_95_PC3,0.03365766700153472,0.5953488372093023,0.5923364075537989,0.6896551724137931,0.8585858585858586,0.32608695652173914,,0.32608695652173914
0,stage_1,2,ENG_07,engineering__PCA_PART_I_PATIENT_3_95,engineered_representation,none,all,PCA_PART_I_PATIENT_3_95,pca,rbf_svc,scaled_dense,11,"{""C"": 1.0, ""class_weight"": ""balanced"", ""gamma"": 0.1}",0,582,146,47,27,Years_since_PD_diagnosis | Age | MCATOT | FRZGT12M | SCAU14 | SCAU16 | GDS_TOTAL | NQ_GAUSSIAN_REVISION | NP1RTOT | BMI | NP3GAIT_COMBINED_MAX | NP3PSTBL_COMBINED_MAX | NHY_COMBINED_MAX | NP3TOT_COMBINED_MAX | NP4TOT | FOG_FORM_MISSING | NQ_FORM_MISSING | PART_IV_FORM_MISSING | DXPOSINS_Missing | DXPOSINS_No | DXPOSINS_Unknown | DXPOSINS_Yes | DXRIGID_No | DXRIGID_Unknown | DXRIGID_Yes | DOPTHERST_Missing | DOPTHERST_No | DOPTHERST_Yes | FEATPOSHYP_No | FEATPOSHYP_Uncertain | FEATPOSHYP_Yes | ANYFAMPD_Missing | ANYFAMPD_No | ANYFAMPD_Yes | DXTREMOR_No | DXTREMOR_Unknown | DXTREMOR_Yes | DXBRADY_No | DXBRADY_Unknown | DXBRADY_Yes | DOMSIDE_Left | DOMSIDE_Right | DOMSIDE_Symmetric | DOMSIDE_Unknown | PCA_PART_I_PATIENT_3_95_PC1 | PCA_PART_I_PATIENT_3_95_PC2 | PCA_PART_I_PATIENT_3_95_PC3,0.03416079200178501,0.6976004041424602,0.718695652173913,0.7191780821917808,0.72,0.717391304347826,,0.717391304347826
0,stage_1,2,ENG_07,engineering__PCA_PART_I_PATIENT_3_95,engineered_representation,none,all,PCA_PART_I_PATIENT_3_95,pca,rbf_svc,scaled_dense,11,"{""C"": 1.0, ""class_weight"": ""balanced"", ""gamma"": 0.1}",1,582,146,46,27,Years_since_PD_diagnosis | Age | MCATOT | FRZGT12M | SCAU14 | SCAU16 | GDS_TOTAL | NQ_GAUSSIAN_REVISION | NP1RTOT | BMI | NP3GAIT_COMBINED_MAX | NP3PSTBL_COMBINED_MAX | NHY_COMBINED_MAX | NP3TOT_COMBINED_MAX | NP4TOT | FOG_FORM_MISSING | NQ_FORM_MISSING | PART_IV_FORM_MISSING | DXPOSINS_No | DXPOSINS_Unknown | DXPOSINS_Yes | DXRIGID_No | DXRIGID_Unknown | DXRIGID_Yes | DOPTHERST_Missing | DOPTHERST_No | DOPTHERST_Yes | FEATPOSHYP_No | FEATPOSHYP_Uncertain | FEATPOSHYP_Yes | ANYFAMPD_Missing | ANYFAMPD_No | ANYFAMPD_Yes | DXTREMOR_No | DXTREMOR_Unknown | DXTREMOR_Yes | DXBRADY_No | DXBRADY_Unknown | DXBRADY_Yes | DOMSIDE_Left | DOMSIDE_Right | DOMSIDE_Symmetric | DOMSIDE_Unknown | PCA_PART_I_PATIENT_3_95_PC1 | PCA_PART_I_PATIENT_3_95_PC2 | PCA_PART_I_PATIENT_3_95_PC3,0.04402516700065462,0.7013093289689034,0.7178260869565217,0.726027397260274,0.74,0.6956521739130435,,0.6956521739130435
0,stage_1,2,ENG_07,engineering__PCA_PART_I_PATIENT_3_95,engineered_representation,none,all,PCA_PART_I_PATIENT_3_95,pca,rbf_svc,scaled_dense,11,"{""C"": 1.0, ""class_weight"": ""balanced"", ""gamma"": 0.1}",2,582,146,47,27,Years_since_PD_diagnosis | Age | MCATOT | FRZGT12M | SCAU14 | SCAU16 | GDS_TOTAL | NQ_GAUSSIAN_REVISION | NP1RTOT | BMI | NP3GAIT_COMBINED_MAX | NP3PSTBL_COMBINED_MAX | NHY_COMBINED_MAX | NP3TOT_COMBINED_MAX | NP4TOT | FOG_FORM_MISSING | NQ_FORM_MISSING | PART_IV_FORM_MISSING | DXPOSINS_Missing | DXPOSINS_No | DXPOSINS_Unknown | DXPOSINS_Yes | DXRIGID_No | DXRIGID_Unknown | DXRIGID_Yes | DOPTHERST_Missing | DOPTHERST_No | DOPTHERST_Yes | FEATPOSHYP_No | FEATPOSHYP_Uncertain | FEATPOSHYP_Yes | ANYFAMPD_Missing | ANYFAMPD_No | ANYFAMPD_Yes | DXTREMOR_No | DXTREMOR_Unknown | DXTREMOR_Yes | DXBRADY_No | DXBRADY_Unknown | DXBRADY_Yes | DOMSIDE_Left | DOMSIDE_Right | DOMSIDE_Symmetric | DOMSIDE_Unknown | PCA_PART_I_PATIENT_3_95_PC1 | PCA_PART_I_PATIENT_3_95_PC2 | PCA_PART_I_PATIENT_3_95_PC3,0.03790550000121584,0.6408646045951746,0.6476086956521738,0.678082191780822,0.73,0.5652173913043478,,0.5652173913043478
0,stage_1,2,ENG_07,engineering__PCA_PART_I_PATIENT_3_95,engineered_representation,none,all,PCA_PART_I_PATIENT_3_95,pca,rbf_svc,scaled_dense,11,"{""C"": 1.0, ""class_weight"": ""balanced"", ""gamma"": 0.1}",3,583,145,47,27,Years_since_PD_diagnosis | Age | MCATOT | FRZGT12M | SCAU14 | SCAU16 | GDS_TOTAL | NQ_GAUSSIAN_REVISION | NP1RTOT | BMI | NP3GAIT_COMBINED_MAX | NP3PSTBL_COMBINED_MAX | NHY_COMBINED_MAX | NP3TOT_COMBINED_MAX | NP4TOT | FOG_FORM_MISSING | NQ_FORM_MISSING | PART_IV_FORM_MISSING | DXPOSINS_Missing | DXPOSINS_No | DXPOSINS_Unknown | DXPOSINS_Yes | DXRIGID_No | DXRIGID_Unknown | DXRIGID_Yes | DOPTHERST_Missing | DOPTHERST_No | DOPTHERST_Yes | FEATPOSHYP_No | FEATPOSHYP_Uncertain | FEATPOSHYP_Yes | ANYFAMPD_Missing | ANYFAMPD_No | ANYFAMPD_Yes | DXTREMOR_No | DXTREMOR_Unknown | DXTREMOR_Yes | DXBRADY_No | DXBRADY_Unknown | DXBRADY_Yes | DOMSIDE_Left | DOMSIDE_Right | DOMSIDE_Symmetric | DOMSIDE_Unknown | PCA_PART_I_PATIENT_3_95_PC1 | PCA_PART_I_PATIENT_3_95_PC2 | PCA_PART_I_PATIENT_3_95_PC3,0.036431167001865106,0.6794736842105262,0.6889547650417216,0.7103448275862069,0.7474747474747475,0.6304347826086957,,0.6304347826086957
0,stage_1,2,ENG_07,engineering__PCA_PART_I_PATIENT_3_95,engineered_representation,none,all,PCA_PART_I_PATIENT_3_95,pca,rbf_svc,scaled_dense,11,"{""C"": 1.0, ""class_weight"": ""balanced"", ""gamma"": 0.1}",4,583,145,47,27,Years_since_PD_diagnosis | Age | MCATOT | FRZGT12M | SCAU14 | SCAU16 | GDS_TOTAL | NQ_GAUSSIAN_REVISION | NP1RTOT | BMI | NP3GAIT_COMBINED_MAX | NP3PSTBL_COMBINED_MAX | NHY_COMBINED_MAX | NP3TOT_COMBINED_MAX | NP4TOT | FOG_FORM_MISSING | NQ_FORM_MISSING | PART_IV_FORM_MISSING | DXPOSINS_Missing | DXPOSINS_No | DXPOSINS_Unknown | DXPOSINS_Yes | DXRIGID_No | DXRIGID_Unknown | DXRIGID_Yes | DOPTHERST_Missing | DOPTHERST_No | DOPTHERST_Yes | FEATPOSHYP_No | FEATPOSHYP_Uncertain | FEATPOSHYP_Yes | ANYFAMPD_Missing | ANYFAMPD_No | ANYFAMPD_Yes | DXTREMOR_No | DXTREMOR_Unknown | DXTREMOR_Yes | DXBRADY_No | DXBRADY_Unknown | DXBRADY_Yes | DOMSIDE_Left | DOMSIDE_Right | DOMSIDE_Symmetric | DOMSIDE_Unknown | PCA_PART_I_PATIENT_3_95_PC1 | PCA_PART_I_PATIENT_3_95_PC2 | PCA_PART_I_PATIENT_3_95_PC3,0.03545362499789917,0.6609268707482994,0.667215634606939,0.696551724137931,0.7474747474747475,0.5869565217391305,,0.5869565217391305
0,stage_1,2,ENG_07,engineering__PCA_PART_I_PATIENT_3_95,engineered_representation,none,all,PCA_PART_I_PATIENT_3_95,pca,rbf_svc,scaled_dense,12,"{""C"": 10.0, ""class_weight"": null, ""gamma"": ""scale""}",0,582,146,47,27,Years_since_PD_diagnosis | Age | MCATOT | FRZGT12M | SCAU14 | SCAU16 | GDS_TOTAL | NQ_GAUSSIAN_REVISION | NP1RTOT | BMI | NP3GAIT_COMBINED_MAX | NP3PSTBL_COMBINED_MAX | NHY_COMBINED_MAX | NP3TOT_COMBINED_MAX | NP4TOT | FOG_FORM_MISSING | NQ_FORM_MISSING | PART_IV_FORM_MISSING | DXPOSINS_Missing | DXPOSINS_No | DXPOSINS_Unknown | DXPOSINS_Yes | DXRIGID_No | DXRIGID_Unknown | DXRIGID_Yes | DOPTHERST_Missing | DOPTHERST_No | DOPTHERST_Yes | FEATPOSHYP_No | FEATPOSHYP_Uncertain | FEATPOSHYP_Yes | ANYFAMPD_Missing | ANYFAMPD_No | ANYFAMPD_Yes | DXTREMOR_No | DXTREMOR_Unknown | DXTREMOR_Yes | DXBRADY_No | DXBRADY_Unknown | DXBRADY_Yes | DOMSIDE_Left | DOMSIDE_Right | DOMSIDE_Symmetric | DOMSIDE_Unknown | PCA_PART_I_PATIENT_3_95_PC1 | PCA_PART_I_PATIENT_3_95_PC2 | PCA_PART_I_PATIENT_3_95_PC3,0.037007625000114786,0.68246336996337,0.675,0.7397260273972602,0.85,0.5,,0.5
0,stage_1,2,ENG_07,engineering__PCA_PART_I_PATIENT_3_95,engineered_representation,none,all,PCA_PART_I_PATIENT_3_95,pca,rbf_svc,scaled_dense,12,"{""C"": 10.0, ""class_weight"": null, ""gamma"": ""scale""}",1,582,146,46,27,Years_since_PD_diagnosis | Age | MCATOT | FRZGT12M | SCAU14 | SCAU16 | GDS_TOTAL | NQ_GAUSSIAN_REVISION | NP1RTOT | BMI | NP3GAIT_COMBINED_MAX | NP3PSTBL_COMBINED_MAX | NHY_COMBINED_MAX | NP3TOT_COMBINED_MAX | NP4TOT | FOG_FORM_MISSING | NQ_FORM_MISSING | PART_IV_FORM_MISSING | DXPOSINS_No | DXPOSINS_Unknown | DXPOSINS_Yes | DXRIGID_No | DXRIGID_Unknown | DXRIGID_Yes | DOPTHERST_Missing | DOPTHERST_No | DOPTHERST_Yes | FEATPOSHYP_No | FEATPOSHYP_Uncertain | FEATPOSHYP_Yes | ANYFAMPD_Missing | ANYFAMPD_No | ANYFAMPD_Yes | DXTREMOR_No | DXTREMOR_Unknown | DXTREMOR_Yes | DXBRADY_No | DXBRADY_Unknown | DXBRADY_Yes | DOMSIDE_Left | DOMSIDE_Right | DOMSIDE_Symmetric | DOMSIDE_Unknown | PCA_PART_I_PATIENT_3_95_PC1 | PCA_PART_I_PATIENT_3_95_PC2 | PCA_PART_I_PATIENT_3_95_PC3,0.03526599999895552,0.5760743321718931,0.5739130434782609,0.6575342465753424,0.8,0.34782608695652173,,0.34782608695652173
0,stage_1,2,ENG_07,engineering__PCA_PART_I_PATIENT_3_95,engineered_representation,none,all,PCA_PART_I_PATIENT_3_95,pca,rbf_svc,scaled_dense,12,"{""C"": 10.0, ""class_weight"": null, ""gamma"": ""scale""}",2,582,146,47,27,Years_since_PD_diagnosis | Age | MCATOT | FRZGT12M | SCAU14 | SCAU16 | GDS_TOTAL | NQ_GAUSSIAN_REVISION | NP1RTOT | BMI | NP3GAIT_COMBINED_MAX | NP3PSTBL_COMBINED_MAX | NHY_COMBINED_MAX | NP3TOT_COMBINED_MAX | NP4TOT | FOG_FORM_MISSING | NQ_FORM_MISSING | PART_IV_FORM_MISSING | DXPOSINS_Missing | DXPOSINS_No | DXPOSINS_Unknown | DXPOSINS_Yes | DXRIGID_No | DXRIGID_Unknown | DXRIGID_Yes | DOPTHERST_Missing | DOPTHERST_No | DOPTHERST_Yes | FEATPOSHYP_No | FEATPOSHYP_Uncertain | FEATPOSHYP_Yes | ANYFAMPD_Missing | ANYFAMPD_No | ANYFAMPD_Yes | DXTREMOR_No | DXTREMOR_Unknown | DXTREMOR_Yes | DXBRADY_No | DXBRADY_Unknown | DXBRADY_Yes | DOMSIDE_Left | DOMSIDE_Right | DOMSIDE_Symmetric | DOMSIDE_Unknown | PCA_PART_I_PATIENT_3_95_PC1 | PCA_PART_I_PATIENT_3_95_PC2 | PCA_PART_I_PATIENT_3_95_PC3,0.03614558299886994,0.5976515696141864,0.5939130434782609,0.684931506849315,0.84,0.34782608695652173,,0.34782608695652173
0,stage_1,2,ENG_07,engineering__PCA_PART_I_PATIENT_3_95,engineered_representation,none,all,PCA_PART_I_PATIENT_3_95,pca,rbf_svc,scaled_dense,12,"{""C"": 10.0, ""class_weight"": null, ""gamma"": ""scale""}",3,583,145,47,27,Years_since_PD_diagnosis | Age | MCATOT | FRZGT12M | SCAU14 | SCAU16 | GDS_TOTAL | NQ_GAUSSIAN_REVISION | NP1RTOT | BMI | NP3GAIT_COMBINED_MAX | NP3PSTBL_COMBINED_MAX | NHY_COMBINED_MAX | NP3TOT_COMBINED_MAX | NP4TOT | FOG_FORM_MISSING | NQ_FORM_MISSING | PART_IV_FORM_MISSING | DXPOSINS_Missing | DXPOSINS_No | DXPOSINS_Unknown | DXPOSINS_Yes | DXRIGID_No | DXRIGID_Unknown | DXRIGID_Yes | DOPTHERST_Missing | DOPTHERST_No | DOPTHERST_Yes | FEATPOSHYP_No | FEATPOSHYP_Uncertain | FEATPOSHYP_Yes | ANYFAMPD_Missing | ANYFAMPD_No | ANYFAMPD_Yes | DXTREMOR_No | DXTREMOR_Unknown | DXTREMOR_Yes | DXBRADY_No | DXBRADY_Unknown | DXBRADY_Yes | DOMSIDE_Left | DOMSIDE_Right | DOMSIDE_Symmetric | DOMSIDE_Unknown | PCA_PART_I_PATIENT_3_95_PC1 | PCA_PART_I_PATIENT_3_95_PC2 | PCA_PART_I_PATIENT_3_95_PC3,0.03502933300114819,0.6528727770177838,0.6482213438735178,0.7103448275862069,0.8181818181818182,0.4782608695652174,,0.4782608695652174
0,stage_1,2,ENG_07,engineering__PCA_PART_I_PATIENT_3_95,engineered_representation,none,all,PCA_PART_I_PATIENT_3_95,pca,rbf_svc,scaled_dense,12,"{""C"": 10.0, ""class_weight"": null, ""gamma"": ""scale""}",4,583,145,47,27,Years_since_PD_diagnosis | Age | MCATOT | FRZGT12M | SCAU14 | SCAU16 | GDS_TOTAL | NQ_GAUSSIAN_REVISION | NP1RTOT | BMI | NP3GAIT_COMBINED_MAX | NP3PSTBL_COMBINED_MAX | NHY_COMBINED_MAX | NP3TOT_COMBINED_MAX | NP4TOT | FOG_FORM_MISSING | NQ_FORM_MISSING | PART_IV_FORM_MISSING | DXPOSINS_Missing | DXPOSINS_No | DXPOSINS_Unknown | DXPOSINS_Yes | DXRIGID_No | DXRIGID_Unknown | DXRIGID_Yes | DOPTHERST_Missing | DOPTHERST_No | DOPTHERST_Yes | FEATPOSHYP_No | FEATPOSHYP_Uncertain | FEATPOSHYP_Yes | ANYFAMPD_Missing | ANYFAMPD_No | ANYFAMPD_Yes | DXTREMOR_No | DXTREMOR_Unknown | DXTREMOR_Yes | DXBRADY_No | DXBRADY_Unknown | DXBRADY_Yes | DOMSIDE_Left | DOMSIDE_Right | DOMSIDE_Symmetric | DOMSIDE_Unknown | PCA_PART_I_PATIENT_3_95_PC1 | PCA_PART_I_PATIENT_3_95_PC2 | PCA_PART_I_PATIENT_3_95_PC3,0.03538245799791184,0.5977011494252873,0.5954106280193237,0.6620689655172414,0.7777777777777778,0.41304347826086957,,0.41304347826086957
0,stage_1,2,ENG_07,engineering__PCA_PART_I_PATIENT_3_95,engineered_representation,none,all,PCA_PART_I_PATIENT_3_95,pca,rbf_svc,scaled_dense,13,"{""C"": 10.0, ""class_weight"": ""balanced"", ""gamma"": ""scale""}",0,582,146,47,27,Years_since_PD_diagnosis | Age | MCATOT | FRZGT12M | SCAU14 | SCAU16 | GDS_TOTAL | NQ_GAUSSIAN_REVISION | NP1RTOT | BMI | NP3GAIT_COMBINED_MAX | NP3PSTBL_COMBINED_MAX | NHY_COMBINED_MAX | NP3TOT_COMBINED_MAX | NP4TOT | FOG_FORM_MISSING | NQ_FORM_MISSING | PART_IV_FORM_MISSING | DXPOSINS_Missing | DXPOSINS_No | DXPOSINS_Unknown | DXPOSINS_Yes | DXRIGID_No | DXRIGID_Unknown | DXRIGID_Yes | DOPTHERST_Missing | DOPTHERST_No | DOPTHERST_Yes | FEATPOSHYP_No | FEATPOSHYP_Uncertain | FEATPOSHYP_Yes | ANYFAMPD_Missing | ANYFAMPD_No | ANYFAMPD_Yes | DXTREMOR_No | DXTREMOR_Unknown | DXTREMOR_Yes | DXBRADY_No | DXBRADY_Unknown | DXBRADY_Yes | DOMSIDE_Left | DOMSIDE_Right | DOMSIDE_Symmetric | DOMSIDE_Unknown | PCA_PART_I_PATIENT_3_95_PC1 | PCA_PART_I_PATIENT_3_95_PC2 | PCA_PART_I_PATIENT_3_95_PC3,0.03642391599714756,0.631623212783852,0.6282608695652174,0.6917808219178082,0.8,0.45652173913043476,,0.45652173913043476
0,stage_1,2,ENG_07,engineering__PCA_PART_I_PATIENT_3_95,engineered_representation,none,all,PCA_PART_I_PATIENT_3_95,pca,rbf_svc,scaled_dense,13,"{""C"": 10.0, ""class_weight"": ""balanced"", ""gamma"": ""scale""}",1,582,146,46,27,Years_since_PD_diagnosis | Age | MCATOT | FRZGT12M | SCAU14 | SCAU16 | GDS_TOTAL | NQ_GAUSSIAN_REVISION | NP1RTOT | BMI | NP3GAIT_COMBINED_MAX | NP3PSTBL_COMBINED_MAX | NHY_COMBINED_MAX | NP3TOT_COMBINED_MAX | NP4TOT | FOG_FORM_MISSING | NQ_FORM_MISSING | PART_IV_FORM_MISSING | DXPOSINS_No | DXPOSINS_Unknown | DXPOSINS_Yes | DXRIGID_No | DXRIGID_Unknown | DXRIGID_Yes | DOPTHERST_Missing | DOPTHERST_No | DOPTHERST_Yes | FEATPOSHYP_No | FEATPOSHYP_Uncertain | FEATPOSHYP_Yes | ANYFAMPD_Missing | ANYFAMPD_No | ANYFAMPD_Yes | DXTREMOR_No | DXTREMOR_Unknown | DXTREMOR_Yes | DXBRADY_No | DXBRADY_Unknown | DXBRADY_Yes | DOMSIDE_Left | DOMSIDE_Right | DOMSIDE_Symmetric | DOMSIDE_Unknown | PCA_PART_I_PATIENT_3_95_PC1 | PCA_PART_I_PATIENT_3_95_PC2 | PCA_PART_I_PATIENT_3_95_PC3,0.03607591699983459,0.5821886446886446,0.5797826086956521,0.6575342465753424,0.79,0.3695652173913043,,0.3695652173913043
0,stage_1,2,ENG_07,engineering__PCA_PART_I_PATIENT_3_95,engineered_representation,none,all,PCA_PART_I_PATIENT_3_95,pca,rbf_svc,scaled_dense,13,"{""C"": 10.0, ""class_weight"": ""balanced"", ""gamma"": ""scale""}",2,582,146,47,27,Years_since_PD_diagnosis | Age | MCATOT | FRZGT12M | SCAU14 | SCAU16 | GDS_TOTAL | NQ_GAUSSIAN_REVISION | NP1RTOT | BMI | NP3GAIT_COMBINED_MAX | NP3PSTBL_COMBINED_MAX | NHY_COMBINED_MAX | NP3TOT_COMBINED_MAX | NP4TOT | FOG_FORM_MISSING | NQ_FORM_MISSING | PART_IV_FORM_MISSING | DXPOSINS_Missing | DXPOSINS_No | DXPOSINS_Unknown | DXPOSINS_Yes | DXRIGID_No | DXRIGID_Unknown | DXRIGID_Yes | DOPTHERST_Missing | DOPTHERST_No | DOPTHERST_Yes | FEATPOSHYP_No | FEATPOSHYP_Uncertain | FEATPOSHYP_Yes | ANYFAMPD_Missing | ANYFAMPD_No | ANYFAMPD_Yes | DXTREMOR_No | DXTREMOR_Unknown | DXTREMOR_Yes | DXBRADY_No | DXBRADY_Unknown | DXBRADY_Yes | DOMSIDE_Left | DOMSIDE_Right | DOMSIDE_Symmetric | DOMSIDE_Unknown | PCA_PART_I_PATIENT_3_95_PC1 | PCA_PART_I_PATIENT_3_95_PC2 | PCA_PART_I_PATIENT_3_95_PC3,0.03733612499854644,0.5934072179596476,0.5906521739130435,0.6643835616438356,0.79,0.391304347826087,,0.391304347826087
0,stage_1,2,ENG_07,engineering__PCA_PART_I_PATIENT_3_95,engineered_representation,none,all,PCA_PART_I_PATIENT_3_95,pca,rbf_svc,scaled_dense,13,"{""C"": 10.0, ""class_weight"": ""balanced"", ""gamma"": ""scale""}",3,583,145,47,27,Years_since_PD_diagnosis | Age | MCATOT | FRZGT12M | SCAU14 | SCAU16 | GDS_TOTAL | NQ_GAUSSIAN_REVISION | NP1RTOT | BMI | NP3GAIT_COMBINED_MAX | NP3PSTBL_COMBINED_MAX | NHY_COMBINED_MAX | NP3TOT_COMBINED_MAX | NP4TOT | FOG_FORM_MISSING | NQ_FORM_MISSING | PART_IV_FORM_MISSING | DXPOSINS_Missing | DXPOSINS_No | DXPOSINS_Unknown | DXPOSINS_Yes | DXRIGID_No | DXRIGID_Unknown | DXRIGID_Yes | DOPTHERST_Missing | DOPTHERST_No | DOPTHERST_Yes | FEATPOSHYP_No | FEATPOSHYP_Uncertain | FEATPOSHYP_Yes | ANYFAMPD_Missing | ANYFAMPD_No | ANYFAMPD_Yes | DXTREMOR_No | DXTREMOR_Unknown | DXTREMOR_Yes | DXBRADY_No | DXBRADY_Unknown | DXBRADY_Yes | DOMSIDE_Left | DOMSIDE_Right | DOMSIDE_Symmetric | DOMSIDE_Unknown | PCA_PART_I_PATIENT_3_95_PC1 | PCA_PART_I_PATIENT_3_95_PC2 | PCA_PART_I_PATIENT_3_95_PC3,0.036153666998870904,0.6514617921627817,0.648989898989899,0.7034482758620689,0.797979797979798,0.5,,0.5
0,stage_1,2,ENG_07,engineering__PCA_PART_I_PATIENT_3_95,engineered_representation,none,all,PCA_PART_I_PATIENT_3_95,pca,rbf_svc,scaled_dense,13,"{""C"": 10.0, ""class_weight"": ""balanced"", ""gamma"": ""scale""}",4,583,145,47,27,Years_since_PD_diagnosis | Age | MCATOT | FRZGT12M | SCAU14 | SCAU16 | GDS_TOTAL | NQ_GAUSSIAN_REVISION | NP1RTOT | BMI | NP3GAIT_COMBINED_MAX | NP3PSTBL_COMBINED_MAX | NHY_COMBINED_MAX | NP3TOT_COMBINED_MAX | NP4TOT | FOG_FORM_MISSING | NQ_FORM_MISSING | PART_IV_FORM_MISSING | DXPOSINS_Missing | DXPOSINS_No | DXPOSINS_Unknown | DXPOSINS_Yes | DXRIGID_No | DXRIGID_Unknown | DXRIGID_Yes | DOPTHERST_Missing | DOPTHERST_No | DOPTHERST_Yes | FEATPOSHYP_No | FEATPOSHYP_Uncertain | FEATPOSHYP_Yes | ANYFAMPD_Missing | ANYFAMPD_No | ANYFAMPD_Yes | DXTREMOR_No | DXTREMOR_Unknown | DXTREMOR_Yes | DXBRADY_No | DXBRADY_Unknown | DXBRADY_Yes | DOMSIDE_Left | DOMSIDE_Right | DOMSIDE_Symmetric | DOMSIDE_Unknown | PCA_PART_I_PATIENT_3_95_PC1 | PCA_PART_I_PATIENT_3_95_PC2 | PCA_PART_I_PATIENT_3_95_PC3,0.0368792500012205,0.5866174744256247,0.5853096179183136,0.6482758620689655,0.7575757575757576,0.41304347826086957,,0.41304347826086957
0,stage_1,2,ENG_07,engineering__PCA_PART_I_PATIENT_3_95,engineered_representation,none,all,PCA_PART_I_PATIENT_3_95,pca,rbf_svc,scaled_dense,14,"{""C"": 10.0, ""class_weight"": null, ""gamma"": 0.01}",0,582,146,47,27,Years_since_PD_diagnosis | Age | MCATOT | FRZGT12M | SCAU14 | SCAU16 | GDS_TOTAL | NQ_GAUSSIAN_REVISION | NP1RTOT | BMI | NP3GAIT_COMBINED_MAX | NP3PSTBL_COMBINED_MAX | NHY_COMBINED_MAX | NP3TOT_COMBINED_MAX | NP4TOT | FOG_FORM_MISSING | NQ_FORM_MISSING | PART_IV_FORM_MISSING | DXPOSINS_Missing | DXPOSINS_No | DXPOSINS_Unknown | DXPOSINS_Yes | DXRIGID_No | DXRIGID_Unknown | DXRIGID_Yes | DOPTHERST_Missing | DOPTHERST_No | DOPTHERST_Yes | FEATPOSHYP_No | FEATPOSHYP_Uncertain | FEATPOSHYP_Yes | ANYFAMPD_Missing | ANYFAMPD_No | ANYFAMPD_Yes | DXTREMOR_No | DXTREMOR_Unknown | DXTREMOR_Yes | DXBRADY_No | DXBRADY_Unknown | DXBRADY_Yes | DOMSIDE_Left | DOMSIDE_Right | DOMSIDE_Symmetric | DOMSIDE_Unknown | PCA_PART_I_PATIENT_3_95_PC1 | PCA_PART_I_PATIENT_3_95_PC2 | PCA_PART_I_PATIENT_3_95_PC3,0.03415166700142436,0.6616152611873775,0.6523913043478261,0.7328767123287672,0.87,0.43478260869565216,,0.43478260869565216
0,stage_1,2,ENG_07,engineering__PCA_PART_I_PATIENT_3_95,engineered_representation,none,all,PCA_PART_I_PATIENT_3_95,pca,rbf_svc,scaled_dense,14,"{""C"": 10.0, ""class_weight"": null, ""gamma"": 0.01}",1,582,146,46,27,Years_since_PD_diagnosis | Age | MCATOT | FRZGT12M | SCAU14 | SCAU16 | GDS_TOTAL | NQ_GAUSSIAN_REVISION | NP1RTOT | BMI | NP3GAIT_COMBINED_MAX | NP3PSTBL_COMBINED_MAX | NHY_COMBINED_MAX | NP3TOT_COMBINED_MAX | NP4TOT | FOG_FORM_MISSING | NQ_FORM_MISSING | PART_IV_FORM_MISSING | DXPOSINS_No | DXPOSINS_Unknown | DXPOSINS_Yes | DXRIGID_No | DXRIGID_Unknown | DXRIGID_Yes | DOPTHERST_Missing | DOPTHERST_No | DOPTHERST_Yes | FEATPOSHYP_No | FEATPOSHYP_Uncertain | FEATPOSHYP_Yes | ANYFAMPD_Missing | ANYFAMPD_No | ANYFAMPD_Yes | DXTREMOR_No | DXTREMOR_Unknown | DXTREMOR_Yes | DXBRADY_No | DXBRADY_Unknown | DXBRADY_Yes | DOMSIDE_Left | DOMSIDE_Right | DOMSIDE_Symmetric | DOMSIDE_Unknown | PCA_PART_I_PATIENT_3_95_PC1 | PCA_PART_I_PATIENT_3_95_PC2 | PCA_PART_I_PATIENT_3_95_PC3,0.0324399170021934,0.576010101010101,0.576304347826087,0.684931506849315,0.87,0.2826086956521739,,0.2826086956521739
0,stage_1,2,ENG_07,engineering__PCA_PART_I_PATIENT_3_95,engineered_representation,none,all,PCA_PART_I_PATIENT_3_95,pca,rbf_svc,scaled_dense,14,"{""C"": 10.0, ""class_weight"": null, ""gamma"": 0.01}",2,582,146,47,27,Years_since_PD_diagnosis | Age | MCATOT | FRZGT12M | SCAU14 | SCAU16 | GDS_TOTAL | NQ_GAUSSIAN_REVISION | NP1RTOT | BMI | NP3GAIT_COMBINED_MAX | NP3PSTBL_COMBINED_MAX | NHY_COMBINED_MAX | NP3TOT_COMBINED_MAX | NP4TOT | FOG_FORM_MISSING | NQ_FORM_MISSING | PART_IV_FORM_MISSING | DXPOSINS_Missing | DXPOSINS_No | DXPOSINS_Unknown | DXPOSINS_Yes | DXRIGID_No | DXRIGID_Unknown | DXRIGID_Yes | DOPTHERST_Missing | DOPTHERST_No | DOPTHERST_Yes | FEATPOSHYP_No | FEATPOSHYP_Uncertain | FEATPOSHYP_Yes | ANYFAMPD_Missing | ANYFAMPD_No | ANYFAMPD_Yes | DXTREMOR_No | DXTREMOR_Unknown | DXTREMOR_Yes | DXBRADY_No | DXBRADY_Unknown | DXBRADY_Yes | DOMSIDE_Left | DOMSIDE_Right | DOMSIDE_Symmetric | DOMSIDE_Unknown | PCA_PART_I_PATIENT_3_95_PC1 | PCA_PART_I_PATIENT_3_95_PC2 | PCA_PART_I_PATIENT_3_95_PC3,0.03258300000015879,0.5812886367981646,0.581304347826087,0.6917808219178082,0.88,0.2826086956521739,,0.2826086956521739
0,stage_1,2,ENG_07,engineering__PCA_PART_I_PATIENT_3_95,engineered_representation,none,all,PCA_PART_I_PATIENT_3_95,pca,rbf_svc,scaled_dense,14,"{""C"": 10.0, ""class_weight"": null, ""gamma"": 0.01}",3,583,145,47,27,Years_since_PD_diagnosis | Age | MCATOT | FRZGT12M | SCAU14 | SCAU16 | GDS_TOTAL | NQ_GAUSSIAN_REVISION | NP1RTOT | BMI | NP3GAIT_COMBINED_MAX | NP3PSTBL_COMBINED_MAX | NHY_COMBINED_MAX | NP3TOT_COMBINED_MAX | NP4TOT | FOG_FORM_MISSING | NQ_FORM_MISSING | PART_IV_FORM_MISSING | DXPOSINS_Missing | DXPOSINS_No | DXPOSINS_Unknown | DXPOSINS_Yes | DXRIGID_No | DXRIGID_Unknown | DXRIGID_Yes | DOPTHERST_Missing | DOPTHERST_No | DOPTHERST_Yes | FEATPOSHYP_No | FEATPOSHYP_Uncertain | FEATPOSHYP_Yes | ANYFAMPD_Missing | ANYFAMPD_No | ANYFAMPD_Yes | DXTREMOR_No | DXTREMOR_Unknown | DXTREMOR_Yes | DXBRADY_No | DXBRADY_Unknown | DXBRADY_Yes | DOMSIDE_Left | DOMSIDE_Right | DOMSIDE_Symmetric | DOMSIDE_Unknown | PCA_PART_I_PATIENT_3_95_PC1 | PCA_PART_I_PATIENT_3_95_PC2 | PCA_PART_I_PATIENT_3_95_PC3,0.03207908300100826,0.6233766233766234,0.6175889328063241,0.7241379310344828,0.9090909090909091,0.32608695652173914,,0.32608695652173914
0,stage_1,2,ENG_07,engineering__PCA_PART_I_PATIENT_3_95,engineered_representation,none,all,PCA_PART_I_PATIENT_3_95,pca,rbf_svc,scaled_dense,14,"{""C"": 10.0, ""class_weight"": null, ""gamma"": 0.01}",4,583,145,47,27,Years_since_PD_diagnosis | Age | MCATOT | FRZGT12M | SCAU14 | SCAU16 | GDS_TOTAL | NQ_GAUSSIAN_REVISION | NP1RTOT | BMI | NP3GAIT_COMBINED_MAX | NP3PSTBL_COMBINED_MAX | NHY_COMBINED_MAX | NP3TOT_COMBINED_MAX | NP4TOT | FOG_FORM_MISSING | NQ_FORM_MISSING | PART_IV_FORM_MISSING | DXPOSINS_Missing | DXPOSINS_No | DXPOSINS_Unknown | DXPOSINS_Yes | DXRIGID_No | DXRIGID_Unknown | DXRIGID_Yes | DOPTHERST_Missing | DOPTHERST_No | DOPTHERST_Yes | FEATPOSHYP_No | FEATPOSHYP_Uncertain | FEATPOSHYP_Yes | ANYFAMPD_Missing | ANYFAMPD_No | ANYFAMPD_Yes | DXTREMOR_No | DXTREMOR_Unknown | DXTREMOR_Yes | DXBRADY_No | DXBRADY_Unknown | DXBRADY_Yes | DOMSIDE_Left | DOMSIDE_Right | DOMSIDE_Symmetric | DOMSIDE_Unknown | PCA_PART_I_PATIENT_3_95_PC1 | PCA_PART_I_PATIENT_3_95_PC2 | PCA_PART_I_PATIENT_3_95_PC3,0.03163220799979172,0.6008508508508509,0.5973869126043039,0.696551724137931,0.8686868686868687,0.32608695652173914,,0.32608695652173914
0,stage_1,2,ENG_07,engineering__PCA_PART_I_PATIENT_3_95,engineered_representation,none,all,PCA_PART_I_PATIENT_3_95,pca,rbf_svc,scaled_dense,15,"{""C"": 10.0, ""class_weight"": ""balanced"", ""gamma"": 0.01}",0,582,146,47,27,Years_since_PD_diagnosis | Age | MCATOT | FRZGT12M | SCAU14 | SCAU16 | GDS_TOTAL | NQ_GAUSSIAN_REVISION | NP1RTOT | BMI | NP3GAIT_COMBINED_MAX | NP3PSTBL_COMBINED_MAX | NHY_COMBINED_MAX | NP3TOT_COMBINED_MAX | NP4TOT | FOG_FORM_MISSING | NQ_FORM_MISSING | PART_IV_FORM_MISSING | DXPOSINS_Missing | DXPOSINS_No | DXPOSINS_Unknown | DXPOSINS_Yes | DXRIGID_No | DXRIGID_Unknown | DXRIGID_Yes | DOPTHERST_Missing | DOPTHERST_No | DOPTHERST_Yes | FEATPOSHYP_No | FEATPOSHYP_Uncertain | FEATPOSHYP_Yes | ANYFAMPD_Missing | ANYFAMPD_No | ANYFAMPD_Yes | DXTREMOR_No | DXTREMOR_Unknown | DXTREMOR_Yes | DXBRADY_No | DXBRADY_Unknown | DXBRADY_Yes | DOMSIDE_Left | DOMSIDE_Right | DOMSIDE_Symmetric | DOMSIDE_Unknown | PCA_PART_I_PATIENT_3_95_PC1 | PCA_PART_I_PATIENT_3_95_PC2 | PCA_PART_I_PATIENT_3_95_PC3,0.03313820800030953,0.6685242518059855,0.6802173913043479,0.6986301369863014,0.73,0.6304347826086957,,0.6304347826086957
0,stage_1,2,ENG_07,engineering__PCA_PART_I_PATIENT_3_95,engineered_representation,none,all,PCA_PART_I_PATIENT_3_95,pca,rbf_svc,scaled_dense,15,"{""C"": 10.0, ""class_weight"": ""balanced"", ""gamma"": 0.01}",1,582,146,46,27,Years_since_PD_diagnosis | Age | MCATOT | FRZGT12M | SCAU14 | SCAU16 | GDS_TOTAL | NQ_GAUSSIAN_REVISION | NP1RTOT | BMI | NP3GAIT_COMBINED_MAX | NP3PSTBL_COMBINED_MAX | NHY_COMBINED_MAX | NP3TOT_COMBINED_MAX | NP4TOT | FOG_FORM_MISSING | NQ_FORM_MISSING | PART_IV_FORM_MISSING | DXPOSINS_No | DXPOSINS_Unknown | DXPOSINS_Yes | DXRIGID_No | DXRIGID_Unknown | DXRIGID_Yes | DOPTHERST_Missing | DOPTHERST_No | DOPTHERST_Yes | FEATPOSHYP_No | FEATPOSHYP_Uncertain | FEATPOSHYP_Yes | ANYFAMPD_Missing | ANYFAMPD_No | ANYFAMPD_Yes | DXTREMOR_No | DXTREMOR_Unknown | DXTREMOR_Yes | DXBRADY_No | DXBRADY_Unknown | DXBRADY_Yes | DOMSIDE_Left | DOMSIDE_Right | DOMSIDE_Symmetric | DOMSIDE_Unknown | PCA_PART_I_PATIENT_3_95_PC1 | PCA_PART_I_PATIENT_3_95_PC2 | PCA_PART_I_PATIENT_3_95_PC3,0.033430583000154,0.6088786835055492,0.6082608695652174,0.6643835616438356,0.76,0.45652173913043476,,0.45652173913043476
0,stage_1,2,ENG_07,engineering__PCA_PART_I_PATIENT_3_95,engineered_representation,none,all,PCA_PART_I_PATIENT_3_95,pca,rbf_svc,scaled_dense,15,"{""C"": 10.0, ""class_weight"": ""balanced"", ""gamma"": 0.01}",2,582,146,47,27,Years_since_PD_diagnosis | Age | MCATOT | FRZGT12M | SCAU14 | SCAU16 | GDS_TOTAL | NQ_GAUSSIAN_REVISION | NP1RTOT | BMI | NP3GAIT_COMBINED_MAX | NP3PSTBL_COMBINED_MAX | NHY_COMBINED_MAX | NP3TOT_COMBINED_MAX | NP4TOT | FOG_FORM_MISSING | NQ_FORM_MISSING | PART_IV_FORM_MISSING | DXPOSINS_Missing | DXPOSINS_No | DXPOSINS_Unknown | DXPOSINS_Yes | DXRIGID_No | DXRIGID_Unknown | DXRIGID_Yes | DOPTHERST_Missing | DOPTHERST_No | DOPTHERST_Yes | FEATPOSHYP_No | FEATPOSHYP_Uncertain | FEATPOSHYP_Yes | ANYFAMPD_Missing | ANYFAMPD_No | ANYFAMPD_Yes | DXTREMOR_No | DXTREMOR_Unknown | DXTREMOR_Yes | DXBRADY_No | DXBRADY_Unknown | DXBRADY_Yes | DOMSIDE_Left | DOMSIDE_Right | DOMSIDE_Symmetric | DOMSIDE_Unknown | PCA_PART_I_PATIENT_3_95_PC1 | PCA_PART_I_PATIENT_3_95_PC2 | PCA_PART_I_PATIENT_3_95_PC3,0.03313529200022458,0.6680941052075073,0.6734782608695653,0.7054794520547946,0.76,0.5869565217391305,,0.5869565217391305
0,stage_1,2,ENG_07,engineering__PCA_PART_I_PATIENT_3_95,engineered_representation,none,all,PCA_PART_I_PATIENT_3_95,pca,rbf_svc,scaled_dense,15,"{""C"": 10.0, ""class_weight"": ""balanced"", ""gamma"": 0.01}",3,583,145,47,27,Years_since_PD_diagnosis | Age | MCATOT | FRZGT12M | SCAU14 | SCAU16 | GDS_TOTAL | NQ_GAUSSIAN_REVISION | NP1RTOT | BMI | NP3GAIT_COMBINED_MAX | NP3PSTBL_COMBINED_MAX | NHY_COMBINED_MAX | NP3TOT_COMBINED_MAX | NP4TOT | FOG_FORM_MISSING | NQ_FORM_MISSING | PART_IV_FORM_MISSING | DXPOSINS_Missing | DXPOSINS_No | DXPOSINS_Unknown | DXPOSINS_Yes | DXRIGID_No | DXRIGID_Unknown | DXRIGID_Yes | DOPTHERST_Missing | DOPTHERST_No | DOPTHERST_Yes | FEATPOSHYP_No | FEATPOSHYP_Uncertain | FEATPOSHYP_Yes | ANYFAMPD_Missing | ANYFAMPD_No | ANYFAMPD_Yes | DXTREMOR_No | DXTREMOR_Unknown | DXTREMOR_Yes | DXBRADY_No | DXBRADY_Unknown | DXBRADY_Yes | DOMSIDE_Left | DOMSIDE_Right | DOMSIDE_Symmetric | DOMSIDE_Unknown | PCA_PART_I_PATIENT_3_95_PC1 | PCA_PART_I_PATIENT_3_95_PC2 | PCA_PART_I_PATIENT_3_95_PC3,0.03337712499705958,0.6596801484635118,0.6606280193236715,0.7034482758620689,0.7777777777777778,0.5434782608695652,,0.5434782608695652
0,stage_1,2,ENG_07,engineering__PCA_PART_I_PATIENT_3_95,engineered_representation,none,all,PCA_PART_I_PATIENT_3_95,pca,rbf_svc,scaled_dense,15,"{""C"": 10.0, ""class_weight"": ""balanced"", ""gamma"": 0.01}",4,583,145,47,27,Years_since_PD_diagnosis | Age | MCATOT | FRZGT12M | SCAU14 | SCAU16 | GDS_TOTAL | NQ_GAUSSIAN_REVISION | NP1RTOT | BMI | NP3GAIT_COMBINED_MAX | NP3PSTBL_COMBINED_MAX | NHY_COMBINED_MAX | NP3TOT_COMBINED_MAX | NP4TOT | FOG_FORM_MISSING | NQ_FORM_MISSING | PART_IV_FORM_MISSING | DXPOSINS_Missing | DXPOSINS_No | DXPOSINS_Unknown | DXPOSINS_Yes | DXRIGID_No | DXRIGID_Unknown | DXRIGID_Yes | DOPTHERST_Missing | DOPTHERST_No | DOPTHERST_Yes | FEATPOSHYP_No | FEATPOSHYP_Uncertain | FEATPOSHYP_Yes | ANYFAMPD_Missing | ANYFAMPD_No | ANYFAMPD_Yes | DXTREMOR_No | DXTREMOR_Unknown | DXTREMOR_Yes | DXBRADY_No | DXBRADY_Unknown | DXBRADY_Yes | DOMSIDE_Left | DOMSIDE_Right | DOMSIDE_Symmetric | DOMSIDE_Unknown | PCA_PART_I_PATIENT_3_95_PC1 | PCA_PART_I_PATIENT_3_95_PC2 | PCA_PART_I_PATIENT_3_95_PC3,0.03302416700171307,0.6049890497302495,0.6085858585858586,0.6482758620689655,0.7171717171717171,0.5,,0.5
0,stage_1,2,ENG_07,engineering__PCA_PART_I_PATIENT_3_95,engineered_representation,none,all,PCA_PART_I_PATIENT_3_95,pca,rbf_svc,scaled_dense,16,"{""C"": 10.0, ""class_weight"": null, ""gamma"": 0.1}",0,582,146,47,27,Years_since_PD_diagnosis | Age | MCATOT | FRZGT12M | SCAU14 | SCAU16 | GDS_TOTAL | NQ_GAUSSIAN_REVISION | NP1RTOT | BMI | NP3GAIT_COMBINED_MAX | NP3PSTBL_COMBINED_MAX | NHY_COMBINED_MAX | NP3TOT_COMBINED_MAX | NP4TOT | FOG_FORM_MISSING | NQ_FORM_MISSING | PART_IV_FORM_MISSING | DXPOSINS_Missing | DXPOSINS_No | DXPOSINS_Unknown | DXPOSINS_Yes | DXRIGID_No | DXRIGID_Unknown | DXRIGID_Yes | DOPTHERST_Missing | DOPTHERST_No | DOPTHERST_Yes | FEATPOSHYP_No | FEATPOSHYP_Uncertain | FEATPOSHYP_Yes | ANYFAMPD_Missing | ANYFAMPD_No | ANYFAMPD_Yes | DXTREMOR_No | DXTREMOR_Unknown | DXTREMOR_Yes | DXBRADY_No | DXBRADY_Unknown | DXBRADY_Yes | DOMSIDE_Left | DOMSIDE_Right | DOMSIDE_Symmetric | DOMSIDE_Unknown | PCA_PART_I_PATIENT_3_95_PC1 | PCA_PART_I_PATIENT_3_95_PC2 | PCA_PART_I_PATIENT_3_95_PC3,0.03619120899747941,0.692980960500142,0.6858695652173913,0.7465753424657534,0.85,0.5217391304347826,,0.5217391304347826
0,stage_1,2,ENG_07,engineering__PCA_PART_I_PATIENT_3_95,engineered_representation,none,all,PCA_PART_I_PATIENT_3_95,pca,rbf_svc,scaled_dense,16,"{""C"": 10.0, ""class_weight"": null, ""gamma"": 0.1}",1,582,146,46,27,Years_since_PD_diagnosis | Age | MCATOT | FRZGT12M | SCAU14 | SCAU16 | GDS_TOTAL | NQ_GAUSSIAN_REVISION | NP1RTOT | BMI | NP3GAIT_COMBINED_MAX | NP3PSTBL_COMBINED_MAX | NHY_COMBINED_MAX | NP3TOT_COMBINED_MAX | NP4TOT | FOG_FORM_MISSING | NQ_FORM_MISSING | PART_IV_FORM_MISSING | DXPOSINS_No | DXPOSINS_Unknown | DXPOSINS_Yes | DXRIGID_No | DXRIGID_Unknown | DXRIGID_Yes | DOPTHERST_Missing | DOPTHERST_No | DOPTHERST_Yes | FEATPOSHYP_No | FEATPOSHYP_Uncertain | FEATPOSHYP_Yes | ANYFAMPD_Missing | ANYFAMPD_No | ANYFAMPD_Yes | DXTREMOR_No | DXTREMOR_Unknown | DXTREMOR_Yes | DXBRADY_No | DXBRADY_Unknown | DXBRADY_Yes | DOMSIDE_Left | DOMSIDE_Right | DOMSIDE_Symmetric | DOMSIDE_Unknown | PCA_PART_I_PATIENT_3_95_PC1 | PCA_PART_I_PATIENT_3_95_PC2 | PCA_PART_I_PATIENT_3_95_PC3,0.03664479100189055,0.5976515696141864,0.5939130434782609,0.684931506849315,0.84,0.34782608695652173,,0.34782608695652173
0,stage_1,2,ENG_07,engineering__PCA_PART_I_PATIENT_3_95,engineered_representation,none,all,PCA_PART_I_PATIENT_3_95,pca,rbf_svc,scaled_dense,16,"{""C"": 10.0, ""class_weight"": null, ""gamma"": 0.1}",2,582,146,47,27,Years_since_PD_diagnosis | Age | MCATOT | FRZGT12M | SCAU14 | SCAU16 | GDS_TOTAL | NQ_GAUSSIAN_REVISION | NP1RTOT | BMI | NP3GAIT_COMBINED_MAX | NP3PSTBL_COMBINED_MAX | NHY_COMBINED_MAX | NP3TOT_COMBINED_MAX | NP4TOT | FOG_FORM_MISSING | NQ_FORM_MISSING | PART_IV_FORM_MISSING | DXPOSINS_Missing | DXPOSINS_No | DXPOSINS_Unknown | DXPOSINS_Yes | DXRIGID_No | DXRIGID_Unknown | DXRIGID_Yes | DOPTHERST_Missing | DOPTHERST_No | DOPTHERST_Yes | FEATPOSHYP_No | FEATPOSHYP_Uncertain | FEATPOSHYP_Yes | ANYFAMPD_Missing | ANYFAMPD_No | ANYFAMPD_Yes | DXTREMOR_No | DXTREMOR_Unknown | DXTREMOR_Yes | DXBRADY_No | DXBRADY_Unknown | DXBRADY_Yes | DOMSIDE_Left | DOMSIDE_Right | DOMSIDE_Symmetric | DOMSIDE_Unknown | PCA_PART_I_PATIENT_3_95_PC1 | PCA_PART_I_PATIENT_3_95_PC2 | PCA_PART_I_PATIENT_3_95_PC3,0.03724162499929662,0.5875943967256586,0.5847826086956522,0.6643835616438356,0.8,0.3695652173913043,,0.3695652173913043
0,stage_1,2,ENG_07,engineering__PCA_PART_I_PATIENT_3_95,engineered_representation,none,all,PCA_PART_I_PATIENT_3_95,pca,rbf_svc,scaled_dense,16,"{""C"": 10.0, ""class_weight"": null, ""gamma"": 0.1}",3,583,145,47,27,Years_since_PD_diagnosis | Age | MCATOT | FRZGT12M | SCAU14 | SCAU16 | GDS_TOTAL | NQ_GAUSSIAN_REVISION | NP1RTOT | BMI | NP3GAIT_COMBINED_MAX | NP3PSTBL_COMBINED_MAX | NHY_COMBINED_MAX | NP3TOT_COMBINED_MAX | NP4TOT | FOG_FORM_MISSING | NQ_FORM_MISSING | PART_IV_FORM_MISSING | DXPOSINS_Missing | DXPOSINS_No | DXPOSINS_Unknown | DXPOSINS_Yes | DXRIGID_No | DXRIGID_Unknown | DXRIGID_Yes | DOPTHERST_Missing | DOPTHERST_No | DOPTHERST_Yes | FEATPOSHYP_No | FEATPOSHYP_Uncertain | FEATPOSHYP_Yes | ANYFAMPD_Missing | ANYFAMPD_No | ANYFAMPD_Yes | DXTREMOR_No | DXTREMOR_Unknown | DXTREMOR_Yes | DXBRADY_No | DXBRADY_Unknown | DXBRADY_Yes | DOMSIDE_Left | DOMSIDE_Right | DOMSIDE_Symmetric | DOMSIDE_Unknown | PCA_PART_I_PATIENT_3_95_PC1 | PCA_PART_I_PATIENT_3_95_PC2 | PCA_PART_I_PATIENT_3_95_PC3,0.037799292000272544,0.7037384725826936,0.7025691699604744,0.7448275862068966,0.8181818181818182,0.5869565217391305,,0.5869565217391305
0,stage_1,2,ENG_07,engineering__PCA_PART_I_PATIENT_3_95,engineered_representation,none,all,PCA_PART_I_PATIENT_3_95,pca,rbf_svc,scaled_dense,16,"{""C"": 10.0, ""class_weight"": null, ""gamma"": 0.1}",4,583,145,47,27,Years_since_PD_diagnosis | Age | MCATOT | FRZGT12M | SCAU14 | SCAU16 | GDS_TOTAL | NQ_GAUSSIAN_REVISION | NP1RTOT | BMI | NP3GAIT_COMBINED_MAX | NP3PSTBL_COMBINED_MAX | NHY_COMBINED_MAX | NP3TOT_COMBINED_MAX | NP4TOT | FOG_FORM_MISSING | NQ_FORM_MISSING | PART_IV_FORM_MISSING | DXPOSINS_Missing | DXPOSINS_No | DXPOSINS_Unknown | DXPOSINS_Yes | DXRIGID_No | DXRIGID_Unknown | DXRIGID_Yes | DOPTHERST_Missing | DOPTHERST_No | DOPTHERST_Yes | FEATPOSHYP_No | FEATPOSHYP_Uncertain | FEATPOSHYP_Yes | ANYFAMPD_Missing | ANYFAMPD_No | ANYFAMPD_Yes | DXTREMOR_No | DXTREMOR_Unknown | DXTREMOR_Yes | DXBRADY_No | DXBRADY_Unknown | DXBRADY_Yes | DOMSIDE_Left | DOMSIDE_Right | DOMSIDE_Symmetric | DOMSIDE_Unknown | PCA_PART_I_PATIENT_3_95_PC1 | PCA_PART_I_PATIENT_3_95_PC2 | PCA_PART_I_PATIENT_3_95_PC3,0.04014916599771823,0.6089352720450282,0.6047430830039526,0.6827586206896552,0.8181818181818182,0.391304347826087,,0.391304347826087
0,stage_1,2,ENG_07,engineering__PCA_PART_I_PATIENT_3_95,engineered_representation,none,all,PCA_PART_I_PATIENT_3_95,pca,rbf_svc,scaled_dense,17,"{""C"": 10.0, ""class_weight"": ""balanced"", ""gamma"": 0.1}",0,582,146,47,27,Years_since_PD_diagnosis | Age | MCATOT | FRZGT12M | SCAU14 | SCAU16 | GDS_TOTAL | NQ_GAUSSIAN_REVISION | NP1RTOT | BMI | NP3GAIT_COMBINED_MAX | NP3PSTBL_COMBINED_MAX | NHY_COMBINED_MAX | NP3TOT_COMBINED_MAX | NP4TOT | FOG_FORM_MISSING | NQ_FORM_MISSING | PART_IV_FORM_MISSING | DXPOSINS_Missing | DXPOSINS_No | DXPOSINS_Unknown | DXPOSINS_Yes | DXRIGID_No | DXRIGID_Unknown | DXRIGID_Yes | DOPTHERST_Missing | DOPTHERST_No | DOPTHERST_Yes | FEATPOSHYP_No | FEATPOSHYP_Uncertain | FEATPOSHYP_Yes | ANYFAMPD_Missing | ANYFAMPD_No | ANYFAMPD_Yes | DXTREMOR_No | DXTREMOR_Unknown | DXTREMOR_Yes | DXBRADY_No | DXBRADY_Unknown | DXBRADY_Yes | DOMSIDE_Left | DOMSIDE_Right | DOMSIDE_Symmetric | DOMSIDE_Unknown | PCA_PART_I_PATIENT_3_95_PC1 | PCA_PART_I_PATIENT_3_95_PC2 | PCA_PART_I_PATIENT_3_95_PC3,0.03712045799693442,0.6868367577331226,0.6808695652173913,0.7397260273972602,0.84,0.5217391304347826,,0.5217391304347826
0,stage_1,2,ENG_07,engineering__PCA_PART_I_PATIENT_3_95,engineered_representation,none,all,PCA_PART_I_PATIENT_3_95,pca,rbf_svc,scaled_dense,17,"{""C"": 10.0, ""class_weight"": ""balanced"", ""gamma"": 0.1}",1,582,146,46,27,Years_since_PD_diagnosis | Age | MCATOT | FRZGT12M | SCAU14 | SCAU16 | GDS_TOTAL | NQ_GAUSSIAN_REVISION | NP1RTOT | BMI | NP3GAIT_COMBINED_MAX | NP3PSTBL_COMBINED_MAX | NHY_COMBINED_MAX | NP3TOT_COMBINED_MAX | NP4TOT | FOG_FORM_MISSING | NQ_FORM_MISSING | PART_IV_FORM_MISSING | DXPOSINS_No | DXPOSINS_Unknown | DXPOSINS_Yes | DXRIGID_No | DXRIGID_Unknown | DXRIGID_Yes | DOPTHERST_Missing | DOPTHERST_No | DOPTHERST_Yes | FEATPOSHYP_No | FEATPOSHYP_Uncertain | FEATPOSHYP_Yes | ANYFAMPD_Missing | ANYFAMPD_No | ANYFAMPD_Yes | DXTREMOR_No | DXTREMOR_Unknown | DXTREMOR_Yes | DXBRADY_No | DXBRADY_Unknown | DXBRADY_Yes | DOMSIDE_Left | DOMSIDE_Right | DOMSIDE_Symmetric | DOMSIDE_Unknown | PCA_PART_I_PATIENT_3_95_PC1 | PCA_PART_I_PATIENT_3_95_PC2 | PCA_PART_I_PATIENT_3_95_PC3,0.03658870900108013,0.5976515696141864,0.5939130434782609,0.684931506849315,0.84,0.34782608695652173,,0.34782608695652173
0,stage_1,2,ENG_07,engineering__PCA_PART_I_PATIENT_3_95,engineered_representation,none,all,PCA_PART_I_PATIENT_3_95,pca,rbf_svc,scaled_dense,17,"{""C"": 10.0, ""class_weight"": ""balanced"", ""gamma"": 0.1}",2,582,146,47,27,Years_since_PD_diagnosis | Age | MCATOT | FRZGT12M | SCAU14 | SCAU16 | GDS_TOTAL | NQ_GAUSSIAN_REVISION | NP1RTOT | BMI | NP3GAIT_COMBINED_MAX | NP3PSTBL_COMBINED_MAX | NHY_COMBINED_MAX | NP3TOT_COMBINED_MAX | NP4TOT | FOG_FORM_MISSING | NQ_FORM_MISSING | PART_IV_FORM_MISSING | DXPOSINS_Missing | DXPOSINS_No | DXPOSINS_Unknown | DXPOSINS_Yes | DXRIGID_No | DXRIGID_Unknown | DXRIGID_Yes | DOPTHERST_Missing | DOPTHERST_No | DOPTHERST_Yes | FEATPOSHYP_No | FEATPOSHYP_Uncertain | FEATPOSHYP_Yes | ANYFAMPD_Missing | ANYFAMPD_No | ANYFAMPD_Yes | DXTREMOR_No | DXTREMOR_Unknown | DXTREMOR_Yes | DXBRADY_No | DXBRADY_Unknown | DXBRADY_Yes | DOMSIDE_Left | DOMSIDE_Right | DOMSIDE_Symmetric | DOMSIDE_Unknown | PCA_PART_I_PATIENT_3_95_PC1 | PCA_PART_I_PATIENT_3_95_PC2 | PCA_PART_I_PATIENT_3_95_PC3,0.03656483299710089,0.5875943967256586,0.5847826086956522,0.6643835616438356,0.8,0.3695652173913043,,0.3695652173913043
0,stage_1,2,ENG_07,engineering__PCA_PART_I_PATIENT_3_95,engineered_representation,none,all,PCA_PART_I_PATIENT_3_95,pca,rbf_svc,scaled_dense,17,"{""C"": 10.0, ""class_weight"": ""balanced"", ""gamma"": 0.1}",3,583,145,47,27,Years_since_PD_diagnosis | Age | MCATOT | FRZGT12M | SCAU14 | SCAU16 | GDS_TOTAL | NQ_GAUSSIAN_REVISION | NP1RTOT | BMI | NP3GAIT_COMBINED_MAX | NP3PSTBL_COMBINED_MAX | NHY_COMBINED_MAX | NP3TOT_COMBINED_MAX | NP4TOT | FOG_FORM_MISSING | NQ_FORM_MISSING | PART_IV_FORM_MISSING | DXPOSINS_Missing | DXPOSINS_No | DXPOSINS_Unknown | DXPOSINS_Yes | DXRIGID_No | DXRIGID_Unknown | DXRIGID_Yes | DOPTHERST_Missing | DOPTHERST_No | DOPTHERST_Yes | FEATPOSHYP_No | FEATPOSHYP_Uncertain | FEATPOSHYP_Yes | ANYFAMPD_Missing | ANYFAMPD_No | ANYFAMPD_Yes | DXTREMOR_No | DXTREMOR_Unknown | DXTREMOR_Yes | DXBRADY_No | DXBRADY_Unknown | DXBRADY_Yes | DOMSIDE_Left | DOMSIDE_Right | DOMSIDE_Symmetric | DOMSIDE_Unknown | PCA_PART_I_PATIENT_3_95_PC1 | PCA_PART_I_PATIENT_3_95_PC2 | PCA_PART_I_PATIENT_3_95_PC3,0.036820666002313374,0.7037384725826936,0.7025691699604744,0.7448275862068966,0.8181818181818182,0.5869565217391305,,0.5869565217391305
0,stage_1,2,ENG_07,engineering__PCA_PART_I_PATIENT_3_95,engineered_representation,none,all,PCA_PART_I_PATIENT_3_95,pca,rbf_svc,scaled_dense,17,"{""C"": 10.0, ""class_weight"": ""balanced"", ""gamma"": 0.1}",4,583,145,47,27,Years_since_PD_diagnosis | Age | MCATOT | FRZGT12M | SCAU14 | SCAU16 | GDS_TOTAL | NQ_GAUSSIAN_REVISION | NP1RTOT | BMI | NP3GAIT_COMBINED_MAX | NP3PSTBL_COMBINED_MAX | NHY_COMBINED_MAX | NP3TOT_COMBINED_MAX | NP4TOT | FOG_FORM_MISSING | NQ_FORM_MISSING | PART_IV_FORM_MISSING | DXPOSINS_Missing | DXPOSINS_No | DXPOSINS_Unknown | DXPOSINS_Yes | DXRIGID_No | DXRIGID_Unknown | DXRIGID_Yes | DOPTHERST_Missing | DOPTHERST_No | DOPTHERST_Yes | FEATPOSHYP_No | FEATPOSHYP_Uncertain | FEATPOSHYP_Yes | ANYFAMPD_Missing | ANYFAMPD_No | ANYFAMPD_Yes | DXTREMOR_No | DXTREMOR_Unknown | DXTREMOR_Yes | DXBRADY_No | DXBRADY_Unknown | DXBRADY_Yes | DOMSIDE_Left | DOMSIDE_Right | DOMSIDE_Symmetric | DOMSIDE_Unknown | PCA_PART_I_PATIENT_3_95_PC1 | PCA_PART_I_PATIENT_3_95_PC2 | PCA_PART_I_PATIENT_3_95_PC3,0.03607275000103982,0.6145667198298777,0.6097935880544576,0.6896551724137931,0.8282828282828283,0.391304347826087,,0.391304347826087
0,stage_2,1,ENG_06,engineering__PCA_PART_I_PATIENT_3_90,engineered_representation,none,all,PCA_PART_I_PATIENT_3_90,pca,lightgbm,scaled_dense,0,"{""class_weight"": null, ""colsample_bytree"": 0.8, ""learning_rate"": 0.03, ""min_child_samples"": 20, ""n_estimators"": 300, ""num_leaves"": 15, ""reg_lambda"": 1.0, ""subsample"": 0.8, ""subsample_freq"": 1}",0,184,46,45,27,Years_since_PD_diagnosis | Age | MCATOT | FRZGT12M | SCAU14 | SCAU16 | GDS_TOTAL | NQ_GAUSSIAN_REVISION | NP1RTOT | BMI | NP3GAIT_COMBINED_MAX | NP3PSTBL_COMBINED_MAX | NHY_COMBINED_MAX | NP3TOT_COMBINED_MAX | NP4TOT | FOG_FORM_MISSING | NQ_FORM_MISSING | PART_IV_FORM_MISSING | DXPOSINS_No | DXPOSINS_Unknown | DXPOSINS_Yes | DXRIGID_No | DXRIGID_Unknown | DXRIGID_Yes | DOPTHERST_Missing | DOPTHERST_No | DOPTHERST_Yes | FEATPOSHYP_No | FEATPOSHYP_Uncertain | FEATPOSHYP_Yes | ANYFAMPD_Missing | ANYFAMPD_No | ANYFAMPD_Yes | DXTREMOR_No | DXTREMOR_Yes | DXBRADY_No | DXBRADY_Unknown | DXBRADY_Yes | DOMSIDE_Left | DOMSIDE_Right | DOMSIDE_Symmetric | DOMSIDE_Unknown | PCA_PART_I_PATIENT_3_90_PC1 | PCA_PART_I_PATIENT_3_90_PC2 | PCA_PART_I_PATIENT_3_90_PC3,0.1593872920020658,0.7116809116809117,0.7075892857142857,0.7608695652173914,0.84375,0.5714285714285714,,0.84375
0,stage_2,1,ENG_06,engineering__PCA_PART_I_PATIENT_3_90,engineered_representation,none,all,PCA_PART_I_PATIENT_3_90,pca,lightgbm,scaled_dense,0,"{""class_weight"": null, ""colsample_bytree"": 0.8, ""learning_rate"": 0.03, ""min_child_samples"": 20, ""n_estimators"": 300, ""num_leaves"": 15, ""reg_lambda"": 1.0, ""subsample"": 0.8, ""subsample_freq"": 1}",1,184,46,45,27,Years_since_PD_diagnosis | Age | MCATOT | FRZGT12M | SCAU14 | SCAU16 | GDS_TOTAL | NQ_GAUSSIAN_REVISION | NP1RTOT | BMI | NP3GAIT_COMBINED_MAX | NP3PSTBL_COMBINED_MAX | NHY_COMBINED_MAX | NP3TOT_COMBINED_MAX | NP4TOT | FOG_FORM_MISSING | NQ_FORM_MISSING | PART_IV_FORM_MISSING | DXPOSINS_No | DXPOSINS_Unknown | DXPOSINS_Yes | DXRIGID_No | DXRIGID_Unknown | DXRIGID_Yes | DOPTHERST_Missing | DOPTHERST_No | DOPTHERST_Yes | FEATPOSHYP_No | FEATPOSHYP_Uncertain | FEATPOSHYP_Yes | ANYFAMPD_Missing | ANYFAMPD_No | ANYFAMPD_Yes | DXTREMOR_No | DXTREMOR_Yes | DXBRADY_No | DXBRADY_Unknown | DXBRADY_Yes | DOMSIDE_Left | DOMSIDE_Right | DOMSIDE_Symmetric | DOMSIDE_Unknown | PCA_PART_I_PATIENT_3_90_PC1 | PCA_PART_I_PATIENT_3_90_PC2 | PCA_PART_I_PATIENT_3_90_PC3,0.15455104200009373,0.6429850746268657,0.6361607142857143,0.717391304347826,0.84375,0.42857142857142855,,0.84375
0,stage_2,1,ENG_06,engineering__PCA_PART_I_PATIENT_3_90,engineered_representation,none,all,PCA_PART_I_PATIENT_3_90,pca,lightgbm,scaled_dense,0,"{""class_weight"": null, ""colsample_bytree"": 0.8, ""learning_rate"": 0.03, ""min_child_samples"": 20, ""n_estimators"": 300, ""num_leaves"": 15, ""reg_lambda"": 1.0, ""subsample"": 0.8, ""subsample_freq"": 1}",2,184,46,45,27,Years_since_PD_diagnosis | Age | MCATOT | FRZGT12M | SCAU14 | SCAU16 | GDS_TOTAL | NQ_GAUSSIAN_REVISION | NP1RTOT | BMI | NP3GAIT_COMBINED_MAX | NP3PSTBL_COMBINED_MAX | NHY_COMBINED_MAX | NP3TOT_COMBINED_MAX | NP4TOT | FOG_FORM_MISSING | NQ_FORM_MISSING | PART_IV_FORM_MISSING | DXPOSINS_No | DXPOSINS_Unknown | DXPOSINS_Yes | DXRIGID_No | DXRIGID_Unknown | DXRIGID_Yes | DOPTHERST_Missing | DOPTHERST_No | DOPTHERST_Yes | FEATPOSHYP_No | FEATPOSHYP_Uncertain | FEATPOSHYP_Yes | ANYFAMPD_Missing | ANYFAMPD_No | ANYFAMPD_Yes | DXTREMOR_No | DXTREMOR_Yes | DXBRADY_No | DXBRADY_Unknown | DXBRADY_Yes | DOMSIDE_Left | DOMSIDE_Right | DOMSIDE_Symmetric | DOMSIDE_Unknown | PCA_PART_I_PATIENT_3_90_PC1 | PCA_PART_I_PATIENT_3_90_PC2 | PCA_PART_I_PATIENT_3_90_PC3,0.1481672499976412,0.6415584415584416,0.6316964285714286,0.7391304347826086,0.90625,0.35714285714285715,,0.90625
0,stage_2,1,ENG_06,engineering__PCA_PART_I_PATIENT_3_90,engineered_representation,none,all,PCA_PART_I_PATIENT_3_90,pca,lightgbm,scaled_dense,0,"{""class_weight"": null, ""colsample_bytree"": 0.8, ""learning_rate"": 0.03, ""min_child_samples"": 20, ""n_estimators"": 300, ""num_leaves"": 15, ""reg_lambda"": 1.0, ""subsample"": 0.8, ""subsample_freq"": 1}",3,184,46,45,27,Years_since_PD_diagnosis | Age | MCATOT | FRZGT12M | SCAU14 | SCAU16 | GDS_TOTAL | NQ_GAUSSIAN_REVISION | NP1RTOT | BMI | NP3GAIT_COMBINED_MAX | NP3PSTBL_COMBINED_MAX | NHY_COMBINED_MAX | NP3TOT_COMBINED_MAX | NP4TOT | FOG_FORM_MISSING | NQ_FORM_MISSING | PART_IV_FORM_MISSING | DXPOSINS_No | DXPOSINS_Unknown | DXPOSINS_Yes | DXRIGID_No | DXRIGID_Unknown | DXRIGID_Yes | DOPTHERST_Missing | DOPTHERST_No | DOPTHERST_Yes | FEATPOSHYP_No | FEATPOSHYP_Uncertain | FEATPOSHYP_Yes | ANYFAMPD_Missing | ANYFAMPD_No | ANYFAMPD_Yes | DXTREMOR_No | DXTREMOR_Yes | DXBRADY_No | DXBRADY_Unknown | DXBRADY_Yes | DOMSIDE_Left | DOMSIDE_Right | DOMSIDE_Symmetric | DOMSIDE_Unknown | PCA_PART_I_PATIENT_3_90_PC1 | PCA_PART_I_PATIENT_3_90_PC2 | PCA_PART_I_PATIENT_3_90_PC3,0.15311300000030315,0.5490196078431372,0.5526881720430108,0.6521739130434783,0.8387096774193549,0.26666666666666666,,0.8387096774193549
0,stage_2,1,ENG_06,engineering__PCA_PART_I_PATIENT_3_90,engineered_representation,none,all,PCA_PART_I_PATIENT_3_90,pca,lightgbm,scaled_dense,0,"{""class_weight"": null, ""colsample_bytree"": 0.8, ""learning_rate"": 0.03, ""min_child_samples"": 20, ""n_estimators"": 300, ""num_leaves"": 15, ""reg_lambda"": 1.0, ""subsample"": 0.8, ""subsample_freq"": 1}",4,184,46,45,27,Years_since_PD_diagnosis | Age | MCATOT | FRZGT12M | SCAU14 | SCAU16 | GDS_TOTAL | NQ_GAUSSIAN_REVISION | NP1RTOT | BMI | NP3GAIT_COMBINED_MAX | NP3PSTBL_COMBINED_MAX | NHY_COMBINED_MAX | NP3TOT_COMBINED_MAX | NP4TOT | FOG_FORM_MISSING | NQ_FORM_MISSING | PART_IV_FORM_MISSING | DXPOSINS_No | DXPOSINS_Unknown | DXPOSINS_Yes | DXRIGID_No | DXRIGID_Unknown | DXRIGID_Yes | DOPTHERST_Missing | DOPTHERST_No | DOPTHERST_Yes | FEATPOSHYP_No | FEATPOSHYP_Uncertain | FEATPOSHYP_Yes | ANYFAMPD_Missing | ANYFAMPD_No | ANYFAMPD_Yes | DXTREMOR_No | DXTREMOR_Yes | DXBRADY_No | DXBRADY_Unknown | DXBRADY_Yes | DOMSIDE_Left | DOMSIDE_Right | DOMSIDE_Symmetric | DOMSIDE_Unknown | PCA_PART_I_PATIENT_3_90_PC1 | PCA_PART_I_PATIENT_3_90_PC2 | PCA_PART_I_PATIENT_3_90_PC3,0.15134045900049387,0.7223340040241448,0.6986607142857143,0.8043478260869565,0.96875,0.42857142857142855,,0.96875
0,stage_2,1,ENG_06,engineering__PCA_PART_I_PATIENT_3_90,engineered_representation,none,all,PCA_PART_I_PATIENT_3_90,pca,lightgbm,scaled_dense,1,"{""class_weight"": ""balanced"", ""colsample_bytree"": 0.8, ""learning_rate"": 0.03, ""min_child_samples"": 20, ""n_estimators"": 300, ""num_leaves"": 15, ""reg_lambda"": 1.0, ""subsample"": 0.8, ""subsample_freq"": 1}",0,184,46,45,27,Years_since_PD_diagnosis | Age | MCATOT | FRZGT12M | SCAU14 | SCAU16 | GDS_TOTAL | NQ_GAUSSIAN_REVISION | NP1RTOT | BMI | NP3GAIT_COMBINED_MAX | NP3PSTBL_COMBINED_MAX | NHY_COMBINED_MAX | NP3TOT_COMBINED_MAX | NP4TOT | FOG_FORM_MISSING | NQ_FORM_MISSING | PART_IV_FORM_MISSING | DXPOSINS_No | DXPOSINS_Unknown | DXPOSINS_Yes | DXRIGID_No | DXRIGID_Unknown | DXRIGID_Yes | DOPTHERST_Missing | DOPTHERST_No | DOPTHERST_Yes | FEATPOSHYP_No | FEATPOSHYP_Uncertain | FEATPOSHYP_Yes | ANYFAMPD_Missing | ANYFAMPD_No | ANYFAMPD_Yes | DXTREMOR_No | DXTREMOR_Yes | DXBRADY_No | DXBRADY_Unknown | DXBRADY_Yes | DOMSIDE_Left | DOMSIDE_Right | DOMSIDE_Symmetric | DOMSIDE_Unknown | PCA_PART_I_PATIENT_3_90_PC1 | PCA_PART_I_PATIENT_3_90_PC2 | PCA_PART_I_PATIENT_3_90_PC3,0.15404620799745317,0.6928608115048793,0.7165178571428572,0.717391304347826,0.71875,0.7142857142857143,,0.71875
0,stage_2,1,ENG_06,engineering__PCA_PART_I_PATIENT_3_90,engineered_representation,none,all,PCA_PART_I_PATIENT_3_90,pca,lightgbm,scaled_dense,1,"{""class_weight"": ""balanced"", ""colsample_bytree"": 0.8, ""learning_rate"": 0.03, ""min_child_samples"": 20, ""n_estimators"": 300, ""num_leaves"": 15, ""reg_lambda"": 1.0, ""subsample"": 0.8, ""subsample_freq"": 1}",1,184,46,45,27,Years_since_PD_diagnosis | Age | MCATOT | FRZGT12M | SCAU14 | SCAU16 | GDS_TOTAL | NQ_GAUSSIAN_REVISION | NP1RTOT | BMI | NP3GAIT_COMBINED_MAX | NP3PSTBL_COMBINED_MAX | NHY_COMBINED_MAX | NP3TOT_COMBINED_MAX | NP4TOT | FOG_FORM_MISSING | NQ_FORM_MISSING | PART_IV_FORM_MISSING | DXPOSINS_No | DXPOSINS_Unknown | DXPOSINS_Yes | DXRIGID_No | DXRIGID_Unknown | DXRIGID_Yes | DOPTHERST_Missing | DOPTHERST_No | DOPTHERST_Yes | FEATPOSHYP_No | FEATPOSHYP_Uncertain | FEATPOSHYP_Yes | ANYFAMPD_Missing | ANYFAMPD_No | ANYFAMPD_Yes | DXTREMOR_No | DXTREMOR_Yes | DXBRADY_No | DXBRADY_Unknown | DXBRADY_Yes | DOMSIDE_Left | DOMSIDE_Right | DOMSIDE_Symmetric | DOMSIDE_Unknown | PCA_PART_I_PATIENT_3_90_PC1 | PCA_PART_I_PATIENT_3_90_PC2 | PCA_PART_I_PATIENT_3_90_PC3,0.2155438329973549,0.640625,0.640625,0.6956521739130435,0.78125,0.5,,0.78125
0,stage_2,1,ENG_06,engineering__PCA_PART_I_PATIENT_3_90,engineered_representation,none,all,PCA_PART_I_PATIENT_3_90,pca,lightgbm,scaled_dense,1,"{""class_weight"": ""balanced"", ""colsample_bytree"": 0.8, ""learning_rate"": 0.03, ""min_child_samples"": 20, ""n_estimators"": 300, ""num_leaves"": 15, ""reg_lambda"": 1.0, ""subsample"": 0.8, ""subsample_freq"": 1}",2,184,46,45,27,Years_since_PD_diagnosis | Age | MCATOT | FRZGT12M | SCAU14 | SCAU16 | GDS_TOTAL | NQ_GAUSSIAN_REVISION | NP1RTOT | BMI | NP3GAIT_COMBINED_MAX | NP3PSTBL_COMBINED_MAX | NHY_COMBINED_MAX | NP3TOT_COMBINED_MAX | NP4TOT | FOG_FORM_MISSING | NQ_FORM_MISSING | PART_IV_FORM_MISSING | DXPOSINS_No | DXPOSINS_Unknown | DXPOSINS_Yes | DXRIGID_No | DXRIGID_Unknown | DXRIGID_Yes | DOPTHERST_Missing | DOPTHERST_No | DOPTHERST_Yes | FEATPOSHYP_No | FEATPOSHYP_Uncertain | FEATPOSHYP_Yes | ANYFAMPD_Missing | ANYFAMPD_No | ANYFAMPD_Yes | DXTREMOR_No | DXTREMOR_Yes | DXBRADY_No | DXBRADY_Unknown | DXBRADY_Yes | DOMSIDE_Left | DOMSIDE_Right | DOMSIDE_Symmetric | DOMSIDE_Unknown | PCA_PART_I_PATIENT_3_90_PC1 | PCA_PART_I_PATIENT_3_90_PC2 | PCA_PART_I_PATIENT_3_90_PC3,0.15260141599719645,0.681159420289855,0.6674107142857143,0.7608695652173914,0.90625,0.42857142857142855,,0.90625
0,stage_2,1,ENG_06,engineering__PCA_PART_I_PATIENT_3_90,engineered_representation,none,all,PCA_PART_I_PATIENT_3_90,pca,lightgbm,scaled_dense,1,"{""class_weight"": ""balanced"", ""colsample_bytree"": 0.8, ""learning_rate"": 0.03, ""min_child_samples"": 20, ""n_estimators"": 300, ""num_leaves"": 15, ""reg_lambda"": 1.0, ""subsample"": 0.8, ""subsample_freq"": 1}",3,184,46,45,27,Years_since_PD_diagnosis | Age | MCATOT | FRZGT12M | SCAU14 | SCAU16 | GDS_TOTAL | NQ_GAUSSIAN_REVISION | NP1RTOT | BMI | NP3GAIT_COMBINED_MAX | NP3PSTBL_COMBINED_MAX | NHY_COMBINED_MAX | NP3TOT_COMBINED_MAX | NP4TOT | FOG_FORM_MISSING | NQ_FORM_MISSING | PART_IV_FORM_MISSING | DXPOSINS_No | DXPOSINS_Unknown | DXPOSINS_Yes | DXRIGID_No | DXRIGID_Unknown | DXRIGID_Yes | DOPTHERST_Missing | DOPTHERST_No | DOPTHERST_Yes | FEATPOSHYP_No | FEATPOSHYP_Uncertain | FEATPOSHYP_Yes | ANYFAMPD_Missing | ANYFAMPD_No | ANYFAMPD_Yes | DXTREMOR_No | DXTREMOR_Yes | DXBRADY_No | DXBRADY_Unknown | DXBRADY_Yes | DOMSIDE_Left | DOMSIDE_Right | DOMSIDE_Symmetric | DOMSIDE_Unknown | PCA_PART_I_PATIENT_3_90_PC1 | PCA_PART_I_PATIENT_3_90_PC2 | PCA_PART_I_PATIENT_3_90_PC3,0.1518164170011005,0.6726874657909141,0.6698924731182796,0.717391304347826,0.8064516129032258,0.5333333333333333,,0.8064516129032258
0,stage_2,1,ENG_06,engineering__PCA_PART_I_PATIENT_3_90,engineered_representation,none,all,PCA_PART_I_PATIENT_3_90,pca,lightgbm,scaled_dense,1,"{""class_weight"": ""balanced"", ""colsample_bytree"": 0.8, ""learning_rate"": 0.03, ""min_child_samples"": 20, ""n_estimators"": 300, ""num_leaves"": 15, ""reg_lambda"": 1.0, ""subsample"": 0.8, ""subsample_freq"": 1}",4,184,46,45,27,Years_since_PD_diagnosis | Age | MCATOT | FRZGT12M | SCAU14 | SCAU16 | GDS_TOTAL | NQ_GAUSSIAN_REVISION | NP1RTOT | BMI | NP3GAIT_COMBINED_MAX | NP3PSTBL_COMBINED_MAX | NHY_COMBINED_MAX | NP3TOT_COMBINED_MAX | NP4TOT | FOG_FORM_MISSING | NQ_FORM_MISSING | PART_IV_FORM_MISSING | DXPOSINS_No | DXPOSINS_Unknown | DXPOSINS_Yes | DXRIGID_No | DXRIGID_Unknown | DXRIGID_Yes | DOPTHERST_Missing | DOPTHERST_No | DOPTHERST_Yes | FEATPOSHYP_No | FEATPOSHYP_Uncertain | FEATPOSHYP_Yes | ANYFAMPD_Missing | ANYFAMPD_No | ANYFAMPD_Yes | DXTREMOR_No | DXTREMOR_Yes | DXBRADY_No | DXBRADY_Unknown | DXBRADY_Yes | DOMSIDE_Left | DOMSIDE_Right | DOMSIDE_Symmetric | DOMSIDE_Unknown | PCA_PART_I_PATIENT_3_90_PC1 | PCA_PART_I_PATIENT_3_90_PC2 | PCA_PART_I_PATIENT_3_90_PC3,0.14980674999969779,0.6429850746268657,0.6361607142857143,0.717391304347826,0.84375,0.42857142857142855,,0.84375
0,stage_2,1,ENG_06,engineering__PCA_PART_I_PATIENT_3_90,engineered_representation,none,all,PCA_PART_I_PATIENT_3_90,pca,lightgbm,scaled_dense,2,"{""class_weight"": null, ""colsample_bytree"": 0.8, ""learning_rate"": 0.03, ""min_child_samples"": 20, ""n_estimators"": 300, ""num_leaves"": 15, ""reg_lambda"": 5.0, ""subsample"": 0.8, ""subsample_freq"": 1}",0,184,46,45,27,Years_since_PD_diagnosis | Age | MCATOT | FRZGT12M | SCAU14 | SCAU16 | GDS_TOTAL | NQ_GAUSSIAN_REVISION | NP1RTOT | BMI | NP3GAIT_COMBINED_MAX | NP3PSTBL_COMBINED_MAX | NHY_COMBINED_MAX | NP3TOT_COMBINED_MAX | NP4TOT | FOG_FORM_MISSING | NQ_FORM_MISSING | PART_IV_FORM_MISSING | DXPOSINS_No | DXPOSINS_Unknown | DXPOSINS_Yes | DXRIGID_No | DXRIGID_Unknown | DXRIGID_Yes | DOPTHERST_Missing | DOPTHERST_No | DOPTHERST_Yes | FEATPOSHYP_No | FEATPOSHYP_Uncertain | FEATPOSHYP_Yes | ANYFAMPD_Missing | ANYFAMPD_No | ANYFAMPD_Yes | DXTREMOR_No | DXTREMOR_Yes | DXBRADY_No | DXBRADY_Unknown | DXBRADY_Yes | DOMSIDE_Left | DOMSIDE_Right | DOMSIDE_Symmetric | DOMSIDE_Unknown | PCA_PART_I_PATIENT_3_90_PC1 | PCA_PART_I_PATIENT_3_90_PC2 | PCA_PART_I_PATIENT_3_90_PC3,0.14404358299725573,0.764102564102564,0.7589285714285714,0.8043478260869565,0.875,0.6428571428571429,,0.875
0,stage_2,1,ENG_06,engineering__PCA_PART_I_PATIENT_3_90,engineered_representation,none,all,PCA_PART_I_PATIENT_3_90,pca,lightgbm,scaled_dense,2,"{""class_weight"": null, ""colsample_bytree"": 0.8, ""learning_rate"": 0.03, ""min_child_samples"": 20, ""n_estimators"": 300, ""num_leaves"": 15, ""reg_lambda"": 5.0, ""subsample"": 0.8, ""subsample_freq"": 1}",1,184,46,45,27,Years_since_PD_diagnosis | Age | MCATOT | FRZGT12M | SCAU14 | SCAU16 | GDS_TOTAL | NQ_GAUSSIAN_REVISION | NP1RTOT | BMI | NP3GAIT_COMBINED_MAX | NP3PSTBL_COMBINED_MAX | NHY_COMBINED_MAX | NP3TOT_COMBINED_MAX | NP4TOT | FOG_FORM_MISSING | NQ_FORM_MISSING | PART_IV_FORM_MISSING | DXPOSINS_No | DXPOSINS_Unknown | DXPOSINS_Yes | DXRIGID_No | DXRIGID_Unknown | DXRIGID_Yes | DOPTHERST_Missing | DOPTHERST_No | DOPTHERST_Yes | FEATPOSHYP_No | FEATPOSHYP_Uncertain | FEATPOSHYP_Yes | ANYFAMPD_Missing | ANYFAMPD_No | ANYFAMPD_Yes | DXTREMOR_No | DXTREMOR_Yes | DXBRADY_No | DXBRADY_Unknown | DXBRADY_Yes | DOMSIDE_Left | DOMSIDE_Right | DOMSIDE_Symmetric | DOMSIDE_Unknown | PCA_PART_I_PATIENT_3_90_PC1 | PCA_PART_I_PATIENT_3_90_PC2 | PCA_PART_I_PATIENT_3_90_PC3,0.16022829199937405,0.6053921568627451,0.6004464285714286,0.6956521739130435,0.84375,0.35714285714285715,,0.84375
0,stage_2,1,ENG_06,engineering__PCA_PART_I_PATIENT_3_90,engineered_representation,none,all,PCA_PART_I_PATIENT_3_90,pca,lightgbm,scaled_dense,2,"{""class_weight"": null, ""colsample_bytree"": 0.8, ""learning_rate"": 0.03, ""min_child_samples"": 20, ""n_estimators"": 300, ""num_leaves"": 15, ""reg_lambda"": 5.0, ""subsample"": 0.8, ""subsample_freq"": 1}",2,184,46,45,27,Years_since_PD_diagnosis | Age | MCATOT | FRZGT12M | SCAU14 | SCAU16 | GDS_TOTAL | NQ_GAUSSIAN_REVISION | NP1RTOT | BMI | NP3GAIT_COMBINED_MAX | NP3PSTBL_COMBINED_MAX | NHY_COMBINED_MAX | NP3TOT_COMBINED_MAX | NP4TOT | FOG_FORM_MISSING | NQ_FORM_MISSING | PART_IV_FORM_MISSING | DXPOSINS_No | DXPOSINS_Unknown | DXPOSINS_Yes | DXRIGID_No | DXRIGID_Unknown | DXRIGID_Yes | DOPTHERST_Missing | DOPTHERST_No | DOPTHERST_Yes | FEATPOSHYP_No | FEATPOSHYP_Uncertain | FEATPOSHYP_Yes | ANYFAMPD_Missing | ANYFAMPD_No | ANYFAMPD_Yes | DXTREMOR_No | DXTREMOR_Yes | DXBRADY_No | DXBRADY_Unknown | DXBRADY_Yes | DOMSIDE_Left | DOMSIDE_Right | DOMSIDE_Symmetric | DOMSIDE_Unknown | PCA_PART_I_PATIENT_3_90_PC1 | PCA_PART_I_PATIENT_3_90_PC2 | PCA_PART_I_PATIENT_3_90_PC3,0.14059262499722536,0.7012987012987013,0.6830357142857143,0.782608695652174,0.9375,0.42857142857142855,,0.9375
0,stage_2,1,ENG_06,engineering__PCA_PART_I_PATIENT_3_90,engineered_representation,none,all,PCA_PART_I_PATIENT_3_90,pca,lightgbm,scaled_dense,2,"{""class_weight"": null, ""colsample_bytree"": 0.8, ""learning_rate"": 0.03, ""min_child_samples"": 20, ""n_estimators"": 300, ""num_leaves"": 15, ""reg_lambda"": 5.0, ""subsample"": 0.8, ""subsample_freq"": 1}",3,184,46,45,27,Years_since_PD_diagnosis | Age | MCATOT | FRZGT12M | SCAU14 | SCAU16 | GDS_TOTAL | NQ_GAUSSIAN_REVISION | NP1RTOT | BMI | NP3GAIT_COMBINED_MAX | NP3PSTBL_COMBINED_MAX | NHY_COMBINED_MAX | NP3TOT_COMBINED_MAX | NP4TOT | FOG_FORM_MISSING | NQ_FORM_MISSING | PART_IV_FORM_MISSING | DXPOSINS_No | DXPOSINS_Unknown | DXPOSINS_Yes | DXRIGID_No | DXRIGID_Unknown | DXRIGID_Yes | DOPTHERST_Missing | DOPTHERST_No | DOPTHERST_Yes | FEATPOSHYP_No | FEATPOSHYP_Uncertain | FEATPOSHYP_Yes | ANYFAMPD_Missing | ANYFAMPD_No | ANYFAMPD_Yes | DXTREMOR_No | DXTREMOR_Yes | DXBRADY_No | DXBRADY_Unknown | DXBRADY_Yes | DOMSIDE_Left | DOMSIDE_Right | DOMSIDE_Symmetric | DOMSIDE_Unknown | PCA_PART_I_PATIENT_3_90_PC1 | PCA_PART_I_PATIENT_3_90_PC2 | PCA_PART_I_PATIENT_3_90_PC3,0.1445361670012062,0.6617647058823529,0.6516129032258065,0.7391304347826086,0.9032258064516129,0.4,,0.9032258064516129
0,stage_2,1,ENG_06,engineering__PCA_PART_I_PATIENT_3_90,engineered_representation,none,all,PCA_PART_I_PATIENT_3_90,pca,lightgbm,scaled_dense,2,"{""class_weight"": null, ""colsample_bytree"": 0.8, ""learning_rate"": 0.03, ""min_child_samples"": 20, ""n_estimators"": 300, ""num_leaves"": 15, ""reg_lambda"": 5.0, ""subsample"": 0.8, ""subsample_freq"": 1}",4,184,46,45,27,Years_since_PD_diagnosis | Age | MCATOT | FRZGT12M | SCAU14 | SCAU16 | GDS_TOTAL | NQ_GAUSSIAN_REVISION | NP1RTOT | BMI | NP3GAIT_COMBINED_MAX | NP3PSTBL_COMBINED_MAX | NHY_COMBINED_MAX | NP3TOT_COMBINED_MAX | NP4TOT | FOG_FORM_MISSING | NQ_FORM_MISSING | PART_IV_FORM_MISSING | DXPOSINS_No | DXPOSINS_Unknown | DXPOSINS_Yes | DXRIGID_No | DXRIGID_Unknown | DXRIGID_Yes | DOPTHERST_Missing | DOPTHERST_No | DOPTHERST_Yes | FEATPOSHYP_No | FEATPOSHYP_Uncertain | FEATPOSHYP_Yes | ANYFAMPD_Missing | ANYFAMPD_No | ANYFAMPD_Yes | DXTREMOR_No | DXTREMOR_Yes | DXBRADY_No | DXBRADY_Unknown | DXBRADY_Yes | DOMSIDE_Left | DOMSIDE_Right | DOMSIDE_Symmetric | DOMSIDE_Unknown | PCA_PART_I_PATIENT_3_90_PC1 | PCA_PART_I_PATIENT_3_90_PC2 | PCA_PART_I_PATIENT_3_90_PC3,0.14517137499933597,0.681159420289855,0.6674107142857143,0.7608695652173914,0.90625,0.42857142857142855,,0.90625
0,stage_2,1,ENG_06,engineering__PCA_PART_I_PATIENT_3_90,engineered_representation,none,all,PCA_PART_I_PATIENT_3_90,pca,lightgbm,scaled_dense,3,"{""class_weight"": ""balanced"", ""colsample_bytree"": 0.8, ""learning_rate"": 0.03, ""min_child_samples"": 20, ""n_estimators"": 300, ""num_leaves"": 15, ""reg_lambda"": 5.0, ""subsample"": 0.8, ""subsample_freq"": 1}",0,184,46,45,27,Years_since_PD_diagnosis | Age | MCATOT | FRZGT12M | SCAU14 | SCAU16 | GDS_TOTAL | NQ_GAUSSIAN_REVISION | NP1RTOT | BMI | NP3GAIT_COMBINED_MAX | NP3PSTBL_COMBINED_MAX | NHY_COMBINED_MAX | NP3TOT_COMBINED_MAX | NP4TOT | FOG_FORM_MISSING | NQ_FORM_MISSING | PART_IV_FORM_MISSING | DXPOSINS_No | DXPOSINS_Unknown | DXPOSINS_Yes | DXRIGID_No | DXRIGID_Unknown | DXRIGID_Yes | DOPTHERST_Missing | DOPTHERST_No | DOPTHERST_Yes | FEATPOSHYP_No | FEATPOSHYP_Uncertain | FEATPOSHYP_Yes | ANYFAMPD_Missing | ANYFAMPD_No | ANYFAMPD_Yes | DXTREMOR_No | DXTREMOR_Yes | DXBRADY_No | DXBRADY_Unknown | DXBRADY_Yes | DOMSIDE_Left | DOMSIDE_Right | DOMSIDE_Symmetric | DOMSIDE_Unknown | PCA_PART_I_PATIENT_3_90_PC1 | PCA_PART_I_PATIENT_3_90_PC2 | PCA_PART_I_PATIENT_3_90_PC3,0.14987787499921978,0.700250626566416,0.7366071428571428,0.717391304347826,0.6875,0.7857142857142857,,0.6875
0,stage_2,1,ENG_06,engineering__PCA_PART_I_PATIENT_3_90,engineered_representation,none,all,PCA_PART_I_PATIENT_3_90,pca,lightgbm,scaled_dense,3,"{""class_weight"": ""balanced"", ""colsample_bytree"": 0.8, ""learning_rate"": 0.03, ""min_child_samples"": 20, ""n_estimators"": 300, ""num_leaves"": 15, ""reg_lambda"": 5.0, ""subsample"": 0.8, ""subsample_freq"": 1}",1,184,46,45,27,Years_since_PD_diagnosis | Age | MCATOT | FRZGT12M | SCAU14 | SCAU16 | GDS_TOTAL | NQ_GAUSSIAN_REVISION | NP1RTOT | BMI | NP3GAIT_COMBINED_MAX | NP3PSTBL_COMBINED_MAX | NHY_COMBINED_MAX | NP3TOT_COMBINED_MAX | NP4TOT | FOG_FORM_MISSING | NQ_FORM_MISSING | PART_IV_FORM_MISSING | DXPOSINS_No | DXPOSINS_Unknown | DXPOSINS_Yes | DXRIGID_No | DXRIGID_Unknown | DXRIGID_Yes | DOPTHERST_Missing | DOPTHERST_No | DOPTHERST_Yes | FEATPOSHYP_No | FEATPOSHYP_Uncertain | FEATPOSHYP_Yes | ANYFAMPD_Missing | ANYFAMPD_No | ANYFAMPD_Yes | DXTREMOR_No | DXTREMOR_Yes | DXBRADY_No | DXBRADY_Unknown | DXBRADY_Yes | DOMSIDE_Left | DOMSIDE_Right | DOMSIDE_Symmetric | DOMSIDE_Unknown | PCA_PART_I_PATIENT_3_90_PC1 | PCA_PART_I_PATIENT_3_90_PC2 | PCA_PART_I_PATIENT_3_90_PC3,0.14483562500026892,0.6043010752688172,0.609375,0.6521739130434783,0.71875,0.5,,0.71875
0,stage_2,1,ENG_06,engineering__PCA_PART_I_PATIENT_3_90,engineered_representation,none,all,PCA_PART_I_PATIENT_3_90,pca,lightgbm,scaled_dense,3,"{""class_weight"": ""balanced"", ""colsample_bytree"": 0.8, ""learning_rate"": 0.03, ""min_child_samples"": 20, ""n_estimators"": 300, ""num_leaves"": 15, ""reg_lambda"": 5.0, ""subsample"": 0.8, ""subsample_freq"": 1}",2,184,46,45,27,Years_since_PD_diagnosis | Age | MCATOT | FRZGT12M | SCAU14 | SCAU16 | GDS_TOTAL | NQ_GAUSSIAN_REVISION | NP1RTOT | BMI | NP3GAIT_COMBINED_MAX | NP3PSTBL_COMBINED_MAX | NHY_COMBINED_MAX | NP3TOT_COMBINED_MAX | NP4TOT | FOG_FORM_MISSING | NQ_FORM_MISSING | PART_IV_FORM_MISSING | DXPOSINS_No | DXPOSINS_Unknown | DXPOSINS_Yes | DXRIGID_No | DXRIGID_Unknown | DXRIGID_Yes | DOPTHERST_Missing | DOPTHERST_No | DOPTHERST_Yes | FEATPOSHYP_No | FEATPOSHYP_Uncertain | FEATPOSHYP_Yes | ANYFAMPD_Missing | ANYFAMPD_No | ANYFAMPD_Yes | DXTREMOR_No | DXTREMOR_Yes | DXBRADY_No | DXBRADY_Unknown | DXBRADY_Yes | DOMSIDE_Left | DOMSIDE_Right | DOMSIDE_Symmetric | DOMSIDE_Unknown | PCA_PART_I_PATIENT_3_90_PC1 | PCA_PART_I_PATIENT_3_90_PC2 | PCA_PART_I_PATIENT_3_90_PC3,0.14644712500012247,0.7181372549019608,0.703125,0.782608695652174,0.90625,0.5,,0.90625
0,stage_2,1,ENG_06,engineering__PCA_PART_I_PATIENT_3_90,engineered_representation,none,all,PCA_PART_I_PATIENT_3_90,pca,lightgbm,scaled_dense,3,"{""class_weight"": ""balanced"", ""colsample_bytree"": 0.8, ""learning_rate"": 0.03, ""min_child_samples"": 20, ""n_estimators"": 300, ""num_leaves"": 15, ""reg_lambda"": 5.0, ""subsample"": 0.8, ""subsample_freq"": 1}",3,184,46,45,27,Years_since_PD_diagnosis | Age | MCATOT | FRZGT12M | SCAU14 | SCAU16 | GDS_TOTAL | NQ_GAUSSIAN_REVISION | NP1RTOT | BMI | NP3GAIT_COMBINED_MAX | NP3PSTBL_COMBINED_MAX | NHY_COMBINED_MAX | NP3TOT_COMBINED_MAX | NP4TOT | FOG_FORM_MISSING | NQ_FORM_MISSING | PART_IV_FORM_MISSING | DXPOSINS_No | DXPOSINS_Unknown | DXPOSINS_Yes | DXRIGID_No | DXRIGID_Unknown | DXRIGID_Yes | DOPTHERST_Missing | DOPTHERST_No | DOPTHERST_Yes | FEATPOSHYP_No | FEATPOSHYP_Uncertain | FEATPOSHYP_Yes | ANYFAMPD_Missing | ANYFAMPD_No | ANYFAMPD_Yes | DXTREMOR_No | DXTREMOR_Yes | DXBRADY_No | DXBRADY_Unknown | DXBRADY_Yes | DOMSIDE_Left | DOMSIDE_Right | DOMSIDE_Symmetric | DOMSIDE_Unknown | PCA_PART_I_PATIENT_3_90_PC1 | PCA_PART_I_PATIENT_3_90_PC2 | PCA_PART_I_PATIENT_3_90_PC3,0.1528257499994652,0.6734279918864097,0.6881720430107527,0.6956521739130435,0.7096774193548387,0.6666666666666666,,0.7096774193548387
0,stage_2,1,ENG_06,engineering__PCA_PART_I_PATIENT_3_90,engineered_representation,none,all,PCA_PART_I_PATIENT_3_90,pca,lightgbm,scaled_dense,3,"{""class_weight"": ""balanced"", ""colsample_bytree"": 0.8, ""learning_rate"": 0.03, ""min_child_samples"": 20, ""n_estimators"": 300, ""num_leaves"": 15, ""reg_lambda"": 5.0, ""subsample"": 0.8, ""subsample_freq"": 1}",4,184,46,45,27,Years_since_PD_diagnosis | Age | MCATOT | FRZGT12M | SCAU14 | SCAU16 | GDS_TOTAL | NQ_GAUSSIAN_REVISION | NP1RTOT | BMI | NP3GAIT_COMBINED_MAX | NP3PSTBL_COMBINED_MAX | NHY_COMBINED_MAX | NP3TOT_COMBINED_MAX | NP4TOT | FOG_FORM_MISSING | NQ_FORM_MISSING | PART_IV_FORM_MISSING | DXPOSINS_No | DXPOSINS_Unknown | DXPOSINS_Yes | DXRIGID_No | DXRIGID_Unknown | DXRIGID_Yes | DOPTHERST_Missing | DOPTHERST_No | DOPTHERST_Yes | FEATPOSHYP_No | FEATPOSHYP_Uncertain | FEATPOSHYP_Yes | ANYFAMPD_Missing | ANYFAMPD_No | ANYFAMPD_Yes | DXTREMOR_No | DXTREMOR_Yes | DXBRADY_No | DXBRADY_Unknown | DXBRADY_Yes | DOMSIDE_Left | DOMSIDE_Right | DOMSIDE_Symmetric | DOMSIDE_Unknown | PCA_PART_I_PATIENT_3_90_PC1 | PCA_PART_I_PATIENT_3_90_PC2 | PCA_PART_I_PATIENT_3_90_PC3,0.14308958299807273,0.5892857142857143,0.5892857142857143,0.6521739130434783,0.75,0.42857142857142855,,0.75
0,stage_2,1,ENG_06,engineering__PCA_PART_I_PATIENT_3_90,engineered_representation,none,all,PCA_PART_I_PATIENT_3_90,pca,lightgbm,scaled_dense,4,"{""class_weight"": null, ""colsample_bytree"": 0.8, ""learning_rate"": 0.08, ""min_child_samples"": 20, ""n_estimators"": 300, ""num_leaves"": 15, ""reg_lambda"": 1.0, ""subsample"": 0.8, ""subsample_freq"": 1}",0,184,46,45,27,Years_since_PD_diagnosis | Age | MCATOT | FRZGT12M | SCAU14 | SCAU16 | GDS_TOTAL | NQ_GAUSSIAN_REVISION | NP1RTOT | BMI | NP3GAIT_COMBINED_MAX | NP3PSTBL_COMBINED_MAX | NHY_COMBINED_MAX | NP3TOT_COMBINED_MAX | NP4TOT | FOG_FORM_MISSING | NQ_FORM_MISSING | PART_IV_FORM_MISSING | DXPOSINS_No | DXPOSINS_Unknown | DXPOSINS_Yes | DXRIGID_No | DXRIGID_Unknown | DXRIGID_Yes | DOPTHERST_Missing | DOPTHERST_No | DOPTHERST_Yes | FEATPOSHYP_No | FEATPOSHYP_Uncertain | FEATPOSHYP_Yes | ANYFAMPD_Missing | ANYFAMPD_No | ANYFAMPD_Yes | DXTREMOR_No | DXTREMOR_Yes | DXBRADY_No | DXBRADY_Unknown | DXBRADY_Yes | DOMSIDE_Left | DOMSIDE_Right | DOMSIDE_Symmetric | DOMSIDE_Unknown | PCA_PART_I_PATIENT_3_90_PC1 | PCA_PART_I_PATIENT_3_90_PC2 | PCA_PART_I_PATIENT_3_90_PC3,0.15520008399835206,0.6919642857142857,0.6919642857142857,0.7391304347826086,0.8125,0.5714285714285714,,0.8125
0,stage_2,1,ENG_06,engineering__PCA_PART_I_PATIENT_3_90,engineered_representation,none,all,PCA_PART_I_PATIENT_3_90,pca,lightgbm,scaled_dense,4,"{""class_weight"": null, ""colsample_bytree"": 0.8, ""learning_rate"": 0.08, ""min_child_samples"": 20, ""n_estimators"": 300, ""num_leaves"": 15, ""reg_lambda"": 1.0, ""subsample"": 0.8, ""subsample_freq"": 1}",1,184,46,45,27,Years_since_PD_diagnosis | Age | MCATOT | FRZGT12M | SCAU14 | SCAU16 | GDS_TOTAL | NQ_GAUSSIAN_REVISION | NP1RTOT | BMI | NP3GAIT_COMBINED_MAX | NP3PSTBL_COMBINED_MAX | NHY_COMBINED_MAX | NP3TOT_COMBINED_MAX | NP4TOT | FOG_FORM_MISSING | NQ_FORM_MISSING | PART_IV_FORM_MISSING | DXPOSINS_No | DXPOSINS_Unknown | DXPOSINS_Yes | DXRIGID_No | DXRIGID_Unknown | DXRIGID_Yes | DOPTHERST_Missing | DOPTHERST_No | DOPTHERST_Yes | FEATPOSHYP_No | FEATPOSHYP_Uncertain | FEATPOSHYP_Yes | ANYFAMPD_Missing | ANYFAMPD_No | ANYFAMPD_Yes | DXTREMOR_No | DXTREMOR_Yes | DXBRADY_No | DXBRADY_Unknown | DXBRADY_Yes | DOMSIDE_Left | DOMSIDE_Right | DOMSIDE_Symmetric | DOMSIDE_Unknown | PCA_PART_I_PATIENT_3_90_PC1 | PCA_PART_I_PATIENT_3_90_PC2 | PCA_PART_I_PATIENT_3_90_PC3,0.15046091600015643,0.6053921568627451,0.6004464285714286,0.6956521739130435,0.84375,0.35714285714285715,,0.84375
0,stage_2,1,ENG_06,engineering__PCA_PART_I_PATIENT_3_90,engineered_representation,none,all,PCA_PART_I_PATIENT_3_90,pca,lightgbm,scaled_dense,4,"{""class_weight"": null, ""colsample_bytree"": 0.8, ""learning_rate"": 0.08, ""min_child_samples"": 20, ""n_estimators"": 300, ""num_leaves"": 15, ""reg_lambda"": 1.0, ""subsample"": 0.8, ""subsample_freq"": 1}",2,184,46,45,27,Years_since_PD_diagnosis | Age | MCATOT | FRZGT12M | SCAU14 | SCAU16 | GDS_TOTAL | NQ_GAUSSIAN_REVISION | NP1RTOT | BMI | NP3GAIT_COMBINED_MAX | NP3PSTBL_COMBINED_MAX | NHY_COMBINED_MAX | NP3TOT_COMBINED_MAX | NP4TOT | FOG_FORM_MISSING | NQ_FORM_MISSING | PART_IV_FORM_MISSING | DXPOSINS_No | DXPOSINS_Unknown | DXPOSINS_Yes | DXRIGID_No | DXRIGID_Unknown | DXRIGID_Yes | DOPTHERST_Missing | DOPTHERST_No | DOPTHERST_Yes | FEATPOSHYP_No | FEATPOSHYP_Uncertain | FEATPOSHYP_Yes | ANYFAMPD_Missing | ANYFAMPD_No | ANYFAMPD_Yes | DXTREMOR_No | DXTREMOR_Yes | DXBRADY_No | DXBRADY_Unknown | DXBRADY_Yes | DOMSIDE_Left | DOMSIDE_Right | DOMSIDE_Symmetric | DOMSIDE_Unknown | PCA_PART_I_PATIENT_3_90_PC1 | PCA_PART_I_PATIENT_3_90_PC2 | PCA_PART_I_PATIENT_3_90_PC3,0.15217325000048731,0.6231884057971014,0.6160714285714286,0.717391304347826,0.875,0.35714285714285715,,0.875
0,stage_2,1,ENG_06,engineering__PCA_PART_I_PATIENT_3_90,engineered_representation,none,all,PCA_PART_I_PATIENT_3_90,pca,lightgbm,scaled_dense,4,"{""class_weight"": null, ""colsample_bytree"": 0.8, ""learning_rate"": 0.08, ""min_child_samples"": 20, ""n_estimators"": 300, ""num_leaves"": 15, ""reg_lambda"": 1.0, ""subsample"": 0.8, ""subsample_freq"": 1}",3,184,46,45,27,Years_since_PD_diagnosis | Age | MCATOT | FRZGT12M | SCAU14 | SCAU16 | GDS_TOTAL | NQ_GAUSSIAN_REVISION | NP1RTOT | BMI | NP3GAIT_COMBINED_MAX | NP3PSTBL_COMBINED_MAX | NHY_COMBINED_MAX | NP3TOT_COMBINED_MAX | NP4TOT | FOG_FORM_MISSING | NQ_FORM_MISSING | PART_IV_FORM_MISSING | DXPOSINS_No | DXPOSINS_Unknown | DXPOSINS_Yes | DXRIGID_No | DXRIGID_Unknown | DXRIGID_Yes | DOPTHERST_Missing | DOPTHERST_No | DOPTHERST_Yes | FEATPOSHYP_No | FEATPOSHYP_Uncertain | FEATPOSHYP_Yes | ANYFAMPD_Missing | ANYFAMPD_No | ANYFAMPD_Yes | DXTREMOR_No | DXTREMOR_Yes | DXBRADY_No | DXBRADY_Unknown | DXBRADY_Yes | DOMSIDE_Left | DOMSIDE_Right | DOMSIDE_Symmetric | DOMSIDE_Unknown | PCA_PART_I_PATIENT_3_90_PC1 | PCA_PART_I_PATIENT_3_90_PC2 | PCA_PART_I_PATIENT_3_90_PC3,0.15213174999735202,0.6053921568627451,0.6021505376344086,0.6956521739130435,0.8709677419354839,0.3333333333333333,,0.8709677419354839
0,stage_2,1,ENG_06,engineering__PCA_PART_I_PATIENT_3_90,engineered_representation,none,all,PCA_PART_I_PATIENT_3_90,pca,lightgbm,scaled_dense,4,"{""class_weight"": null, ""colsample_bytree"": 0.8, ""learning_rate"": 0.08, ""min_child_samples"": 20, ""n_estimators"": 300, ""num_leaves"": 15, ""reg_lambda"": 1.0, ""subsample"": 0.8, ""subsample_freq"": 1}",4,184,46,45,27,Years_since_PD_diagnosis | Age | MCATOT | FRZGT12M | SCAU14 | SCAU16 | GDS_TOTAL | NQ_GAUSSIAN_REVISION | NP1RTOT | BMI | NP3GAIT_COMBINED_MAX | NP3PSTBL_COMBINED_MAX | NHY_COMBINED_MAX | NP3TOT_COMBINED_MAX | NP4TOT | FOG_FORM_MISSING | NQ_FORM_MISSING | PART_IV_FORM_MISSING | DXPOSINS_No | DXPOSINS_Unknown | DXPOSINS_Yes | DXRIGID_No | DXRIGID_Unknown | DXRIGID_Yes | DOPTHERST_Missing | DOPTHERST_No | DOPTHERST_Yes | FEATPOSHYP_No | FEATPOSHYP_Uncertain | FEATPOSHYP_Yes | ANYFAMPD_Missing | ANYFAMPD_No | ANYFAMPD_Yes | DXTREMOR_No | DXTREMOR_Yes | DXBRADY_No | DXBRADY_Unknown | DXBRADY_Yes | DOMSIDE_Left | DOMSIDE_Right | DOMSIDE_Symmetric | DOMSIDE_Unknown | PCA_PART_I_PATIENT_3_90_PC1 | PCA_PART_I_PATIENT_3_90_PC2 | PCA_PART_I_PATIENT_3_90_PC3,0.15664983299939195,0.7012987012987013,0.6830357142857143,0.782608695652174,0.9375,0.42857142857142855,,0.9375
0,stage_2,1,ENG_06,engineering__PCA_PART_I_PATIENT_3_90,engineered_representation,none,all,PCA_PART_I_PATIENT_3_90,pca,lightgbm,scaled_dense,5,"{""class_weight"": ""balanced"", ""colsample_bytree"": 0.8, ""learning_rate"": 0.08, ""min_child_samples"": 20, ""n_estimators"": 300, ""num_leaves"": 15, ""reg_lambda"": 1.0, ""subsample"": 0.8, ""subsample_freq"": 1}",0,184,46,45,27,Years_since_PD_diagnosis | Age | MCATOT | FRZGT12M | SCAU14 | SCAU16 | GDS_TOTAL | NQ_GAUSSIAN_REVISION | NP1RTOT | BMI | NP3GAIT_COMBINED_MAX | NP3PSTBL_COMBINED_MAX | NHY_COMBINED_MAX | NP3TOT_COMBINED_MAX | NP4TOT | FOG_FORM_MISSING | NQ_FORM_MISSING | PART_IV_FORM_MISSING | DXPOSINS_No | DXPOSINS_Unknown | DXPOSINS_Yes | DXRIGID_No | DXRIGID_Unknown | DXRIGID_Yes | DOPTHERST_Missing | DOPTHERST_No | DOPTHERST_Yes | FEATPOSHYP_No | FEATPOSHYP_Uncertain | FEATPOSHYP_Yes | ANYFAMPD_Missing | ANYFAMPD_No | ANYFAMPD_Yes | DXTREMOR_No | DXTREMOR_Yes | DXBRADY_No | DXBRADY_Unknown | DXBRADY_Yes | DOMSIDE_Left | DOMSIDE_Right | DOMSIDE_Symmetric | DOMSIDE_Unknown | PCA_PART_I_PATIENT_3_90_PC1 | PCA_PART_I_PATIENT_3_90_PC2 | PCA_PART_I_PATIENT_3_90_PC3,0.1577117909982917,0.6726874657909141,0.6763392857142857,0.717391304347826,0.78125,0.5714285714285714,,0.78125
0,stage_2,1,ENG_06,engineering__PCA_PART_I_PATIENT_3_90,engineered_representation,none,all,PCA_PART_I_PATIENT_3_90,pca,lightgbm,scaled_dense,5,"{""class_weight"": ""balanced"", ""colsample_bytree"": 0.8, ""learning_rate"": 0.08, ""min_child_samples"": 20, ""n_estimators"": 300, ""num_leaves"": 15, ""reg_lambda"": 1.0, ""subsample"": 0.8, ""subsample_freq"": 1}",1,184,46,45,27,Years_since_PD_diagnosis | Age | MCATOT | FRZGT12M | SCAU14 | SCAU16 | GDS_TOTAL | NQ_GAUSSIAN_REVISION | NP1RTOT | BMI | NP3GAIT_COMBINED_MAX | NP3PSTBL_COMBINED_MAX | NHY_COMBINED_MAX | NP3TOT_COMBINED_MAX | NP4TOT | FOG_FORM_MISSING | NQ_FORM_MISSING | PART_IV_FORM_MISSING | DXPOSINS_No | DXPOSINS_Unknown | DXPOSINS_Yes | DXRIGID_No | DXRIGID_Unknown | DXRIGID_Yes | DOPTHERST_Missing | DOPTHERST_No | DOPTHERST_Yes | FEATPOSHYP_No | FEATPOSHYP_Uncertain | FEATPOSHYP_Yes | ANYFAMPD_Missing | ANYFAMPD_No | ANYFAMPD_Yes | DXTREMOR_No | DXTREMOR_Yes | DXBRADY_No | DXBRADY_Unknown | DXBRADY_Yes | DOMSIDE_Left | DOMSIDE_Right | DOMSIDE_Symmetric | DOMSIDE_Unknown | PCA_PART_I_PATIENT_3_90_PC1 | PCA_PART_I_PATIENT_3_90_PC2 | PCA_PART_I_PATIENT_3_90_PC3,0.1489884999973583,0.6783216783216783,0.671875,0.7391304347826086,0.84375,0.5,,0.84375
0,stage_2,1,ENG_06,engineering__PCA_PART_I_PATIENT_3_90,engineered_representation,none,all,PCA_PART_I_PATIENT_3_90,pca,lightgbm,scaled_dense,5,"{""class_weight"": ""balanced"", ""colsample_bytree"": 0.8, ""learning_rate"": 0.08, ""min_child_samples"": 20, ""n_estimators"": 300, ""num_leaves"": 15, ""reg_lambda"": 1.0, ""subsample"": 0.8, ""subsample_freq"": 1}",2,184,46,45,27,Years_since_PD_diagnosis | Age | MCATOT | FRZGT12M | SCAU14 | SCAU16 | GDS_TOTAL | NQ_GAUSSIAN_REVISION | NP1RTOT | BMI | NP3GAIT_COMBINED_MAX | NP3PSTBL_COMBINED_MAX | NHY_COMBINED_MAX | NP3TOT_COMBINED_MAX | NP4TOT | FOG_FORM_MISSING | NQ_FORM_MISSING | PART_IV_FORM_MISSING | DXPOSINS_No | DXPOSINS_Unknown | DXPOSINS_Yes | DXRIGID_No | DXRIGID_Unknown | DXRIGID_Yes | DOPTHERST_Missing | DOPTHERST_No | DOPTHERST_Yes | FEATPOSHYP_No | FEATPOSHYP_Uncertain | FEATPOSHYP_Yes | ANYFAMPD_Missing | ANYFAMPD_No | ANYFAMPD_Yes | DXTREMOR_No | DXTREMOR_Yes | DXBRADY_No | DXBRADY_Unknown | DXBRADY_Yes | DOMSIDE_Left | DOMSIDE_Right | DOMSIDE_Symmetric | DOMSIDE_Unknown | PCA_PART_I_PATIENT_3_90_PC1 | PCA_PART_I_PATIENT_3_90_PC2 | PCA_PART_I_PATIENT_3_90_PC3,0.15004224999938742,0.697910447761194,0.6875,0.7608695652173914,0.875,0.5,,0.875
0,stage_2,1,ENG_06,engineering__PCA_PART_I_PATIENT_3_90,engineered_representation,none,all,PCA_PART_I_PATIENT_3_90,pca,lightgbm,scaled_dense,5,"{""class_weight"": ""balanced"", ""colsample_bytree"": 0.8, ""learning_rate"": 0.08, ""min_child_samples"": 20, ""n_estimators"": 300, ""num_leaves"": 15, ""reg_lambda"": 1.0, ""subsample"": 0.8, ""subsample_freq"": 1}",3,184,46,45,27,Years_since_PD_diagnosis | Age | MCATOT | FRZGT12M | SCAU14 | SCAU16 | GDS_TOTAL | NQ_GAUSSIAN_REVISION | NP1RTOT | BMI | NP3GAIT_COMBINED_MAX | NP3PSTBL_COMBINED_MAX | NHY_COMBINED_MAX | NP3TOT_COMBINED_MAX | NP4TOT | FOG_FORM_MISSING | NQ_FORM_MISSING | PART_IV_FORM_MISSING | DXPOSINS_No | DXPOSINS_Unknown | DXPOSINS_Yes | DXRIGID_No | DXRIGID_Unknown | DXRIGID_Yes | DOPTHERST_Missing | DOPTHERST_No | DOPTHERST_Yes | FEATPOSHYP_No | FEATPOSHYP_Uncertain | FEATPOSHYP_Yes | ANYFAMPD_Missing | ANYFAMPD_No | ANYFAMPD_Yes | DXTREMOR_No | DXTREMOR_Yes | DXBRADY_No | DXBRADY_Unknown | DXBRADY_Yes | DOMSIDE_Left | DOMSIDE_Right | DOMSIDE_Symmetric | DOMSIDE_Unknown | PCA_PART_I_PATIENT_3_90_PC1 | PCA_PART_I_PATIENT_3_90_PC2 | PCA_PART_I_PATIENT_3_90_PC3,0.15434162500241655,0.5880597014925373,0.5860215053763441,0.6739130434782609,0.8387096774193549,0.3333333333333333,,0.8387096774193549
0,stage_2,1,ENG_06,engineering__PCA_PART_I_PATIENT_3_90,engineered_representation,none,all,PCA_PART_I_PATIENT_3_90,pca,lightgbm,scaled_dense,5,"{""class_weight"": ""balanced"", ""colsample_bytree"": 0.8, ""learning_rate"": 0.08, ""min_child_samples"": 20, ""n_estimators"": 300, ""num_leaves"": 15, ""reg_lambda"": 1.0, ""subsample"": 0.8, ""subsample_freq"": 1}",4,184,46,45,27,Years_since_PD_diagnosis | Age | MCATOT | FRZGT12M | SCAU14 | SCAU16 | GDS_TOTAL | NQ_GAUSSIAN_REVISION | NP1RTOT | BMI | NP3GAIT_COMBINED_MAX | NP3PSTBL_COMBINED_MAX | NHY_COMBINED_MAX | NP3TOT_COMBINED_MAX | NP4TOT | FOG_FORM_MISSING | NQ_FORM_MISSING | PART_IV_FORM_MISSING | DXPOSINS_No | DXPOSINS_Unknown | DXPOSINS_Yes | DXRIGID_No | DXRIGID_Unknown | DXRIGID_Yes | DOPTHERST_Missing | DOPTHERST_No | DOPTHERST_Yes | FEATPOSHYP_No | FEATPOSHYP_Uncertain | FEATPOSHYP_Yes | ANYFAMPD_Missing | ANYFAMPD_No | ANYFAMPD_Yes | DXTREMOR_No | DXTREMOR_Yes | DXBRADY_No | DXBRADY_Unknown | DXBRADY_Yes | DOMSIDE_Left | DOMSIDE_Right | DOMSIDE_Symmetric | DOMSIDE_Unknown | PCA_PART_I_PATIENT_3_90_PC1 | PCA_PART_I_PATIENT_3_90_PC2 | PCA_PART_I_PATIENT_3_90_PC3,0.14780770799916354,0.681159420289855,0.6674107142857143,0.7608695652173914,0.90625,0.42857142857142855,,0.90625
0,stage_2,1,ENG_06,engineering__PCA_PART_I_PATIENT_3_90,engineered_representation,none,all,PCA_PART_I_PATIENT_3_90,pca,lightgbm,scaled_dense,6,"{""class_weight"": null, ""colsample_bytree"": 0.8, ""learning_rate"": 0.08, ""min_child_samples"": 20, ""n_estimators"": 300, ""num_leaves"": 15, ""reg_lambda"": 5.0, ""subsample"": 0.8, ""subsample_freq"": 1}",0,184,46,45,27,Years_since_PD_diagnosis | Age | MCATOT | FRZGT12M | SCAU14 | SCAU16 | GDS_TOTAL | NQ_GAUSSIAN_REVISION | NP1RTOT | BMI | NP3GAIT_COMBINED_MAX | NP3PSTBL_COMBINED_MAX | NHY_COMBINED_MAX | NP3TOT_COMBINED_MAX | NP4TOT | FOG_FORM_MISSING | NQ_FORM_MISSING | PART_IV_FORM_MISSING | DXPOSINS_No | DXPOSINS_Unknown | DXPOSINS_Yes | DXRIGID_No | DXRIGID_Unknown | DXRIGID_Yes | DOPTHERST_Missing | DOPTHERST_No | DOPTHERST_Yes | FEATPOSHYP_No | FEATPOSHYP_Uncertain | FEATPOSHYP_Yes | ANYFAMPD_Missing | ANYFAMPD_No | ANYFAMPD_Yes | DXTREMOR_No | DXTREMOR_Yes | DXBRADY_No | DXBRADY_Unknown | DXBRADY_Yes | DOMSIDE_Left | DOMSIDE_Right | DOMSIDE_Symmetric | DOMSIDE_Unknown | PCA_PART_I_PATIENT_3_90_PC1 | PCA_PART_I_PATIENT_3_90_PC2 | PCA_PART_I_PATIENT_3_90_PC3,0.14479866700276034,0.6726874657909141,0.6763392857142857,0.717391304347826,0.78125,0.5714285714285714,,0.78125
0,stage_2,1,ENG_06,engineering__PCA_PART_I_PATIENT_3_90,engineered_representation,none,all,PCA_PART_I_PATIENT_3_90,pca,lightgbm,scaled_dense,6,"{""class_weight"": null, ""colsample_bytree"": 0.8, ""learning_rate"": 0.08, ""min_child_samples"": 20, ""n_estimators"": 300, ""num_leaves"": 15, ""reg_lambda"": 5.0, ""subsample"": 0.8, ""subsample_freq"": 1}",1,184,46,45,27,Years_since_PD_diagnosis | Age | MCATOT | FRZGT12M | SCAU14 | SCAU16 | GDS_TOTAL | NQ_GAUSSIAN_REVISION | NP1RTOT | BMI | NP3GAIT_COMBINED_MAX | NP3PSTBL_COMBINED_MAX | NHY_COMBINED_MAX | NP3TOT_COMBINED_MAX | NP4TOT | FOG_FORM_MISSING | NQ_FORM_MISSING | PART_IV_FORM_MISSING | DXPOSINS_No | DXPOSINS_Unknown | DXPOSINS_Yes | DXRIGID_No | DXRIGID_Unknown | DXRIGID_Yes | DOPTHERST_Missing | DOPTHERST_No | DOPTHERST_Yes | FEATPOSHYP_No | FEATPOSHYP_Uncertain | FEATPOSHYP_Yes | ANYFAMPD_Missing | ANYFAMPD_No | ANYFAMPD_Yes | DXTREMOR_No | DXTREMOR_Yes | DXBRADY_No | DXBRADY_Unknown | DXBRADY_Yes | DOMSIDE_Left | DOMSIDE_Right | DOMSIDE_Symmetric | DOMSIDE_Unknown | PCA_PART_I_PATIENT_3_90_PC1 | PCA_PART_I_PATIENT_3_90_PC2 | PCA_PART_I_PATIENT_3_90_PC3,0.1584312500017404,0.6053921568627451,0.6004464285714286,0.6956521739130435,0.84375,0.35714285714285715,,0.84375
0,stage_2,1,ENG_06,engineering__PCA_PART_I_PATIENT_3_90,engineered_representation,none,all,PCA_PART_I_PATIENT_3_90,pca,lightgbm,scaled_dense,6,"{""class_weight"": null, ""colsample_bytree"": 0.8, ""learning_rate"": 0.08, ""min_child_samples"": 20, ""n_estimators"": 300, ""num_leaves"": 15, ""reg_lambda"": 5.0, ""subsample"": 0.8, ""subsample_freq"": 1}",2,184,46,45,27,Years_since_PD_diagnosis | Age | MCATOT | FRZGT12M | SCAU14 | SCAU16 | GDS_TOTAL | NQ_GAUSSIAN_REVISION | NP1RTOT | BMI | NP3GAIT_COMBINED_MAX | NP3PSTBL_COMBINED_MAX | NHY_COMBINED_MAX | NP3TOT_COMBINED_MAX | NP4TOT | FOG_FORM_MISSING | NQ_FORM_MISSING | PART_IV_FORM_MISSING | DXPOSINS_No | DXPOSINS_Unknown | DXPOSINS_Yes | DXRIGID_No | DXRIGID_Unknown | DXRIGID_Yes | DOPTHERST_Missing | DOPTHERST_No | DOPTHERST_Yes | FEATPOSHYP_No | FEATPOSHYP_Uncertain | FEATPOSHYP_Yes | ANYFAMPD_Missing | ANYFAMPD_No | ANYFAMPD_Yes | DXTREMOR_No | DXTREMOR_Yes | DXBRADY_No | DXBRADY_Unknown | DXBRADY_Yes | DOMSIDE_Left | DOMSIDE_Right | DOMSIDE_Symmetric | DOMSIDE_Unknown | PCA_PART_I_PATIENT_3_90_PC1 | PCA_PART_I_PATIENT_3_90_PC2 | PCA_PART_I_PATIENT_3_90_PC3,0.14122083300026134,0.681159420289855,0.6674107142857143,0.7608695652173914,0.90625,0.42857142857142855,,0.90625
0,stage_2,1,ENG_06,engineering__PCA_PART_I_PATIENT_3_90,engineered_representation,none,all,PCA_PART_I_PATIENT_3_90,pca,lightgbm,scaled_dense,6,"{""class_weight"": null, ""colsample_bytree"": 0.8, ""learning_rate"": 0.08, ""min_child_samples"": 20, ""n_estimators"": 300, ""num_leaves"": 15, ""reg_lambda"": 5.0, ""subsample"": 0.8, ""subsample_freq"": 1}",3,184,46,45,27,Years_since_PD_diagnosis | Age | MCATOT | FRZGT12M | SCAU14 | SCAU16 | GDS_TOTAL | NQ_GAUSSIAN_REVISION | NP1RTOT | BMI | NP3GAIT_COMBINED_MAX | NP3PSTBL_COMBINED_MAX | NHY_COMBINED_MAX | NP3TOT_COMBINED_MAX | NP4TOT | FOG_FORM_MISSING | NQ_FORM_MISSING | PART_IV_FORM_MISSING | DXPOSINS_No | DXPOSINS_Unknown | DXPOSINS_Yes | DXRIGID_No | DXRIGID_Unknown | DXRIGID_Yes | DOPTHERST_Missing | DOPTHERST_No | DOPTHERST_Yes | FEATPOSHYP_No | FEATPOSHYP_Uncertain | FEATPOSHYP_Yes | ANYFAMPD_Missing | ANYFAMPD_No | ANYFAMPD_Yes | DXTREMOR_No | DXTREMOR_Yes | DXBRADY_No | DXBRADY_Unknown | DXBRADY_Yes | DOMSIDE_Left | DOMSIDE_Right | DOMSIDE_Symmetric | DOMSIDE_Unknown | PCA_PART_I_PATIENT_3_90_PC1 | PCA_PART_I_PATIENT_3_90_PC2 | PCA_PART_I_PATIENT_3_90_PC3,0.14487862500027404,0.6247086247086246,0.6193548387096774,0.6956521739130435,0.8387096774193549,0.4,,0.8387096774193549
0,stage_2,1,ENG_06,engineering__PCA_PART_I_PATIENT_3_90,engineered_representation,none,all,PCA_PART_I_PATIENT_3_90,pca,lightgbm,scaled_dense,6,"{""class_weight"": null, ""colsample_bytree"": 0.8, ""learning_rate"": 0.08, ""min_child_samples"": 20, ""n_estimators"": 300, ""num_leaves"": 15, ""reg_lambda"": 5.0, ""subsample"": 0.8, ""subsample_freq"": 1}",4,184,46,45,27,Years_since_PD_diagnosis | Age | MCATOT | FRZGT12M | SCAU14 | SCAU16 | GDS_TOTAL | NQ_GAUSSIAN_REVISION | NP1RTOT | BMI | NP3GAIT_COMBINED_MAX | NP3PSTBL_COMBINED_MAX | NHY_COMBINED_MAX | NP3TOT_COMBINED_MAX | NP4TOT | FOG_FORM_MISSING | NQ_FORM_MISSING | PART_IV_FORM_MISSING | DXPOSINS_No | DXPOSINS_Unknown | DXPOSINS_Yes | DXRIGID_No | DXRIGID_Unknown | DXRIGID_Yes | DOPTHERST_Missing | DOPTHERST_No | DOPTHERST_Yes | FEATPOSHYP_No | FEATPOSHYP_Uncertain | FEATPOSHYP_Yes | ANYFAMPD_Missing | ANYFAMPD_No | ANYFAMPD_Yes | DXTREMOR_No | DXTREMOR_Yes | DXBRADY_No | DXBRADY_Unknown | DXBRADY_Yes | DOMSIDE_Left | DOMSIDE_Right | DOMSIDE_Symmetric | DOMSIDE_Unknown | PCA_PART_I_PATIENT_3_90_PC1 | PCA_PART_I_PATIENT_3_90_PC2 | PCA_PART_I_PATIENT_3_90_PC3,0.16214449999824865,0.7012987012987013,0.6830357142857143,0.782608695652174,0.9375,0.42857142857142855,,0.9375
0,stage_2,1,ENG_06,engineering__PCA_PART_I_PATIENT_3_90,engineered_representation,none,all,PCA_PART_I_PATIENT_3_90,pca,lightgbm,scaled_dense,7,"{""class_weight"": ""balanced"", ""colsample_bytree"": 0.8, ""learning_rate"": 0.08, ""min_child_samples"": 20, ""n_estimators"": 300, ""num_leaves"": 15, ""reg_lambda"": 5.0, ""subsample"": 0.8, ""subsample_freq"": 1}",0,184,46,45,27,Years_since_PD_diagnosis | Age | MCATOT | FRZGT12M | SCAU14 | SCAU16 | GDS_TOTAL | NQ_GAUSSIAN_REVISION | NP1RTOT | BMI | NP3GAIT_COMBINED_MAX | NP3PSTBL_COMBINED_MAX | NHY_COMBINED_MAX | NP3TOT_COMBINED_MAX | NP4TOT | FOG_FORM_MISSING | NQ_FORM_MISSING | PART_IV_FORM_MISSING | DXPOSINS_No | DXPOSINS_Unknown | DXPOSINS_Yes | DXRIGID_No | DXRIGID_Unknown | DXRIGID_Yes | DOPTHERST_Missing | DOPTHERST_No | DOPTHERST_Yes | FEATPOSHYP_No | FEATPOSHYP_Uncertain | FEATPOSHYP_Yes | ANYFAMPD_Missing | ANYFAMPD_No | ANYFAMPD_Yes | DXTREMOR_No | DXTREMOR_Yes | DXBRADY_No | DXBRADY_Unknown | DXBRADY_Yes | DOMSIDE_Left | DOMSIDE_Right | DOMSIDE_Symmetric | DOMSIDE_Unknown | PCA_PART_I_PATIENT_3_90_PC1 | PCA_PART_I_PATIENT_3_90_PC2 | PCA_PART_I_PATIENT_3_90_PC3,0.1473321669982397,0.6837652035959809,0.6964285714285714,0.717391304347826,0.75,0.6428571428571429,,0.75
0,stage_2,1,ENG_06,engineering__PCA_PART_I_PATIENT_3_90,engineered_representation,none,all,PCA_PART_I_PATIENT_3_90,pca,lightgbm,scaled_dense,7,"{""class_weight"": ""balanced"", ""colsample_bytree"": 0.8, ""learning_rate"": 0.08, ""min_child_samples"": 20, ""n_estimators"": 300, ""num_leaves"": 15, ""reg_lambda"": 5.0, ""subsample"": 0.8, ""subsample_freq"": 1}",1,184,46,45,27,Years_since_PD_diagnosis | Age | MCATOT | FRZGT12M | SCAU14 | SCAU16 | GDS_TOTAL | NQ_GAUSSIAN_REVISION | NP1RTOT | BMI | NP3GAIT_COMBINED_MAX | NP3PSTBL_COMBINED_MAX | NHY_COMBINED_MAX | NP3TOT_COMBINED_MAX | NP4TOT | FOG_FORM_MISSING | NQ_FORM_MISSING | PART_IV_FORM_MISSING | DXPOSINS_No | DXPOSINS_Unknown | DXPOSINS_Yes | DXRIGID_No | DXRIGID_Unknown | DXRIGID_Yes | DOPTHERST_Missing | DOPTHERST_No | DOPTHERST_Yes | FEATPOSHYP_No | FEATPOSHYP_Uncertain | FEATPOSHYP_Yes | ANYFAMPD_Missing | ANYFAMPD_No | ANYFAMPD_Yes | DXTREMOR_No | DXTREMOR_Yes | DXBRADY_No | DXBRADY_Unknown | DXBRADY_Yes | DOMSIDE_Left | DOMSIDE_Right | DOMSIDE_Symmetric | DOMSIDE_Unknown | PCA_PART_I_PATIENT_3_90_PC1 | PCA_PART_I_PATIENT_3_90_PC2 | PCA_PART_I_PATIENT_3_90_PC3,0.14291112499995506,0.640625,0.640625,0.6956521739130435,0.78125,0.5,,0.78125
0,stage_2,1,ENG_06,engineering__PCA_PART_I_PATIENT_3_90,engineered_representation,none,all,PCA_PART_I_PATIENT_3_90,pca,lightgbm,scaled_dense,7,"{""class_weight"": ""balanced"", ""colsample_bytree"": 0.8, ""learning_rate"": 0.08, ""min_child_samples"": 20, ""n_estimators"": 300, ""num_leaves"": 15, ""reg_lambda"": 5.0, ""subsample"": 0.8, ""subsample_freq"": 1}",2,184,46,45,27,Years_since_PD_diagnosis | Age | MCATOT | FRZGT12M | SCAU14 | SCAU16 | GDS_TOTAL | NQ_GAUSSIAN_REVISION | NP1RTOT | BMI | NP3GAIT_COMBINED_MAX | NP3PSTBL_COMBINED_MAX | NHY_COMBINED_MAX | NP3TOT_COMBINED_MAX | NP4TOT | FOG_FORM_MISSING | NQ_FORM_MISSING | PART_IV_FORM_MISSING | DXPOSINS_No | DXPOSINS_Unknown | DXPOSINS_Yes | DXRIGID_No | DXRIGID_Unknown | DXRIGID_Yes | DOPTHERST_Missing | DOPTHERST_No | DOPTHERST_Yes | FEATPOSHYP_No | FEATPOSHYP_Uncertain | FEATPOSHYP_Yes | ANYFAMPD_Missing | ANYFAMPD_No | ANYFAMPD_Yes | DXTREMOR_No | DXTREMOR_Yes | DXBRADY_No | DXBRADY_Unknown | DXBRADY_Yes | DOMSIDE_Left | DOMSIDE_Right | DOMSIDE_Symmetric | DOMSIDE_Unknown | PCA_PART_I_PATIENT_3_90_PC1 | PCA_PART_I_PATIENT_3_90_PC2 | PCA_PART_I_PATIENT_3_90_PC3,0.15766687499854015,0.6617647058823529,0.6517857142857143,0.7391304347826086,0.875,0.42857142857142855,,0.875
0,stage_2,1,ENG_06,engineering__PCA_PART_I_PATIENT_3_90,engineered_representation,none,all,PCA_PART_I_PATIENT_3_90,pca,lightgbm,scaled_dense,7,"{""class_weight"": ""balanced"", ""colsample_bytree"": 0.8, ""learning_rate"": 0.08, ""min_child_samples"": 20, ""n_estimators"": 300, ""num_leaves"": 15, ""reg_lambda"": 5.0, ""subsample"": 0.8, ""subsample_freq"": 1}",3,184,46,45,27,Years_since_PD_diagnosis | Age | MCATOT | FRZGT12M | SCAU14 | SCAU16 | GDS_TOTAL | NQ_GAUSSIAN_REVISION | NP1RTOT | BMI | NP3GAIT_COMBINED_MAX | NP3PSTBL_COMBINED_MAX | NHY_COMBINED_MAX | NP3TOT_COMBINED_MAX | NP4TOT | FOG_FORM_MISSING | NQ_FORM_MISSING | PART_IV_FORM_MISSING | DXPOSINS_No | DXPOSINS_Unknown | DXPOSINS_Yes | DXRIGID_No | DXRIGID_Unknown | DXRIGID_Yes | DOPTHERST_Missing | DOPTHERST_No | DOPTHERST_Yes | FEATPOSHYP_No | FEATPOSHYP_Uncertain | FEATPOSHYP_Yes | ANYFAMPD_Missing | ANYFAMPD_No | ANYFAMPD_Yes | DXTREMOR_No | DXTREMOR_Yes | DXBRADY_No | DXBRADY_Unknown | DXBRADY_Yes | DOMSIDE_Left | DOMSIDE_Right | DOMSIDE_Symmetric | DOMSIDE_Unknown | PCA_PART_I_PATIENT_3_90_PC1 | PCA_PART_I_PATIENT_3_90_PC2 | PCA_PART_I_PATIENT_3_90_PC3,0.16308199999912176,0.6726874657909141,0.6698924731182796,0.717391304347826,0.8064516129032258,0.5333333333333333,,0.8064516129032258
0,stage_2,1,ENG_06,engineering__PCA_PART_I_PATIENT_3_90,engineered_representation,none,all,PCA_PART_I_PATIENT_3_90,pca,lightgbm,scaled_dense,7,"{""class_weight"": ""balanced"", ""colsample_bytree"": 0.8, ""learning_rate"": 0.08, ""min_child_samples"": 20, ""n_estimators"": 300, ""num_leaves"": 15, ""reg_lambda"": 5.0, ""subsample"": 0.8, ""subsample_freq"": 1}",4,184,46,45,27,Years_since_PD_diagnosis | Age | MCATOT | FRZGT12M | SCAU14 | SCAU16 | GDS_TOTAL | NQ_GAUSSIAN_REVISION | NP1RTOT | BMI | NP3GAIT_COMBINED_MAX | NP3PSTBL_COMBINED_MAX | NHY_COMBINED_MAX | NP3TOT_COMBINED_MAX | NP4TOT | FOG_FORM_MISSING | NQ_FORM_MISSING | PART_IV_FORM_MISSING | DXPOSINS_No | DXPOSINS_Unknown | DXPOSINS_Yes | DXRIGID_No | DXRIGID_Unknown | DXRIGID_Yes | DOPTHERST_Missing | DOPTHERST_No | DOPTHERST_Yes | FEATPOSHYP_No | FEATPOSHYP_Uncertain | FEATPOSHYP_Yes | ANYFAMPD_Missing | ANYFAMPD_No | ANYFAMPD_Yes | DXTREMOR_No | DXTREMOR_Yes | DXBRADY_No | DXBRADY_Unknown | DXBRADY_Yes | DOMSIDE_Left | DOMSIDE_Right | DOMSIDE_Symmetric | DOMSIDE_Unknown | PCA_PART_I_PATIENT_3_90_PC1 | PCA_PART_I_PATIENT_3_90_PC2 | PCA_PART_I_PATIENT_3_90_PC3,0.14808287499909056,0.6617647058823529,0.6517857142857143,0.7391304347826086,0.875,0.42857142857142855,,0.875
0,stage_2,1,ENG_06,engineering__PCA_PART_I_PATIENT_3_90,engineered_representation,none,all,PCA_PART_I_PATIENT_3_90,pca,lightgbm,scaled_dense,8,"{""class_weight"": null, ""colsample_bytree"": 0.8, ""learning_rate"": 0.03, ""min_child_samples"": 20, ""n_estimators"": 300, ""num_leaves"": 31, ""reg_lambda"": 1.0, ""subsample"": 0.8, ""subsample_freq"": 1}",0,184,46,45,27,Years_since_PD_diagnosis | Age | MCATOT | FRZGT12M | SCAU14 | SCAU16 | GDS_TOTAL | NQ_GAUSSIAN_REVISION | NP1RTOT | BMI | NP3GAIT_COMBINED_MAX | NP3PSTBL_COMBINED_MAX | NHY_COMBINED_MAX | NP3TOT_COMBINED_MAX | NP4TOT | FOG_FORM_MISSING | NQ_FORM_MISSING | PART_IV_FORM_MISSING | DXPOSINS_No | DXPOSINS_Unknown | DXPOSINS_Yes | DXRIGID_No | DXRIGID_Unknown | DXRIGID_Yes | DOPTHERST_Missing | DOPTHERST_No | DOPTHERST_Yes | FEATPOSHYP_No | FEATPOSHYP_Uncertain | FEATPOSHYP_Yes | ANYFAMPD_Missing | ANYFAMPD_No | ANYFAMPD_Yes | DXTREMOR_No | DXTREMOR_Yes | DXBRADY_No | DXBRADY_Unknown | DXBRADY_Yes | DOMSIDE_Left | DOMSIDE_Right | DOMSIDE_Symmetric | DOMSIDE_Unknown | PCA_PART_I_PATIENT_3_90_PC1 | PCA_PART_I_PATIENT_3_90_PC2 | PCA_PART_I_PATIENT_3_90_PC3,0.16063095799836447,0.7116809116809117,0.7075892857142857,0.7608695652173914,0.84375,0.5714285714285714,,0.84375
0,stage_2,1,ENG_06,engineering__PCA_PART_I_PATIENT_3_90,engineered_representation,none,all,PCA_PART_I_PATIENT_3_90,pca,lightgbm,scaled_dense,8,"{""class_weight"": null, ""colsample_bytree"": 0.8, ""learning_rate"": 0.03, ""min_child_samples"": 20, ""n_estimators"": 300, ""num_leaves"": 31, ""reg_lambda"": 1.0, ""subsample"": 0.8, ""subsample_freq"": 1}",1,184,46,45,27,Years_since_PD_diagnosis | Age | MCATOT | FRZGT12M | SCAU14 | SCAU16 | GDS_TOTAL | NQ_GAUSSIAN_REVISION | NP1RTOT | BMI | NP3GAIT_COMBINED_MAX | NP3PSTBL_COMBINED_MAX | NHY_COMBINED_MAX | NP3TOT_COMBINED_MAX | NP4TOT | FOG_FORM_MISSING | NQ_FORM_MISSING | PART_IV_FORM_MISSING | DXPOSINS_No | DXPOSINS_Unknown | DXPOSINS_Yes | DXRIGID_No | DXRIGID_Unknown | DXRIGID_Yes | DOPTHERST_Missing | DOPTHERST_No | DOPTHERST_Yes | FEATPOSHYP_No | FEATPOSHYP_Uncertain | FEATPOSHYP_Yes | ANYFAMPD_Missing | ANYFAMPD_No | ANYFAMPD_Yes | DXTREMOR_No | DXTREMOR_Yes | DXBRADY_No | DXBRADY_Unknown | DXBRADY_Yes | DOMSIDE_Left | DOMSIDE_Right | DOMSIDE_Symmetric | DOMSIDE_Unknown | PCA_PART_I_PATIENT_3_90_PC1 | PCA_PART_I_PATIENT_3_90_PC2 | PCA_PART_I_PATIENT_3_90_PC3,0.14690216600138228,0.6429850746268657,0.6361607142857143,0.717391304347826,0.84375,0.42857142857142855,,0.84375
0,stage_2,1,ENG_06,engineering__PCA_PART_I_PATIENT_3_90,engineered_representation,none,all,PCA_PART_I_PATIENT_3_90,pca,lightgbm,scaled_dense,8,"{""class_weight"": null, ""colsample_bytree"": 0.8, ""learning_rate"": 0.03, ""min_child_samples"": 20, ""n_estimators"": 300, ""num_leaves"": 31, ""reg_lambda"": 1.0, ""subsample"": 0.8, ""subsample_freq"": 1}",2,184,46,45,27,Years_since_PD_diagnosis | Age | MCATOT | FRZGT12M | SCAU14 | SCAU16 | GDS_TOTAL | NQ_GAUSSIAN_REVISION | NP1RTOT | BMI | NP3GAIT_COMBINED_MAX | NP3PSTBL_COMBINED_MAX | NHY_COMBINED_MAX | NP3TOT_COMBINED_MAX | NP4TOT | FOG_FORM_MISSING | NQ_FORM_MISSING | PART_IV_FORM_MISSING | DXPOSINS_No | DXPOSINS_Unknown | DXPOSINS_Yes | DXRIGID_No | DXRIGID_Unknown | DXRIGID_Yes | DOPTHERST_Missing | DOPTHERST_No | DOPTHERST_Yes | FEATPOSHYP_No | FEATPOSHYP_Uncertain | FEATPOSHYP_Yes | ANYFAMPD_Missing | ANYFAMPD_No | ANYFAMPD_Yes | DXTREMOR_No | DXTREMOR_Yes | DXBRADY_No | DXBRADY_Unknown | DXBRADY_Yes | DOMSIDE_Left | DOMSIDE_Right | DOMSIDE_Symmetric | DOMSIDE_Unknown | PCA_PART_I_PATIENT_3_90_PC1 | PCA_PART_I_PATIENT_3_90_PC2 | PCA_PART_I_PATIENT_3_90_PC3,0.14837683299992932,0.6415584415584416,0.6316964285714286,0.7391304347826086,0.90625,0.35714285714285715,,0.90625
0,stage_2,1,ENG_06,engineering__PCA_PART_I_PATIENT_3_90,engineered_representation,none,all,PCA_PART_I_PATIENT_3_90,pca,lightgbm,scaled_dense,8,"{""class_weight"": null, ""colsample_bytree"": 0.8, ""learning_rate"": 0.03, ""min_child_samples"": 20, ""n_estimators"": 300, ""num_leaves"": 31, ""reg_lambda"": 1.0, ""subsample"": 0.8, ""subsample_freq"": 1}",3,184,46,45,27,Years_since_PD_diagnosis | Age | MCATOT | FRZGT12M | SCAU14 | SCAU16 | GDS_TOTAL | NQ_GAUSSIAN_REVISION | NP1RTOT | BMI | NP3GAIT_COMBINED_MAX | NP3PSTBL_COMBINED_MAX | NHY_COMBINED_MAX | NP3TOT_COMBINED_MAX | NP4TOT | FOG_FORM_MISSING | NQ_FORM_MISSING | PART_IV_FORM_MISSING | DXPOSINS_No | DXPOSINS_Unknown | DXPOSINS_Yes | DXRIGID_No | DXRIGID_Unknown | DXRIGID_Yes | DOPTHERST_Missing | DOPTHERST_No | DOPTHERST_Yes | FEATPOSHYP_No | FEATPOSHYP_Uncertain | FEATPOSHYP_Yes | ANYFAMPD_Missing | ANYFAMPD_No | ANYFAMPD_Yes | DXTREMOR_No | DXTREMOR_Yes | DXBRADY_No | DXBRADY_Unknown | DXBRADY_Yes | DOMSIDE_Left | DOMSIDE_Right | DOMSIDE_Symmetric | DOMSIDE_Unknown | PCA_PART_I_PATIENT_3_90_PC1 | PCA_PART_I_PATIENT_3_90_PC2 | PCA_PART_I_PATIENT_3_90_PC3,0.15497833300105412,0.5490196078431372,0.5526881720430108,0.6521739130434783,0.8387096774193549,0.26666666666666666,,0.8387096774193549
0,stage_2,1,ENG_06,engineering__PCA_PART_I_PATIENT_3_90,engineered_representation,none,all,PCA_PART_I_PATIENT_3_90,pca,lightgbm,scaled_dense,8,"{""class_weight"": null, ""colsample_bytree"": 0.8, ""learning_rate"": 0.03, ""min_child_samples"": 20, ""n_estimators"": 300, ""num_leaves"": 31, ""reg_lambda"": 1.0, ""subsample"": 0.8, ""subsample_freq"": 1}",4,184,46,45,27,Years_since_PD_diagnosis | Age | MCATOT | FRZGT12M | SCAU14 | SCAU16 | GDS_TOTAL | NQ_GAUSSIAN_REVISION | NP1RTOT | BMI | NP3GAIT_COMBINED_MAX | NP3PSTBL_COMBINED_MAX | NHY_COMBINED_MAX | NP3TOT_COMBINED_MAX | NP4TOT | FOG_FORM_MISSING | NQ_FORM_MISSING | PART_IV_FORM_MISSING | DXPOSINS_No | DXPOSINS_Unknown | DXPOSINS_Yes | DXRIGID_No | DXRIGID_Unknown | DXRIGID_Yes | DOPTHERST_Missing | DOPTHERST_No | DOPTHERST_Yes | FEATPOSHYP_No | FEATPOSHYP_Uncertain | FEATPOSHYP_Yes | ANYFAMPD_Missing | ANYFAMPD_No | ANYFAMPD_Yes | DXTREMOR_No | DXTREMOR_Yes | DXBRADY_No | DXBRADY_Unknown | DXBRADY_Yes | DOMSIDE_Left | DOMSIDE_Right | DOMSIDE_Symmetric | DOMSIDE_Unknown | PCA_PART_I_PATIENT_3_90_PC1 | PCA_PART_I_PATIENT_3_90_PC2 | PCA_PART_I_PATIENT_3_90_PC3,0.1480060419999063,0.7223340040241448,0.6986607142857143,0.8043478260869565,0.96875,0.42857142857142855,,0.96875
0,stage_2,1,ENG_06,engineering__PCA_PART_I_PATIENT_3_90,engineered_representation,none,all,PCA_PART_I_PATIENT_3_90,pca,lightgbm,scaled_dense,9,"{""class_weight"": ""balanced"", ""colsample_bytree"": 0.8, ""learning_rate"": 0.03, ""min_child_samples"": 20, ""n_estimators"": 300, ""num_leaves"": 31, ""reg_lambda"": 1.0, ""subsample"": 0.8, ""subsample_freq"": 1}",0,184,46,45,27,Years_since_PD_diagnosis | Age | MCATOT | FRZGT12M | SCAU14 | SCAU16 | GDS_TOTAL | NQ_GAUSSIAN_REVISION | NP1RTOT | BMI | NP3GAIT_COMBINED_MAX | NP3PSTBL_COMBINED_MAX | NHY_COMBINED_MAX | NP3TOT_COMBINED_MAX | NP4TOT | FOG_FORM_MISSING | NQ_FORM_MISSING | PART_IV_FORM_MISSING | DXPOSINS_No | DXPOSINS_Unknown | DXPOSINS_Yes | DXRIGID_No | DXRIGID_Unknown | DXRIGID_Yes | DOPTHERST_Missing | DOPTHERST_No | DOPTHERST_Yes | FEATPOSHYP_No | FEATPOSHYP_Uncertain | FEATPOSHYP_Yes | ANYFAMPD_Missing | ANYFAMPD_No | ANYFAMPD_Yes | DXTREMOR_No | DXTREMOR_Yes | DXBRADY_No | DXBRADY_Unknown | DXBRADY_Yes | DOMSIDE_Left | DOMSIDE_Right | DOMSIDE_Symmetric | DOMSIDE_Unknown | PCA_PART_I_PATIENT_3_90_PC1 | PCA_PART_I_PATIENT_3_90_PC2 | PCA_PART_I_PATIENT_3_90_PC3,0.15457916599916643,0.6928608115048793,0.7165178571428572,0.717391304347826,0.71875,0.7142857142857143,,0.71875
0,stage_2,1,ENG_06,engineering__PCA_PART_I_PATIENT_3_90,engineered_representation,none,all,PCA_PART_I_PATIENT_3_90,pca,lightgbm,scaled_dense,9,"{""class_weight"": ""balanced"", ""colsample_bytree"": 0.8, ""learning_rate"": 0.03, ""min_child_samples"": 20, ""n_estimators"": 300, ""num_leaves"": 31, ""reg_lambda"": 1.0, ""subsample"": 0.8, ""subsample_freq"": 1}",1,184,46,45,27,Years_since_PD_diagnosis | Age | MCATOT | FRZGT12M | SCAU14 | SCAU16 | GDS_TOTAL | NQ_GAUSSIAN_REVISION | NP1RTOT | BMI | NP3GAIT_COMBINED_MAX | NP3PSTBL_COMBINED_MAX | NHY_COMBINED_MAX | NP3TOT_COMBINED_MAX | NP4TOT | FOG_FORM_MISSING | NQ_FORM_MISSING | PART_IV_FORM_MISSING | DXPOSINS_No | DXPOSINS_Unknown | DXPOSINS_Yes | DXRIGID_No | DXRIGID_Unknown | DXRIGID_Yes | DOPTHERST_Missing | DOPTHERST_No | DOPTHERST_Yes | FEATPOSHYP_No | FEATPOSHYP_Uncertain | FEATPOSHYP_Yes | ANYFAMPD_Missing | ANYFAMPD_No | ANYFAMPD_Yes | DXTREMOR_No | DXTREMOR_Yes | DXBRADY_No | DXBRADY_Unknown | DXBRADY_Yes | DOMSIDE_Left | DOMSIDE_Right | DOMSIDE_Symmetric | DOMSIDE_Unknown | PCA_PART_I_PATIENT_3_90_PC1 | PCA_PART_I_PATIENT_3_90_PC2 | PCA_PART_I_PATIENT_3_90_PC3,0.15064245800022036,0.640625,0.640625,0.6956521739130435,0.78125,0.5,,0.78125
0,stage_2,1,ENG_06,engineering__PCA_PART_I_PATIENT_3_90,engineered_representation,none,all,PCA_PART_I_PATIENT_3_90,pca,lightgbm,scaled_dense,9,"{""class_weight"": ""balanced"", ""colsample_bytree"": 0.8, ""learning_rate"": 0.03, ""min_child_samples"": 20, ""n_estimators"": 300, ""num_leaves"": 31, ""reg_lambda"": 1.0, ""subsample"": 0.8, ""subsample_freq"": 1}",2,184,46,45,27,Years_since_PD_diagnosis | Age | MCATOT | FRZGT12M | SCAU14 | SCAU16 | GDS_TOTAL | NQ_GAUSSIAN_REVISION | NP1RTOT | BMI | NP3GAIT_COMBINED_MAX | NP3PSTBL_COMBINED_MAX | NHY_COMBINED_MAX | NP3TOT_COMBINED_MAX | NP4TOT | FOG_FORM_MISSING | NQ_FORM_MISSING | PART_IV_FORM_MISSING | DXPOSINS_No | DXPOSINS_Unknown | DXPOSINS_Yes | DXRIGID_No | DXRIGID_Unknown | DXRIGID_Yes | DOPTHERST_Missing | DOPTHERST_No | DOPTHERST_Yes | FEATPOSHYP_No | FEATPOSHYP_Uncertain | FEATPOSHYP_Yes | ANYFAMPD_Missing | ANYFAMPD_No | ANYFAMPD_Yes | DXTREMOR_No | DXTREMOR_Yes | DXBRADY_No | DXBRADY_Unknown | DXBRADY_Yes | DOMSIDE_Left | DOMSIDE_Right | DOMSIDE_Symmetric | DOMSIDE_Unknown | PCA_PART_I_PATIENT_3_90_PC1 | PCA_PART_I_PATIENT_3_90_PC2 | PCA_PART_I_PATIENT_3_90_PC3,0.15133970800161478,0.681159420289855,0.6674107142857143,0.7608695652173914,0.90625,0.42857142857142855,,0.90625
0,stage_2,1,ENG_06,engineering__PCA_PART_I_PATIENT_3_90,engineered_representation,none,all,PCA_PART_I_PATIENT_3_90,pca,lightgbm,scaled_dense,9,"{""class_weight"": ""balanced"", ""colsample_bytree"": 0.8, ""learning_rate"": 0.03, ""min_child_samples"": 20, ""n_estimators"": 300, ""num_leaves"": 31, ""reg_lambda"": 1.0, ""subsample"": 0.8, ""subsample_freq"": 1}",3,184,46,45,27,Years_since_PD_diagnosis | Age | MCATOT | FRZGT12M | SCAU14 | SCAU16 | GDS_TOTAL | NQ_GAUSSIAN_REVISION | NP1RTOT | BMI | NP3GAIT_COMBINED_MAX | NP3PSTBL_COMBINED_MAX | NHY_COMBINED_MAX | NP3TOT_COMBINED_MAX | NP4TOT | FOG_FORM_MISSING | NQ_FORM_MISSING | PART_IV_FORM_MISSING | DXPOSINS_No | DXPOSINS_Unknown | DXPOSINS_Yes | DXRIGID_No | DXRIGID_Unknown | DXRIGID_Yes | DOPTHERST_Missing | DOPTHERST_No | DOPTHERST_Yes | FEATPOSHYP_No | FEATPOSHYP_Uncertain | FEATPOSHYP_Yes | ANYFAMPD_Missing | ANYFAMPD_No | ANYFAMPD_Yes | DXTREMOR_No | DXTREMOR_Yes | DXBRADY_No | DXBRADY_Unknown | DXBRADY_Yes | DOMSIDE_Left | DOMSIDE_Right | DOMSIDE_Symmetric | DOMSIDE_Unknown | PCA_PART_I_PATIENT_3_90_PC1 | PCA_PART_I_PATIENT_3_90_PC2 | PCA_PART_I_PATIENT_3_90_PC3,0.15303129200037802,0.6726874657909141,0.6698924731182796,0.717391304347826,0.8064516129032258,0.5333333333333333,,0.8064516129032258
0,stage_2,1,ENG_06,engineering__PCA_PART_I_PATIENT_3_90,engineered_representation,none,all,PCA_PART_I_PATIENT_3_90,pca,lightgbm,scaled_dense,9,"{""class_weight"": ""balanced"", ""colsample_bytree"": 0.8, ""learning_rate"": 0.03, ""min_child_samples"": 20, ""n_estimators"": 300, ""num_leaves"": 31, ""reg_lambda"": 1.0, ""subsample"": 0.8, ""subsample_freq"": 1}",4,184,46,45,27,Years_since_PD_diagnosis | Age | MCATOT | FRZGT12M | SCAU14 | SCAU16 | GDS_TOTAL | NQ_GAUSSIAN_REVISION | NP1RTOT | BMI | NP3GAIT_COMBINED_MAX | NP3PSTBL_COMBINED_MAX | NHY_COMBINED_MAX | NP3TOT_COMBINED_MAX | NP4TOT | FOG_FORM_MISSING | NQ_FORM_MISSING | PART_IV_FORM_MISSING | DXPOSINS_No | DXPOSINS_Unknown | DXPOSINS_Yes | DXRIGID_No | DXRIGID_Unknown | DXRIGID_Yes | DOPTHERST_Missing | DOPTHERST_No | DOPTHERST_Yes | FEATPOSHYP_No | FEATPOSHYP_Uncertain | FEATPOSHYP_Yes | ANYFAMPD_Missing | ANYFAMPD_No | ANYFAMPD_Yes | DXTREMOR_No | DXTREMOR_Yes | DXBRADY_No | DXBRADY_Unknown | DXBRADY_Yes | DOMSIDE_Left | DOMSIDE_Right | DOMSIDE_Symmetric | DOMSIDE_Unknown | PCA_PART_I_PATIENT_3_90_PC1 | PCA_PART_I_PATIENT_3_90_PC2 | PCA_PART_I_PATIENT_3_90_PC3,0.1527049159994931,0.6429850746268657,0.6361607142857143,0.717391304347826,0.84375,0.42857142857142855,,0.84375
0,stage_2,1,ENG_06,engineering__PCA_PART_I_PATIENT_3_90,engineered_representation,none,all,PCA_PART_I_PATIENT_3_90,pca,lightgbm,scaled_dense,10,"{""class_weight"": null, ""colsample_bytree"": 0.8, ""learning_rate"": 0.03, ""min_child_samples"": 20, ""n_estimators"": 300, ""num_leaves"": 31, ""reg_lambda"": 5.0, ""subsample"": 0.8, ""subsample_freq"": 1}",0,184,46,45,27,Years_since_PD_diagnosis | Age | MCATOT | FRZGT12M | SCAU14 | SCAU16 | GDS_TOTAL | NQ_GAUSSIAN_REVISION | NP1RTOT | BMI | NP3GAIT_COMBINED_MAX | NP3PSTBL_COMBINED_MAX | NHY_COMBINED_MAX | NP3TOT_COMBINED_MAX | NP4TOT | FOG_FORM_MISSING | NQ_FORM_MISSING | PART_IV_FORM_MISSING | DXPOSINS_No | DXPOSINS_Unknown | DXPOSINS_Yes | DXRIGID_No | DXRIGID_Unknown | DXRIGID_Yes | DOPTHERST_Missing | DOPTHERST_No | DOPTHERST_Yes | FEATPOSHYP_No | FEATPOSHYP_Uncertain | FEATPOSHYP_Yes | ANYFAMPD_Missing | ANYFAMPD_No | ANYFAMPD_Yes | DXTREMOR_No | DXTREMOR_Yes | DXBRADY_No | DXBRADY_Unknown | DXBRADY_Yes | DOMSIDE_Left | DOMSIDE_Right | DOMSIDE_Symmetric | DOMSIDE_Unknown | PCA_PART_I_PATIENT_3_90_PC1 | PCA_PART_I_PATIENT_3_90_PC2 | PCA_PART_I_PATIENT_3_90_PC3,0.15451470799962408,0.764102564102564,0.7589285714285714,0.8043478260869565,0.875,0.6428571428571429,,0.875
0,stage_2,1,ENG_06,engineering__PCA_PART_I_PATIENT_3_90,engineered_representation,none,all,PCA_PART_I_PATIENT_3_90,pca,lightgbm,scaled_dense,10,"{""class_weight"": null, ""colsample_bytree"": 0.8, ""learning_rate"": 0.03, ""min_child_samples"": 20, ""n_estimators"": 300, ""num_leaves"": 31, ""reg_lambda"": 5.0, ""subsample"": 0.8, ""subsample_freq"": 1}",1,184,46,45,27,Years_since_PD_diagnosis | Age | MCATOT | FRZGT12M | SCAU14 | SCAU16 | GDS_TOTAL | NQ_GAUSSIAN_REVISION | NP1RTOT | BMI | NP3GAIT_COMBINED_MAX | NP3PSTBL_COMBINED_MAX | NHY_COMBINED_MAX | NP3TOT_COMBINED_MAX | NP4TOT | FOG_FORM_MISSING | NQ_FORM_MISSING | PART_IV_FORM_MISSING | DXPOSINS_No | DXPOSINS_Unknown | DXPOSINS_Yes | DXRIGID_No | DXRIGID_Unknown | DXRIGID_Yes | DOPTHERST_Missing | DOPTHERST_No | DOPTHERST_Yes | FEATPOSHYP_No | FEATPOSHYP_Uncertain | FEATPOSHYP_Yes | ANYFAMPD_Missing | ANYFAMPD_No | ANYFAMPD_Yes | DXTREMOR_No | DXTREMOR_Yes | DXBRADY_No | DXBRADY_Unknown | DXBRADY_Yes | DOMSIDE_Left | DOMSIDE_Right | DOMSIDE_Symmetric | DOMSIDE_Unknown | PCA_PART_I_PATIENT_3_90_PC1 | PCA_PART_I_PATIENT_3_90_PC2 | PCA_PART_I_PATIENT_3_90_PC3,0.14816608399996767,0.6053921568627451,0.6004464285714286,0.6956521739130435,0.84375,0.35714285714285715,,0.84375
0,stage_2,1,ENG_06,engineering__PCA_PART_I_PATIENT_3_90,engineered_representation,none,all,PCA_PART_I_PATIENT_3_90,pca,lightgbm,scaled_dense,10,"{""class_weight"": null, ""colsample_bytree"": 0.8, ""learning_rate"": 0.03, ""min_child_samples"": 20, ""n_estimators"": 300, ""num_leaves"": 31, ""reg_lambda"": 5.0, ""subsample"": 0.8, ""subsample_freq"": 1}",2,184,46,45,27,Years_since_PD_diagnosis | Age | MCATOT | FRZGT12M | SCAU14 | SCAU16 | GDS_TOTAL | NQ_GAUSSIAN_REVISION | NP1RTOT | BMI | NP3GAIT_COMBINED_MAX | NP3PSTBL_COMBINED_MAX | NHY_COMBINED_MAX | NP3TOT_COMBINED_MAX | NP4TOT | FOG_FORM_MISSING | NQ_FORM_MISSING | PART_IV_FORM_MISSING | DXPOSINS_No | DXPOSINS_Unknown | DXPOSINS_Yes | DXRIGID_No | DXRIGID_Unknown | DXRIGID_Yes | DOPTHERST_Missing | DOPTHERST_No | DOPTHERST_Yes | FEATPOSHYP_No | FEATPOSHYP_Uncertain | FEATPOSHYP_Yes | ANYFAMPD_Missing | ANYFAMPD_No | ANYFAMPD_Yes | DXTREMOR_No | DXTREMOR_Yes | DXBRADY_No | DXBRADY_Unknown | DXBRADY_Yes | DOMSIDE_Left | DOMSIDE_Right | DOMSIDE_Symmetric | DOMSIDE_Unknown | PCA_PART_I_PATIENT_3_90_PC1 | PCA_PART_I_PATIENT_3_90_PC2 | PCA_PART_I_PATIENT_3_90_PC3,0.1459993749995192,0.7012987012987013,0.6830357142857143,0.782608695652174,0.9375,0.42857142857142855,,0.9375
0,stage_2,1,ENG_06,engineering__PCA_PART_I_PATIENT_3_90,engineered_representation,none,all,PCA_PART_I_PATIENT_3_90,pca,lightgbm,scaled_dense,10,"{""class_weight"": null, ""colsample_bytree"": 0.8, ""learning_rate"": 0.03, ""min_child_samples"": 20, ""n_estimators"": 300, ""num_leaves"": 31, ""reg_lambda"": 5.0, ""subsample"": 0.8, ""subsample_freq"": 1}",3,184,46,45,27,Years_since_PD_diagnosis | Age | MCATOT | FRZGT12M | SCAU14 | SCAU16 | GDS_TOTAL | NQ_GAUSSIAN_REVISION | NP1RTOT | BMI | NP3GAIT_COMBINED_MAX | NP3PSTBL_COMBINED_MAX | NHY_COMBINED_MAX | NP3TOT_COMBINED_MAX | NP4TOT | FOG_FORM_MISSING | NQ_FORM_MISSING | PART_IV_FORM_MISSING | DXPOSINS_No | DXPOSINS_Unknown | DXPOSINS_Yes | DXRIGID_No | DXRIGID_Unknown | DXRIGID_Yes | DOPTHERST_Missing | DOPTHERST_No | DOPTHERST_Yes | FEATPOSHYP_No | FEATPOSHYP_Uncertain | FEATPOSHYP_Yes | ANYFAMPD_Missing | ANYFAMPD_No | ANYFAMPD_Yes | DXTREMOR_No | DXTREMOR_Yes | DXBRADY_No | DXBRADY_Unknown | DXBRADY_Yes | DOMSIDE_Left | DOMSIDE_Right | DOMSIDE_Symmetric | DOMSIDE_Unknown | PCA_PART_I_PATIENT_3_90_PC1 | PCA_PART_I_PATIENT_3_90_PC2 | PCA_PART_I_PATIENT_3_90_PC3,0.14486649999889778,0.6617647058823529,0.6516129032258065,0.7391304347826086,0.9032258064516129,0.4,,0.9032258064516129
0,stage_2,1,ENG_06,engineering__PCA_PART_I_PATIENT_3_90,engineered_representation,none,all,PCA_PART_I_PATIENT_3_90,pca,lightgbm,scaled_dense,10,"{""class_weight"": null, ""colsample_bytree"": 0.8, ""learning_rate"": 0.03, ""min_child_samples"": 20, ""n_estimators"": 300, ""num_leaves"": 31, ""reg_lambda"": 5.0, ""subsample"": 0.8, ""subsample_freq"": 1}",4,184,46,45,27,Years_since_PD_diagnosis | Age | MCATOT | FRZGT12M | SCAU14 | SCAU16 | GDS_TOTAL | NQ_GAUSSIAN_REVISION | NP1RTOT | BMI | NP3GAIT_COMBINED_MAX | NP3PSTBL_COMBINED_MAX | NHY_COMBINED_MAX | NP3TOT_COMBINED_MAX | NP4TOT | FOG_FORM_MISSING | NQ_FORM_MISSING | PART_IV_FORM_MISSING | DXPOSINS_No | DXPOSINS_Unknown | DXPOSINS_Yes | DXRIGID_No | DXRIGID_Unknown | DXRIGID_Yes | DOPTHERST_Missing | DOPTHERST_No | DOPTHERST_Yes | FEATPOSHYP_No | FEATPOSHYP_Uncertain | FEATPOSHYP_Yes | ANYFAMPD_Missing | ANYFAMPD_No | ANYFAMPD_Yes | DXTREMOR_No | DXTREMOR_Yes | DXBRADY_No | DXBRADY_Unknown | DXBRADY_Yes | DOMSIDE_Left | DOMSIDE_Right | DOMSIDE_Symmetric | DOMSIDE_Unknown | PCA_PART_I_PATIENT_3_90_PC1 | PCA_PART_I_PATIENT_3_90_PC2 | PCA_PART_I_PATIENT_3_90_PC3,0.141121333999763,0.681159420289855,0.6674107142857143,0.7608695652173914,0.90625,0.42857142857142855,,0.90625
0,stage_2,1,ENG_06,engineering__PCA_PART_I_PATIENT_3_90,engineered_representation,none,all,PCA_PART_I_PATIENT_3_90,pca,lightgbm,scaled_dense,11,"{""class_weight"": ""balanced"", ""colsample_bytree"": 0.8, ""learning_rate"": 0.03, ""min_child_samples"": 20, ""n_estimators"": 300, ""num_leaves"": 31, ""reg_lambda"": 5.0, ""subsample"": 0.8, ""subsample_freq"": 1}",0,184,46,45,27,Years_since_PD_diagnosis | Age | MCATOT | FRZGT12M | SCAU14 | SCAU16 | GDS_TOTAL | NQ_GAUSSIAN_REVISION | NP1RTOT | BMI | NP3GAIT_COMBINED_MAX | NP3PSTBL_COMBINED_MAX | NHY_COMBINED_MAX | NP3TOT_COMBINED_MAX | NP4TOT | FOG_FORM_MISSING | NQ_FORM_MISSING | PART_IV_FORM_MISSING | DXPOSINS_No | DXPOSINS_Unknown | DXPOSINS_Yes | DXRIGID_No | DXRIGID_Unknown | DXRIGID_Yes | DOPTHERST_Missing | DOPTHERST_No | DOPTHERST_Yes | FEATPOSHYP_No | FEATPOSHYP_Uncertain | FEATPOSHYP_Yes | ANYFAMPD_Missing | ANYFAMPD_No | ANYFAMPD_Yes | DXTREMOR_No | DXTREMOR_Yes | DXBRADY_No | DXBRADY_Unknown | DXBRADY_Yes | DOMSIDE_Left | DOMSIDE_Right | DOMSIDE_Symmetric | DOMSIDE_Unknown | PCA_PART_I_PATIENT_3_90_PC1 | PCA_PART_I_PATIENT_3_90_PC2 | PCA_PART_I_PATIENT_3_90_PC3,0.1516459999984363,0.700250626566416,0.7366071428571428,0.717391304347826,0.6875,0.7857142857142857,,0.6875
0,stage_2,1,ENG_06,engineering__PCA_PART_I_PATIENT_3_90,engineered_representation,none,all,PCA_PART_I_PATIENT_3_90,pca,lightgbm,scaled_dense,11,"{""class_weight"": ""balanced"", ""colsample_bytree"": 0.8, ""learning_rate"": 0.03, ""min_child_samples"": 20, ""n_estimators"": 300, ""num_leaves"": 31, ""reg_lambda"": 5.0, ""subsample"": 0.8, ""subsample_freq"": 1}",1,184,46,45,27,Years_since_PD_diagnosis | Age | MCATOT | FRZGT12M | SCAU14 | SCAU16 | GDS_TOTAL | NQ_GAUSSIAN_REVISION | NP1RTOT | BMI | NP3GAIT_COMBINED_MAX | NP3PSTBL_COMBINED_MAX | NHY_COMBINED_MAX | NP3TOT_COMBINED_MAX | NP4TOT | FOG_FORM_MISSING | NQ_FORM_MISSING | PART_IV_FORM_MISSING | DXPOSINS_No | DXPOSINS_Unknown | DXPOSINS_Yes | DXRIGID_No | DXRIGID_Unknown | DXRIGID_Yes | DOPTHERST_Missing | DOPTHERST_No | DOPTHERST_Yes | FEATPOSHYP_No | FEATPOSHYP_Uncertain | FEATPOSHYP_Yes | ANYFAMPD_Missing | ANYFAMPD_No | ANYFAMPD_Yes | DXTREMOR_No | DXTREMOR_Yes | DXBRADY_No | DXBRADY_Unknown | DXBRADY_Yes | DOMSIDE_Left | DOMSIDE_Right | DOMSIDE_Symmetric | DOMSIDE_Unknown | PCA_PART_I_PATIENT_3_90_PC1 | PCA_PART_I_PATIENT_3_90_PC2 | PCA_PART_I_PATIENT_3_90_PC3,0.14300270899911993,0.6043010752688172,0.609375,0.6521739130434783,0.71875,0.5,,0.71875
0,stage_2,1,ENG_06,engineering__PCA_PART_I_PATIENT_3_90,engineered_representation,none,all,PCA_PART_I_PATIENT_3_90,pca,lightgbm,scaled_dense,11,"{""class_weight"": ""balanced"", ""colsample_bytree"": 0.8, ""learning_rate"": 0.03, ""min_child_samples"": 20, ""n_estimators"": 300, ""num_leaves"": 31, ""reg_lambda"": 5.0, ""subsample"": 0.8, ""subsample_freq"": 1}",2,184,46,45,27,Years_since_PD_diagnosis | Age | MCATOT | FRZGT12M | SCAU14 | SCAU16 | GDS_TOTAL | NQ_GAUSSIAN_REVISION | NP1RTOT | BMI | NP3GAIT_COMBINED_MAX | NP3PSTBL_COMBINED_MAX | NHY_COMBINED_MAX | NP3TOT_COMBINED_MAX | NP4TOT | FOG_FORM_MISSING | NQ_FORM_MISSING | PART_IV_FORM_MISSING | DXPOSINS_No | DXPOSINS_Unknown | DXPOSINS_Yes | DXRIGID_No | DXRIGID_Unknown | DXRIGID_Yes | DOPTHERST_Missing | DOPTHERST_No | DOPTHERST_Yes | FEATPOSHYP_No | FEATPOSHYP_Uncertain | FEATPOSHYP_Yes | ANYFAMPD_Missing | ANYFAMPD_No | ANYFAMPD_Yes | DXTREMOR_No | DXTREMOR_Yes | DXBRADY_No | DXBRADY_Unknown | DXBRADY_Yes | DOMSIDE_Left | DOMSIDE_Right | DOMSIDE_Symmetric | DOMSIDE_Unknown | PCA_PART_I_PATIENT_3_90_PC1 | PCA_PART_I_PATIENT_3_90_PC2 | PCA_PART_I_PATIENT_3_90_PC3,0.1567532500012021,0.7181372549019608,0.703125,0.782608695652174,0.90625,0.5,,0.90625
0,stage_2,1,ENG_06,engineering__PCA_PART_I_PATIENT_3_90,engineered_representation,none,all,PCA_PART_I_PATIENT_3_90,pca,lightgbm,scaled_dense,11,"{""class_weight"": ""balanced"", ""colsample_bytree"": 0.8, ""learning_rate"": 0.03, ""min_child_samples"": 20, ""n_estimators"": 300, ""num_leaves"": 31, ""reg_lambda"": 5.0, ""subsample"": 0.8, ""subsample_freq"": 1}",3,184,46,45,27,Years_since_PD_diagnosis | Age | MCATOT | FRZGT12M | SCAU14 | SCAU16 | GDS_TOTAL | NQ_GAUSSIAN_REVISION | NP1RTOT | BMI | NP3GAIT_COMBINED_MAX | NP3PSTBL_COMBINED_MAX | NHY_COMBINED_MAX | NP3TOT_COMBINED_MAX | NP4TOT | FOG_FORM_MISSING | NQ_FORM_MISSING | PART_IV_FORM_MISSING | DXPOSINS_No | DXPOSINS_Unknown | DXPOSINS_Yes | DXRIGID_No | DXRIGID_Unknown | DXRIGID_Yes | DOPTHERST_Missing | DOPTHERST_No | DOPTHERST_Yes | FEATPOSHYP_No | FEATPOSHYP_Uncertain | FEATPOSHYP_Yes | ANYFAMPD_Missing | ANYFAMPD_No | ANYFAMPD_Yes | DXTREMOR_No | DXTREMOR_Yes | DXBRADY_No | DXBRADY_Unknown | DXBRADY_Yes | DOMSIDE_Left | DOMSIDE_Right | DOMSIDE_Symmetric | DOMSIDE_Unknown | PCA_PART_I_PATIENT_3_90_PC1 | PCA_PART_I_PATIENT_3_90_PC2 | PCA_PART_I_PATIENT_3_90_PC3,0.14646100000027218,0.6734279918864097,0.6881720430107527,0.6956521739130435,0.7096774193548387,0.6666666666666666,,0.7096774193548387
0,stage_2,1,ENG_06,engineering__PCA_PART_I_PATIENT_3_90,engineered_representation,none,all,PCA_PART_I_PATIENT_3_90,pca,lightgbm,scaled_dense,11,"{""class_weight"": ""balanced"", ""colsample_bytree"": 0.8, ""learning_rate"": 0.03, ""min_child_samples"": 20, ""n_estimators"": 300, ""num_leaves"": 31, ""reg_lambda"": 5.0, ""subsample"": 0.8, ""subsample_freq"": 1}",4,184,46,45,27,Years_since_PD_diagnosis | Age | MCATOT | FRZGT12M | SCAU14 | SCAU16 | GDS_TOTAL | NQ_GAUSSIAN_REVISION | NP1RTOT | BMI | NP3GAIT_COMBINED_MAX | NP3PSTBL_COMBINED_MAX | NHY_COMBINED_MAX | NP3TOT_COMBINED_MAX | NP4TOT | FOG_FORM_MISSING | NQ_FORM_MISSING | PART_IV_FORM_MISSING | DXPOSINS_No | DXPOSINS_Unknown | DXPOSINS_Yes | DXRIGID_No | DXRIGID_Unknown | DXRIGID_Yes | DOPTHERST_Missing | DOPTHERST_No | DOPTHERST_Yes | FEATPOSHYP_No | FEATPOSHYP_Uncertain | FEATPOSHYP_Yes | ANYFAMPD_Missing | ANYFAMPD_No | ANYFAMPD_Yes | DXTREMOR_No | DXTREMOR_Yes | DXBRADY_No | DXBRADY_Unknown | DXBRADY_Yes | DOMSIDE_Left | DOMSIDE_Right | DOMSIDE_Symmetric | DOMSIDE_Unknown | PCA_PART_I_PATIENT_3_90_PC1 | PCA_PART_I_PATIENT_3_90_PC2 | PCA_PART_I_PATIENT_3_90_PC3,0.15066433399988455,0.5892857142857143,0.5892857142857143,0.6521739130434783,0.75,0.42857142857142855,,0.75
0,stage_2,1,ENG_06,engineering__PCA_PART_I_PATIENT_3_90,engineered_representation,none,all,PCA_PART_I_PATIENT_3_90,pca,lightgbm,scaled_dense,12,"{""class_weight"": null, ""colsample_bytree"": 0.8, ""learning_rate"": 0.08, ""min_child_samples"": 20, ""n_estimators"": 300, ""num_leaves"": 31, ""reg_lambda"": 1.0, ""subsample"": 0.8, ""subsample_freq"": 1}",0,184,46,45,27,Years_since_PD_diagnosis | Age | MCATOT | FRZGT12M | SCAU14 | SCAU16 | GDS_TOTAL | NQ_GAUSSIAN_REVISION | NP1RTOT | BMI | NP3GAIT_COMBINED_MAX | NP3PSTBL_COMBINED_MAX | NHY_COMBINED_MAX | NP3TOT_COMBINED_MAX | NP4TOT | FOG_FORM_MISSING | NQ_FORM_MISSING | PART_IV_FORM_MISSING | DXPOSINS_No | DXPOSINS_Unknown | DXPOSINS_Yes | DXRIGID_No | DXRIGID_Unknown | DXRIGID_Yes | DOPTHERST_Missing | DOPTHERST_No | DOPTHERST_Yes | FEATPOSHYP_No | FEATPOSHYP_Uncertain | FEATPOSHYP_Yes | ANYFAMPD_Missing | ANYFAMPD_No | ANYFAMPD_Yes | DXTREMOR_No | DXTREMOR_Yes | DXBRADY_No | DXBRADY_Unknown | DXBRADY_Yes | DOMSIDE_Left | DOMSIDE_Right | DOMSIDE_Symmetric | DOMSIDE_Unknown | PCA_PART_I_PATIENT_3_90_PC1 | PCA_PART_I_PATIENT_3_90_PC2 | PCA_PART_I_PATIENT_3_90_PC3,0.15815445900079794,0.6919642857142857,0.6919642857142857,0.7391304347826086,0.8125,0.5714285714285714,,0.8125
0,stage_2,1,ENG_06,engineering__PCA_PART_I_PATIENT_3_90,engineered_representation,none,all,PCA_PART_I_PATIENT_3_90,pca,lightgbm,scaled_dense,12,"{""class_weight"": null, ""colsample_bytree"": 0.8, ""learning_rate"": 0.08, ""min_child_samples"": 20, ""n_estimators"": 300, ""num_leaves"": 31, ""reg_lambda"": 1.0, ""subsample"": 0.8, ""subsample_freq"": 1}",1,184,46,45,27,Years_since_PD_diagnosis | Age | MCATOT | FRZGT12M | SCAU14 | SCAU16 | GDS_TOTAL | NQ_GAUSSIAN_REVISION | NP1RTOT | BMI | NP3GAIT_COMBINED_MAX | NP3PSTBL_COMBINED_MAX | NHY_COMBINED_MAX | NP3TOT_COMBINED_MAX | NP4TOT | FOG_FORM_MISSING | NQ_FORM_MISSING | PART_IV_FORM_MISSING | DXPOSINS_No | DXPOSINS_Unknown | DXPOSINS_Yes | DXRIGID_No | DXRIGID_Unknown | DXRIGID_Yes | DOPTHERST_Missing | DOPTHERST_No | DOPTHERST_Yes | FEATPOSHYP_No | FEATPOSHYP_Uncertain | FEATPOSHYP_Yes | ANYFAMPD_Missing | ANYFAMPD_No | ANYFAMPD_Yes | DXTREMOR_No | DXTREMOR_Yes | DXBRADY_No | DXBRADY_Unknown | DXBRADY_Yes | DOMSIDE_Left | DOMSIDE_Right | DOMSIDE_Symmetric | DOMSIDE_Unknown | PCA_PART_I_PATIENT_3_90_PC1 | PCA_PART_I_PATIENT_3_90_PC2 | PCA_PART_I_PATIENT_3_90_PC3,0.14959587500197813,0.6053921568627451,0.6004464285714286,0.6956521739130435,0.84375,0.35714285714285715,,0.84375
0,stage_2,1,ENG_06,engineering__PCA_PART_I_PATIENT_3_90,engineered_representation,none,all,PCA_PART_I_PATIENT_3_90,pca,lightgbm,scaled_dense,12,"{""class_weight"": null, ""colsample_bytree"": 0.8, ""learning_rate"": 0.08, ""min_child_samples"": 20, ""n_estimators"": 300, ""num_leaves"": 31, ""reg_lambda"": 1.0, ""subsample"": 0.8, ""subsample_freq"": 1}",2,184,46,45,27,Years_since_PD_diagnosis | Age | MCATOT | FRZGT12M | SCAU14 | SCAU16 | GDS_TOTAL | NQ_GAUSSIAN_REVISION | NP1RTOT | BMI | NP3GAIT_COMBINED_MAX | NP3PSTBL_COMBINED_MAX | NHY_COMBINED_MAX | NP3TOT_COMBINED_MAX | NP4TOT | FOG_FORM_MISSING | NQ_FORM_MISSING | PART_IV_FORM_MISSING | DXPOSINS_No | DXPOSINS_Unknown | DXPOSINS_Yes | DXRIGID_No | DXRIGID_Unknown | DXRIGID_Yes | DOPTHERST_Missing | DOPTHERST_No | DOPTHERST_Yes | FEATPOSHYP_No | FEATPOSHYP_Uncertain | FEATPOSHYP_Yes | ANYFAMPD_Missing | ANYFAMPD_No | ANYFAMPD_Yes | DXTREMOR_No | DXTREMOR_Yes | DXBRADY_No | DXBRADY_Unknown | DXBRADY_Yes | DOMSIDE_Left | DOMSIDE_Right | DOMSIDE_Symmetric | DOMSIDE_Unknown | PCA_PART_I_PATIENT_3_90_PC1 | PCA_PART_I_PATIENT_3_90_PC2 | PCA_PART_I_PATIENT_3_90_PC3,0.14949020900166943,0.6231884057971014,0.6160714285714286,0.717391304347826,0.875,0.35714285714285715,,0.875
0,stage_2,1,ENG_06,engineering__PCA_PART_I_PATIENT_3_90,engineered_representation,none,all,PCA_PART_I_PATIENT_3_90,pca,lightgbm,scaled_dense,12,"{""class_weight"": null, ""colsample_bytree"": 0.8, ""learning_rate"": 0.08, ""min_child_samples"": 20, ""n_estimators"": 300, ""num_leaves"": 31, ""reg_lambda"": 1.0, ""subsample"": 0.8, ""subsample_freq"": 1}",3,184,46,45,27,Years_since_PD_diagnosis | Age | MCATOT | FRZGT12M | SCAU14 | SCAU16 | GDS_TOTAL | NQ_GAUSSIAN_REVISION | NP1RTOT | BMI | NP3GAIT_COMBINED_MAX | NP3PSTBL_COMBINED_MAX | NHY_COMBINED_MAX | NP3TOT_COMBINED_MAX | NP4TOT | FOG_FORM_MISSING | NQ_FORM_MISSING | PART_IV_FORM_MISSING | DXPOSINS_No | DXPOSINS_Unknown | DXPOSINS_Yes | DXRIGID_No | DXRIGID_Unknown | DXRIGID_Yes | DOPTHERST_Missing | DOPTHERST_No | DOPTHERST_Yes | FEATPOSHYP_No | FEATPOSHYP_Uncertain | FEATPOSHYP_Yes | ANYFAMPD_Missing | ANYFAMPD_No | ANYFAMPD_Yes | DXTREMOR_No | DXTREMOR_Yes | DXBRADY_No | DXBRADY_Unknown | DXBRADY_Yes | DOMSIDE_Left | DOMSIDE_Right | DOMSIDE_Symmetric | DOMSIDE_Unknown | PCA_PART_I_PATIENT_3_90_PC1 | PCA_PART_I_PATIENT_3_90_PC2 | PCA_PART_I_PATIENT_3_90_PC3,0.1563492919995042,0.6053921568627451,0.6021505376344086,0.6956521739130435,0.8709677419354839,0.3333333333333333,,0.8709677419354839
0,stage_2,1,ENG_06,engineering__PCA_PART_I_PATIENT_3_90,engineered_representation,none,all,PCA_PART_I_PATIENT_3_90,pca,lightgbm,scaled_dense,12,"{""class_weight"": null, ""colsample_bytree"": 0.8, ""learning_rate"": 0.08, ""min_child_samples"": 20, ""n_estimators"": 300, ""num_leaves"": 31, ""reg_lambda"": 1.0, ""subsample"": 0.8, ""subsample_freq"": 1}",4,184,46,45,27,Years_since_PD_diagnosis | Age | MCATOT | FRZGT12M | SCAU14 | SCAU16 | GDS_TOTAL | NQ_GAUSSIAN_REVISION | NP1RTOT | BMI | NP3GAIT_COMBINED_MAX | NP3PSTBL_COMBINED_MAX | NHY_COMBINED_MAX | NP3TOT_COMBINED_MAX | NP4TOT | FOG_FORM_MISSING | NQ_FORM_MISSING | PART_IV_FORM_MISSING | DXPOSINS_No | DXPOSINS_Unknown | DXPOSINS_Yes | DXRIGID_No | DXRIGID_Unknown | DXRIGID_Yes | DOPTHERST_Missing | DOPTHERST_No | DOPTHERST_Yes | FEATPOSHYP_No | FEATPOSHYP_Uncertain | FEATPOSHYP_Yes | ANYFAMPD_Missing | ANYFAMPD_No | ANYFAMPD_Yes | DXTREMOR_No | DXTREMOR_Yes | DXBRADY_No | DXBRADY_Unknown | DXBRADY_Yes | DOMSIDE_Left | DOMSIDE_Right | DOMSIDE_Symmetric | DOMSIDE_Unknown | PCA_PART_I_PATIENT_3_90_PC1 | PCA_PART_I_PATIENT_3_90_PC2 | PCA_PART_I_PATIENT_3_90_PC3,0.14762041700305417,0.7012987012987013,0.6830357142857143,0.782608695652174,0.9375,0.42857142857142855,,0.9375
0,stage_2,1,ENG_06,engineering__PCA_PART_I_PATIENT_3_90,engineered_representation,none,all,PCA_PART_I_PATIENT_3_90,pca,lightgbm,scaled_dense,13,"{""class_weight"": ""balanced"", ""colsample_bytree"": 0.8, ""learning_rate"": 0.08, ""min_child_samples"": 20, ""n_estimators"": 300, ""num_leaves"": 31, ""reg_lambda"": 1.0, ""subsample"": 0.8, ""subsample_freq"": 1}",0,184,46,45,27,Years_since_PD_diagnosis | Age | MCATOT | FRZGT12M | SCAU14 | SCAU16 | GDS_TOTAL | NQ_GAUSSIAN_REVISION | NP1RTOT | BMI | NP3GAIT_COMBINED_MAX | NP3PSTBL_COMBINED_MAX | NHY_COMBINED_MAX | NP3TOT_COMBINED_MAX | NP4TOT | FOG_FORM_MISSING | NQ_FORM_MISSING | PART_IV_FORM_MISSING | DXPOSINS_No | DXPOSINS_Unknown | DXPOSINS_Yes | DXRIGID_No | DXRIGID_Unknown | DXRIGID_Yes | DOPTHERST_Missing | DOPTHERST_No | DOPTHERST_Yes | FEATPOSHYP_No | FEATPOSHYP_Uncertain | FEATPOSHYP_Yes | ANYFAMPD_Missing | ANYFAMPD_No | ANYFAMPD_Yes | DXTREMOR_No | DXTREMOR_Yes | DXBRADY_No | DXBRADY_Unknown | DXBRADY_Yes | DOMSIDE_Left | DOMSIDE_Right | DOMSIDE_Symmetric | DOMSIDE_Unknown | PCA_PART_I_PATIENT_3_90_PC1 | PCA_PART_I_PATIENT_3_90_PC2 | PCA_PART_I_PATIENT_3_90_PC3,0.15205941699969117,0.6726874657909141,0.6763392857142857,0.717391304347826,0.78125,0.5714285714285714,,0.78125
0,stage_2,1,ENG_06,engineering__PCA_PART_I_PATIENT_3_90,engineered_representation,none,all,PCA_PART_I_PATIENT_3_90,pca,lightgbm,scaled_dense,13,"{""class_weight"": ""balanced"", ""colsample_bytree"": 0.8, ""learning_rate"": 0.08, ""min_child_samples"": 20, ""n_estimators"": 300, ""num_leaves"": 31, ""reg_lambda"": 1.0, ""subsample"": 0.8, ""subsample_freq"": 1}",1,184,46,45,27,Years_since_PD_diagnosis | Age | MCATOT | FRZGT12M | SCAU14 | SCAU16 | GDS_TOTAL | NQ_GAUSSIAN_REVISION | NP1RTOT | BMI | NP3GAIT_COMBINED_MAX | NP3PSTBL_COMBINED_MAX | NHY_COMBINED_MAX | NP3TOT_COMBINED_MAX | NP4TOT | FOG_FORM_MISSING | NQ_FORM_MISSING | PART_IV_FORM_MISSING | DXPOSINS_No | DXPOSINS_Unknown | DXPOSINS_Yes | DXRIGID_No | DXRIGID_Unknown | DXRIGID_Yes | DOPTHERST_Missing | DOPTHERST_No | DOPTHERST_Yes | FEATPOSHYP_No | FEATPOSHYP_Uncertain | FEATPOSHYP_Yes | ANYFAMPD_Missing | ANYFAMPD_No | ANYFAMPD_Yes | DXTREMOR_No | DXTREMOR_Yes | DXBRADY_No | DXBRADY_Unknown | DXBRADY_Yes | DOMSIDE_Left | DOMSIDE_Right | DOMSIDE_Symmetric | DOMSIDE_Unknown | PCA_PART_I_PATIENT_3_90_PC1 | PCA_PART_I_PATIENT_3_90_PC2 | PCA_PART_I_PATIENT_3_90_PC3,0.1548580420021608,0.6783216783216783,0.671875,0.7391304347826086,0.84375,0.5,,0.84375
0,stage_2,1,ENG_06,engineering__PCA_PART_I_PATIENT_3_90,engineered_representation,none,all,PCA_PART_I_PATIENT_3_90,pca,lightgbm,scaled_dense,13,"{""class_weight"": ""balanced"", ""colsample_bytree"": 0.8, ""learning_rate"": 0.08, ""min_child_samples"": 20, ""n_estimators"": 300, ""num_leaves"": 31, ""reg_lambda"": 1.0, ""subsample"": 0.8, ""subsample_freq"": 1}",2,184,46,45,27,Years_since_PD_diagnosis | Age | MCATOT | FRZGT12M | SCAU14 | SCAU16 | GDS_TOTAL | NQ_GAUSSIAN_REVISION | NP1RTOT | BMI | NP3GAIT_COMBINED_MAX | NP3PSTBL_COMBINED_MAX | NHY_COMBINED_MAX | NP3TOT_COMBINED_MAX | NP4TOT | FOG_FORM_MISSING | NQ_FORM_MISSING | PART_IV_FORM_MISSING | DXPOSINS_No | DXPOSINS_Unknown | DXPOSINS_Yes | DXRIGID_No | DXRIGID_Unknown | DXRIGID_Yes | DOPTHERST_Missing | DOPTHERST_No | DOPTHERST_Yes | FEATPOSHYP_No | FEATPOSHYP_Uncertain | FEATPOSHYP_Yes | ANYFAMPD_Missing | ANYFAMPD_No | ANYFAMPD_Yes | DXTREMOR_No | DXTREMOR_Yes | DXBRADY_No | DXBRADY_Unknown | DXBRADY_Yes | DOMSIDE_Left | DOMSIDE_Right | DOMSIDE_Symmetric | DOMSIDE_Unknown | PCA_PART_I_PATIENT_3_90_PC1 | PCA_PART_I_PATIENT_3_90_PC2 | PCA_PART_I_PATIENT_3_90_PC3,0.1571303339987935,0.697910447761194,0.6875,0.7608695652173914,0.875,0.5,,0.875
0,stage_2,1,ENG_06,engineering__PCA_PART_I_PATIENT_3_90,engineered_representation,none,all,PCA_PART_I_PATIENT_3_90,pca,lightgbm,scaled_dense,13,"{""class_weight"": ""balanced"", ""colsample_bytree"": 0.8, ""learning_rate"": 0.08, ""min_child_samples"": 20, ""n_estimators"": 300, ""num_leaves"": 31, ""reg_lambda"": 1.0, ""subsample"": 0.8, ""subsample_freq"": 1}",3,184,46,45,27,Years_since_PD_diagnosis | Age | MCATOT | FRZGT12M | SCAU14 | SCAU16 | GDS_TOTAL | NQ_GAUSSIAN_REVISION | NP1RTOT | BMI | NP3GAIT_COMBINED_MAX | NP3PSTBL_COMBINED_MAX | NHY_COMBINED_MAX | NP3TOT_COMBINED_MAX | NP4TOT | FOG_FORM_MISSING | NQ_FORM_MISSING | PART_IV_FORM_MISSING | DXPOSINS_No | DXPOSINS_Unknown | DXPOSINS_Yes | DXRIGID_No | DXRIGID_Unknown | DXRIGID_Yes | DOPTHERST_Missing | DOPTHERST_No | DOPTHERST_Yes | FEATPOSHYP_No | FEATPOSHYP_Uncertain | FEATPOSHYP_Yes | ANYFAMPD_Missing | ANYFAMPD_No | ANYFAMPD_Yes | DXTREMOR_No | DXTREMOR_Yes | DXBRADY_No | DXBRADY_Unknown | DXBRADY_Yes | DOMSIDE_Left | DOMSIDE_Right | DOMSIDE_Symmetric | DOMSIDE_Unknown | PCA_PART_I_PATIENT_3_90_PC1 | PCA_PART_I_PATIENT_3_90_PC2 | PCA_PART_I_PATIENT_3_90_PC3,0.15013162499963073,0.5880597014925373,0.5860215053763441,0.6739130434782609,0.8387096774193549,0.3333333333333333,,0.8387096774193549
0,stage_2,1,ENG_06,engineering__PCA_PART_I_PATIENT_3_90,engineered_representation,none,all,PCA_PART_I_PATIENT_3_90,pca,lightgbm,scaled_dense,13,"{""class_weight"": ""balanced"", ""colsample_bytree"": 0.8, ""learning_rate"": 0.08, ""min_child_samples"": 20, ""n_estimators"": 300, ""num_leaves"": 31, ""reg_lambda"": 1.0, ""subsample"": 0.8, ""subsample_freq"": 1}",4,184,46,45,27,Years_since_PD_diagnosis | Age | MCATOT | FRZGT12M | SCAU14 | SCAU16 | GDS_TOTAL | NQ_GAUSSIAN_REVISION | NP1RTOT | BMI | NP3GAIT_COMBINED_MAX | NP3PSTBL_COMBINED_MAX | NHY_COMBINED_MAX | NP3TOT_COMBINED_MAX | NP4TOT | FOG_FORM_MISSING | NQ_FORM_MISSING | PART_IV_FORM_MISSING | DXPOSINS_No | DXPOSINS_Unknown | DXPOSINS_Yes | DXRIGID_No | DXRIGID_Unknown | DXRIGID_Yes | DOPTHERST_Missing | DOPTHERST_No | DOPTHERST_Yes | FEATPOSHYP_No | FEATPOSHYP_Uncertain | FEATPOSHYP_Yes | ANYFAMPD_Missing | ANYFAMPD_No | ANYFAMPD_Yes | DXTREMOR_No | DXTREMOR_Yes | DXBRADY_No | DXBRADY_Unknown | DXBRADY_Yes | DOMSIDE_Left | DOMSIDE_Right | DOMSIDE_Symmetric | DOMSIDE_Unknown | PCA_PART_I_PATIENT_3_90_PC1 | PCA_PART_I_PATIENT_3_90_PC2 | PCA_PART_I_PATIENT_3_90_PC3,0.1538770420011133,0.681159420289855,0.6674107142857143,0.7608695652173914,0.90625,0.42857142857142855,,0.90625
0,stage_2,1,ENG_06,engineering__PCA_PART_I_PATIENT_3_90,engineered_representation,none,all,PCA_PART_I_PATIENT_3_90,pca,lightgbm,scaled_dense,14,"{""class_weight"": null, ""colsample_bytree"": 0.8, ""learning_rate"": 0.08, ""min_child_samples"": 20, ""n_estimators"": 300, ""num_leaves"": 31, ""reg_lambda"": 5.0, ""subsample"": 0.8, ""subsample_freq"": 1}",0,184,46,45,27,Years_since_PD_diagnosis | Age | MCATOT | FRZGT12M | SCAU14 | SCAU16 | GDS_TOTAL | NQ_GAUSSIAN_REVISION | NP1RTOT | BMI | NP3GAIT_COMBINED_MAX | NP3PSTBL_COMBINED_MAX | NHY_COMBINED_MAX | NP3TOT_COMBINED_MAX | NP4TOT | FOG_FORM_MISSING | NQ_FORM_MISSING | PART_IV_FORM_MISSING | DXPOSINS_No | DXPOSINS_Unknown | DXPOSINS_Yes | DXRIGID_No | DXRIGID_Unknown | DXRIGID_Yes | DOPTHERST_Missing | DOPTHERST_No | DOPTHERST_Yes | FEATPOSHYP_No | FEATPOSHYP_Uncertain | FEATPOSHYP_Yes | ANYFAMPD_Missing | ANYFAMPD_No | ANYFAMPD_Yes | DXTREMOR_No | DXTREMOR_Yes | DXBRADY_No | DXBRADY_Unknown | DXBRADY_Yes | DOMSIDE_Left | DOMSIDE_Right | DOMSIDE_Symmetric | DOMSIDE_Unknown | PCA_PART_I_PATIENT_3_90_PC1 | PCA_PART_I_PATIENT_3_90_PC2 | PCA_PART_I_PATIENT_3_90_PC3,0.153823790999013,0.6726874657909141,0.6763392857142857,0.717391304347826,0.78125,0.5714285714285714,,0.78125
0,stage_2,1,ENG_06,engineering__PCA_PART_I_PATIENT_3_90,engineered_representation,none,all,PCA_PART_I_PATIENT_3_90,pca,lightgbm,scaled_dense,14,"{""class_weight"": null, ""colsample_bytree"": 0.8, ""learning_rate"": 0.08, ""min_child_samples"": 20, ""n_estimators"": 300, ""num_leaves"": 31, ""reg_lambda"": 5.0, ""subsample"": 0.8, ""subsample_freq"": 1}",1,184,46,45,27,Years_since_PD_diagnosis | Age | MCATOT | FRZGT12M | SCAU14 | SCAU16 | GDS_TOTAL | NQ_GAUSSIAN_REVISION | NP1RTOT | BMI | NP3GAIT_COMBINED_MAX | NP3PSTBL_COMBINED_MAX | NHY_COMBINED_MAX | NP3TOT_COMBINED_MAX | NP4TOT | FOG_FORM_MISSING | NQ_FORM_MISSING | PART_IV_FORM_MISSING | DXPOSINS_No | DXPOSINS_Unknown | DXPOSINS_Yes | DXRIGID_No | DXRIGID_Unknown | DXRIGID_Yes | DOPTHERST_Missing | DOPTHERST_No | DOPTHERST_Yes | FEATPOSHYP_No | FEATPOSHYP_Uncertain | FEATPOSHYP_Yes | ANYFAMPD_Missing | ANYFAMPD_No | ANYFAMPD_Yes | DXTREMOR_No | DXTREMOR_Yes | DXBRADY_No | DXBRADY_Unknown | DXBRADY_Yes | DOMSIDE_Left | DOMSIDE_Right | DOMSIDE_Symmetric | DOMSIDE_Unknown | PCA_PART_I_PATIENT_3_90_PC1 | PCA_PART_I_PATIENT_3_90_PC2 | PCA_PART_I_PATIENT_3_90_PC3,0.1402384159991925,0.6053921568627451,0.6004464285714286,0.6956521739130435,0.84375,0.35714285714285715,,0.84375
0,stage_2,1,ENG_06,engineering__PCA_PART_I_PATIENT_3_90,engineered_representation,none,all,PCA_PART_I_PATIENT_3_90,pca,lightgbm,scaled_dense,14,"{""class_weight"": null, ""colsample_bytree"": 0.8, ""learning_rate"": 0.08, ""min_child_samples"": 20, ""n_estimators"": 300, ""num_leaves"": 31, ""reg_lambda"": 5.0, ""subsample"": 0.8, ""subsample_freq"": 1}",2,184,46,45,27,Years_since_PD_diagnosis | Age | MCATOT | FRZGT12M | SCAU14 | SCAU16 | GDS_TOTAL | NQ_GAUSSIAN_REVISION | NP1RTOT | BMI | NP3GAIT_COMBINED_MAX | NP3PSTBL_COMBINED_MAX | NHY_COMBINED_MAX | NP3TOT_COMBINED_MAX | NP4TOT | FOG_FORM_MISSING | NQ_FORM_MISSING | PART_IV_FORM_MISSING | DXPOSINS_No | DXPOSINS_Unknown | DXPOSINS_Yes | DXRIGID_No | DXRIGID_Unknown | DXRIGID_Yes | DOPTHERST_Missing | DOPTHERST_No | DOPTHERST_Yes | FEATPOSHYP_No | FEATPOSHYP_Uncertain | FEATPOSHYP_Yes | ANYFAMPD_Missing | ANYFAMPD_No | ANYFAMPD_Yes | DXTREMOR_No | DXTREMOR_Yes | DXBRADY_No | DXBRADY_Unknown | DXBRADY_Yes | DOMSIDE_Left | DOMSIDE_Right | DOMSIDE_Symmetric | DOMSIDE_Unknown | PCA_PART_I_PATIENT_3_90_PC1 | PCA_PART_I_PATIENT_3_90_PC2 | PCA_PART_I_PATIENT_3_90_PC3,0.14878108400080237,0.681159420289855,0.6674107142857143,0.7608695652173914,0.90625,0.42857142857142855,,0.90625
0,stage_2,1,ENG_06,engineering__PCA_PART_I_PATIENT_3_90,engineered_representation,none,all,PCA_PART_I_PATIENT_3_90,pca,lightgbm,scaled_dense,14,"{""class_weight"": null, ""colsample_bytree"": 0.8, ""learning_rate"": 0.08, ""min_child_samples"": 20, ""n_estimators"": 300, ""num_leaves"": 31, ""reg_lambda"": 5.0, ""subsample"": 0.8, ""subsample_freq"": 1}",3,184,46,45,27,Years_since_PD_diagnosis | Age | MCATOT | FRZGT12M | SCAU14 | SCAU16 | GDS_TOTAL | NQ_GAUSSIAN_REVISION | NP1RTOT | BMI | NP3GAIT_COMBINED_MAX | NP3PSTBL_COMBINED_MAX | NHY_COMBINED_MAX | NP3TOT_COMBINED_MAX | NP4TOT | FOG_FORM_MISSING | NQ_FORM_MISSING | PART_IV_FORM_MISSING | DXPOSINS_No | DXPOSINS_Unknown | DXPOSINS_Yes | DXRIGID_No | DXRIGID_Unknown | DXRIGID_Yes | DOPTHERST_Missing | DOPTHERST_No | DOPTHERST_Yes | FEATPOSHYP_No | FEATPOSHYP_Uncertain | FEATPOSHYP_Yes | ANYFAMPD_Missing | ANYFAMPD_No | ANYFAMPD_Yes | DXTREMOR_No | DXTREMOR_Yes | DXBRADY_No | DXBRADY_Unknown | DXBRADY_Yes | DOMSIDE_Left | DOMSIDE_Right | DOMSIDE_Symmetric | DOMSIDE_Unknown | PCA_PART_I_PATIENT_3_90_PC1 | PCA_PART_I_PATIENT_3_90_PC2 | PCA_PART_I_PATIENT_3_90_PC3,0.15225324999846634,0.6247086247086246,0.6193548387096774,0.6956521739130435,0.8387096774193549,0.4,,0.8387096774193549
0,stage_2,1,ENG_06,engineering__PCA_PART_I_PATIENT_3_90,engineered_representation,none,all,PCA_PART_I_PATIENT_3_90,pca,lightgbm,scaled_dense,14,"{""class_weight"": null, ""colsample_bytree"": 0.8, ""learning_rate"": 0.08, ""min_child_samples"": 20, ""n_estimators"": 300, ""num_leaves"": 31, ""reg_lambda"": 5.0, ""subsample"": 0.8, ""subsample_freq"": 1}",4,184,46,45,27,Years_since_PD_diagnosis | Age | MCATOT | FRZGT12M | SCAU14 | SCAU16 | GDS_TOTAL | NQ_GAUSSIAN_REVISION | NP1RTOT | BMI | NP3GAIT_COMBINED_MAX | NP3PSTBL_COMBINED_MAX | NHY_COMBINED_MAX | NP3TOT_COMBINED_MAX | NP4TOT | FOG_FORM_MISSING | NQ_FORM_MISSING | PART_IV_FORM_MISSING | DXPOSINS_No | DXPOSINS_Unknown | DXPOSINS_Yes | DXRIGID_No | DXRIGID_Unknown | DXRIGID_Yes | DOPTHERST_Missing | DOPTHERST_No | DOPTHERST_Yes | FEATPOSHYP_No | FEATPOSHYP_Uncertain | FEATPOSHYP_Yes | ANYFAMPD_Missing | ANYFAMPD_No | ANYFAMPD_Yes | DXTREMOR_No | DXTREMOR_Yes | DXBRADY_No | DXBRADY_Unknown | DXBRADY_Yes | DOMSIDE_Left | DOMSIDE_Right | DOMSIDE_Symmetric | DOMSIDE_Unknown | PCA_PART_I_PATIENT_3_90_PC1 | PCA_PART_I_PATIENT_3_90_PC2 | PCA_PART_I_PATIENT_3_90_PC3,0.14346862499951385,0.7012987012987013,0.6830357142857143,0.782608695652174,0.9375,0.42857142857142855,,0.9375
0,stage_2,1,ENG_06,engineering__PCA_PART_I_PATIENT_3_90,engineered_representation,none,all,PCA_PART_I_PATIENT_3_90,pca,lightgbm,scaled_dense,15,"{""class_weight"": ""balanced"", ""colsample_bytree"": 0.8, ""learning_rate"": 0.08, ""min_child_samples"": 20, ""n_estimators"": 300, ""num_leaves"": 31, ""reg_lambda"": 5.0, ""subsample"": 0.8, ""subsample_freq"": 1}",0,184,46,45,27,Years_since_PD_diagnosis | Age | MCATOT | FRZGT12M | SCAU14 | SCAU16 | GDS_TOTAL | NQ_GAUSSIAN_REVISION | NP1RTOT | BMI | NP3GAIT_COMBINED_MAX | NP3PSTBL_COMBINED_MAX | NHY_COMBINED_MAX | NP3TOT_COMBINED_MAX | NP4TOT | FOG_FORM_MISSING | NQ_FORM_MISSING | PART_IV_FORM_MISSING | DXPOSINS_No | DXPOSINS_Unknown | DXPOSINS_Yes | DXRIGID_No | DXRIGID_Unknown | DXRIGID_Yes | DOPTHERST_Missing | DOPTHERST_No | DOPTHERST_Yes | FEATPOSHYP_No | FEATPOSHYP_Uncertain | FEATPOSHYP_Yes | ANYFAMPD_Missing | ANYFAMPD_No | ANYFAMPD_Yes | DXTREMOR_No | DXTREMOR_Yes | DXBRADY_No | DXBRADY_Unknown | DXBRADY_Yes | DOMSIDE_Left | DOMSIDE_Right | DOMSIDE_Symmetric | DOMSIDE_Unknown | PCA_PART_I_PATIENT_3_90_PC1 | PCA_PART_I_PATIENT_3_90_PC2 | PCA_PART_I_PATIENT_3_90_PC3,0.15206749999924796,0.6837652035959809,0.6964285714285714,0.717391304347826,0.75,0.6428571428571429,,0.75
0,stage_2,1,ENG_06,engineering__PCA_PART_I_PATIENT_3_90,engineered_representation,none,all,PCA_PART_I_PATIENT_3_90,pca,lightgbm,scaled_dense,15,"{""class_weight"": ""balanced"", ""colsample_bytree"": 0.8, ""learning_rate"": 0.08, ""min_child_samples"": 20, ""n_estimators"": 300, ""num_leaves"": 31, ""reg_lambda"": 5.0, ""subsample"": 0.8, ""subsample_freq"": 1}",1,184,46,45,27,Years_since_PD_diagnosis | Age | MCATOT | FRZGT12M | SCAU14 | SCAU16 | GDS_TOTAL | NQ_GAUSSIAN_REVISION | NP1RTOT | BMI | NP3GAIT_COMBINED_MAX | NP3PSTBL_COMBINED_MAX | NHY_COMBINED_MAX | NP3TOT_COMBINED_MAX | NP4TOT | FOG_FORM_MISSING | NQ_FORM_MISSING | PART_IV_FORM_MISSING | DXPOSINS_No | DXPOSINS_Unknown | DXPOSINS_Yes | DXRIGID_No | DXRIGID_Unknown | DXRIGID_Yes | DOPTHERST_Missing | DOPTHERST_No | DOPTHERST_Yes | FEATPOSHYP_No | FEATPOSHYP_Uncertain | FEATPOSHYP_Yes | ANYFAMPD_Missing | ANYFAMPD_No | ANYFAMPD_Yes | DXTREMOR_No | DXTREMOR_Yes | DXBRADY_No | DXBRADY_Unknown | DXBRADY_Yes | DOMSIDE_Left | DOMSIDE_Right | DOMSIDE_Symmetric | DOMSIDE_Unknown | PCA_PART_I_PATIENT_3_90_PC1 | PCA_PART_I_PATIENT_3_90_PC2 | PCA_PART_I_PATIENT_3_90_PC3,0.14621612500195624,0.640625,0.640625,0.6956521739130435,0.78125,0.5,,0.78125
0,stage_2,1,ENG_06,engineering__PCA_PART_I_PATIENT_3_90,engineered_representation,none,all,PCA_PART_I_PATIENT_3_90,pca,lightgbm,scaled_dense,15,"{""class_weight"": ""balanced"", ""colsample_bytree"": 0.8, ""learning_rate"": 0.08, ""min_child_samples"": 20, ""n_estimators"": 300, ""num_leaves"": 31, ""reg_lambda"": 5.0, ""subsample"": 0.8, ""subsample_freq"": 1}",2,184,46,45,27,Years_since_PD_diagnosis | Age | MCATOT | FRZGT12M | SCAU14 | SCAU16 | GDS_TOTAL | NQ_GAUSSIAN_REVISION | NP1RTOT | BMI | NP3GAIT_COMBINED_MAX | NP3PSTBL_COMBINED_MAX | NHY_COMBINED_MAX | NP3TOT_COMBINED_MAX | NP4TOT | FOG_FORM_MISSING | NQ_FORM_MISSING | PART_IV_FORM_MISSING | DXPOSINS_No | DXPOSINS_Unknown | DXPOSINS_Yes | DXRIGID_No | DXRIGID_Unknown | DXRIGID_Yes | DOPTHERST_Missing | DOPTHERST_No | DOPTHERST_Yes | FEATPOSHYP_No | FEATPOSHYP_Uncertain | FEATPOSHYP_Yes | ANYFAMPD_Missing | ANYFAMPD_No | ANYFAMPD_Yes | DXTREMOR_No | DXTREMOR_Yes | DXBRADY_No | DXBRADY_Unknown | DXBRADY_Yes | DOMSIDE_Left | DOMSIDE_Right | DOMSIDE_Symmetric | DOMSIDE_Unknown | PCA_PART_I_PATIENT_3_90_PC1 | PCA_PART_I_PATIENT_3_90_PC2 | PCA_PART_I_PATIENT_3_90_PC3,0.1444612910017895,0.6617647058823529,0.6517857142857143,0.7391304347826086,0.875,0.42857142857142855,,0.875
0,stage_2,1,ENG_06,engineering__PCA_PART_I_PATIENT_3_90,engineered_representation,none,all,PCA_PART_I_PATIENT_3_90,pca,lightgbm,scaled_dense,15,"{""class_weight"": ""balanced"", ""colsample_bytree"": 0.8, ""learning_rate"": 0.08, ""min_child_samples"": 20, ""n_estimators"": 300, ""num_leaves"": 31, ""reg_lambda"": 5.0, ""subsample"": 0.8, ""subsample_freq"": 1}",3,184,46,45,27,Years_since_PD_diagnosis | Age | MCATOT | FRZGT12M | SCAU14 | SCAU16 | GDS_TOTAL | NQ_GAUSSIAN_REVISION | NP1RTOT | BMI | NP3GAIT_COMBINED_MAX | NP3PSTBL_COMBINED_MAX | NHY_COMBINED_MAX | NP3TOT_COMBINED_MAX | NP4TOT | FOG_FORM_MISSING | NQ_FORM_MISSING | PART_IV_FORM_MISSING | DXPOSINS_No | DXPOSINS_Unknown | DXPOSINS_Yes | DXRIGID_No | DXRIGID_Unknown | DXRIGID_Yes | DOPTHERST_Missing | DOPTHERST_No | DOPTHERST_Yes | FEATPOSHYP_No | FEATPOSHYP_Uncertain | FEATPOSHYP_Yes | ANYFAMPD_Missing | ANYFAMPD_No | ANYFAMPD_Yes | DXTREMOR_No | DXTREMOR_Yes | DXBRADY_No | DXBRADY_Unknown | DXBRADY_Yes | DOMSIDE_Left | DOMSIDE_Right | DOMSIDE_Symmetric | DOMSIDE_Unknown | PCA_PART_I_PATIENT_3_90_PC1 | PCA_PART_I_PATIENT_3_90_PC2 | PCA_PART_I_PATIENT_3_90_PC3,0.14984087500124588,0.6726874657909141,0.6698924731182796,0.717391304347826,0.8064516129032258,0.5333333333333333,,0.8064516129032258
0,stage_2,1,ENG_06,engineering__PCA_PART_I_PATIENT_3_90,engineered_representation,none,all,PCA_PART_I_PATIENT_3_90,pca,lightgbm,scaled_dense,15,"{""class_weight"": ""balanced"", ""colsample_bytree"": 0.8, ""learning_rate"": 0.08, ""min_child_samples"": 20, ""n_estimators"": 300, ""num_leaves"": 31, ""reg_lambda"": 5.0, ""subsample"": 0.8, ""subsample_freq"": 1}",4,184,46,45,27,Years_since_PD_diagnosis | Age | MCATOT | FRZGT12M | SCAU14 | SCAU16 | GDS_TOTAL | NQ_GAUSSIAN_REVISION | NP1RTOT | BMI | NP3GAIT_COMBINED_MAX | NP3PSTBL_COMBINED_MAX | NHY_COMBINED_MAX | NP3TOT_COMBINED_MAX | NP4TOT | FOG_FORM_MISSING | NQ_FORM_MISSING | PART_IV_FORM_MISSING | DXPOSINS_No | DXPOSINS_Unknown | DXPOSINS_Yes | DXRIGID_No | DXRIGID_Unknown | DXRIGID_Yes | DOPTHERST_Missing | DOPTHERST_No | DOPTHERST_Yes | FEATPOSHYP_No | FEATPOSHYP_Uncertain | FEATPOSHYP_Yes | ANYFAMPD_Missing | ANYFAMPD_No | ANYFAMPD_Yes | DXTREMOR_No | DXTREMOR_Yes | DXBRADY_No | DXBRADY_Unknown | DXBRADY_Yes | DOMSIDE_Left | DOMSIDE_Right | DOMSIDE_Symmetric | DOMSIDE_Unknown | PCA_PART_I_PATIENT_3_90_PC1 | PCA_PART_I_PATIENT_3_90_PC2 | PCA_PART_I_PATIENT_3_90_PC3,0.14416145900031552,0.6617647058823529,0.6517857142857143,0.7391304347826086,0.875,0.42857142857142855,,0.875
0,stage_2,2,ENG_06,engineering__PCA_PART_I_PATIENT_3_90,engineered_representation,none,all,PCA_PART_I_PATIENT_3_90,pca,random_forest,scaled_dense,0,"{""class_weight"": null, ""max_depth"": null, ""min_samples_leaf"": 1, ""n_estimators"": 300}",0,184,46,45,27,Years_since_PD_diagnosis | Age | MCATOT | FRZGT12M | SCAU14 | SCAU16 | GDS_TOTAL | NQ_GAUSSIAN_REVISION | NP1RTOT | BMI | NP3GAIT_COMBINED_MAX | NP3PSTBL_COMBINED_MAX | NHY_COMBINED_MAX | NP3TOT_COMBINED_MAX | NP4TOT | FOG_FORM_MISSING | NQ_FORM_MISSING | PART_IV_FORM_MISSING | DXPOSINS_No | DXPOSINS_Unknown | DXPOSINS_Yes | DXRIGID_No | DXRIGID_Unknown | DXRIGID_Yes | DOPTHERST_Missing | DOPTHERST_No | DOPTHERST_Yes | FEATPOSHYP_No | FEATPOSHYP_Uncertain | FEATPOSHYP_Yes | ANYFAMPD_Missing | ANYFAMPD_No | ANYFAMPD_Yes | DXTREMOR_No | DXTREMOR_Yes | DXBRADY_No | DXBRADY_Unknown | DXBRADY_Yes | DOMSIDE_Left | DOMSIDE_Right | DOMSIDE_Symmetric | DOMSIDE_Unknown | PCA_PART_I_PATIENT_3_90_PC1 | PCA_PART_I_PATIENT_3_90_PC2 | PCA_PART_I_PATIENT_3_90_PC3,0.22188387499772944,0.7855477855477855,0.7745535714285714,0.8260869565217391,0.90625,0.6428571428571429,,0.90625
0,stage_2,2,ENG_06,engineering__PCA_PART_I_PATIENT_3_90,engineered_representation,none,all,PCA_PART_I_PATIENT_3_90,pca,random_forest,scaled_dense,0,"{""class_weight"": null, ""max_depth"": null, ""min_samples_leaf"": 1, ""n_estimators"": 300}",1,184,46,45,27,Years_since_PD_diagnosis | Age | MCATOT | FRZGT12M | SCAU14 | SCAU16 | GDS_TOTAL | NQ_GAUSSIAN_REVISION | NP1RTOT | BMI | NP3GAIT_COMBINED_MAX | NP3PSTBL_COMBINED_MAX | NHY_COMBINED_MAX | NP3TOT_COMBINED_MAX | NP4TOT | FOG_FORM_MISSING | NQ_FORM_MISSING | PART_IV_FORM_MISSING | DXPOSINS_No | DXPOSINS_Unknown | DXPOSINS_Yes | DXRIGID_No | DXRIGID_Unknown | DXRIGID_Yes | DOPTHERST_Missing | DOPTHERST_No | DOPTHERST_Yes | FEATPOSHYP_No | FEATPOSHYP_Uncertain | FEATPOSHYP_Yes | ANYFAMPD_Missing | ANYFAMPD_No | ANYFAMPD_Yes | DXTREMOR_No | DXTREMOR_Yes | DXBRADY_No | DXBRADY_Unknown | DXBRADY_Yes | DOMSIDE_Left | DOMSIDE_Right | DOMSIDE_Symmetric | DOMSIDE_Unknown | PCA_PART_I_PATIENT_3_90_PC1 | PCA_PART_I_PATIENT_3_90_PC2 | PCA_PART_I_PATIENT_3_90_PC3,0.18824116600080743,0.5165165165165165,0.5401785714285714,0.6956521739130435,0.9375,0.14285714285714285,,0.9375
0,stage_2,2,ENG_06,engineering__PCA_PART_I_PATIENT_3_90,engineered_representation,none,all,PCA_PART_I_PATIENT_3_90,pca,random_forest,scaled_dense,0,"{""class_weight"": null, ""max_depth"": null, ""min_samples_leaf"": 1, ""n_estimators"": 300}",2,184,46,45,27,Years_since_PD_diagnosis | Age | MCATOT | FRZGT12M | SCAU14 | SCAU16 | GDS_TOTAL | NQ_GAUSSIAN_REVISION | NP1RTOT | BMI | NP3GAIT_COMBINED_MAX | NP3PSTBL_COMBINED_MAX | NHY_COMBINED_MAX | NP3TOT_COMBINED_MAX | NP4TOT | FOG_FORM_MISSING | NQ_FORM_MISSING | PART_IV_FORM_MISSING | DXPOSINS_No | DXPOSINS_Unknown | DXPOSINS_Yes | DXRIGID_No | DXRIGID_Unknown | DXRIGID_Yes | DOPTHERST_Missing | DOPTHERST_No | DOPTHERST_Yes | FEATPOSHYP_No | FEATPOSHYP_Uncertain | FEATPOSHYP_Yes | ANYFAMPD_Missing | ANYFAMPD_No | ANYFAMPD_Yes | DXTREMOR_No | DXTREMOR_Yes | DXBRADY_No | DXBRADY_Unknown | DXBRADY_Yes | DOMSIDE_Left | DOMSIDE_Right | DOMSIDE_Symmetric | DOMSIDE_Unknown | PCA_PART_I_PATIENT_3_90_PC1 | PCA_PART_I_PATIENT_3_90_PC2 | PCA_PART_I_PATIENT_3_90_PC3,0.15316854199772933,0.6606304493628437,0.6473214285714286,0.7608695652173914,0.9375,0.35714285714285715,,0.9375
0,stage_2,2,ENG_06,engineering__PCA_PART_I_PATIENT_3_90,engineered_representation,none,all,PCA_PART_I_PATIENT_3_90,pca,random_forest,scaled_dense,0,"{""class_weight"": null, ""max_depth"": null, ""min_samples_leaf"": 1, ""n_estimators"": 300}",3,184,46,45,27,Years_since_PD_diagnosis | Age | MCATOT | FRZGT12M | SCAU14 | SCAU16 | GDS_TOTAL | NQ_GAUSSIAN_REVISION | NP1RTOT | BMI | NP3GAIT_COMBINED_MAX | NP3PSTBL_COMBINED_MAX | NHY_COMBINED_MAX | NP3TOT_COMBINED_MAX | NP4TOT | FOG_FORM_MISSING | NQ_FORM_MISSING | PART_IV_FORM_MISSING | DXPOSINS_No | DXPOSINS_Unknown | DXPOSINS_Yes | DXRIGID_No | DXRIGID_Unknown | DXRIGID_Yes | DOPTHERST_Missing | DOPTHERST_No | DOPTHERST_Yes | FEATPOSHYP_No | FEATPOSHYP_Uncertain | FEATPOSHYP_Yes | ANYFAMPD_Missing | ANYFAMPD_No | ANYFAMPD_Yes | DXTREMOR_No | DXTREMOR_Yes | DXBRADY_No | DXBRADY_Unknown | DXBRADY_Yes | DOMSIDE_Left | DOMSIDE_Right | DOMSIDE_Symmetric | DOMSIDE_Unknown | PCA_PART_I_PATIENT_3_90_PC1 | PCA_PART_I_PATIENT_3_90_PC2 | PCA_PART_I_PATIENT_3_90_PC3,0.15609133299949463,0.6231884057971014,0.6182795698924731,0.717391304347826,0.9032258064516129,0.3333333333333333,,0.9032258064516129
0,stage_2,2,ENG_06,engineering__PCA_PART_I_PATIENT_3_90,engineered_representation,none,all,PCA_PART_I_PATIENT_3_90,pca,random_forest,scaled_dense,0,"{""class_weight"": null, ""max_depth"": null, ""min_samples_leaf"": 1, ""n_estimators"": 300}",4,184,46,45,27,Years_since_PD_diagnosis | Age | MCATOT | FRZGT12M | SCAU14 | SCAU16 | GDS_TOTAL | NQ_GAUSSIAN_REVISION | NP1RTOT | BMI | NP3GAIT_COMBINED_MAX | NP3PSTBL_COMBINED_MAX | NHY_COMBINED_MAX | NP3TOT_COMBINED_MAX | NP4TOT | FOG_FORM_MISSING | NQ_FORM_MISSING | PART_IV_FORM_MISSING | DXPOSINS_No | DXPOSINS_Unknown | DXPOSINS_Yes | DXRIGID_No | DXRIGID_Unknown | DXRIGID_Yes | DOPTHERST_Missing | DOPTHERST_No | DOPTHERST_Yes | FEATPOSHYP_No | FEATPOSHYP_Uncertain | FEATPOSHYP_Yes | ANYFAMPD_Missing | ANYFAMPD_No | ANYFAMPD_Yes | DXTREMOR_No | DXTREMOR_Yes | DXBRADY_No | DXBRADY_Unknown | DXBRADY_Yes | DOMSIDE_Left | DOMSIDE_Right | DOMSIDE_Symmetric | DOMSIDE_Unknown | PCA_PART_I_PATIENT_3_90_PC1 | PCA_PART_I_PATIENT_3_90_PC2 | PCA_PART_I_PATIENT_3_90_PC3,0.16523412499736878,0.6166666666666667,0.6116071428571428,0.7391304347826086,0.9375,0.2857142857142857,,0.9375
0,stage_2,2,ENG_06,engineering__PCA_PART_I_PATIENT_3_90,engineered_representation,none,all,PCA_PART_I_PATIENT_3_90,pca,random_forest,scaled_dense,1,"{""class_weight"": null, ""max_depth"": null, ""min_samples_leaf"": 5, ""n_estimators"": 300}",0,184,46,45,27,Years_since_PD_diagnosis | Age | MCATOT | FRZGT12M | SCAU14 | SCAU16 | GDS_TOTAL | NQ_GAUSSIAN_REVISION | NP1RTOT | BMI | NP3GAIT_COMBINED_MAX | NP3PSTBL_COMBINED_MAX | NHY_COMBINED_MAX | NP3TOT_COMBINED_MAX | NP4TOT | FOG_FORM_MISSING | NQ_FORM_MISSING | PART_IV_FORM_MISSING | DXPOSINS_No | DXPOSINS_Unknown | DXPOSINS_Yes | DXRIGID_No | DXRIGID_Unknown | DXRIGID_Yes | DOPTHERST_Missing | DOPTHERST_No | DOPTHERST_Yes | FEATPOSHYP_No | FEATPOSHYP_Uncertain | FEATPOSHYP_Yes | ANYFAMPD_Missing | ANYFAMPD_No | ANYFAMPD_Yes | DXTREMOR_No | DXTREMOR_Yes | DXBRADY_No | DXBRADY_Unknown | DXBRADY_Yes | DOMSIDE_Left | DOMSIDE_Right | DOMSIDE_Symmetric | DOMSIDE_Unknown | PCA_PART_I_PATIENT_3_90_PC1 | PCA_PART_I_PATIENT_3_90_PC2 | PCA_PART_I_PATIENT_3_90_PC3,0.17090449999886914,0.761038961038961,0.734375,0.8260869565217391,0.96875,0.5,,0.96875
0,stage_2,2,ENG_06,engineering__PCA_PART_I_PATIENT_3_90,engineered_representation,none,all,PCA_PART_I_PATIENT_3_90,pca,random_forest,scaled_dense,1,"{""class_weight"": null, ""max_depth"": null, ""min_samples_leaf"": 5, ""n_estimators"": 300}",1,184,46,45,27,Years_since_PD_diagnosis | Age | MCATOT | FRZGT12M | SCAU14 | SCAU16 | GDS_TOTAL | NQ_GAUSSIAN_REVISION | NP1RTOT | BMI | NP3GAIT_COMBINED_MAX | NP3PSTBL_COMBINED_MAX | NHY_COMBINED_MAX | NP3TOT_COMBINED_MAX | NP4TOT | FOG_FORM_MISSING | NQ_FORM_MISSING | PART_IV_FORM_MISSING | DXPOSINS_No | DXPOSINS_Unknown | DXPOSINS_Yes | DXRIGID_No | DXRIGID_Unknown | DXRIGID_Yes | DOPTHERST_Missing | DOPTHERST_No | DOPTHERST_Yes | FEATPOSHYP_No | FEATPOSHYP_Uncertain | FEATPOSHYP_Yes | ANYFAMPD_Missing | ANYFAMPD_No | ANYFAMPD_Yes | DXTREMOR_No | DXTREMOR_Yes | DXBRADY_No | DXBRADY_Unknown | DXBRADY_Yes | DOMSIDE_Left | DOMSIDE_Right | DOMSIDE_Symmetric | DOMSIDE_Unknown | PCA_PART_I_PATIENT_3_90_PC1 | PCA_PART_I_PATIENT_3_90_PC2 | PCA_PART_I_PATIENT_3_90_PC3,0.16542020900305943,0.45882352941176474,0.5044642857142857,0.6739130434782609,0.9375,0.07142857142857142,,0.9375
0,stage_2,2,ENG_06,engineering__PCA_PART_I_PATIENT_3_90,engineered_representation,none,all,PCA_PART_I_PATIENT_3_90,pca,random_forest,scaled_dense,1,"{""class_weight"": null, ""max_depth"": null, ""min_samples_leaf"": 5, ""n_estimators"": 300}",2,184,46,45,27,Years_since_PD_diagnosis | Age | MCATOT | FRZGT12M | SCAU14 | SCAU16 | GDS_TOTAL | NQ_GAUSSIAN_REVISION | NP1RTOT | BMI | NP3GAIT_COMBINED_MAX | NP3PSTBL_COMBINED_MAX | NHY_COMBINED_MAX | NP3TOT_COMBINED_MAX | NP4TOT | FOG_FORM_MISSING | NQ_FORM_MISSING | PART_IV_FORM_MISSING | DXPOSINS_No | DXPOSINS_Unknown | DXPOSINS_Yes | DXRIGID_No | DXRIGID_Unknown | DXRIGID_Yes | DOPTHERST_Missing | DOPTHERST_No | DOPTHERST_Yes | FEATPOSHYP_No | FEATPOSHYP_Uncertain | FEATPOSHYP_Yes | ANYFAMPD_Missing | ANYFAMPD_No | ANYFAMPD_Yes | DXTREMOR_No | DXTREMOR_Yes | DXBRADY_No | DXBRADY_Unknown | DXBRADY_Yes | DOMSIDE_Left | DOMSIDE_Right | DOMSIDE_Symmetric | DOMSIDE_Unknown | PCA_PART_I_PATIENT_3_90_PC1 | PCA_PART_I_PATIENT_3_90_PC2 | PCA_PART_I_PATIENT_3_90_PC3,0.1715942080008972,0.6166666666666667,0.6116071428571428,0.7391304347826086,0.9375,0.2857142857142857,,0.9375
0,stage_2,2,ENG_06,engineering__PCA_PART_I_PATIENT_3_90,engineered_representation,none,all,PCA_PART_I_PATIENT_3_90,pca,random_forest,scaled_dense,1,"{""class_weight"": null, ""max_depth"": null, ""min_samples_leaf"": 5, ""n_estimators"": 300}",3,184,46,45,27,Years_since_PD_diagnosis | Age | MCATOT | FRZGT12M | SCAU14 | SCAU16 | GDS_TOTAL | NQ_GAUSSIAN_REVISION | NP1RTOT | BMI | NP3GAIT_COMBINED_MAX | NP3PSTBL_COMBINED_MAX | NHY_COMBINED_MAX | NP3TOT_COMBINED_MAX | NP4TOT | FOG_FORM_MISSING | NQ_FORM_MISSING | PART_IV_FORM_MISSING | DXPOSINS_No | DXPOSINS_Unknown | DXPOSINS_Yes | DXRIGID_No | DXRIGID_Unknown | DXRIGID_Yes | DOPTHERST_Missing | DOPTHERST_No | DOPTHERST_Yes | FEATPOSHYP_No | FEATPOSHYP_Uncertain | FEATPOSHYP_Yes | ANYFAMPD_Missing | ANYFAMPD_No | ANYFAMPD_Yes | DXTREMOR_No | DXTREMOR_Yes | DXBRADY_No | DXBRADY_Unknown | DXBRADY_Yes | DOMSIDE_Left | DOMSIDE_Right | DOMSIDE_Symmetric | DOMSIDE_Unknown | PCA_PART_I_PATIENT_3_90_PC1 | PCA_PART_I_PATIENT_3_90_PC2 | PCA_PART_I_PATIENT_3_90_PC3,0.16302708299917867,0.5989268947015426,0.6010752688172043,0.717391304347826,0.9354838709677419,0.26666666666666666,,0.9354838709677419
0,stage_2,2,ENG_06,engineering__PCA_PART_I_PATIENT_3_90,engineered_representation,none,all,PCA_PART_I_PATIENT_3_90,pca,random_forest,scaled_dense,1,"{""class_weight"": null, ""max_depth"": null, ""min_samples_leaf"": 5, ""n_estimators"": 300}",4,184,46,45,27,Years_since_PD_diagnosis | Age | MCATOT | FRZGT12M | SCAU14 | SCAU16 | GDS_TOTAL | NQ_GAUSSIAN_REVISION | NP1RTOT | BMI | NP3GAIT_COMBINED_MAX | NP3PSTBL_COMBINED_MAX | NHY_COMBINED_MAX | NP3TOT_COMBINED_MAX | NP4TOT | FOG_FORM_MISSING | NQ_FORM_MISSING | PART_IV_FORM_MISSING | DXPOSINS_No | DXPOSINS_Unknown | DXPOSINS_Yes | DXRIGID_No | DXRIGID_Unknown | DXRIGID_Yes | DOPTHERST_Missing | DOPTHERST_No | DOPTHERST_Yes | FEATPOSHYP_No | FEATPOSHYP_Uncertain | FEATPOSHYP_Yes | ANYFAMPD_Missing | ANYFAMPD_No | ANYFAMPD_Yes | DXTREMOR_No | DXTREMOR_Yes | DXBRADY_No | DXBRADY_Unknown | DXBRADY_Yes | DOMSIDE_Left | DOMSIDE_Right | DOMSIDE_Symmetric | DOMSIDE_Unknown | PCA_PART_I_PATIENT_3_90_PC1 | PCA_PART_I_PATIENT_3_90_PC2 | PCA_PART_I_PATIENT_3_90_PC3,0.1598798330014688,0.6166666666666667,0.6116071428571428,0.7391304347826086,0.9375,0.2857142857142857,,0.9375
0,stage_2,2,ENG_06,engineering__PCA_PART_I_PATIENT_3_90,engineered_representation,none,all,PCA_PART_I_PATIENT_3_90,pca,random_forest,scaled_dense,2,"{""class_weight"": null, ""max_depth"": 6, ""min_samples_leaf"": 1, ""n_estimators"": 300}",0,184,46,45,27,Years_since_PD_diagnosis | Age | MCATOT | FRZGT12M | SCAU14 | SCAU16 | GDS_TOTAL | NQ_GAUSSIAN_REVISION | NP1RTOT | BMI | NP3GAIT_COMBINED_MAX | NP3PSTBL_COMBINED_MAX | NHY_COMBINED_MAX | NP3TOT_COMBINED_MAX | NP4TOT | FOG_FORM_MISSING | NQ_FORM_MISSING | PART_IV_FORM_MISSING | DXPOSINS_No | DXPOSINS_Unknown | DXPOSINS_Yes | DXRIGID_No | DXRIGID_Unknown | DXRIGID_Yes | DOPTHERST_Missing | DOPTHERST_No | DOPTHERST_Yes | FEATPOSHYP_No | FEATPOSHYP_Uncertain | FEATPOSHYP_Yes | ANYFAMPD_Missing | ANYFAMPD_No | ANYFAMPD_Yes | DXTREMOR_No | DXTREMOR_Yes | DXBRADY_No | DXBRADY_Unknown | DXBRADY_Yes | DOMSIDE_Left | DOMSIDE_Right | DOMSIDE_Symmetric | DOMSIDE_Unknown | PCA_PART_I_PATIENT_3_90_PC1 | PCA_PART_I_PATIENT_3_90_PC2 | PCA_PART_I_PATIENT_3_90_PC3,0.1583060419980029,0.7745098039215685,0.7544642857142857,0.8260869565217391,0.9375,0.5714285714285714,,0.9375
0,stage_2,2,ENG_06,engineering__PCA_PART_I_PATIENT_3_90,engineered_representation,none,all,PCA_PART_I_PATIENT_3_90,pca,random_forest,scaled_dense,2,"{""class_weight"": null, ""max_depth"": 6, ""min_samples_leaf"": 1, ""n_estimators"": 300}",1,184,46,45,27,Years_since_PD_diagnosis | Age | MCATOT | FRZGT12M | SCAU14 | SCAU16 | GDS_TOTAL | NQ_GAUSSIAN_REVISION | NP1RTOT | BMI | NP3GAIT_COMBINED_MAX | NP3PSTBL_COMBINED_MAX | NHY_COMBINED_MAX | NP3TOT_COMBINED_MAX | NP4TOT | FOG_FORM_MISSING | NQ_FORM_MISSING | PART_IV_FORM_MISSING | DXPOSINS_No | DXPOSINS_Unknown | DXPOSINS_Yes | DXRIGID_No | DXRIGID_Unknown | DXRIGID_Yes | DOPTHERST_Missing | DOPTHERST_No | DOPTHERST_Yes | FEATPOSHYP_No | FEATPOSHYP_Uncertain | FEATPOSHYP_Yes | ANYFAMPD_Missing | ANYFAMPD_No | ANYFAMPD_Yes | DXTREMOR_No | DXTREMOR_Yes | DXBRADY_No | DXBRADY_Unknown | DXBRADY_Yes | DOMSIDE_Left | DOMSIDE_Right | DOMSIDE_Symmetric | DOMSIDE_Unknown | PCA_PART_I_PATIENT_3_90_PC1 | PCA_PART_I_PATIENT_3_90_PC2 | PCA_PART_I_PATIENT_3_90_PC3,0.17158612499770243,0.45882352941176474,0.5044642857142857,0.6739130434782609,0.9375,0.07142857142857142,,0.9375
0,stage_2,2,ENG_06,engineering__PCA_PART_I_PATIENT_3_90,engineered_representation,none,all,PCA_PART_I_PATIENT_3_90,pca,random_forest,scaled_dense,2,"{""class_weight"": null, ""max_depth"": 6, ""min_samples_leaf"": 1, ""n_estimators"": 300}",2,184,46,45,27,Years_since_PD_diagnosis | Age | MCATOT | FRZGT12M | SCAU14 | SCAU16 | GDS_TOTAL | NQ_GAUSSIAN_REVISION | NP1RTOT | BMI | NP3GAIT_COMBINED_MAX | NP3PSTBL_COMBINED_MAX | NHY_COMBINED_MAX | NP3TOT_COMBINED_MAX | NP4TOT | FOG_FORM_MISSING | NQ_FORM_MISSING | PART_IV_FORM_MISSING | DXPOSINS_No | DXPOSINS_Unknown | DXPOSINS_Yes | DXRIGID_No | DXRIGID_Unknown | DXRIGID_Yes | DOPTHERST_Missing | DOPTHERST_No | DOPTHERST_Yes | FEATPOSHYP_No | FEATPOSHYP_Uncertain | FEATPOSHYP_Yes | ANYFAMPD_Missing | ANYFAMPD_No | ANYFAMPD_Yes | DXTREMOR_No | DXTREMOR_Yes | DXBRADY_No | DXBRADY_Unknown | DXBRADY_Yes | DOMSIDE_Left | DOMSIDE_Right | DOMSIDE_Symmetric | DOMSIDE_Unknown | PCA_PART_I_PATIENT_3_90_PC1 | PCA_PART_I_PATIENT_3_90_PC2 | PCA_PART_I_PATIENT_3_90_PC3,0.16885587500291876,0.6166666666666667,0.6116071428571428,0.7391304347826086,0.9375,0.2857142857142857,,0.9375
0,stage_2,2,ENG_06,engineering__PCA_PART_I_PATIENT_3_90,engineered_representation,none,all,PCA_PART_I_PATIENT_3_90,pca,random_forest,scaled_dense,2,"{""class_weight"": null, ""max_depth"": 6, ""min_samples_leaf"": 1, ""n_estimators"": 300}",3,184,46,45,27,Years_since_PD_diagnosis | Age | MCATOT | FRZGT12M | SCAU14 | SCAU16 | GDS_TOTAL | NQ_GAUSSIAN_REVISION | NP1RTOT | BMI | NP3GAIT_COMBINED_MAX | NP3PSTBL_COMBINED_MAX | NHY_COMBINED_MAX | NP3TOT_COMBINED_MAX | NP4TOT | FOG_FORM_MISSING | NQ_FORM_MISSING | PART_IV_FORM_MISSING | DXPOSINS_No | DXPOSINS_Unknown | DXPOSINS_Yes | DXRIGID_No | DXRIGID_Unknown | DXRIGID_Yes | DOPTHERST_Missing | DOPTHERST_No | DOPTHERST_Yes | FEATPOSHYP_No | FEATPOSHYP_Uncertain | FEATPOSHYP_Yes | ANYFAMPD_Missing | ANYFAMPD_No | ANYFAMPD_Yes | DXTREMOR_No | DXTREMOR_Yes | DXBRADY_No | DXBRADY_Unknown | DXBRADY_Yes | DOMSIDE_Left | DOMSIDE_Right | DOMSIDE_Symmetric | DOMSIDE_Unknown | PCA_PART_I_PATIENT_3_90_PC1 | PCA_PART_I_PATIENT_3_90_PC2 | PCA_PART_I_PATIENT_3_90_PC3,0.1696358750014042,0.5989268947015426,0.6010752688172043,0.717391304347826,0.9354838709677419,0.26666666666666666,,0.9354838709677419
0,stage_2,2,ENG_06,engineering__PCA_PART_I_PATIENT_3_90,engineered_representation,none,all,PCA_PART_I_PATIENT_3_90,pca,random_forest,scaled_dense,2,"{""class_weight"": null, ""max_depth"": 6, ""min_samples_leaf"": 1, ""n_estimators"": 300}",4,184,46,45,27,Years_since_PD_diagnosis | Age | MCATOT | FRZGT12M | SCAU14 | SCAU16 | GDS_TOTAL | NQ_GAUSSIAN_REVISION | NP1RTOT | BMI | NP3GAIT_COMBINED_MAX | NP3PSTBL_COMBINED_MAX | NHY_COMBINED_MAX | NP3TOT_COMBINED_MAX | NP4TOT | FOG_FORM_MISSING | NQ_FORM_MISSING | PART_IV_FORM_MISSING | DXPOSINS_No | DXPOSINS_Unknown | DXPOSINS_Yes | DXRIGID_No | DXRIGID_Unknown | DXRIGID_Yes | DOPTHERST_Missing | DOPTHERST_No | DOPTHERST_Yes | FEATPOSHYP_No | FEATPOSHYP_Uncertain | FEATPOSHYP_Yes | ANYFAMPD_Missing | ANYFAMPD_No | ANYFAMPD_Yes | DXTREMOR_No | DXTREMOR_Yes | DXBRADY_No | DXBRADY_Unknown | DXBRADY_Yes | DOMSIDE_Left | DOMSIDE_Right | DOMSIDE_Symmetric | DOMSIDE_Unknown | PCA_PART_I_PATIENT_3_90_PC1 | PCA_PART_I_PATIENT_3_90_PC2 | PCA_PART_I_PATIENT_3_90_PC3,0.15549812500103144,0.6166666666666667,0.6116071428571428,0.7391304347826086,0.9375,0.2857142857142857,,0.9375
0,stage_2,2,ENG_06,engineering__PCA_PART_I_PATIENT_3_90,engineered_representation,none,all,PCA_PART_I_PATIENT_3_90,pca,random_forest,scaled_dense,3,"{""class_weight"": null, ""max_depth"": 6, ""min_samples_leaf"": 5, ""n_estimators"": 300}",0,184,46,45,27,Years_since_PD_diagnosis | Age | MCATOT | FRZGT12M | SCAU14 | SCAU16 | GDS_TOTAL | NQ_GAUSSIAN_REVISION | NP1RTOT | BMI | NP3GAIT_COMBINED_MAX | NP3PSTBL_COMBINED_MAX | NHY_COMBINED_MAX | NP3TOT_COMBINED_MAX | NP4TOT | FOG_FORM_MISSING | NQ_FORM_MISSING | PART_IV_FORM_MISSING | DXPOSINS_No | DXPOSINS_Unknown | DXPOSINS_Yes | DXRIGID_No | DXRIGID_Unknown | DXRIGID_Yes | DOPTHERST_Missing | DOPTHERST_No | DOPTHERST_Yes | FEATPOSHYP_No | FEATPOSHYP_Uncertain | FEATPOSHYP_Yes | ANYFAMPD_Missing | ANYFAMPD_No | ANYFAMPD_Yes | DXTREMOR_No | DXTREMOR_Yes | DXBRADY_No | DXBRADY_Unknown | DXBRADY_Yes | DOMSIDE_Left | DOMSIDE_Right | DOMSIDE_Symmetric | DOMSIDE_Unknown | PCA_PART_I_PATIENT_3_90_PC1 | PCA_PART_I_PATIENT_3_90_PC2 | PCA_PART_I_PATIENT_3_90_PC3,0.16666424999857554,0.7012987012987013,0.6830357142857143,0.782608695652174,0.9375,0.42857142857142855,,0.9375
0,stage_2,2,ENG_06,engineering__PCA_PART_I_PATIENT_3_90,engineered_representation,none,all,PCA_PART_I_PATIENT_3_90,pca,random_forest,scaled_dense,3,"{""class_weight"": null, ""max_depth"": 6, ""min_samples_leaf"": 5, ""n_estimators"": 300}",1,184,46,45,27,Years_since_PD_diagnosis | Age | MCATOT | FRZGT12M | SCAU14 | SCAU16 | GDS_TOTAL | NQ_GAUSSIAN_REVISION | NP1RTOT | BMI | NP3GAIT_COMBINED_MAX | NP3PSTBL_COMBINED_MAX | NHY_COMBINED_MAX | NP3TOT_COMBINED_MAX | NP4TOT | FOG_FORM_MISSING | NQ_FORM_MISSING | PART_IV_FORM_MISSING | DXPOSINS_No | DXPOSINS_Unknown | DXPOSINS_Yes | DXRIGID_No | DXRIGID_Unknown | DXRIGID_Yes | DOPTHERST_Missing | DOPTHERST_No | DOPTHERST_Yes | FEATPOSHYP_No | FEATPOSHYP_Uncertain | FEATPOSHYP_Yes | ANYFAMPD_Missing | ANYFAMPD_No | ANYFAMPD_Yes | DXTREMOR_No | DXTREMOR_Yes | DXBRADY_No | DXBRADY_Unknown | DXBRADY_Yes | DOMSIDE_Left | DOMSIDE_Right | DOMSIDE_Symmetric | DOMSIDE_Unknown | PCA_PART_I_PATIENT_3_90_PC1 | PCA_PART_I_PATIENT_3_90_PC2 | PCA_PART_I_PATIENT_3_90_PC3,0.1584854169996106,0.45882352941176474,0.5044642857142857,0.6739130434782609,0.9375,0.07142857142857142,,0.9375
0,stage_2,2,ENG_06,engineering__PCA_PART_I_PATIENT_3_90,engineered_representation,none,all,PCA_PART_I_PATIENT_3_90,pca,random_forest,scaled_dense,3,"{""class_weight"": null, ""max_depth"": 6, ""min_samples_leaf"": 5, ""n_estimators"": 300}",2,184,46,45,27,Years_since_PD_diagnosis | Age | MCATOT | FRZGT12M | SCAU14 | SCAU16 | GDS_TOTAL | NQ_GAUSSIAN_REVISION | NP1RTOT | BMI | NP3GAIT_COMBINED_MAX | NP3PSTBL_COMBINED_MAX | NHY_COMBINED_MAX | NP3TOT_COMBINED_MAX | NP4TOT | FOG_FORM_MISSING | NQ_FORM_MISSING | PART_IV_FORM_MISSING | DXPOSINS_No | DXPOSINS_Unknown | DXPOSINS_Yes | DXRIGID_No | DXRIGID_Unknown | DXRIGID_Yes | DOPTHERST_Missing | DOPTHERST_No | DOPTHERST_Yes | FEATPOSHYP_No | FEATPOSHYP_Uncertain | FEATPOSHYP_Yes | ANYFAMPD_Missing | ANYFAMPD_No | ANYFAMPD_Yes | DXTREMOR_No | DXTREMOR_Yes | DXBRADY_No | DXBRADY_Unknown | DXBRADY_Yes | DOMSIDE_Left | DOMSIDE_Right | DOMSIDE_Symmetric | DOMSIDE_Unknown | PCA_PART_I_PATIENT_3_90_PC1 | PCA_PART_I_PATIENT_3_90_PC2 | PCA_PART_I_PATIENT_3_90_PC3,0.16583179100052803,0.6166666666666667,0.6116071428571428,0.7391304347826086,0.9375,0.2857142857142857,,0.9375
0,stage_2,2,ENG_06,engineering__PCA_PART_I_PATIENT_3_90,engineered_representation,none,all,PCA_PART_I_PATIENT_3_90,pca,random_forest,scaled_dense,3,"{""class_weight"": null, ""max_depth"": 6, ""min_samples_leaf"": 5, ""n_estimators"": 300}",3,184,46,45,27,Years_since_PD_diagnosis | Age | MCATOT | FRZGT12M | SCAU14 | SCAU16 | GDS_TOTAL | NQ_GAUSSIAN_REVISION | NP1RTOT | BMI | NP3GAIT_COMBINED_MAX | NP3PSTBL_COMBINED_MAX | NHY_COMBINED_MAX | NP3TOT_COMBINED_MAX | NP4TOT | FOG_FORM_MISSING | NQ_FORM_MISSING | PART_IV_FORM_MISSING | DXPOSINS_No | DXPOSINS_Unknown | DXPOSINS_Yes | DXRIGID_No | DXRIGID_Unknown | DXRIGID_Yes | DOPTHERST_Missing | DOPTHERST_No | DOPTHERST_Yes | FEATPOSHYP_No | FEATPOSHYP_Uncertain | FEATPOSHYP_Yes | ANYFAMPD_Missing | ANYFAMPD_No | ANYFAMPD_Yes | DXTREMOR_No | DXTREMOR_Yes | DXBRADY_No | DXBRADY_Unknown | DXBRADY_Yes | DOMSIDE_Left | DOMSIDE_Right | DOMSIDE_Symmetric | DOMSIDE_Unknown | PCA_PART_I_PATIENT_3_90_PC1 | PCA_PART_I_PATIENT_3_90_PC2 | PCA_PART_I_PATIENT_3_90_PC3,0.15739241700066486,0.5989268947015426,0.6010752688172043,0.717391304347826,0.9354838709677419,0.26666666666666666,,0.9354838709677419
0,stage_2,2,ENG_06,engineering__PCA_PART_I_PATIENT_3_90,engineered_representation,none,all,PCA_PART_I_PATIENT_3_90,pca,random_forest,scaled_dense,3,"{""class_weight"": null, ""max_depth"": 6, ""min_samples_leaf"": 5, ""n_estimators"": 300}",4,184,46,45,27,Years_since_PD_diagnosis | Age | MCATOT | FRZGT12M | SCAU14 | SCAU16 | GDS_TOTAL | NQ_GAUSSIAN_REVISION | NP1RTOT | BMI | NP3GAIT_COMBINED_MAX | NP3PSTBL_COMBINED_MAX | NHY_COMBINED_MAX | NP3TOT_COMBINED_MAX | NP4TOT | FOG_FORM_MISSING | NQ_FORM_MISSING | PART_IV_FORM_MISSING | DXPOSINS_No | DXPOSINS_Unknown | DXPOSINS_Yes | DXRIGID_No | DXRIGID_Unknown | DXRIGID_Yes | DOPTHERST_Missing | DOPTHERST_No | DOPTHERST_Yes | FEATPOSHYP_No | FEATPOSHYP_Uncertain | FEATPOSHYP_Yes | ANYFAMPD_Missing | ANYFAMPD_No | ANYFAMPD_Yes | DXTREMOR_No | DXTREMOR_Yes | DXBRADY_No | DXBRADY_Unknown | DXBRADY_Yes | DOMSIDE_Left | DOMSIDE_Right | DOMSIDE_Symmetric | DOMSIDE_Unknown | PCA_PART_I_PATIENT_3_90_PC1 | PCA_PART_I_PATIENT_3_90_PC2 | PCA_PART_I_PATIENT_3_90_PC3,0.15783537500101374,0.5989268947015426,0.5959821428571428,0.717391304347826,0.90625,0.2857142857142857,,0.90625
0,stage_2,2,ENG_06,engineering__PCA_PART_I_PATIENT_3_90,engineered_representation,none,all,PCA_PART_I_PATIENT_3_90,pca,random_forest,scaled_dense,4,"{""class_weight"": ""balanced"", ""max_depth"": null, ""min_samples_leaf"": 1, ""n_estimators"": 300}",0,184,46,45,27,Years_since_PD_diagnosis | Age | MCATOT | FRZGT12M | SCAU14 | SCAU16 | GDS_TOTAL | NQ_GAUSSIAN_REVISION | NP1RTOT | BMI | NP3GAIT_COMBINED_MAX | NP3PSTBL_COMBINED_MAX | NHY_COMBINED_MAX | NP3TOT_COMBINED_MAX | NP4TOT | FOG_FORM_MISSING | NQ_FORM_MISSING | PART_IV_FORM_MISSING | DXPOSINS_No | DXPOSINS_Unknown | DXPOSINS_Yes | DXRIGID_No | DXRIGID_Unknown | DXRIGID_Yes | DOPTHERST_Missing | DOPTHERST_No | DOPTHERST_Yes | FEATPOSHYP_No | FEATPOSHYP_Uncertain | FEATPOSHYP_Yes | ANYFAMPD_Missing | ANYFAMPD_No | ANYFAMPD_Yes | DXTREMOR_No | DXTREMOR_Yes | DXBRADY_No | DXBRADY_Unknown | DXBRADY_Yes | DOMSIDE_Left | DOMSIDE_Right | DOMSIDE_Symmetric | DOMSIDE_Unknown | PCA_PART_I_PATIENT_3_90_PC1 | PCA_PART_I_PATIENT_3_90_PC2 | PCA_PART_I_PATIENT_3_90_PC3,0.15625804199953564,0.6415584415584416,0.6316964285714286,0.7391304347826086,0.90625,0.35714285714285715,,0.90625
0,stage_2,2,ENG_06,engineering__PCA_PART_I_PATIENT_3_90,engineered_representation,none,all,PCA_PART_I_PATIENT_3_90,pca,random_forest,scaled_dense,4,"{""class_weight"": ""balanced"", ""max_depth"": null, ""min_samples_leaf"": 1, ""n_estimators"": 300}",1,184,46,45,27,Years_since_PD_diagnosis | Age | MCATOT | FRZGT12M | SCAU14 | SCAU16 | GDS_TOTAL | NQ_GAUSSIAN_REVISION | NP1RTOT | BMI | NP3GAIT_COMBINED_MAX | NP3PSTBL_COMBINED_MAX | NHY_COMBINED_MAX | NP3TOT_COMBINED_MAX | NP4TOT | FOG_FORM_MISSING | NQ_FORM_MISSING | PART_IV_FORM_MISSING | DXPOSINS_No | DXPOSINS_Unknown | DXPOSINS_Yes | DXRIGID_No | DXRIGID_Unknown | DXRIGID_Yes | DOPTHERST_Missing | DOPTHERST_No | DOPTHERST_Yes | FEATPOSHYP_No | FEATPOSHYP_Uncertain | FEATPOSHYP_Yes | ANYFAMPD_Missing | ANYFAMPD_No | ANYFAMPD_Yes | DXTREMOR_No | DXTREMOR_Yes | DXBRADY_No | DXBRADY_Unknown | DXBRADY_Yes | DOMSIDE_Left | DOMSIDE_Right | DOMSIDE_Symmetric | DOMSIDE_Unknown | PCA_PART_I_PATIENT_3_90_PC1 | PCA_PART_I_PATIENT_3_90_PC2 | PCA_PART_I_PATIENT_3_90_PC3,0.1624528749998717,0.45882352941176474,0.5044642857142857,0.6739130434782609,0.9375,0.07142857142857142,,0.9375
0,stage_2,2,ENG_06,engineering__PCA_PART_I_PATIENT_3_90,engineered_representation,none,all,PCA_PART_I_PATIENT_3_90,pca,random_forest,scaled_dense,4,"{""class_weight"": ""balanced"", ""max_depth"": null, ""min_samples_leaf"": 1, ""n_estimators"": 300}",2,184,46,45,27,Years_since_PD_diagnosis | Age | MCATOT | FRZGT12M | SCAU14 | SCAU16 | GDS_TOTAL | NQ_GAUSSIAN_REVISION | NP1RTOT | BMI | NP3GAIT_COMBINED_MAX | NP3PSTBL_COMBINED_MAX | NHY_COMBINED_MAX | NP3TOT_COMBINED_MAX | NP4TOT | FOG_FORM_MISSING | NQ_FORM_MISSING | PART_IV_FORM_MISSING | DXPOSINS_No | DXPOSINS_Unknown | DXPOSINS_Yes | DXRIGID_No | DXRIGID_Unknown | DXRIGID_Yes | DOPTHERST_Missing | DOPTHERST_No | DOPTHERST_Yes | FEATPOSHYP_No | FEATPOSHYP_Uncertain | FEATPOSHYP_Yes | ANYFAMPD_Missing | ANYFAMPD_No | ANYFAMPD_Yes | DXTREMOR_No | DXTREMOR_Yes | DXBRADY_No | DXBRADY_Unknown | DXBRADY_Yes | DOMSIDE_Left | DOMSIDE_Right | DOMSIDE_Symmetric | DOMSIDE_Unknown | PCA_PART_I_PATIENT_3_90_PC1 | PCA_PART_I_PATIENT_3_90_PC2 | PCA_PART_I_PATIENT_3_90_PC3,0.16778912500012666,0.6166666666666667,0.6116071428571428,0.7391304347826086,0.9375,0.2857142857142857,,0.9375
0,stage_2,2,ENG_06,engineering__PCA_PART_I_PATIENT_3_90,engineered_representation,none,all,PCA_PART_I_PATIENT_3_90,pca,random_forest,scaled_dense,4,"{""class_weight"": ""balanced"", ""max_depth"": null, ""min_samples_leaf"": 1, ""n_estimators"": 300}",3,184,46,45,27,Years_since_PD_diagnosis | Age | MCATOT | FRZGT12M | SCAU14 | SCAU16 | GDS_TOTAL | NQ_GAUSSIAN_REVISION | NP1RTOT | BMI | NP3GAIT_COMBINED_MAX | NP3PSTBL_COMBINED_MAX | NHY_COMBINED_MAX | NP3TOT_COMBINED_MAX | NP4TOT | FOG_FORM_MISSING | NQ_FORM_MISSING | PART_IV_FORM_MISSING | DXPOSINS_No | DXPOSINS_Unknown | DXPOSINS_Yes | DXRIGID_No | DXRIGID_Unknown | DXRIGID_Yes | DOPTHERST_Missing | DOPTHERST_No | DOPTHERST_Yes | FEATPOSHYP_No | FEATPOSHYP_Uncertain | FEATPOSHYP_Yes | ANYFAMPD_Missing | ANYFAMPD_No | ANYFAMPD_Yes | DXTREMOR_No | DXTREMOR_Yes | DXBRADY_No | DXBRADY_Unknown | DXBRADY_Yes | DOMSIDE_Left | DOMSIDE_Right | DOMSIDE_Symmetric | DOMSIDE_Unknown | PCA_PART_I_PATIENT_3_90_PC1 | PCA_PART_I_PATIENT_3_90_PC2 | PCA_PART_I_PATIENT_3_90_PC3,0.15962508300071931,0.5527777777777778,0.567741935483871,0.6956521739130435,0.9354838709677419,0.2,,0.9354838709677419
0,stage_2,2,ENG_06,engineering__PCA_PART_I_PATIENT_3_90,engineered_representation,none,all,PCA_PART_I_PATIENT_3_90,pca,random_forest,scaled_dense,4,"{""class_weight"": ""balanced"", ""max_depth"": null, ""min_samples_leaf"": 1, ""n_estimators"": 300}",4,184,46,45,27,Years_since_PD_diagnosis | Age | MCATOT | FRZGT12M | SCAU14 | SCAU16 | GDS_TOTAL | NQ_GAUSSIAN_REVISION | NP1RTOT | BMI | NP3GAIT_COMBINED_MAX | NP3PSTBL_COMBINED_MAX | NHY_COMBINED_MAX | NP3TOT_COMBINED_MAX | NP4TOT | FOG_FORM_MISSING | NQ_FORM_MISSING | PART_IV_FORM_MISSING | DXPOSINS_No | DXPOSINS_Unknown | DXPOSINS_Yes | DXRIGID_No | DXRIGID_Unknown | DXRIGID_Yes | DOPTHERST_Missing | DOPTHERST_No | DOPTHERST_Yes | FEATPOSHYP_No | FEATPOSHYP_Uncertain | FEATPOSHYP_Yes | ANYFAMPD_Missing | ANYFAMPD_No | ANYFAMPD_Yes | DXTREMOR_No | DXTREMOR_Yes | DXBRADY_No | DXBRADY_Unknown | DXBRADY_Yes | DOMSIDE_Left | DOMSIDE_Right | DOMSIDE_Symmetric | DOMSIDE_Unknown | PCA_PART_I_PATIENT_3_90_PC1 | PCA_PART_I_PATIENT_3_90_PC2 | PCA_PART_I_PATIENT_3_90_PC3,0.15703750000102445,0.5855855855855856,0.5915178571428571,0.7391304347826086,0.96875,0.21428571428571427,,0.96875
0,stage_2,2,ENG_06,engineering__PCA_PART_I_PATIENT_3_90,engineered_representation,none,all,PCA_PART_I_PATIENT_3_90,pca,random_forest,scaled_dense,5,"{""class_weight"": ""balanced"", ""max_depth"": null, ""min_samples_leaf"": 5, ""n_estimators"": 300}",0,184,46,45,27,Years_since_PD_diagnosis | Age | MCATOT | FRZGT12M | SCAU14 | SCAU16 | GDS_TOTAL | NQ_GAUSSIAN_REVISION | NP1RTOT | BMI | NP3GAIT_COMBINED_MAX | NP3PSTBL_COMBINED_MAX | NHY_COMBINED_MAX | NP3TOT_COMBINED_MAX | NP4TOT | FOG_FORM_MISSING | NQ_FORM_MISSING | PART_IV_FORM_MISSING | DXPOSINS_No | DXPOSINS_Unknown | DXPOSINS_Yes | DXRIGID_No | DXRIGID_Unknown | DXRIGID_Yes | DOPTHERST_Missing | DOPTHERST_No | DOPTHERST_Yes | FEATPOSHYP_No | FEATPOSHYP_Uncertain | FEATPOSHYP_Yes | ANYFAMPD_Missing | ANYFAMPD_No | ANYFAMPD_Yes | DXTREMOR_No | DXTREMOR_Yes | DXBRADY_No | DXBRADY_Unknown | DXBRADY_Yes | DOMSIDE_Left | DOMSIDE_Right | DOMSIDE_Symmetric | DOMSIDE_Unknown | PCA_PART_I_PATIENT_3_90_PC1 | PCA_PART_I_PATIENT_3_90_PC2 | PCA_PART_I_PATIENT_3_90_PC3,0.16340637499888544,0.7200811359026369,0.7522321428571428,0.7391304347826086,0.71875,0.7857142857142857,,0.71875
0,stage_2,2,ENG_06,engineering__PCA_PART_I_PATIENT_3_90,engineered_representation,none,all,PCA_PART_I_PATIENT_3_90,pca,random_forest,scaled_dense,5,"{""class_weight"": ""balanced"", ""max_depth"": null, ""min_samples_leaf"": 5, ""n_estimators"": 300}",1,184,46,45,27,Years_since_PD_diagnosis | Age | MCATOT | FRZGT12M | SCAU14 | SCAU16 | GDS_TOTAL | NQ_GAUSSIAN_REVISION | NP1RTOT | BMI | NP3GAIT_COMBINED_MAX | NP3PSTBL_COMBINED_MAX | NHY_COMBINED_MAX | NP3TOT_COMBINED_MAX | NP4TOT | FOG_FORM_MISSING | NQ_FORM_MISSING | PART_IV_FORM_MISSING | DXPOSINS_No | DXPOSINS_Unknown | DXPOSINS_Yes | DXRIGID_No | DXRIGID_Unknown | DXRIGID_Yes | DOPTHERST_Missing | DOPTHERST_No | DOPTHERST_Yes | FEATPOSHYP_No | FEATPOSHYP_Uncertain | FEATPOSHYP_Yes | ANYFAMPD_Missing | ANYFAMPD_No | ANYFAMPD_Yes | DXTREMOR_No | DXTREMOR_Yes | DXBRADY_No | DXBRADY_Unknown | DXBRADY_Yes | DOMSIDE_Left | DOMSIDE_Right | DOMSIDE_Symmetric | DOMSIDE_Unknown | PCA_PART_I_PATIENT_3_90_PC1 | PCA_PART_I_PATIENT_3_90_PC2 | PCA_PART_I_PATIENT_3_90_PC3,0.15248712500033434,0.6617647058823529,0.6517857142857143,0.7391304347826086,0.875,0.42857142857142855,,0.875
0,stage_2,2,ENG_06,engineering__PCA_PART_I_PATIENT_3_90,engineered_representation,none,all,PCA_PART_I_PATIENT_3_90,pca,random_forest,scaled_dense,5,"{""class_weight"": ""balanced"", ""max_depth"": null, ""min_samples_leaf"": 5, ""n_estimators"": 300}",2,184,46,45,27,Years_since_PD_diagnosis | Age | MCATOT | FRZGT12M | SCAU14 | SCAU16 | GDS_TOTAL | NQ_GAUSSIAN_REVISION | NP1RTOT | BMI | NP3GAIT_COMBINED_MAX | NP3PSTBL_COMBINED_MAX | NHY_COMBINED_MAX | NP3TOT_COMBINED_MAX | NP4TOT | FOG_FORM_MISSING | NQ_FORM_MISSING | PART_IV_FORM_MISSING | DXPOSINS_No | DXPOSINS_Unknown | DXPOSINS_Yes | DXRIGID_No | DXRIGID_Unknown | DXRIGID_Yes | DOPTHERST_Missing | DOPTHERST_No | DOPTHERST_Yes | FEATPOSHYP_No | FEATPOSHYP_Uncertain | FEATPOSHYP_Yes | ANYFAMPD_Missing | ANYFAMPD_No | ANYFAMPD_Yes | DXTREMOR_No | DXTREMOR_Yes | DXBRADY_No | DXBRADY_Unknown | DXBRADY_Yes | DOMSIDE_Left | DOMSIDE_Right | DOMSIDE_Symmetric | DOMSIDE_Unknown | PCA_PART_I_PATIENT_3_90_PC1 | PCA_PART_I_PATIENT_3_90_PC2 | PCA_PART_I_PATIENT_3_90_PC3,0.15783058300075936,0.6429850746268657,0.6361607142857143,0.717391304347826,0.84375,0.42857142857142855,,0.84375
0,stage_2,2,ENG_06,engineering__PCA_PART_I_PATIENT_3_90,engineered_representation,none,all,PCA_PART_I_PATIENT_3_90,pca,random_forest,scaled_dense,5,"{""class_weight"": ""balanced"", ""max_depth"": null, ""min_samples_leaf"": 5, ""n_estimators"": 300}",3,184,46,45,27,Years_since_PD_diagnosis | Age | MCATOT | FRZGT12M | SCAU14 | SCAU16 | GDS_TOTAL | NQ_GAUSSIAN_REVISION | NP1RTOT | BMI | NP3GAIT_COMBINED_MAX | NP3PSTBL_COMBINED_MAX | NHY_COMBINED_MAX | NP3TOT_COMBINED_MAX | NP4TOT | FOG_FORM_MISSING | NQ_FORM_MISSING | PART_IV_FORM_MISSING | DXPOSINS_No | DXPOSINS_Unknown | DXPOSINS_Yes | DXRIGID_No | DXRIGID_Unknown | DXRIGID_Yes | DOPTHERST_Missing | DOPTHERST_No | DOPTHERST_Yes | FEATPOSHYP_No | FEATPOSHYP_Uncertain | FEATPOSHYP_Yes | ANYFAMPD_Missing | ANYFAMPD_No | ANYFAMPD_Yes | DXTREMOR_No | DXTREMOR_Yes | DXBRADY_No | DXBRADY_Unknown | DXBRADY_Yes | DOMSIDE_Left | DOMSIDE_Right | DOMSIDE_Symmetric | DOMSIDE_Unknown | PCA_PART_I_PATIENT_3_90_PC1 | PCA_PART_I_PATIENT_3_90_PC2 | PCA_PART_I_PATIENT_3_90_PC3,0.16496041700156638,0.7324167107350608,0.7365591397849462,0.7608695652173914,0.8064516129032258,0.6666666666666666,,0.8064516129032258
0,stage_2,2,ENG_06,engineering__PCA_PART_I_PATIENT_3_90,engineered_representation,none,all,PCA_PART_I_PATIENT_3_90,pca,random_forest,scaled_dense,5,"{""class_weight"": ""balanced"", ""max_depth"": null, ""min_samples_leaf"": 5, ""n_estimators"": 300}",4,184,46,45,27,Years_since_PD_diagnosis | Age | MCATOT | FRZGT12M | SCAU14 | SCAU16 | GDS_TOTAL | NQ_GAUSSIAN_REVISION | NP1RTOT | BMI | NP3GAIT_COMBINED_MAX | NP3PSTBL_COMBINED_MAX | NHY_COMBINED_MAX | NP3TOT_COMBINED_MAX | NP4TOT | FOG_FORM_MISSING | NQ_FORM_MISSING | PART_IV_FORM_MISSING | DXPOSINS_No | DXPOSINS_Unknown | DXPOSINS_Yes | DXRIGID_No | DXRIGID_Unknown | DXRIGID_Yes | DOPTHERST_Missing | DOPTHERST_No | DOPTHERST_Yes | FEATPOSHYP_No | FEATPOSHYP_Uncertain | FEATPOSHYP_Yes | ANYFAMPD_Missing | ANYFAMPD_No | ANYFAMPD_Yes | DXTREMOR_No | DXTREMOR_Yes | DXBRADY_No | DXBRADY_Unknown | DXBRADY_Yes | DOMSIDE_Left | DOMSIDE_Right | DOMSIDE_Symmetric | DOMSIDE_Unknown | PCA_PART_I_PATIENT_3_90_PC1 | PCA_PART_I_PATIENT_3_90_PC2 | PCA_PART_I_PATIENT_3_90_PC3,0.15790724999897066,0.5710955710955711,0.5691964285714286,0.6521739130434783,0.78125,0.35714285714285715,,0.78125
0,stage_2,2,ENG_06,engineering__PCA_PART_I_PATIENT_3_90,engineered_representation,none,all,PCA_PART_I_PATIENT_3_90,pca,random_forest,scaled_dense,6,"{""class_weight"": ""balanced"", ""max_depth"": 6, ""min_samples_leaf"": 1, ""n_estimators"": 300}",0,184,46,45,27,Years_since_PD_diagnosis | Age | MCATOT | FRZGT12M | SCAU14 | SCAU16 | GDS_TOTAL | NQ_GAUSSIAN_REVISION | NP1RTOT | BMI | NP3GAIT_COMBINED_MAX | NP3PSTBL_COMBINED_MAX | NHY_COMBINED_MAX | NP3TOT_COMBINED_MAX | NP4TOT | FOG_FORM_MISSING | NQ_FORM_MISSING | PART_IV_FORM_MISSING | DXPOSINS_No | DXPOSINS_Unknown | DXPOSINS_Yes | DXRIGID_No | DXRIGID_Unknown | DXRIGID_Yes | DOPTHERST_Missing | DOPTHERST_No | DOPTHERST_Yes | FEATPOSHYP_No | FEATPOSHYP_Uncertain | FEATPOSHYP_Yes | ANYFAMPD_Missing | ANYFAMPD_No | ANYFAMPD_Yes | DXTREMOR_No | DXTREMOR_Yes | DXBRADY_No | DXBRADY_Unknown | DXBRADY_Yes | DOMSIDE_Left | DOMSIDE_Right | DOMSIDE_Symmetric | DOMSIDE_Unknown | PCA_PART_I_PATIENT_3_90_PC1 | PCA_PART_I_PATIENT_3_90_PC2 | PCA_PART_I_PATIENT_3_90_PC3,0.15900387500005309,0.7733990147783252,0.7790178571428572,0.8043478260869565,0.84375,0.7142857142857143,,0.84375
0,stage_2,2,ENG_06,engineering__PCA_PART_I_PATIENT_3_90,engineered_representation,none,all,PCA_PART_I_PATIENT_3_90,pca,random_forest,scaled_dense,6,"{""class_weight"": ""balanced"", ""max_depth"": 6, ""min_samples_leaf"": 1, ""n_estimators"": 300}",1,184,46,45,27,Years_since_PD_diagnosis | Age | MCATOT | FRZGT12M | SCAU14 | SCAU16 | GDS_TOTAL | NQ_GAUSSIAN_REVISION | NP1RTOT | BMI | NP3GAIT_COMBINED_MAX | NP3PSTBL_COMBINED_MAX | NHY_COMBINED_MAX | NP3TOT_COMBINED_MAX | NP4TOT | FOG_FORM_MISSING | NQ_FORM_MISSING | PART_IV_FORM_MISSING | DXPOSINS_No | DXPOSINS_Unknown | DXPOSINS_Yes | DXRIGID_No | DXRIGID_Unknown | DXRIGID_Yes | DOPTHERST_Missing | DOPTHERST_No | DOPTHERST_Yes | FEATPOSHYP_No | FEATPOSHYP_Uncertain | FEATPOSHYP_Yes | ANYFAMPD_Missing | ANYFAMPD_No | ANYFAMPD_Yes | DXTREMOR_No | DXTREMOR_Yes | DXBRADY_No | DXBRADY_Unknown | DXBRADY_Yes | DOMSIDE_Left | DOMSIDE_Right | DOMSIDE_Symmetric | DOMSIDE_Unknown | PCA_PART_I_PATIENT_3_90_PC1 | PCA_PART_I_PATIENT_3_90_PC2 | PCA_PART_I_PATIENT_3_90_PC3,0.157555500001763,0.5025234318673395,0.5245535714285714,0.6739130434782609,0.90625,0.14285714285714285,,0.90625
0,stage_2,2,ENG_06,engineering__PCA_PART_I_PATIENT_3_90,engineered_representation,none,all,PCA_PART_I_PATIENT_3_90,pca,random_forest,scaled_dense,6,"{""class_weight"": ""balanced"", ""max_depth"": 6, ""min_samples_leaf"": 1, ""n_estimators"": 300}",2,184,46,45,27,Years_since_PD_diagnosis | Age | MCATOT | FRZGT12M | SCAU14 | SCAU16 | GDS_TOTAL | NQ_GAUSSIAN_REVISION | NP1RTOT | BMI | NP3GAIT_COMBINED_MAX | NP3PSTBL_COMBINED_MAX | NHY_COMBINED_MAX | NP3TOT_COMBINED_MAX | NP4TOT | FOG_FORM_MISSING | NQ_FORM_MISSING | PART_IV_FORM_MISSING | DXPOSINS_No | DXPOSINS_Unknown | DXPOSINS_Yes | DXRIGID_No | DXRIGID_Unknown | DXRIGID_Yes | DOPTHERST_Missing | DOPTHERST_No | DOPTHERST_Yes | FEATPOSHYP_No | FEATPOSHYP_Uncertain | FEATPOSHYP_Yes | ANYFAMPD_Missing | ANYFAMPD_No | ANYFAMPD_Yes | DXTREMOR_No | DXTREMOR_Yes | DXBRADY_No | DXBRADY_Unknown | DXBRADY_Yes | DOMSIDE_Left | DOMSIDE_Right | DOMSIDE_Symmetric | DOMSIDE_Unknown | PCA_PART_I_PATIENT_3_90_PC1 | PCA_PART_I_PATIENT_3_90_PC2 | PCA_PART_I_PATIENT_3_90_PC3,0.15582554199863807,0.6053921568627451,0.6004464285714286,0.6956521739130435,0.84375,0.35714285714285715,,0.84375
0,stage_2,2,ENG_06,engineering__PCA_PART_I_PATIENT_3_90,engineered_representation,none,all,PCA_PART_I_PATIENT_3_90,pca,random_forest,scaled_dense,6,"{""class_weight"": ""balanced"", ""max_depth"": 6, ""min_samples_leaf"": 1, ""n_estimators"": 300}",3,184,46,45,27,Years_since_PD_diagnosis | Age | MCATOT | FRZGT12M | SCAU14 | SCAU16 | GDS_TOTAL | NQ_GAUSSIAN_REVISION | NP1RTOT | BMI | NP3GAIT_COMBINED_MAX | NP3PSTBL_COMBINED_MAX | NHY_COMBINED_MAX | NP3TOT_COMBINED_MAX | NP4TOT | FOG_FORM_MISSING | NQ_FORM_MISSING | PART_IV_FORM_MISSING | DXPOSINS_No | DXPOSINS_Unknown | DXPOSINS_Yes | DXRIGID_No | DXRIGID_Unknown | DXRIGID_Yes | DOPTHERST_Missing | DOPTHERST_No | DOPTHERST_Yes | FEATPOSHYP_No | FEATPOSHYP_Uncertain | FEATPOSHYP_Yes | ANYFAMPD_Missing | ANYFAMPD_No | ANYFAMPD_Yes | DXTREMOR_No | DXTREMOR_Yes | DXBRADY_No | DXBRADY_Unknown | DXBRADY_Yes | DOMSIDE_Left | DOMSIDE_Right | DOMSIDE_Symmetric | DOMSIDE_Unknown | PCA_PART_I_PATIENT_3_90_PC1 | PCA_PART_I_PATIENT_3_90_PC2 | PCA_PART_I_PATIENT_3_90_PC3,0.18143987499934155,0.5372233400402414,0.5516129032258065,0.6739130434782609,0.9032258064516129,0.2,,0.9032258064516129
0,stage_2,2,ENG_06,engineering__PCA_PART_I_PATIENT_3_90,engineered_representation,none,all,PCA_PART_I_PATIENT_3_90,pca,random_forest,scaled_dense,6,"{""class_weight"": ""balanced"", ""max_depth"": 6, ""min_samples_leaf"": 1, ""n_estimators"": 300}",4,184,46,45,27,Years_since_PD_diagnosis | Age | MCATOT | FRZGT12M | SCAU14 | SCAU16 | GDS_TOTAL | NQ_GAUSSIAN_REVISION | NP1RTOT | BMI | NP3GAIT_COMBINED_MAX | NP3PSTBL_COMBINED_MAX | NHY_COMBINED_MAX | NP3TOT_COMBINED_MAX | NP4TOT | FOG_FORM_MISSING | NQ_FORM_MISSING | PART_IV_FORM_MISSING | DXPOSINS_No | DXPOSINS_Unknown | DXPOSINS_Yes | DXRIGID_No | DXRIGID_Unknown | DXRIGID_Yes | DOPTHERST_Missing | DOPTHERST_No | DOPTHERST_Yes | FEATPOSHYP_No | FEATPOSHYP_Uncertain | FEATPOSHYP_Yes | ANYFAMPD_Missing | ANYFAMPD_No | ANYFAMPD_Yes | DXTREMOR_No | DXTREMOR_Yes | DXBRADY_No | DXBRADY_Unknown | DXBRADY_Yes | DOMSIDE_Left | DOMSIDE_Right | DOMSIDE_Symmetric | DOMSIDE_Unknown | PCA_PART_I_PATIENT_3_90_PC1 | PCA_PART_I_PATIENT_3_90_PC2 | PCA_PART_I_PATIENT_3_90_PC3,0.19284429199979058,0.6231884057971014,0.6160714285714286,0.717391304347826,0.875,0.35714285714285715,,0.875
0,stage_2,2,ENG_06,engineering__PCA_PART_I_PATIENT_3_90,engineered_representation,none,all,PCA_PART_I_PATIENT_3_90,pca,random_forest,scaled_dense,7,"{""class_weight"": ""balanced"", ""max_depth"": 6, ""min_samples_leaf"": 5, ""n_estimators"": 300}",0,184,46,45,27,Years_since_PD_diagnosis | Age | MCATOT | FRZGT12M | SCAU14 | SCAU16 | GDS_TOTAL | NQ_GAUSSIAN_REVISION | NP1RTOT | BMI | NP3GAIT_COMBINED_MAX | NP3PSTBL_COMBINED_MAX | NHY_COMBINED_MAX | NP3TOT_COMBINED_MAX | NP4TOT | FOG_FORM_MISSING | NQ_FORM_MISSING | PART_IV_FORM_MISSING | DXPOSINS_No | DXPOSINS_Unknown | DXPOSINS_Yes | DXRIGID_No | DXRIGID_Unknown | DXRIGID_Yes | DOPTHERST_Missing | DOPTHERST_No | DOPTHERST_Yes | FEATPOSHYP_No | FEATPOSHYP_Uncertain | FEATPOSHYP_Yes | ANYFAMPD_Missing | ANYFAMPD_No | ANYFAMPD_Yes | DXTREMOR_No | DXTREMOR_Yes | DXBRADY_No | DXBRADY_Unknown | DXBRADY_Yes | DOMSIDE_Left | DOMSIDE_Right | DOMSIDE_Symmetric | DOMSIDE_Unknown | PCA_PART_I_PATIENT_3_90_PC1 | PCA_PART_I_PATIENT_3_90_PC2 | PCA_PART_I_PATIENT_3_90_PC3,0.158905042000697,0.6928608115048793,0.7165178571428572,0.717391304347826,0.71875,0.7142857142857143,,0.71875
0,stage_2,2,ENG_06,engineering__PCA_PART_I_PATIENT_3_90,engineered_representation,none,all,PCA_PART_I_PATIENT_3_90,pca,random_forest,scaled_dense,7,"{""class_weight"": ""balanced"", ""max_depth"": 6, ""min_samples_leaf"": 5, ""n_estimators"": 300}",1,184,46,45,27,Years_since_PD_diagnosis | Age | MCATOT | FRZGT12M | SCAU14 | SCAU16 | GDS_TOTAL | NQ_GAUSSIAN_REVISION | NP1RTOT | BMI | NP3GAIT_COMBINED_MAX | NP3PSTBL_COMBINED_MAX | NHY_COMBINED_MAX | NP3TOT_COMBINED_MAX | NP4TOT | FOG_FORM_MISSING | NQ_FORM_MISSING | PART_IV_FORM_MISSING | DXPOSINS_No | DXPOSINS_Unknown | DXPOSINS_Yes | DXRIGID_No | DXRIGID_Unknown | DXRIGID_Yes | DOPTHERST_Missing | DOPTHERST_No | DOPTHERST_Yes | FEATPOSHYP_No | FEATPOSHYP_Uncertain | FEATPOSHYP_Yes | ANYFAMPD_Missing | ANYFAMPD_No | ANYFAMPD_Yes | DXTREMOR_No | DXTREMOR_Yes | DXBRADY_No | DXBRADY_Unknown | DXBRADY_Yes | DOMSIDE_Left | DOMSIDE_Right | DOMSIDE_Symmetric | DOMSIDE_Unknown | PCA_PART_I_PATIENT_3_90_PC1 | PCA_PART_I_PATIENT_3_90_PC2 | PCA_PART_I_PATIENT_3_90_PC3,0.16429679099746863,0.6617647058823529,0.6517857142857143,0.7391304347826086,0.875,0.42857142857142855,,0.875
0,stage_2,2,ENG_06,engineering__PCA_PART_I_PATIENT_3_90,engineered_representation,none,all,PCA_PART_I_PATIENT_3_90,pca,random_forest,scaled_dense,7,"{""class_weight"": ""balanced"", ""max_depth"": 6, ""min_samples_leaf"": 5, ""n_estimators"": 300}",2,184,46,45,27,Years_since_PD_diagnosis | Age | MCATOT | FRZGT12M | SCAU14 | SCAU16 | GDS_TOTAL | NQ_GAUSSIAN_REVISION | NP1RTOT | BMI | NP3GAIT_COMBINED_MAX | NP3PSTBL_COMBINED_MAX | NHY_COMBINED_MAX | NP3TOT_COMBINED_MAX | NP4TOT | FOG_FORM_MISSING | NQ_FORM_MISSING | PART_IV_FORM_MISSING | DXPOSINS_No | DXPOSINS_Unknown | DXPOSINS_Yes | DXRIGID_No | DXRIGID_Unknown | DXRIGID_Yes | DOPTHERST_Missing | DOPTHERST_No | DOPTHERST_Yes | FEATPOSHYP_No | FEATPOSHYP_Uncertain | FEATPOSHYP_Yes | ANYFAMPD_Missing | ANYFAMPD_No | ANYFAMPD_Yes | DXTREMOR_No | DXTREMOR_Yes | DXBRADY_No | DXBRADY_Unknown | DXBRADY_Yes | DOMSIDE_Left | DOMSIDE_Right | DOMSIDE_Symmetric | DOMSIDE_Unknown | PCA_PART_I_PATIENT_3_90_PC1 | PCA_PART_I_PATIENT_3_90_PC2 | PCA_PART_I_PATIENT_3_90_PC3,0.1610062920008204,0.6783216783216783,0.671875,0.7391304347826086,0.84375,0.5,,0.84375
0,stage_2,2,ENG_06,engineering__PCA_PART_I_PATIENT_3_90,engineered_representation,none,all,PCA_PART_I_PATIENT_3_90,pca,random_forest,scaled_dense,7,"{""class_weight"": ""balanced"", ""max_depth"": 6, ""min_samples_leaf"": 5, ""n_estimators"": 300}",3,184,46,45,27,Years_since_PD_diagnosis | Age | MCATOT | FRZGT12M | SCAU14 | SCAU16 | GDS_TOTAL | NQ_GAUSSIAN_REVISION | NP1RTOT | BMI | NP3GAIT_COMBINED_MAX | NP3PSTBL_COMBINED_MAX | NHY_COMBINED_MAX | NP3TOT_COMBINED_MAX | NP4TOT | FOG_FORM_MISSING | NQ_FORM_MISSING | PART_IV_FORM_MISSING | DXPOSINS_No | DXPOSINS_Unknown | DXPOSINS_Yes | DXRIGID_No | DXRIGID_Unknown | DXRIGID_Yes | DOPTHERST_Missing | DOPTHERST_No | DOPTHERST_Yes | FEATPOSHYP_No | FEATPOSHYP_Uncertain | FEATPOSHYP_Yes | ANYFAMPD_Missing | ANYFAMPD_No | ANYFAMPD_Yes | DXTREMOR_No | DXTREMOR_Yes | DXBRADY_No | DXBRADY_Unknown | DXBRADY_Yes | DOMSIDE_Left | DOMSIDE_Right | DOMSIDE_Symmetric | DOMSIDE_Unknown | PCA_PART_I_PATIENT_3_90_PC1 | PCA_PART_I_PATIENT_3_90_PC2 | PCA_PART_I_PATIENT_3_90_PC3,0.15651962499759975,0.7324167107350608,0.7365591397849462,0.7608695652173914,0.8064516129032258,0.6666666666666666,,0.8064516129032258
0,stage_2,2,ENG_06,engineering__PCA_PART_I_PATIENT_3_90,engineered_representation,none,all,PCA_PART_I_PATIENT_3_90,pca,random_forest,scaled_dense,7,"{""class_weight"": ""balanced"", ""max_depth"": 6, ""min_samples_leaf"": 5, ""n_estimators"": 300}",4,184,46,45,27,Years_since_PD_diagnosis | Age | MCATOT | FRZGT12M | SCAU14 | SCAU16 | GDS_TOTAL | NQ_GAUSSIAN_REVISION | NP1RTOT | BMI | NP3GAIT_COMBINED_MAX | NP3PSTBL_COMBINED_MAX | NHY_COMBINED_MAX | NP3TOT_COMBINED_MAX | NP4TOT | FOG_FORM_MISSING | NQ_FORM_MISSING | PART_IV_FORM_MISSING | DXPOSINS_No | DXPOSINS_Unknown | DXPOSINS_Yes | DXRIGID_No | DXRIGID_Unknown | DXRIGID_Yes | DOPTHERST_Missing | DOPTHERST_No | DOPTHERST_Yes | FEATPOSHYP_No | FEATPOSHYP_Uncertain | FEATPOSHYP_Yes | ANYFAMPD_Missing | ANYFAMPD_No | ANYFAMPD_Yes | DXTREMOR_No | DXTREMOR_Yes | DXBRADY_No | DXBRADY_Unknown | DXBRADY_Yes | DOMSIDE_Left | DOMSIDE_Right | DOMSIDE_Symmetric | DOMSIDE_Unknown | PCA_PART_I_PATIENT_3_90_PC1 | PCA_PART_I_PATIENT_3_90_PC2 | PCA_PART_I_PATIENT_3_90_PC3,0.1720420000019658,0.6068376068376069,0.6049107142857143,0.6739130434782609,0.78125,0.42857142857142855,,0.78125
