split_seed,target,inner_validation_fold,configuration_id,pipeline_key,candidate_kind,feature_set,selector,selector_parameter,branch,branch_kind,reference_model,training_patients,validation_patients,selected_columns,fit_seconds,baseline_macro_f1,baseline_priority_recall,macro_f1,balanced_accuracy,accuracy,recall_class_0,recall_class_1,recall_class_2,priority_recall,delta_macro_f1,delta_priority_recall
0,direct,0,ENG_01,engineering__INT_GAIT_X_POSTURAL_STABILITY,engineered_representation,final_26,none,all,INT_GAIT_X_POSTURAL_STABILITY,interaction,extra_trees,582,146,48,0.07448008400024264,0.4997124784358828,0.1875,0.5073733272842191,0.5986309523809523,0.6232876712328768,0.72,0.21875,0.8571428571428571,0.21875,0.0076608488483363435,0.03125
0,direct,0,ENG_02,engineering__INT_MOTOR_X_COGNITION,engineered_representation,final_26,none,all,INT_MOTOR_X_COGNITION,interaction,extra_trees,582,146,48,0.07372762500017416,0.4997124784358828,0.1875,0.48188949509285006,0.564404761904762,0.6095890410958904,0.72,0.1875,0.7857142857142857,0.1875,-0.017822983343032728,0.0
0,direct,0,ENG_03,engineering__INT_DURATION_X_MOTOR,engineered_representation,final_26,none,all,INT_DURATION_X_MOTOR,interaction,extra_trees,582,146,48,0.07499108300180524,0.4997124784358828,0.1875,0.5019592080149539,0.5915476190476191,0.6232876712328768,0.73,0.1875,0.8571428571428571,0.1875,0.0022467295790710717,0.0
0,direct,0,ENG_04,engineering__INT_MOBILITY_X_POSTURAL_STABILITY,engineered_representation,final_26,none,all,INT_MOBILITY_X_POSTURAL_STABILITY,interaction,extra_trees,582,146,48,0.07314716699693236,0.4997124784358828,0.1875,0.48415147265077135,0.564404761904762,0.6095890410958904,0.72,0.1875,0.7857142857142857,0.1875,-0.015561005785111437,0.0
0,direct,0,ENG_05,engineering__PCA_PART_I_PATIENT_3_80,engineered_representation,final_26,none,all,PCA_PART_I_PATIENT_3_80,pca,extra_trees,582,146,46,0.07287191599971266,0.4997124784358828,0.1875,0.46972176759410805,0.5878571428571429,0.6027397260273972,0.71,0.125,0.9285714285714286,0.125,-0.029990710841774737,-0.0625
0,direct,0,ENG_06,engineering__PCA_PART_I_PATIENT_3_90,engineered_representation,final_26,none,all,PCA_PART_I_PATIENT_3_90,pca,extra_trees,582,146,47,0.07730404199901386,0.4997124784358828,0.1875,0.4865359948693282,0.5945238095238096,0.6164383561643836,0.73,0.125,0.9285714285714286,0.125,-0.013176483566554598,-0.0625
0,direct,0,ENG_07,engineering__PCA_PART_I_PATIENT_3_95,engineered_representation,final_26,none,all,PCA_PART_I_PATIENT_3_95,pca,extra_trees,582,146,47,0.07422316600059276,0.4997124784358828,0.1875,0.4865359948693282,0.5945238095238096,0.6164383561643836,0.73,0.125,0.9285714285714286,0.125,-0.013176483566554598,-0.0625
0,direct,1,ENG_01,engineering__INT_GAIT_X_POSTURAL_STABILITY,engineered_representation,final_26,none,all,INT_GAIT_X_POSTURAL_STABILITY,interaction,extra_trees,582,146,47,0.07814208299896563,0.5233766095675566,0.375,0.5593522240742557,0.6101190476190476,0.6712328767123288,0.75,0.4375,0.6428571428571429,0.4375,0.03597561450669906,0.0625
0,direct,1,ENG_02,engineering__INT_MOTOR_X_COGNITION,engineered_representation,final_26,none,all,INT_MOTOR_X_COGNITION,interaction,extra_trees,582,146,47,0.07108308299939381,0.5233766095675566,0.375,0.5426625311682783,0.6060119047619047,0.6643835616438356,0.76,0.34375,0.7142857142857143,0.34375,0.019285921600721734,-0.03125
0,direct,1,ENG_03,engineering__INT_DURATION_X_MOTOR,engineered_representation,final_26,none,all,INT_DURATION_X_MOTOR,interaction,extra_trees,582,146,47,0.07291883300058544,0.5233766095675566,0.375,0.5425465838509317,0.6060119047619047,0.6643835616438356,0.76,0.34375,0.7142857142857143,0.34375,0.01916997428337508,-0.03125
0,direct,1,ENG_04,engineering__INT_MOBILITY_X_POSTURAL_STABILITY,engineered_representation,final_26,none,all,INT_MOBILITY_X_POSTURAL_STABILITY,interaction,extra_trees,582,146,47,0.07592408300115494,0.5233766095675566,0.375,0.5341849871261636,0.5993452380952381,0.6506849315068494,0.74,0.34375,0.7142857142857143,0.34375,0.010808377558606974,-0.03125
0,direct,1,ENG_05,engineering__PCA_PART_I_PATIENT_3_80,engineered_representation,final_26,none,all,PCA_PART_I_PATIENT_3_80,pca,extra_trees,582,146,45,0.07317837499795132,0.5233766095675566,0.375,0.5521437474820396,0.6130952380952381,0.6643835616438356,0.75,0.375,0.7142857142857143,0.375,0.028767137914483043,0.0
0,direct,1,ENG_06,engineering__PCA_PART_I_PATIENT_3_90,engineered_representation,final_26,none,all,PCA_PART_I_PATIENT_3_90,pca,extra_trees,582,146,46,0.07479154199972982,0.5233766095675566,0.375,0.5624751275566965,0.620952380952381,0.6643835616438356,0.72,0.5,0.6428571428571429,0.5,0.03909851798913988,0.125
0,direct,1,ENG_07,engineering__PCA_PART_I_PATIENT_3_95,engineered_representation,final_26,none,all,PCA_PART_I_PATIENT_3_95,pca,extra_trees,582,146,46,0.07166904199766577,0.5233766095675566,0.375,0.5624751275566965,0.620952380952381,0.6643835616438356,0.72,0.5,0.6428571428571429,0.5,0.03909851798913988,0.125
0,direct,2,ENG_01,engineering__INT_GAIT_X_POSTURAL_STABILITY,engineered_representation,final_26,none,all,INT_GAIT_X_POSTURAL_STABILITY,interaction,extra_trees,582,146,48,0.07047045800209162,0.5186187111828533,0.34375,0.529710591133005,0.5788690476190476,0.6506849315068494,0.75,0.34375,0.6428571428571429,0.34375,0.011091879950151706,0.0
0,direct,2,ENG_02,engineering__INT_MOTOR_X_COGNITION,engineered_representation,final_26,none,all,INT_MOTOR_X_COGNITION,interaction,extra_trees,582,146,48,0.07415424999999232,0.5186187111828533,0.34375,0.5130580170069033,0.5550595238095238,0.6438356164383562,0.75,0.34375,0.5714285714285714,0.34375,-0.005560694175949954,0.0
0,direct,2,ENG_03,engineering__INT_DURATION_X_MOTOR,engineered_representation,final_26,none,all,INT_DURATION_X_MOTOR,interaction,extra_trees,582,146,48,0.07148091700219084,0.5186187111828533,0.34375,0.5178130511463844,0.5588095238095238,0.636986301369863,0.73,0.375,0.5714285714285714,0.375,-0.0008056600364688693,0.03125
0,direct,2,ENG_04,engineering__INT_MOBILITY_X_POSTURAL_STABILITY,engineered_representation,final_26,none,all,INT_MOBILITY_X_POSTURAL_STABILITY,interaction,extra_trees,582,146,48,0.0755989999997837,0.5186187111828533,0.34375,0.5201364865671185,0.5621428571428572,0.6438356164383562,0.74,0.375,0.5714285714285714,0.375,0.0015177753842652297,0.03125
0,direct,2,ENG_05,engineering__PCA_PART_I_PATIENT_3_80,engineered_representation,final_26,none,all,PCA_PART_I_PATIENT_3_80,pca,extra_trees,582,146,46,0.07208479100154364,0.5186187111828533,0.34375,0.5160624521455441,0.5554761904761905,0.6301369863013698,0.72,0.375,0.5714285714285714,0.375,-0.002556259037309161,0.03125
0,direct,2,ENG_06,engineering__PCA_PART_I_PATIENT_3_90,engineered_representation,final_26,none,all,PCA_PART_I_PATIENT_3_90,pca,extra_trees,582,146,47,0.1170590000001539,0.5186187111828533,0.34375,0.5379963598364798,0.5855357142857143,0.6643835616438356,0.77,0.34375,0.6428571428571429,0.34375,0.019377648653626456,0.0
0,direct,2,ENG_07,engineering__PCA_PART_I_PATIENT_3_95,engineered_representation,final_26,none,all,PCA_PART_I_PATIENT_3_95,pca,extra_trees,582,146,47,0.0749382499998319,0.5186187111828533,0.34375,0.5379963598364798,0.5855357142857143,0.6643835616438356,0.77,0.34375,0.6428571428571429,0.34375,0.019377648653626456,0.0
0,direct,3,ENG_01,engineering__INT_GAIT_X_POSTURAL_STABILITY,engineered_representation,final_26,none,all,INT_GAIT_X_POSTURAL_STABILITY,interaction,extra_trees,583,145,48,0.07575979099783581,0.5130484330484331,0.1935483870967742,0.5262097385086204,0.5675029868578255,0.6551724137931034,0.7777777777777778,0.25806451612903225,0.6666666666666666,0.25806451612903225,0.013161305460187345,0.06451612903225806
0,direct,3,ENG_02,engineering__INT_MOTOR_X_COGNITION,engineered_representation,final_26,none,all,INT_MOTOR_X_COGNITION,interaction,extra_trees,583,145,48,0.07505612499880954,0.5130484330484331,0.1935483870967742,0.5442445659483098,0.5816226783968719,0.6689655172413793,0.7878787878787878,0.2903225806451613,0.6666666666666666,0.2903225806451613,0.031196132899876772,0.09677419354838712
0,direct,3,ENG_03,engineering__INT_DURATION_X_MOTOR,engineered_representation,final_26,none,all,INT_DURATION_X_MOTOR,interaction,extra_trees,583,145,48,0.07738341599906562,0.5130484330484331,0.1935483870967742,0.5584223623402623,0.5923753665689149,0.6758620689655173,0.7878787878787878,0.3225806451612903,0.6666666666666666,0.3225806451612903,0.04537392929182926,0.12903225806451613
0,direct,3,ENG_04,engineering__INT_MOBILITY_X_POSTURAL_STABILITY,engineered_representation,final_26,none,all,INT_MOBILITY_X_POSTURAL_STABILITY,interaction,extra_trees,583,145,48,0.07795995800188393,0.5130484330484331,0.1935483870967742,0.5584223623402623,0.5923753665689149,0.6758620689655173,0.7878787878787878,0.3225806451612903,0.6666666666666666,0.3225806451612903,0.04537392929182926,0.12903225806451613
0,direct,3,ENG_05,engineering__PCA_PART_I_PATIENT_3_80,engineered_representation,final_26,none,all,PCA_PART_I_PATIENT_3_80,pca,extra_trees,583,145,46,0.07485875000202213,0.5130484330484331,0.1935483870967742,0.5273520260817506,0.5823395242750081,0.6620689655172414,0.7878787878787878,0.22580645161290322,0.7333333333333333,0.22580645161290322,0.014303593033317519,0.03225806451612903
0,direct,3,ENG_06,engineering__PCA_PART_I_PATIENT_3_90,engineered_representation,final_26,none,all,PCA_PART_I_PATIENT_3_90,pca,extra_trees,583,145,47,0.07421258299655165,0.5130484330484331,0.1935483870967742,0.5300658334399749,0.5823395242750081,0.6620689655172414,0.7878787878787878,0.22580645161290322,0.7333333333333333,0.22580645161290322,0.01701740039154187,0.03225806451612903
0,direct,3,ENG_07,engineering__PCA_PART_I_PATIENT_3_95,engineered_representation,final_26,none,all,PCA_PART_I_PATIENT_3_95,pca,extra_trees,583,145,47,0.07593724999969709,0.5130484330484331,0.1935483870967742,0.5300658334399749,0.5823395242750081,0.6620689655172414,0.7878787878787878,0.22580645161290322,0.7333333333333333,0.22580645161290322,0.01701740039154187,0.03225806451612903
0,direct,4,ENG_01,engineering__INT_GAIT_X_POSTURAL_STABILITY,engineered_representation,final_26,none,all,INT_GAIT_X_POSTURAL_STABILITY,interaction,extra_trees,583,145,48,0.07509062499957508,0.48446031886887325,0.3125,0.44983065352509016,0.4856902356902357,0.5862068965517241,0.7070707070707071,0.25,0.5,0.25,-0.03462966534378309,-0.0625
0,direct,4,ENG_02,engineering__INT_MOTOR_X_COGNITION,engineered_representation,final_26,none,all,INT_MOTOR_X_COGNITION,interaction,extra_trees,583,145,48,0.0746629169989319,0.48446031886887325,0.3125,0.4535936603272876,0.489057239057239,0.593103448275862,0.7171717171717171,0.25,0.5,0.25,-0.030866658541585656,-0.0625
0,direct,4,ENG_03,engineering__INT_DURATION_X_MOTOR,engineered_representation,final_26,none,all,INT_DURATION_X_MOTOR,interaction,extra_trees,583,145,48,0.07571954200102482,0.48446031886887325,0.3125,0.44096704752442456,0.47895622895622897,0.5724137931034483,0.6868686868686869,0.25,0.5,0.25,-0.04349327134444869,-0.0625
0,direct,4,ENG_04,engineering__INT_MOBILITY_X_POSTURAL_STABILITY,engineered_representation,final_26,none,all,INT_MOBILITY_X_POSTURAL_STABILITY,interaction,extra_trees,583,145,48,0.07646429099986563,0.48446031886887325,0.3125,0.4496236073471846,0.4856902356902357,0.5862068965517241,0.7070707070707071,0.25,0.5,0.25,-0.03483671152168866,-0.0625
0,direct,4,ENG_05,engineering__PCA_PART_I_PATIENT_3_80,engineered_representation,final_26,none,all,PCA_PART_I_PATIENT_3_80,pca,extra_trees,583,145,46,0.07290362500134506,0.48446031886887325,0.3125,0.43718491631377293,0.47527356902356904,0.5793103448275863,0.7070707070707071,0.21875,0.5,0.21875,-0.04727540255510032,-0.09375
0,direct,4,ENG_06,engineering__PCA_PART_I_PATIENT_3_90,engineered_representation,final_26,none,all,PCA_PART_I_PATIENT_3_90,pca,extra_trees,583,145,47,0.07495720799852279,0.48446031886887325,0.3125,0.471569101757781,0.505892255892256,0.6275862068965518,0.7676767676767676,0.25,0.5,0.25,-0.012891217111092257,-0.0625
0,direct,4,ENG_07,engineering__PCA_PART_I_PATIENT_3_95,engineered_representation,final_26,none,all,PCA_PART_I_PATIENT_3_95,pca,extra_trees,583,145,47,0.07333220800137497,0.48446031886887325,0.3125,0.471569101757781,0.505892255892256,0.6275862068965518,0.7676767676767676,0.25,0.5,0.25,-0.012891217111092257,-0.0625
0,stage_1,0,ENG_01,engineering__INT_GAIT_X_POSTURAL_STABILITY,engineered_representation,final_26,none,all,INT_GAIT_X_POSTURAL_STABILITY,interaction,extra_trees,582,146,48,0.0828117499986547,0.686711676348982,0.6304347826086957,0.6685242518059855,0.6802173913043479,0.6986301369863014,0.73,0.6304347826086957,,0.6304347826086957,-0.01818742454299649,0.0
0,stage_1,0,ENG_02,engineering__INT_MOTOR_X_COGNITION,engineered_representation,final_26,none,all,INT_MOTOR_X_COGNITION,interaction,extra_trees,582,146,48,0.07798629100216203,0.686711676348982,0.6304347826086957,0.6745632678451091,0.6852173913043478,0.7054794520547946,0.74,0.6304347826086957,,0.6304347826086957,-0.012148408503872887,0.0
0,stage_1,0,ENG_03,engineering__INT_DURATION_X_MOTOR,engineered_representation,final_26,none,all,INT_DURATION_X_MOTOR,interaction,extra_trees,582,146,48,0.07508070900075836,0.686711676348982,0.6304347826086957,0.7013093289689034,0.7178260869565217,0.726027397260274,0.74,0.6956521739130435,,0.6956521739130435,0.014597652619921409,0.06521739130434778
0,stage_1,0,ENG_04,engineering__INT_MOBILITY_X_POSTURAL_STABILITY,engineered_representation,final_26,none,all,INT_MOBILITY_X_POSTURAL_STABILITY,interaction,extra_trees,582,146,48,0.07618870799706201,0.686711676348982,0.6304347826086957,0.6835913312693498,0.6960869565217391,0.7123287671232876,0.74,0.6521739130434783,,0.6521739130434783,-0.003120345079632214,0.021739130434782594
0,stage_1,0,ENG_05,engineering__PCA_PART_I_PATIENT_3_80,engineered_representation,final_26,none,all,PCA_PART_I_PATIENT_3_80,pca,extra_trees,582,146,46,0.07629004200134659,0.686711676348982,0.6304347826086957,0.6653934300993125,0.6810869565217391,0.6917808219178082,0.71,0.6521739130434783,,0.6521739130434783,-0.021318246249669492,0.021739130434782594
0,stage_1,0,ENG_06,engineering__PCA_PART_I_PATIENT_3_90,engineered_representation,final_26,none,all,PCA_PART_I_PATIENT_3_90,pca,extra_trees,582,146,47,0.06383145799918566,0.686711676348982,0.6304347826086957,0.6896998600383599,0.7010869565217391,0.7191780821917808,0.75,0.6521739130434783,,0.6521739130434783,0.0029881836893779212,0.021739130434782594
0,stage_1,0,ENG_07,engineering__PCA_PART_I_PATIENT_3_95,engineered_representation,final_26,none,all,PCA_PART_I_PATIENT_3_95,pca,extra_trees,582,146,47,0.07361200000013923,0.686711676348982,0.6304347826086957,0.6896998600383599,0.7010869565217391,0.7191780821917808,0.75,0.6521739130434783,,0.6521739130434783,0.0029881836893779212,0.021739130434782594
0,stage_1,1,ENG_01,engineering__INT_GAIT_X_POSTURAL_STABILITY,engineered_representation,final_26,none,all,INT_GAIT_X_POSTURAL_STABILITY,interaction,extra_trees,582,146,47,0.0650608750001993,0.7199730444248613,0.6956521739130435,0.7414583333333333,0.7536956521739131,0.7671232876712328,0.79,0.717391304347826,,0.717391304347826,0.02148528890847201,0.021739130434782594
0,stage_1,1,ENG_02,engineering__INT_MOTOR_X_COGNITION,engineered_representation,final_26,none,all,INT_MOTOR_X_COGNITION,interaction,extra_trees,582,146,47,0.06273316599981626,0.7199730444248613,0.6956521739130435,0.7414583333333333,0.7536956521739131,0.7671232876712328,0.79,0.717391304347826,,0.717391304347826,0.02148528890847201,0.021739130434782594
0,stage_1,1,ENG_03,engineering__INT_DURATION_X_MOTOR,engineered_representation,final_26,none,all,INT_DURATION_X_MOTOR,interaction,extra_trees,582,146,47,0.06628458300110651,0.7199730444248613,0.6956521739130435,0.7235430254576057,0.7319565217391304,0.7534246575342466,0.79,0.6739130434782609,,0.6739130434782609,0.003569981032744418,-0.021739130434782594
0,stage_1,1,ENG_04,engineering__INT_MOBILITY_X_POSTURAL_STABILITY,engineered_representation,final_26,none,all,INT_MOBILITY_X_POSTURAL_STABILITY,interaction,extra_trees,582,146,47,0.07550945899856742,0.7199730444248613,0.6956521739130435,0.708184304649695,0.7160869565217391,0.7397260273972602,0.78,0.6521739130434783,,0.6521739130434783,-0.011788739775166368,-0.04347826086956519
0,stage_1,1,ENG_05,engineering__PCA_PART_I_PATIENT_3_80,engineered_representation,final_26,none,all,PCA_PART_I_PATIENT_3_80,pca,extra_trees,582,146,45,0.07811341599881416,0.7199730444248613,0.6956521739130435,0.7199730444248613,0.7328260869565217,0.7465753424657534,0.77,0.6956521739130435,,0.6956521739130435,0.0,0.0
0,stage_1,1,ENG_06,engineering__PCA_PART_I_PATIENT_3_90,engineered_representation,final_26,none,all,PCA_PART_I_PATIENT_3_90,pca,extra_trees,582,146,46,0.07765083300182596,0.7199730444248613,0.6956521739130435,0.735109636618112,0.748695652173913,0.7602739726027398,0.78,0.717391304347826,,0.717391304347826,0.015136592193250697,0.021739130434782594
0,stage_1,1,ENG_07,engineering__PCA_PART_I_PATIENT_3_95,engineered_representation,final_26,none,all,PCA_PART_I_PATIENT_3_95,pca,extra_trees,582,146,46,0.0764818749994447,0.7199730444248613,0.6956521739130435,0.735109636618112,0.748695652173913,0.7602739726027398,0.78,0.717391304347826,,0.717391304347826,0.015136592193250697,0.021739130434782594
0,stage_1,2,ENG_01,engineering__INT_GAIT_X_POSTURAL_STABILITY,engineered_representation,final_26,none,all,INT_GAIT_X_POSTURAL_STABILITY,interaction,extra_trees,582,146,48,0.07322733299952233,0.689625850340136,0.6086956521739131,0.6774668630338734,0.6843478260869565,0.7123287671232876,0.76,0.6086956521739131,,0.6086956521739131,-0.012158987306262636,0.0
0,stage_1,2,ENG_02,engineering__INT_MOTOR_X_COGNITION,engineered_representation,final_26,none,all,INT_MOTOR_X_COGNITION,interaction,extra_trees,582,146,48,0.07483616700119455,0.689625850340136,0.6086956521739131,0.6714293190977129,0.6793478260869565,0.7054794520547946,0.75,0.6086956521739131,,0.6086956521739131,-0.018196531242423153,0.0
0,stage_1,2,ENG_03,engineering__INT_DURATION_X_MOTOR,engineered_representation,final_26,none,all,INT_DURATION_X_MOTOR,interaction,extra_trees,582,146,48,0.07452291699883062,0.689625850340136,0.6086956521739131,0.6774668630338734,0.6843478260869565,0.7123287671232876,0.76,0.6086956521739131,,0.6086956521739131,-0.012158987306262636,0.0
0,stage_1,2,ENG_04,engineering__INT_MOBILITY_X_POSTURAL_STABILITY,engineered_representation,final_26,none,all,INT_MOBILITY_X_POSTURAL_STABILITY,interaction,extra_trees,582,146,48,0.07561120900209062,0.689625850340136,0.6086956521739131,0.6714293190977129,0.6793478260869565,0.7054794520547946,0.75,0.6086956521739131,,0.6086956521739131,-0.018196531242423153,0.0
0,stage_1,2,ENG_05,engineering__PCA_PART_I_PATIENT_3_80,engineered_representation,final_26,none,all,PCA_PART_I_PATIENT_3_80,pca,extra_trees,582,146,46,0.0633176250012184,0.689625850340136,0.6086956521739131,0.686711676348982,0.6952173913043478,0.7191780821917808,0.76,0.6304347826086957,,0.6304347826086957,-0.002914173991154012,0.021739130434782594
0,stage_1,2,ENG_06,engineering__PCA_PART_I_PATIENT_3_90,engineered_representation,final_26,none,all,PCA_PART_I_PATIENT_3_90,pca,extra_trees,582,146,47,0.07510249999904772,0.689625850340136,0.6086956521739131,0.692825583841784,0.7002173913043479,0.726027397260274,0.77,0.6304347826086957,,0.6304347826086957,0.003199733501648039,0.021739130434782594
0,stage_1,2,ENG_07,engineering__PCA_PART_I_PATIENT_3_95,engineered_representation,final_26,none,all,PCA_PART_I_PATIENT_3_95,pca,extra_trees,582,146,47,0.06582591600090382,0.689625850340136,0.6086956521739131,0.692825583841784,0.7002173913043479,0.726027397260274,0.77,0.6304347826086957,,0.6304347826086957,0.003199733501648039,0.021739130434782594
0,stage_1,3,ENG_01,engineering__INT_GAIT_X_POSTURAL_STABILITY,engineered_representation,final_26,none,all,INT_GAIT_X_POSTURAL_STABILITY,interaction,extra_trees,583,145,48,0.06506308300231467,0.6938888888888889,0.5652173913043478,0.6798029556650247,0.6750109793588055,0.7310344827586207,0.8282828282828283,0.5217391304347826,,0.5217391304347826,-0.0140859332238642,-0.04347826086956519
0,stage_1,3,ENG_02,engineering__INT_MOTOR_X_COGNITION,engineered_representation,final_26,none,all,INT_MOTOR_X_COGNITION,interaction,extra_trees,583,145,48,0.06566625000050408,0.6938888888888889,0.5652173913043478,0.6777777777777778,0.6757795344751867,0.7241379310344828,0.8080808080808081,0.5434782608695652,,0.5434782608695652,-0.016111111111111076,-0.021739130434782594
0,stage_1,3,ENG_03,engineering__INT_DURATION_X_MOTOR,engineered_representation,final_26,none,all,INT_DURATION_X_MOTOR,interaction,extra_trees,583,145,48,0.061308500000450294,0.6938888888888889,0.5652173913043478,0.6616666666666666,0.6598594642072904,0.7103448275862069,0.797979797979798,0.5217391304347826,,0.5217391304347826,-0.03222222222222226,-0.04347826086956519
0,stage_1,3,ENG_04,engineering__INT_MOBILITY_X_POSTURAL_STABILITY,engineered_representation,final_26,none,all,INT_MOBILITY_X_POSTURAL_STABILITY,interaction,extra_trees,583,145,48,0.07513104099780321,0.6938888888888889,0.5652173913043478,0.6798029556650247,0.6750109793588055,0.7310344827586207,0.8282828282828283,0.5217391304347826,,0.5217391304347826,-0.0140859332238642,-0.04347826086956519
0,stage_1,3,ENG_05,engineering__PCA_PART_I_PATIENT_3_80,engineered_representation,final_26,none,all,PCA_PART_I_PATIENT_3_80,pca,extra_trees,583,145,46,0.06386958299844991,0.6938888888888889,0.5652173913043478,0.6777777777777778,0.6757795344751867,0.7241379310344828,0.8080808080808081,0.5434782608695652,,0.5434782608695652,-0.016111111111111076,-0.021739130434782594
0,stage_1,3,ENG_06,engineering__PCA_PART_I_PATIENT_3_90,engineered_representation,final_26,none,all,PCA_PART_I_PATIENT_3_90,pca,extra_trees,583,145,47,0.06211099999927683,0.6938888888888889,0.5652173913043478,0.6975186649099693,0.6975186649099693,0.7379310344827587,0.8080808080808081,0.5869565217391305,,0.5869565217391305,0.0036297760210803887,0.021739130434782705
0,stage_1,3,ENG_07,engineering__PCA_PART_I_PATIENT_3_95,engineered_representation,final_26,none,all,PCA_PART_I_PATIENT_3_95,pca,extra_trees,583,145,47,0.06397812499926658,0.6938888888888889,0.5652173913043478,0.6975186649099693,0.6975186649099693,0.7379310344827587,0.8080808080808081,0.5869565217391305,,0.5869565217391305,0.0036297760210803887,0.021739130434782705
0,stage_1,4,ENG_01,engineering__INT_GAIT_X_POSTURAL_STABILITY,engineered_representation,final_26,none,all,INT_GAIT_X_POSTURAL_STABILITY,interaction,extra_trees,583,145,48,0.06411429199943086,0.651460926232573,0.5652173913043478,0.6359703007317985,0.6404259991216512,0.6758620689655173,0.7373737373737373,0.5434782608695652,,0.5434782608695652,-0.015490625500774513,-0.021739130434782594
0,stage_1,4,ENG_02,engineering__INT_MOTOR_X_COGNITION,engineered_representation,final_26,none,all,INT_MOTOR_X_COGNITION,interaction,extra_trees,583,145,48,0.062069584000710165,0.651460926232573,0.5652173913043478,0.6359703007317985,0.6404259991216512,0.6758620689655173,0.7373737373737373,0.5434782608695652,,0.5434782608695652,-0.015490625500774513,-0.021739130434782594
0,stage_1,4,ENG_03,engineering__INT_DURATION_X_MOTOR,engineered_representation,final_26,none,all,INT_DURATION_X_MOTOR,interaction,extra_trees,583,145,48,0.05989791699903435,0.651460926232573,0.5652173913043478,0.6418599656357389,0.6454765041721564,0.6827586206896552,0.7474747474747475,0.5434782608695652,,0.5434782608695652,-0.00960096059683413,-0.021739130434782594
0,stage_1,4,ENG_04,engineering__INT_MOBILITY_X_POSTURAL_STABILITY,engineered_representation,final_26,none,all,INT_MOBILITY_X_POSTURAL_STABILITY,interaction,extra_trees,583,145,48,0.06472375000157626,0.651460926232573,0.5652173913043478,0.6359703007317985,0.6404259991216512,0.6758620689655173,0.7373737373737373,0.5434782608695652,,0.5434782608695652,-0.015490625500774513,-0.021739130434782594
0,stage_1,4,ENG_05,engineering__PCA_PART_I_PATIENT_3_80,engineered_representation,final_26,none,all,PCA_PART_I_PATIENT_3_80,pca,extra_trees,583,145,46,0.06168062500000815,0.651460926232573,0.5652173913043478,0.6280224878554663,0.6287878787878788,0.6758620689655173,0.7575757575757576,0.5,,0.5,-0.023438438377106685,-0.06521739130434778
0,stage_1,4,ENG_06,engineering__PCA_PART_I_PATIENT_3_90,engineered_representation,final_26,none,all,PCA_PART_I_PATIENT_3_90,pca,extra_trees,583,145,47,0.06053408300067531,0.651460926232573,0.5652173913043478,0.6669515517333475,0.6722661396574441,0.7034482758620689,0.7575757575757576,0.5869565217391305,,0.5869565217391305,0.015490625500774513,0.021739130434782705
0,stage_1,4,ENG_07,engineering__PCA_PART_I_PATIENT_3_95,engineered_representation,final_26,none,all,PCA_PART_I_PATIENT_3_95,pca,extra_trees,583,145,47,0.06281020900132717,0.651460926232573,0.5652173913043478,0.6669515517333475,0.6722661396574441,0.7034482758620689,0.7575757575757576,0.5869565217391305,,0.5869565217391305,0.015490625500774513,0.021739130434782705
0,stage_2,0,ENG_01,engineering__INT_GAIT_X_POSTURAL_STABILITY,engineered_representation,final_26,none,all,INT_GAIT_X_POSTURAL_STABILITY,interaction,extra_trees,184,46,46,0.06465870800093398,0.6413255360623782,0.59375,0.6413255360623782,0.6897321428571428,0.6521739130434783,0.59375,0.7857142857142857,,0.59375,0.0,0.0
0,stage_2,0,ENG_02,engineering__INT_MOTOR_X_COGNITION,engineered_representation,final_26,none,all,INT_MOTOR_X_COGNITION,interaction,extra_trees,184,46,46,0.060719875000359025,0.6413255360623782,0.59375,0.6413255360623782,0.6897321428571428,0.6521739130434783,0.59375,0.7857142857142857,,0.59375,0.0,0.0
0,stage_2,0,ENG_03,engineering__INT_DURATION_X_MOTOR,engineered_representation,final_26,none,all,INT_DURATION_X_MOTOR,interaction,extra_trees,184,46,46,0.06418483400193509,0.6413255360623782,0.59375,0.6661828737300435,0.7254464285714286,0.6739130434782609,0.59375,0.8571428571428571,,0.59375,0.02485733766766529,0.0
0,stage_2,0,ENG_04,engineering__INT_MOBILITY_X_POSTURAL_STABILITY,engineered_representation,final_26,none,all,INT_MOBILITY_X_POSTURAL_STABILITY,interaction,extra_trees,184,46,46,0.061447416999726556,0.6413255360623782,0.59375,0.6413255360623782,0.6897321428571428,0.6521739130434783,0.59375,0.7857142857142857,,0.59375,0.0,0.0
0,stage_2,0,ENG_05,engineering__PCA_PART_I_PATIENT_3_80,engineered_representation,final_26,none,all,PCA_PART_I_PATIENT_3_80,pca,extra_trees,184,46,44,0.0664381249989674,0.6413255360623782,0.59375,0.6413255360623782,0.6897321428571428,0.6521739130434783,0.59375,0.7857142857142857,,0.59375,0.0,0.0
0,stage_2,0,ENG_06,engineering__PCA_PART_I_PATIENT_3_90,engineered_representation,final_26,none,all,PCA_PART_I_PATIENT_3_90,pca,extra_trees,184,46,45,0.06644370799767785,0.6413255360623782,0.59375,0.6157248157248157,0.6540178571428572,0.6304347826086957,0.59375,0.7142857142857143,,0.59375,-0.025600720337562444,0.0
0,stage_2,0,ENG_07,engineering__PCA_PART_I_PATIENT_3_95,engineered_representation,final_26,none,all,PCA_PART_I_PATIENT_3_95,pca,extra_trees,184,46,45,0.07012383300025249,0.6413255360623782,0.59375,0.6157248157248157,0.6540178571428572,0.6304347826086957,0.59375,0.7142857142857143,,0.59375,-0.025600720337562444,0.0
0,stage_2,1,ENG_01,engineering__INT_GAIT_X_POSTURAL_STABILITY,engineered_representation,final_26,none,all,INT_GAIT_X_POSTURAL_STABILITY,interaction,extra_trees,184,46,46,0.06170966699937708,0.6223316912972086,0.75,0.6456086286594761,0.6651785714285714,0.6739130434782609,0.6875,0.6428571428571429,,0.6875,0.023276937362267547,-0.0625
0,stage_2,1,ENG_02,engineering__INT_MOTOR_X_COGNITION,engineered_representation,final_26,none,all,INT_MOTOR_X_COGNITION,interaction,extra_trees,184,46,46,0.0676319579979463,0.6223316912972086,0.75,0.6837652035959809,0.6964285714285714,0.717391304347826,0.75,0.6428571428571429,,0.75,0.061433512298772364,0.0
0,stage_2,1,ENG_03,engineering__INT_DURATION_X_MOTOR,engineered_representation,final_26,none,all,INT_DURATION_X_MOTOR,interaction,extra_trees,184,46,46,0.06454883299738867,0.6223316912972086,0.75,0.6734279918864097,0.7008928571428572,0.6956521739130435,0.6875,0.7142857142857143,,0.6875,0.051096300589201116,-0.0625
0,stage_2,1,ENG_04,engineering__INT_MOBILITY_X_POSTURAL_STABILITY,engineered_representation,final_26,none,all,INT_MOBILITY_X_POSTURAL_STABILITY,interaction,extra_trees,184,46,46,0.06386637499963399,0.6223316912972086,0.75,0.6928608115048793,0.7165178571428572,0.717391304347826,0.71875,0.7142857142857143,,0.71875,0.07052912020767077,-0.03125
0,stage_2,1,ENG_05,engineering__PCA_PART_I_PATIENT_3_80,engineered_representation,final_26,none,all,PCA_PART_I_PATIENT_3_80,pca,extra_trees,184,46,44,0.0692173340030422,0.6223316912972086,0.75,0.7230432402846196,0.7276785714285714,0.7608695652173914,0.8125,0.6428571428571429,,0.8125,0.10071154898741108,0.0625
0,stage_2,1,ENG_06,engineering__PCA_PART_I_PATIENT_3_90,engineered_representation,final_26,none,all,PCA_PART_I_PATIENT_3_90,pca,extra_trees,184,46,45,0.06951512500017998,0.6223316912972086,0.75,0.6837652035959809,0.6964285714285714,0.717391304347826,0.75,0.6428571428571429,,0.75,0.061433512298772364,0.0
0,stage_2,1,ENG_07,engineering__PCA_PART_I_PATIENT_3_95,engineered_representation,final_26,none,all,PCA_PART_I_PATIENT_3_95,pca,extra_trees,184,46,45,0.06280679200062877,0.6223316912972086,0.75,0.6837652035959809,0.6964285714285714,0.717391304347826,0.75,0.6428571428571429,,0.75,0.061433512298772364,0.0
0,stage_2,2,ENG_01,engineering__INT_GAIT_X_POSTURAL_STABILITY,engineered_representation,final_26,none,all,INT_GAIT_X_POSTURAL_STABILITY,interaction,extra_trees,184,46,46,0.06703079100043396,0.6223316912972086,0.75,0.6223316912972086,0.625,0.6739130434782609,0.75,0.5,,0.75,0.0,0.0
0,stage_2,2,ENG_02,engineering__INT_MOTOR_X_COGNITION,engineered_representation,final_26,none,all,INT_MOTOR_X_COGNITION,interaction,extra_trees,184,46,46,0.06916266700136475,0.6223316912972086,0.75,0.6223316912972086,0.625,0.6739130434782609,0.75,0.5,,0.75,0.0,0.0
0,stage_2,2,ENG_03,engineering__INT_DURATION_X_MOTOR,engineered_representation,final_26,none,all,INT_DURATION_X_MOTOR,interaction,extra_trees,184,46,46,0.06400304199996754,0.6223316912972086,0.75,0.6223316912972086,0.625,0.6739130434782609,0.75,0.5,,0.75,0.0,0.0
0,stage_2,2,ENG_04,engineering__INT_MOBILITY_X_POSTURAL_STABILITY,engineered_representation,final_26,none,all,INT_MOBILITY_X_POSTURAL_STABILITY,interaction,extra_trees,184,46,46,0.06729887499750475,0.6223316912972086,0.75,0.6223316912972086,0.625,0.6739130434782609,0.75,0.5,,0.75,0.0,0.0
0,stage_2,2,ENG_05,engineering__PCA_PART_I_PATIENT_3_80,engineered_representation,final_26,none,all,PCA_PART_I_PATIENT_3_80,pca,extra_trees,184,46,44,0.07765595799719449,0.6223316912972086,0.75,0.6726874657909141,0.6763392857142857,0.717391304347826,0.78125,0.5714285714285714,,0.78125,0.05035577449370554,0.03125
0,stage_2,2,ENG_06,engineering__PCA_PART_I_PATIENT_3_90,engineered_representation,final_26,none,all,PCA_PART_I_PATIENT_3_90,pca,extra_trees,184,46,45,0.06432645799941383,0.6223316912972086,0.75,0.640625,0.640625,0.6956521739130435,0.78125,0.5,,0.78125,0.018293308702791444,0.03125
0,stage_2,2,ENG_07,engineering__PCA_PART_I_PATIENT_3_95,engineered_representation,final_26,none,all,PCA_PART_I_PATIENT_3_95,pca,extra_trees,184,46,45,0.06402425000123912,0.6223316912972086,0.75,0.640625,0.640625,0.6956521739130435,0.78125,0.5,,0.78125,0.018293308702791444,0.03125
0,stage_2,3,ENG_01,engineering__INT_GAIT_X_POSTURAL_STABILITY,engineered_representation,final_26,none,all,INT_GAIT_X_POSTURAL_STABILITY,interaction,extra_trees,184,46,46,0.07794608300173422,0.7032258064516128,0.8064516129032258,0.7032258064516128,0.7032258064516128,0.7391304347826086,0.8064516129032258,0.6,,0.8064516129032258,0.0,0.0
0,stage_2,3,ENG_02,engineering__INT_MOTOR_X_COGNITION,engineered_representation,final_26,none,all,INT_MOTOR_X_COGNITION,interaction,extra_trees,184,46,46,0.06499012499989476,0.7032258064516128,0.8064516129032258,0.6726874657909141,0.6698924731182796,0.717391304347826,0.8064516129032258,0.5333333333333333,,0.8064516129032258,-0.030538340660698715,0.0
0,stage_2,3,ENG_03,engineering__INT_DURATION_X_MOTOR,engineered_representation,final_26,none,all,INT_DURATION_X_MOTOR,interaction,extra_trees,184,46,46,0.06364812500032713,0.7032258064516128,0.8064516129032258,0.7032258064516128,0.7032258064516128,0.7391304347826086,0.8064516129032258,0.6,,0.8064516129032258,0.0,0.0
0,stage_2,3,ENG_04,engineering__INT_MOBILITY_X_POSTURAL_STABILITY,engineered_representation,final_26,none,all,INT_MOBILITY_X_POSTURAL_STABILITY,interaction,extra_trees,184,46,46,0.06607850000000326,0.7032258064516128,0.8064516129032258,0.7032258064516128,0.7032258064516128,0.7391304347826086,0.8064516129032258,0.6,,0.8064516129032258,0.0,0.0
0,stage_2,3,ENG_05,engineering__PCA_PART_I_PATIENT_3_80,engineered_representation,final_26,none,all,PCA_PART_I_PATIENT_3_80,pca,extra_trees,184,46,44,0.06708900000012363,0.7032258064516128,0.8064516129032258,0.7324167107350608,0.7365591397849462,0.7608695652173914,0.8064516129032258,0.6666666666666666,,0.8064516129032258,0.02919090428344795,0.0
0,stage_2,3,ENG_06,engineering__PCA_PART_I_PATIENT_3_90,engineered_representation,final_26,none,all,PCA_PART_I_PATIENT_3_90,pca,extra_trees,184,46,45,0.06809033400350017,0.7032258064516128,0.8064516129032258,0.7401129943502824,0.753763440860215,0.7608695652173914,0.7741935483870968,0.7333333333333333,,0.7741935483870968,0.03688718789866963,-0.032258064516129004
0,stage_2,3,ENG_07,engineering__PCA_PART_I_PATIENT_3_95,engineered_representation,final_26,none,all,PCA_PART_I_PATIENT_3_95,pca,extra_trees,184,46,45,0.06670108300022548,0.7032258064516128,0.8064516129032258,0.7401129943502824,0.753763440860215,0.7608695652173914,0.7741935483870968,0.7333333333333333,,0.7741935483870968,0.03688718789866963,-0.032258064516129004
0,stage_2,4,ENG_01,engineering__INT_GAIT_X_POSTURAL_STABILITY,engineered_representation,final_26,none,all,INT_GAIT_X_POSTURAL_STABILITY,interaction,extra_trees,184,46,46,0.064752917001897,0.640625,0.78125,0.5892857142857143,0.5892857142857143,0.6521739130434783,0.75,0.42857142857142855,,0.75,-0.0513392857142857,-0.03125
0,stage_2,4,ENG_02,engineering__INT_MOTOR_X_COGNITION,engineered_representation,final_26,none,all,INT_MOTOR_X_COGNITION,interaction,extra_trees,184,46,46,0.06348283299666946,0.640625,0.78125,0.5892857142857143,0.5892857142857143,0.6521739130434783,0.75,0.42857142857142855,,0.75,-0.0513392857142857,-0.03125
0,stage_2,4,ENG_03,engineering__INT_DURATION_X_MOTOR,engineered_representation,final_26,none,all,INT_DURATION_X_MOTOR,interaction,extra_trees,184,46,46,0.06349725000109174,0.640625,0.78125,0.5892857142857143,0.5892857142857143,0.6521739130434783,0.75,0.42857142857142855,,0.75,-0.0513392857142857,-0.03125
0,stage_2,4,ENG_04,engineering__INT_MOBILITY_X_POSTURAL_STABILITY,engineered_representation,final_26,none,all,INT_MOBILITY_X_POSTURAL_STABILITY,interaction,extra_trees,184,46,46,0.06795004099694779,0.640625,0.78125,0.5892857142857143,0.5892857142857143,0.6521739130434783,0.75,0.42857142857142855,,0.75,-0.0513392857142857,-0.03125
0,stage_2,4,ENG_05,engineering__PCA_PART_I_PATIENT_3_80,engineered_representation,final_26,none,all,PCA_PART_I_PATIENT_3_80,pca,extra_trees,184,46,44,0.06200887500017416,0.640625,0.78125,0.640625,0.640625,0.6956521739130435,0.78125,0.5,,0.78125,0.0,0.0
0,stage_2,4,ENG_06,engineering__PCA_PART_I_PATIENT_3_90,engineered_representation,final_26,none,all,PCA_PART_I_PATIENT_3_90,pca,extra_trees,184,46,45,0.0634712910032249,0.640625,0.78125,0.640625,0.640625,0.6956521739130435,0.78125,0.5,,0.78125,0.0,0.0
0,stage_2,4,ENG_07,engineering__PCA_PART_I_PATIENT_3_95,engineered_representation,final_26,none,all,PCA_PART_I_PATIENT_3_95,pca,extra_trees,184,46,45,0.05922916700001224,0.640625,0.78125,0.640625,0.640625,0.6956521739130435,0.78125,0.5,,0.78125,0.0,0.0
1,direct,0,ENG_01,engineering__INT_GAIT_X_POSTURAL_STABILITY,engineered_representation,final_26,none,all,INT_GAIT_X_POSTURAL_STABILITY,interaction,extra_trees,582,146,48,0.07386550000228453,0.4449052826411317,0.1875,0.45052561664100477,0.5176190476190476,0.5684931506849316,0.66,0.25,0.6428571428571429,0.25,0.005620333999873051,0.0625
1,direct,0,ENG_02,engineering__INT_MOTOR_X_COGNITION,engineered_representation,final_26,none,all,INT_MOTOR_X_COGNITION,interaction,extra_trees,582,146,48,0.07433299999684095,0.4449052826411317,0.1875,0.4623170957921576,0.5280357142857143,0.5753424657534246,0.66,0.28125,0.6428571428571429,0.28125,0.017411813151025857,0.09375
1,direct,0,ENG_03,engineering__INT_DURATION_X_MOTOR,engineered_representation,final_26,none,all,INT_DURATION_X_MOTOR,interaction,extra_trees,582,146,48,0.13348774999758461,0.4449052826411317,0.1875,0.4623170957921576,0.5280357142857143,0.5753424657534246,0.66,0.28125,0.6428571428571429,0.28125,0.017411813151025857,0.09375
1,direct,0,ENG_04,engineering__INT_MOBILITY_X_POSTURAL_STABILITY,engineered_representation,final_26,none,all,INT_MOBILITY_X_POSTURAL_STABILITY,interaction,extra_trees,582,146,48,0.0762368340001558,0.4449052826411317,0.1875,0.46592536885832975,0.5317857142857143,0.5684931506849316,0.64,0.3125,0.6428571428571429,0.3125,0.02102008621719803,0.125
1,direct,0,ENG_05,engineering__PCA_PART_I_PATIENT_3_80,engineered_representation,final_26,none,all,PCA_PART_I_PATIENT_3_80,pca,extra_trees,582,146,46,0.07451858400236233,0.4449052826411317,0.1875,0.4785368014860172,0.5589285714285714,0.5821917808219178,0.65,0.3125,0.7142857142857143,0.3125,0.033631518844885466,0.125
1,direct,0,ENG_06,engineering__PCA_PART_I_PATIENT_3_90,engineered_representation,final_26,none,all,PCA_PART_I_PATIENT_3_90,pca,extra_trees,582,146,47,0.07394495799962897,0.4449052826411317,0.1875,0.46110021583600846,0.5280357142857143,0.5753424657534246,0.66,0.28125,0.6428571428571429,0.28125,0.01619493319487675,0.09375
1,direct,0,ENG_07,engineering__PCA_PART_I_PATIENT_3_95,engineered_representation,final_26,none,all,PCA_PART_I_PATIENT_3_95,pca,extra_trees,582,146,47,0.07383870800185832,0.4449052826411317,0.1875,0.46110021583600846,0.5280357142857143,0.5753424657534246,0.66,0.28125,0.6428571428571429,0.28125,0.01619493319487675,0.09375
1,direct,1,ENG_01,engineering__INT_GAIT_X_POSTURAL_STABILITY,engineered_representation,final_26,none,all,INT_GAIT_X_POSTURAL_STABILITY,interaction,extra_trees,582,146,48,0.07486420900022495,0.5110064374313079,0.25,0.5448971083117424,0.5989285714285715,0.6643835616438356,0.77,0.3125,0.7142857142857143,0.3125,0.033890670880434515,0.0625
1,direct,1,ENG_02,engineering__INT_MOTOR_X_COGNITION,engineered_representation,final_26,none,all,INT_MOTOR_X_COGNITION,interaction,extra_trees,582,146,48,0.07547595799769624,0.5110064374313079,0.25,0.5329923464069806,0.5885119047619048,0.6575342465753424,0.77,0.28125,0.7142857142857143,0.28125,0.021985908975672652,0.03125
1,direct,1,ENG_03,engineering__INT_DURATION_X_MOTOR,engineered_representation,final_26,none,all,INT_DURATION_X_MOTOR,interaction,extra_trees,582,146,48,0.07670670800143853,0.5110064374313079,0.25,0.5071699134199134,0.5714285714285715,0.636986301369863,0.75,0.25,0.7142857142857143,0.25,-0.00383652401139456,0.0
1,direct,1,ENG_04,engineering__INT_MOBILITY_X_POSTURAL_STABILITY,engineered_representation,final_26,none,all,INT_MOBILITY_X_POSTURAL_STABILITY,interaction,extra_trees,582,146,48,0.07551691700064112,0.5110064374313079,0.25,0.5542873506791032,0.6093452380952381,0.6712328767123288,0.77,0.34375,0.7142857142857143,0.34375,0.04328091324779526,0.09375
1,direct,1,ENG_05,engineering__PCA_PART_I_PATIENT_3_80,engineered_representation,final_26,none,all,PCA_PART_I_PATIENT_3_80,pca,extra_trees,582,146,46,0.06395816700023715,0.5110064374313079,0.25,0.49543099387658973,0.5610119047619048,0.6301369863013698,0.75,0.21875,0.7142857142857143,0.21875,-0.015575443554718182,-0.03125
1,direct,1,ENG_06,engineering__PCA_PART_I_PATIENT_3_90,engineered_representation,final_26,none,all,PCA_PART_I_PATIENT_3_90,pca,extra_trees,582,146,47,0.07278475000202889,0.5110064374313079,0.25,0.4996688612723519,0.5610119047619048,0.6301369863013698,0.75,0.21875,0.7142857142857143,0.21875,-0.011337576158956031,-0.03125
1,direct,1,ENG_07,engineering__PCA_PART_I_PATIENT_3_95,engineered_representation,final_26,none,all,PCA_PART_I_PATIENT_3_95,pca,extra_trees,582,146,47,0.07311116699929698,0.5110064374313079,0.25,0.4996688612723519,0.5610119047619048,0.6301369863013698,0.75,0.21875,0.7142857142857143,0.21875,-0.011337576158956031,-0.03125
1,direct,2,ENG_01,engineering__INT_GAIT_X_POSTURAL_STABILITY,engineered_representation,final_26,none,all,INT_GAIT_X_POSTURAL_STABILITY,interaction,extra_trees,582,146,47,0.0762152919996879,0.5454855777436423,0.46875,0.5422463136348129,0.5863690476190476,0.636986301369863,0.71,0.40625,0.6428571428571429,0.40625,-0.003239264108829354,-0.0625
1,direct,2,ENG_02,engineering__INT_MOTOR_X_COGNITION,engineered_representation,final_26,none,all,INT_MOTOR_X_COGNITION,interaction,extra_trees,582,146,47,0.07651016700037871,0.5454855777436423,0.46875,0.5480332930594711,0.585952380952381,0.6506849315068494,0.74,0.375,0.6428571428571429,0.375,0.002547715315828869,-0.09375
1,direct,2,ENG_03,engineering__INT_DURATION_X_MOTOR,engineered_representation,final_26,none,all,INT_DURATION_X_MOTOR,interaction,extra_trees,582,146,47,0.07647766700029024,0.5454855777436423,0.46875,0.5813053353729198,0.6272619047619048,0.6643835616438356,0.73,0.4375,0.7142857142857143,0.4375,0.03581975762927758,-0.03125
1,direct,2,ENG_04,engineering__INT_MOBILITY_X_POSTURAL_STABILITY,engineered_representation,final_26,none,all,INT_MOBILITY_X_POSTURAL_STABILITY,interaction,extra_trees,582,146,47,0.07461283399970853,0.5454855777436423,0.46875,0.545389960990984,0.5863690476190476,0.636986301369863,0.71,0.40625,0.6428571428571429,0.40625,-9.56167526582341e-05,-0.0625
1,direct,2,ENG_05,engineering__PCA_PART_I_PATIENT_3_80,engineered_representation,final_26,none,all,PCA_PART_I_PATIENT_3_80,pca,extra_trees,582,146,45,0.0750073750023148,0.5454855777436423,0.46875,0.5399099226561027,0.5889285714285714,0.6438356164383562,0.74,0.3125,0.7142857142857143,0.3125,-0.005575655087539544,-0.15625
1,direct,2,ENG_06,engineering__PCA_PART_I_PATIENT_3_90,engineered_representation,final_26,none,all,PCA_PART_I_PATIENT_3_90,pca,extra_trees,582,146,46,0.07364075000077719,0.5454855777436423,0.46875,0.5783489109941952,0.6272619047619048,0.6643835616438356,0.73,0.4375,0.7142857142857143,0.4375,0.032863333250552906,-0.03125
1,direct,2,ENG_07,engineering__PCA_PART_I_PATIENT_3_95,engineered_representation,final_26,none,all,PCA_PART_I_PATIENT_3_95,pca,extra_trees,582,146,46,0.07257004200073425,0.5454855777436423,0.46875,0.5783489109941952,0.6272619047619048,0.6643835616438356,0.73,0.4375,0.7142857142857143,0.4375,0.032863333250552906,-0.03125
1,direct,3,ENG_01,engineering__INT_GAIT_X_POSTURAL_STABILITY,engineered_representation,final_26,none,all,INT_GAIT_X_POSTURAL_STABILITY,interaction,extra_trees,583,145,48,0.0711587910009257,0.5066871113382742,0.3225806451612903,0.5113348599953959,0.5587053328988812,0.6068965517241379,0.6868686868686869,0.3225806451612903,0.6666666666666666,0.3225806451612903,0.0046477486571216975,0.0
1,direct,3,ENG_02,engineering__INT_MOTOR_X_COGNITION,engineered_representation,final_26,none,all,INT_MOTOR_X_COGNITION,interaction,extra_trees,583,145,48,0.0726859999995213,0.5066871113382742,0.3225806451612903,0.5113348599953959,0.5587053328988812,0.6068965517241379,0.6868686868686869,0.3225806451612903,0.6666666666666666,0.3225806451612903,0.0046477486571216975,0.0
1,direct,3,ENG_03,engineering__INT_DURATION_X_MOTOR,engineered_representation,final_26,none,all,INT_DURATION_X_MOTOR,interaction,extra_trees,583,145,48,0.07532549999814364,0.5066871113382742,0.3225806451612903,0.5174756077559136,0.566091017703921,0.6068965517241379,0.6767676767676768,0.3548387096774194,0.6666666666666666,0.3548387096774194,0.01078849641763946,0.03225806451612906
1,direct,3,ENG_04,engineering__INT_MOBILITY_X_POSTURAL_STABILITY,engineered_representation,final_26,none,all,INT_MOBILITY_X_POSTURAL_STABILITY,interaction,extra_trees,583,145,48,0.07439312499991502,0.5066871113382742,0.3225806451612903,0.5048163548163548,0.5432171174106658,0.6137931034482759,0.7070707070707071,0.3225806451612903,0.6,0.3225806451612903,-0.00187075652191937,0.0
1,direct,3,ENG_05,engineering__PCA_PART_I_PATIENT_3_80,engineered_representation,final_26,none,all,PCA_PART_I_PATIENT_3_80,pca,extra_trees,583,145,46,0.07424016699951608,0.5066871113382742,0.3225806451612903,0.5178794178794179,0.5620723362658846,0.6137931034482759,0.696969696969697,0.3225806451612903,0.6666666666666666,0.3225806451612903,0.011192306541143782,0.0
1,direct,3,ENG_06,engineering__PCA_PART_I_PATIENT_3_90,engineered_representation,final_26,none,all,PCA_PART_I_PATIENT_3_90,pca,extra_trees,583,145,47,0.0750311249976221,0.5066871113382742,0.3225806451612903,0.4961022645967487,0.5331161073096556,0.593103448275862,0.6767676767676768,0.3225806451612903,0.6,0.3225806451612903,-0.010584846741525433,0.0
1,direct,3,ENG_07,engineering__PCA_PART_I_PATIENT_3_95,engineered_representation,final_26,none,all,PCA_PART_I_PATIENT_3_95,pca,extra_trees,583,145,47,0.0736238340032287,0.5066871113382742,0.3225806451612903,0.4961022645967487,0.5331161073096556,0.593103448275862,0.6767676767676768,0.3225806451612903,0.6,0.3225806451612903,-0.010584846741525433,0.0
1,direct,4,ENG_01,engineering__INT_GAIT_X_POSTURAL_STABILITY,engineered_representation,final_26,none,all,INT_GAIT_X_POSTURAL_STABILITY,interaction,extra_trees,583,145,48,0.07236358299996937,0.5395073256408547,0.3125,0.4868583934157705,0.5434102934102935,0.6206896551724138,0.7373737373737373,0.25,0.6428571428571429,0.25,-0.05264893222508421,-0.0625
1,direct,4,ENG_02,engineering__INT_MOTOR_X_COGNITION,engineered_representation,final_26,none,all,INT_MOTOR_X_COGNITION,interaction,extra_trees,583,145,48,0.07159320899882005,0.5395073256408547,0.3125,0.496031746031746,0.5635371572871573,0.6344827586206897,0.7575757575757576,0.21875,0.7142857142857143,0.21875,-0.043475579609108694,-0.09375
1,direct,4,ENG_03,engineering__INT_DURATION_X_MOTOR,engineered_representation,final_26,none,all,INT_DURATION_X_MOTOR,interaction,extra_trees,583,145,48,0.07154729100147961,0.5395073256408547,0.3125,0.4944258134686849,0.5601701539201539,0.6275862068965518,0.7474747474747475,0.21875,0.7142857142857143,0.21875,-0.04508151217216977,-0.09375
1,direct,4,ENG_04,engineering__INT_MOBILITY_X_POSTURAL_STABILITY,engineered_representation,final_26,none,all,INT_MOBILITY_X_POSTURAL_STABILITY,interaction,extra_trees,583,145,48,0.07678037499863422,0.5395073256408547,0.3125,0.5076728464186471,0.5739538239538239,0.6413793103448275,0.7575757575757576,0.25,0.7142857142857143,0.25,-0.03183447922220761,-0.0625
1,direct,4,ENG_05,engineering__PCA_PART_I_PATIENT_3_80,engineered_representation,final_26,none,all,PCA_PART_I_PATIENT_3_80,pca,extra_trees,583,145,46,0.0764362500012794,0.5395073256408547,0.3125,0.5350276963180189,0.5981541606541607,0.6620689655172414,0.7676767676767676,0.3125,0.7142857142857143,0.3125,-0.004479629322835743,0.0
1,direct,4,ENG_06,engineering__PCA_PART_I_PATIENT_3_90,engineered_representation,final_26,none,all,PCA_PART_I_PATIENT_3_90,pca,extra_trees,583,145,47,0.0761641659992165,0.5395073256408547,0.3125,0.5442442442442442,0.6085708273208273,0.6689655172413793,0.7676767676767676,0.34375,0.7142857142857143,0.34375,0.004736918603389539,0.03125
1,direct,4,ENG_07,engineering__PCA_PART_I_PATIENT_3_95,engineered_representation,final_26,none,all,PCA_PART_I_PATIENT_3_95,pca,extra_trees,583,145,47,0.075391166999907,0.5395073256408547,0.3125,0.5442442442442442,0.6085708273208273,0.6689655172413793,0.7676767676767676,0.34375,0.7142857142857143,0.34375,0.004736918603389539,0.03125
1,stage_1,0,ENG_01,engineering__INT_GAIT_X_POSTURAL_STABILITY,engineered_representation,final_26,none,all,INT_GAIT_X_POSTURAL_STABILITY,interaction,extra_trees,582,146,48,0.07383795799978543,0.6439201632571798,0.6739130434782609,0.6179549114331723,0.6343478260869566,0.6438356164383562,0.66,0.6086956521739131,,0.6086956521739131,-0.02596525182400755,-0.06521739130434778
1,stage_1,0,ENG_02,engineering__INT_MOTOR_X_COGNITION,engineered_representation,final_26,none,all,INT_MOTOR_X_COGNITION,interaction,extra_trees,582,146,48,0.0652336249986547,0.6439201632571798,0.6739130434782609,0.6326489533011272,0.6502173913043479,0.6575342465753424,0.67,0.6304347826086957,,0.6304347826086957,-0.011271209956052575,-0.04347826086956519
1,stage_1,0,ENG_03,engineering__INT_DURATION_X_MOTOR,engineered_representation,final_26,none,all,INT_DURATION_X_MOTOR,interaction,extra_trees,582,146,48,0.06198275000133435,0.6439201632571798,0.6739130434782609,0.6179549114331723,0.6343478260869566,0.6438356164383562,0.66,0.6086956521739131,,0.6086956521739131,-0.02596525182400755,-0.06521739130434778
1,stage_1,0,ENG_04,engineering__INT_MOBILITY_X_POSTURAL_STABILITY,engineered_representation,final_26,none,all,INT_MOBILITY_X_POSTURAL_STABILITY,interaction,extra_trees,582,146,48,0.07404095899983076,0.6439201632571798,0.6739130434782609,0.6499500499500499,0.6719565217391305,0.6712328767123288,0.67,0.6739130434782609,,0.6739130434782609,0.006029886692870079,0.0
1,stage_1,0,ENG_05,engineering__PCA_PART_I_PATIENT_3_80,engineered_representation,final_26,none,all,PCA_PART_I_PATIENT_3_80,pca,extra_trees,582,146,46,0.06416629099840065,0.6439201632571798,0.6739130434782609,0.6234126984126984,0.6460869565217391,0.6438356164383562,0.64,0.6521739130434783,,0.6521739130434783,-0.020507464844481404,-0.021739130434782594
1,stage_1,0,ENG_06,engineering__PCA_PART_I_PATIENT_3_90,engineered_representation,final_26,none,all,PCA_PART_I_PATIENT_3_90,pca,extra_trees,582,146,47,0.06207233299937798,0.6439201632571798,0.6739130434782609,0.6353646353646354,0.6560869565217391,0.6575342465753424,0.66,0.6521739130434783,,0.6521739130434783,-0.008555527892544434,-0.021739130434782594
1,stage_1,0,ENG_07,engineering__PCA_PART_I_PATIENT_3_95,engineered_representation,final_26,none,all,PCA_PART_I_PATIENT_3_95,pca,extra_trees,582,146,47,0.07379345800291048,0.6439201632571798,0.6739130434782609,0.6353646353646354,0.6560869565217391,0.6575342465753424,0.66,0.6521739130434783,,0.6521739130434783,-0.008555527892544434,-0.021739130434782594
1,stage_1,1,ENG_01,engineering__INT_GAIT_X_POSTURAL_STABILITY,engineered_representation,final_26,none,all,INT_GAIT_X_POSTURAL_STABILITY,interaction,extra_trees,582,146,48,0.06017933300245204,0.6765548170962339,0.5652173913043478,0.6801496126102058,0.6834782608695653,0.7191780821917808,0.78,0.5869565217391305,,0.5869565217391305,0.0035947955139719046,0.021739130434782705
1,stage_1,1,ENG_02,engineering__INT_MOTOR_X_COGNITION,engineered_representation,final_26,none,all,INT_MOTOR_X_COGNITION,interaction,extra_trees,582,146,48,0.06732779199955985,0.6765548170962339,0.5652173913043478,0.6741071428571428,0.6784782608695652,0.7123287671232876,0.77,0.5869565217391305,,0.5869565217391305,-0.002447674239091091,0.021739130434782705
1,stage_1,1,ENG_03,engineering__INT_DURATION_X_MOTOR,engineered_representation,final_26,none,all,INT_DURATION_X_MOTOR,interaction,extra_trees,582,146,48,0.06323154200072167,0.6765548170962339,0.5652173913043478,0.6862239415430905,0.6884782608695652,0.726027397260274,0.79,0.5869565217391305,,0.5869565217391305,0.009669124446856636,0.021739130434782705
1,stage_1,1,ENG_04,engineering__INT_MOBILITY_X_POSTURAL_STABILITY,engineered_representation,final_26,none,all,INT_MOBILITY_X_POSTURAL_STABILITY,interaction,extra_trees,582,146,48,0.06242591599948355,0.6765548170962339,0.5652173913043478,0.6680941052075073,0.6734782608695653,0.7054794520547946,0.76,0.5869565217391305,,0.5869565217391305,-0.008460711888726546,0.021739130434782705
1,stage_1,1,ENG_05,engineering__PCA_PART_I_PATIENT_3_80,engineered_representation,final_26,none,all,PCA_PART_I_PATIENT_3_80,pca,extra_trees,582,146,46,0.07124058399858768,0.6765548170962339,0.5652173913043478,0.6621081422259625,0.6684782608695652,0.6986301369863014,0.75,0.5869565217391305,,0.5869565217391305,-0.014446674870271403,0.021739130434782705
1,stage_1,1,ENG_06,engineering__PCA_PART_I_PATIENT_3_90,engineered_representation,final_26,none,all,PCA_PART_I_PATIENT_3_90,pca,extra_trees,582,146,47,0.06232924999858369,0.6765548170962339,0.5652173913043478,0.6561469618464437,0.6634782608695653,0.6917808219178082,0.74,0.5869565217391305,,0.5869565217391305,-0.020407855249790163,0.021739130434782705
1,stage_1,1,ENG_07,engineering__PCA_PART_I_PATIENT_3_95,engineered_representation,final_26,none,all,PCA_PART_I_PATIENT_3_95,pca,extra_trees,582,146,47,0.07420895899849711,0.6765548170962339,0.5652173913043478,0.6561469618464437,0.6634782608695653,0.6917808219178082,0.74,0.5869565217391305,,0.5869565217391305,-0.020407855249790163,0.021739130434782705
1,stage_1,2,ENG_01,engineering__INT_GAIT_X_POSTURAL_STABILITY,engineered_representation,final_26,none,all,INT_GAIT_X_POSTURAL_STABILITY,interaction,extra_trees,582,146,47,0.06349799999952666,0.6774668630338734,0.6086956521739131,0.6989690721649484,0.7052173913043478,0.7328767123287672,0.78,0.6304347826086957,,0.6304347826086957,0.021502209131075034,0.021739130434782594
1,stage_1,2,ENG_02,engineering__INT_MOTOR_X_COGNITION,engineered_representation,final_26,none,all,INT_MOTOR_X_COGNITION,interaction,extra_trees,582,146,47,0.06698524999956135,0.6774668630338734,0.6086956521739131,0.692825583841784,0.7002173913043479,0.726027397260274,0.77,0.6304347826086957,,0.6304347826086957,0.015358720807910675,0.021739130434782594
1,stage_1,2,ENG_03,engineering__INT_DURATION_X_MOTOR,engineered_representation,final_26,none,all,INT_DURATION_X_MOTOR,interaction,extra_trees,582,146,47,0.0739419169985922,0.6774668630338734,0.6086956521739131,0.686711676348982,0.6952173913043478,0.7191780821917808,0.76,0.6304347826086957,,0.6304347826086957,0.009244813315108624,0.021739130434782594
1,stage_1,2,ENG_04,engineering__INT_MOBILITY_X_POSTURAL_STABILITY,engineered_representation,final_26,none,all,INT_MOBILITY_X_POSTURAL_STABILITY,interaction,extra_trees,582,146,47,0.06335862500054645,0.6774668630338734,0.6086956521739131,0.6989690721649484,0.7052173913043478,0.7328767123287672,0.78,0.6304347826086957,,0.6304347826086957,0.021502209131075034,0.021739130434782594
1,stage_1,2,ENG_05,engineering__PCA_PART_I_PATIENT_3_80,engineered_representation,final_26,none,all,PCA_PART_I_PATIENT_3_80,pca,extra_trees,582,146,45,0.06452429199998733,0.6774668630338734,0.6086956521739131,0.6621081422259625,0.6684782608695652,0.6986301369863014,0.75,0.5869565217391305,,0.5869565217391305,-0.015358720807910897,-0.021739130434782594
1,stage_1,2,ENG_06,engineering__PCA_PART_I_PATIENT_3_90,engineered_representation,final_26,none,all,PCA_PART_I_PATIENT_3_90,pca,extra_trees,582,146,46,0.06271700000070268,0.6774668630338734,0.6086956521739131,0.686711676348982,0.6952173913043478,0.7191780821917808,0.76,0.6304347826086957,,0.6304347826086957,0.009244813315108624,0.021739130434782594
1,stage_1,2,ENG_07,engineering__PCA_PART_I_PATIENT_3_95,engineered_representation,final_26,none,all,PCA_PART_I_PATIENT_3_95,pca,extra_trees,582,146,46,0.06444820800243178,0.6774668630338734,0.6086956521739131,0.686711676348982,0.6952173913043478,0.7191780821917808,0.76,0.6304347826086957,,0.6304347826086957,0.009244813315108624,0.021739130434782594
1,stage_1,3,ENG_01,engineering__INT_GAIT_X_POSTURAL_STABILITY,engineered_representation,final_26,none,all,INT_GAIT_X_POSTURAL_STABILITY,interaction,extra_trees,583,145,48,0.07739795800080174,0.6762888738902445,0.6521739130434783,0.6612325424432792,0.6738032498902065,0.6896551724137931,0.7171717171717171,0.6304347826086957,,0.6304347826086957,-0.015056331446965276,-0.021739130434782594
1,stage_1,3,ENG_02,engineering__INT_MOTOR_X_COGNITION,engineered_representation,final_26,none,all,INT_MOTOR_X_COGNITION,interaction,extra_trees,583,145,48,0.07565400000021327,0.6762888738902445,0.6521739130434783,0.6728876127973749,0.690491875274484,0.696551724137931,0.7070707070707071,0.6739130434782609,,0.6739130434782609,-0.003401261092869645,0.021739130434782594
1,stage_1,3,ENG_03,engineering__INT_DURATION_X_MOTOR,engineered_representation,final_26,none,all,INT_DURATION_X_MOTOR,interaction,extra_trees,583,145,48,0.0727915830029815,0.6762888738902445,0.6521739130434783,0.6551902398676592,0.6687527448397014,0.6827586206896552,0.7070707070707071,0.6304347826086957,,0.6304347826086957,-0.021098634022585272,-0.021739130434782594
1,stage_1,3,ENG_04,engineering__INT_MOBILITY_X_POSTURAL_STABILITY,engineered_representation,final_26,none,all,INT_MOBILITY_X_POSTURAL_STABILITY,interaction,extra_trees,583,145,48,0.08150420800302527,0.6762888738902445,0.6521739130434783,0.666768806496093,0.685441370223979,0.6896551724137931,0.696969696969697,0.6739130434782609,,0.6739130434782609,-0.009520067394151455,0.021739130434782594
1,stage_1,3,ENG_05,engineering__PCA_PART_I_PATIENT_3_80,engineered_representation,final_26,none,all,PCA_PART_I_PATIENT_3_80,pca,extra_trees,583,145,46,0.08014162499966915,0.6762888738902445,0.6521739130434783,0.6489473684210527,0.657114624505929,0.6827586206896552,0.7272727272727273,0.5869565217391305,,0.5869565217391305,-0.027341505469191785,-0.06521739130434778
1,stage_1,3,ENG_06,engineering__PCA_PART_I_PATIENT_3_90,engineered_representation,final_26,none,all,PCA_PART_I_PATIENT_3_90,pca,extra_trees,583,145,47,0.07533095799954026,0.6762888738902445,0.6521739130434783,0.6581801037246582,0.6679841897233202,0.6896551724137931,0.7272727272727273,0.6086956521739131,,0.6086956521739131,-0.01810877016558632,-0.04347826086956519
1,stage_1,3,ENG_07,engineering__PCA_PART_I_PATIENT_3_95,engineered_representation,final_26,none,all,PCA_PART_I_PATIENT_3_95,pca,extra_trees,583,145,47,0.06417270800011465,0.6762888738902445,0.6521739130434783,0.6581801037246582,0.6679841897233202,0.6896551724137931,0.7272727272727273,0.6086956521739131,,0.6086956521739131,-0.01810877016558632,-0.04347826086956519
1,stage_1,4,ENG_01,engineering__INT_GAIT_X_POSTURAL_STABILITY,engineered_representation,final_26,none,all,INT_GAIT_X_POSTURAL_STABILITY,interaction,extra_trees,583,145,48,0.06560129100034828,0.7324142422926618,0.6521739130434783,0.754653130287648,0.7561484409310496,0.7862068965517242,0.8383838383838383,0.6739130434782609,,0.6739130434782609,0.02223888799498619,0.021739130434782594
1,stage_1,4,ENG_02,engineering__INT_MOTOR_X_COGNITION,engineered_representation,final_26,none,all,INT_MOTOR_X_COGNITION,interaction,extra_trees,583,145,48,0.07521275000181049,0.7324142422926618,0.6521739130434783,0.7260458839406208,0.7301273605621432,0.7586206896551724,0.8080808080808081,0.6521739130434783,,0.6521739130434783,-0.006368358352041081,0.0
1,stage_1,4,ENG_03,engineering__INT_DURATION_X_MOTOR,engineered_representation,final_26,none,all,INT_DURATION_X_MOTOR,interaction,extra_trees,583,145,48,0.07644754099965212,0.7324142422926618,0.6521739130434783,0.7417004048582996,0.7460474308300395,0.7724137931034483,0.8181818181818182,0.6739130434782609,,0.6739130434782609,0.009286162565637746,0.021739130434782594
1,stage_1,4,ENG_04,engineering__INT_MOBILITY_X_POSTURAL_STABILITY,engineered_representation,final_26,none,all,INT_MOBILITY_X_POSTURAL_STABILITY,interaction,extra_trees,583,145,48,0.07879691599737271,0.7324142422926618,0.6521739130434783,0.7481545809813287,0.7510979358805445,0.7793103448275862,0.8282828282828283,0.6739130434782609,,0.6739130434782609,0.015740338688666866,0.021739130434782594
1,stage_1,4,ENG_05,engineering__PCA_PART_I_PATIENT_3_80,engineered_representation,final_26,none,all,PCA_PART_I_PATIENT_3_80,pca,extra_trees,583,145,46,0.06344695900043007,0.7324142422926618,0.6521739130434783,0.7534013605442177,0.7627360562143171,0.7793103448275862,0.8080808080808081,0.717391304347826,,0.717391304347826,0.02098711825155586,0.06521739130434778
1,stage_1,4,ENG_06,engineering__PCA_PART_I_PATIENT_3_90,engineered_representation,final_26,none,all,PCA_PART_I_PATIENT_3_90,pca,extra_trees,583,145,47,0.062428791003185324,0.7324142422926618,0.6521739130434783,0.7573549257759784,0.7619675010979359,0.7862068965517242,0.8282828282828283,0.6956521739130435,,0.6956521739130435,0.024940683483316572,0.04347826086956519
1,stage_1,4,ENG_07,engineering__PCA_PART_I_PATIENT_3_95,engineered_representation,final_26,none,all,PCA_PART_I_PATIENT_3_95,pca,extra_trees,583,145,47,0.06231070799913141,0.7324142422926618,0.6521739130434783,0.7573549257759784,0.7619675010979359,0.7862068965517242,0.8282828282828283,0.6956521739130435,,0.6956521739130435,0.024940683483316572,0.04347826086956519
1,stage_2,0,ENG_01,engineering__INT_GAIT_X_POSTURAL_STABILITY,engineered_representation,final_26,none,all,INT_GAIT_X_POSTURAL_STABILITY,interaction,extra_trees,184,46,47,0.06557224999778555,0.6837652035959809,0.75,0.7032258064516128,0.7120535714285714,0.7391304347826086,0.78125,0.6428571428571429,,0.78125,0.019460602855631892,0.03125
1,stage_2,0,ENG_02,engineering__INT_MOTOR_X_COGNITION,engineered_representation,final_26,none,all,INT_MOTOR_X_COGNITION,interaction,extra_trees,184,46,47,0.06510179199904087,0.6837652035959809,0.75,0.6537634408602151,0.6607142857142857,0.6956521739130435,0.75,0.5714285714285714,,0.75,-0.030001762735765825,0.0
1,stage_2,0,ENG_03,engineering__INT_DURATION_X_MOTOR,engineered_representation,final_26,none,all,INT_DURATION_X_MOTOR,interaction,extra_trees,184,46,47,0.06242554199707229,0.6837652035959809,0.75,0.6837652035959809,0.6964285714285714,0.717391304347826,0.75,0.6428571428571429,,0.75,0.0,0.0
1,stage_2,0,ENG_04,engineering__INT_MOBILITY_X_POSTURAL_STABILITY,engineered_representation,final_26,none,all,INT_MOBILITY_X_POSTURAL_STABILITY,interaction,extra_trees,184,46,47,0.0658758339995984,0.6837652035959809,0.75,0.6537634408602151,0.6607142857142857,0.6956521739130435,0.75,0.5714285714285714,,0.75,-0.030001762735765825,0.0
1,stage_2,0,ENG_05,engineering__PCA_PART_I_PATIENT_3_80,engineered_representation,final_26,none,all,PCA_PART_I_PATIENT_3_80,pca,extra_trees,184,46,45,0.06200762500156998,0.6837652035959809,0.75,0.7032258064516128,0.7120535714285714,0.7391304347826086,0.78125,0.6428571428571429,,0.78125,0.019460602855631892,0.03125
1,stage_2,0,ENG_06,engineering__PCA_PART_I_PATIENT_3_90,engineered_representation,final_26,none,all,PCA_PART_I_PATIENT_3_90,pca,extra_trees,184,46,46,0.06382016699717497,0.6837652035959809,0.75,0.7230432402846196,0.7276785714285714,0.7608695652173914,0.8125,0.6428571428571429,,0.8125,0.03927803668863872,0.0625
1,stage_2,0,ENG_07,engineering__PCA_PART_I_PATIENT_3_95,engineered_representation,final_26,none,all,PCA_PART_I_PATIENT_3_95,pca,extra_trees,184,46,46,0.06600883300052374,0.6837652035959809,0.75,0.7230432402846196,0.7276785714285714,0.7608695652173914,0.8125,0.6428571428571429,,0.8125,0.03927803668863872,0.0625
1,stage_2,1,ENG_01,engineering__INT_GAIT_X_POSTURAL_STABILITY,engineered_representation,final_26,none,all,INT_GAIT_X_POSTURAL_STABILITY,interaction,extra_trees,184,46,47,0.06206687499798136,0.7125,0.75,0.6928608115048793,0.7165178571428572,0.717391304347826,0.71875,0.7142857142857143,,0.71875,-0.019639188495120696,-0.03125
1,stage_2,1,ENG_02,engineering__INT_MOTOR_X_COGNITION,engineered_representation,final_26,none,all,INT_MOTOR_X_COGNITION,interaction,extra_trees,184,46,47,0.06506974999865633,0.7125,0.75,0.7125,0.7321428571428572,0.7391304347826086,0.75,0.7142857142857143,,0.75,0.0,0.0
1,stage_2,1,ENG_03,engineering__INT_DURATION_X_MOTOR,engineered_representation,final_26,none,all,INT_DURATION_X_MOTOR,interaction,extra_trees,184,46,47,0.06467466699905344,0.7125,0.75,0.7324167107350608,0.7477678571428572,0.7608695652173914,0.78125,0.7142857142857143,,0.78125,0.01991671073506074,0.03125
1,stage_2,1,ENG_04,engineering__INT_MOBILITY_X_POSTURAL_STABILITY,engineered_representation,final_26,none,all,INT_MOBILITY_X_POSTURAL_STABILITY,interaction,extra_trees,184,46,47,0.06605533300171373,0.7125,0.75,0.7125,0.7321428571428572,0.7391304347826086,0.75,0.7142857142857143,,0.75,0.0,0.0
1,stage_2,1,ENG_05,engineering__PCA_PART_I_PATIENT_3_80,engineered_representation,final_26,none,all,PCA_PART_I_PATIENT_3_80,pca,extra_trees,184,46,45,0.06574395799907506,0.7125,0.75,0.7526881720430108,0.7633928571428572,0.782608695652174,0.8125,0.7142857142857143,,0.8125,0.04018817204301073,0.0625
1,stage_2,1,ENG_06,engineering__PCA_PART_I_PATIENT_3_90,engineered_representation,final_26,none,all,PCA_PART_I_PATIENT_3_90,pca,extra_trees,184,46,46,0.06686987499779207,0.7125,0.75,0.7324167107350608,0.7477678571428572,0.7608695652173914,0.78125,0.7142857142857143,,0.78125,0.01991671073506074,0.03125
1,stage_2,1,ENG_07,engineering__PCA_PART_I_PATIENT_3_95,engineered_representation,final_26,none,all,PCA_PART_I_PATIENT_3_95,pca,extra_trees,184,46,46,0.06123741600094945,0.7125,0.75,0.7324167107350608,0.7477678571428572,0.7608695652173914,0.78125,0.7142857142857143,,0.78125,0.01991671073506074,0.03125
1,stage_2,2,ENG_01,engineering__INT_GAIT_X_POSTURAL_STABILITY,engineered_representation,final_26,none,all,INT_GAIT_X_POSTURAL_STABILITY,interaction,extra_trees,184,46,47,0.06687945800149464,0.731934731934732,0.875,0.697910447761194,0.6875,0.7608695652173914,0.875,0.5,,0.875,-0.03402428417353798,0.0
1,stage_2,2,ENG_02,engineering__INT_MOTOR_X_COGNITION,engineered_representation,final_26,none,all,INT_MOTOR_X_COGNITION,interaction,extra_trees,184,46,47,0.06441070800065063,0.731934731934732,0.875,0.697910447761194,0.6875,0.7608695652173914,0.875,0.5,,0.875,-0.03402428417353798,0.0
1,stage_2,2,ENG_03,engineering__INT_DURATION_X_MOTOR,engineered_representation,final_26,none,all,INT_DURATION_X_MOTOR,interaction,extra_trees,184,46,47,0.06509912500041537,0.731934731934732,0.875,0.731934731934732,0.7232142857142857,0.782608695652174,0.875,0.5714285714285714,,0.875,0.0,0.0
1,stage_2,2,ENG_04,engineering__INT_MOBILITY_X_POSTURAL_STABILITY,engineered_representation,final_26,none,all,INT_MOBILITY_X_POSTURAL_STABILITY,interaction,extra_trees,184,46,47,0.06336083399946801,0.731934731934732,0.875,0.731934731934732,0.7232142857142857,0.782608695652174,0.875,0.5714285714285714,,0.875,0.0,0.0
1,stage_2,2,ENG_05,engineering__PCA_PART_I_PATIENT_3_80,engineered_representation,final_26,none,all,PCA_PART_I_PATIENT_3_80,pca,extra_trees,184,46,45,0.06348629199783318,0.731934731934732,0.875,0.764102564102564,0.7589285714285714,0.8043478260869565,0.875,0.6428571428571429,,0.875,0.03216783216783203,0.0
1,stage_2,2,ENG_06,engineering__PCA_PART_I_PATIENT_3_90,engineered_representation,final_26,none,all,PCA_PART_I_PATIENT_3_90,pca,extra_trees,184,46,46,0.065037416999985,0.731934731934732,0.875,0.764102564102564,0.7589285714285714,0.8043478260869565,0.875,0.6428571428571429,,0.875,0.03216783216783203,0.0
1,stage_2,2,ENG_07,engineering__PCA_PART_I_PATIENT_3_95,engineered_representation,final_26,none,all,PCA_PART_I_PATIENT_3_95,pca,extra_trees,184,46,46,0.0653064580001228,0.731934731934732,0.875,0.764102564102564,0.7589285714285714,0.8043478260869565,0.875,0.6428571428571429,,0.875,0.03216783216783203,0.0
1,stage_2,3,ENG_01,engineering__INT_GAIT_X_POSTURAL_STABILITY,engineered_representation,final_26,none,all,INT_GAIT_X_POSTURAL_STABILITY,interaction,extra_trees,184,46,47,0.06457670899908408,0.6645833333333333,0.7419354838709677,0.6928608115048793,0.7043010752688172,0.717391304347826,0.7419354838709677,0.6666666666666666,,0.7419354838709677,0.028277478171546022,0.0
1,stage_2,3,ENG_02,engineering__INT_MOTOR_X_COGNITION,engineered_representation,final_26,none,all,INT_MOTOR_X_COGNITION,interaction,extra_trees,184,46,47,0.06753308399856905,0.6645833333333333,0.7419354838709677,0.6928608115048793,0.7043010752688172,0.717391304347826,0.7419354838709677,0.6666666666666666,,0.7419354838709677,0.028277478171546022,0.0
1,stage_2,3,ENG_03,engineering__INT_DURATION_X_MOTOR,engineered_representation,final_26,none,all,INT_DURATION_X_MOTOR,interaction,extra_trees,184,46,47,0.06492666600024677,0.6645833333333333,0.7419354838709677,0.6928608115048793,0.7043010752688172,0.717391304347826,0.7419354838709677,0.6666666666666666,,0.7419354838709677,0.028277478171546022,0.0
1,stage_2,3,ENG_04,engineering__INT_MOBILITY_X_POSTURAL_STABILITY,engineered_representation,final_26,none,all,INT_MOBILITY_X_POSTURAL_STABILITY,interaction,extra_trees,184,46,47,0.06467195799996261,0.6645833333333333,0.7419354838709677,0.6928608115048793,0.7043010752688172,0.717391304347826,0.7419354838709677,0.6666666666666666,,0.7419354838709677,0.028277478171546022,0.0
1,stage_2,3,ENG_05,engineering__PCA_PART_I_PATIENT_3_80,engineered_representation,final_26,none,all,PCA_PART_I_PATIENT_3_80,pca,extra_trees,184,46,46,0.06440404100067099,0.6645833333333333,0.7419354838709677,0.6928608115048793,0.7043010752688172,0.717391304347826,0.7419354838709677,0.6666666666666666,,0.7419354838709677,0.028277478171546022,0.0
1,stage_2,3,ENG_06,engineering__PCA_PART_I_PATIENT_3_90,engineered_representation,final_26,none,all,PCA_PART_I_PATIENT_3_90,pca,extra_trees,184,46,46,0.06406633400183637,0.6645833333333333,0.7419354838709677,0.6928608115048793,0.7043010752688172,0.717391304347826,0.7419354838709677,0.6666666666666666,,0.7419354838709677,0.028277478171546022,0.0
1,stage_2,3,ENG_07,engineering__PCA_PART_I_PATIENT_3_95,engineered_representation,final_26,none,all,PCA_PART_I_PATIENT_3_95,pca,extra_trees,184,46,46,0.0610705830004008,0.6645833333333333,0.7419354838709677,0.6928608115048793,0.7043010752688172,0.717391304347826,0.7419354838709677,0.6666666666666666,,0.7419354838709677,0.028277478171546022,0.0
1,stage_2,4,ENG_01,engineering__INT_GAIT_X_POSTURAL_STABILITY,engineered_representation,final_26,none,all,INT_GAIT_X_POSTURAL_STABILITY,interaction,extra_trees,184,46,47,0.06616804100121954,0.5619047619047619,0.59375,0.6157248157248157,0.6540178571428572,0.6304347826086957,0.59375,0.7142857142857143,,0.59375,0.05382005382005384,0.0
1,stage_2,4,ENG_02,engineering__INT_MOTOR_X_COGNITION,engineered_representation,final_26,none,all,INT_MOTOR_X_COGNITION,interaction,extra_trees,184,46,47,0.06615504100045655,0.5619047619047619,0.59375,0.6157248157248157,0.6540178571428572,0.6304347826086957,0.59375,0.7142857142857143,,0.59375,0.05382005382005384,0.0
1,stage_2,4,ENG_03,engineering__INT_DURATION_X_MOTOR,engineered_representation,final_26,none,all,INT_DURATION_X_MOTOR,interaction,extra_trees,184,46,47,0.12517975000082515,0.5619047619047619,0.59375,0.6157248157248157,0.6540178571428572,0.6304347826086957,0.59375,0.7142857142857143,,0.59375,0.05382005382005384,0.0
1,stage_2,4,ENG_04,engineering__INT_MOBILITY_X_POSTURAL_STABILITY,engineered_representation,final_26,none,all,INT_MOBILITY_X_POSTURAL_STABILITY,interaction,extra_trees,184,46,47,0.06280641599732917,0.5619047619047619,0.59375,0.6157248157248157,0.6540178571428572,0.6304347826086957,0.59375,0.7142857142857143,,0.59375,0.05382005382005384,0.0
1,stage_2,4,ENG_05,engineering__PCA_PART_I_PATIENT_3_80,engineered_representation,final_26,none,all,PCA_PART_I_PATIENT_3_80,pca,extra_trees,184,46,45,0.059818125002493616,0.5619047619047619,0.59375,0.6349206349206349,0.6696428571428572,0.6521739130434783,0.625,0.7142857142857143,,0.625,0.07301587301587298,0.03125
1,stage_2,4,ENG_06,engineering__PCA_PART_I_PATIENT_3_90,engineered_representation,final_26,none,all,PCA_PART_I_PATIENT_3_90,pca,extra_trees,184,46,46,0.0657865840003069,0.5619047619047619,0.59375,0.5619047619047619,0.5825892857142857,0.5869565217391305,0.59375,0.5714285714285714,,0.59375,0.0,0.0
1,stage_2,4,ENG_07,engineering__PCA_PART_I_PATIENT_3_95,engineered_representation,final_26,none,all,PCA_PART_I_PATIENT_3_95,pca,extra_trees,184,46,46,0.06569516700255917,0.5619047619047619,0.59375,0.5619047619047619,0.5825892857142857,0.5869565217391305,0.59375,0.5714285714285714,,0.59375,0.0,0.0
2,direct,0,ENG_01,engineering__INT_GAIT_X_POSTURAL_STABILITY,engineered_representation,final_26,none,all,INT_GAIT_X_POSTURAL_STABILITY,interaction,extra_trees,582,146,47,0.07680037499812897,0.4987373737373737,0.21875,0.4799802934275241,0.5472619047619047,0.6164383561643836,0.74,0.1875,0.7142857142857143,0.1875,-0.018757080309849627,-0.03125
2,direct,0,ENG_02,engineering__INT_MOTOR_X_COGNITION,engineered_representation,final_26,none,all,INT_MOTOR_X_COGNITION,interaction,extra_trees,582,146,47,0.07987974999923608,0.4987373737373737,0.21875,0.4987373737373737,0.5643452380952381,0.636986301369863,0.76,0.21875,0.7142857142857143,0.21875,0.0,0.0
2,direct,0,ENG_03,engineering__INT_DURATION_X_MOTOR,engineered_representation,final_26,none,all,INT_DURATION_X_MOTOR,interaction,extra_trees,582,146,47,0.07246266700167325,0.4987373737373737,0.21875,0.4778198653198653,0.5472619047619047,0.6164383561643836,0.74,0.1875,0.7142857142857143,0.1875,-0.02091750841750839,-0.03125
2,direct,0,ENG_04,engineering__INT_MOBILITY_X_POSTURAL_STABILITY,engineered_representation,final_26,none,all,INT_MOBILITY_X_POSTURAL_STABILITY,interaction,extra_trees,582,146,47,0.13235358300153166,0.4987373737373737,0.21875,0.49526515151515155,0.5610119047619048,0.6301369863013698,0.75,0.21875,0.7142857142857143,0.21875,-0.0034722222222221544,0.0
2,direct,0,ENG_05,engineering__PCA_PART_I_PATIENT_3_80,engineered_representation,final_26,none,all,PCA_PART_I_PATIENT_3_80,pca,extra_trees,582,146,45,0.07638783400034299,0.4987373737373737,0.21875,0.48476430976430973,0.5539285714285714,0.6301369863013698,0.76,0.1875,0.7142857142857143,0.1875,-0.01397306397306397,-0.03125
2,direct,0,ENG_06,engineering__PCA_PART_I_PATIENT_3_90,engineered_representation,final_26,none,all,PCA_PART_I_PATIENT_3_90,pca,extra_trees,582,146,46,0.07387658299921895,0.4987373737373737,0.21875,0.5087728873904701,0.5714285714285715,0.636986301369863,0.75,0.25,0.7142857142857143,0.25,0.010035513653096406,0.03125
2,direct,0,ENG_07,engineering__PCA_PART_I_PATIENT_3_95,engineered_representation,final_26,none,all,PCA_PART_I_PATIENT_3_95,pca,extra_trees,582,146,46,0.07466145799844526,0.4987373737373737,0.21875,0.5087728873904701,0.5714285714285715,0.636986301369863,0.75,0.25,0.7142857142857143,0.25,0.010035513653096406,0.03125
2,direct,1,ENG_01,engineering__INT_GAIT_X_POSTURAL_STABILITY,engineered_representation,final_26,none,all,INT_GAIT_X_POSTURAL_STABILITY,interaction,extra_trees,582,146,47,0.07755337500202586,0.48944328944328946,0.25,0.5150922177237967,0.5613690476190477,0.6438356164383562,0.76,0.28125,0.6428571428571429,0.28125,0.02564892828050719,0.03125
2,direct,1,ENG_02,engineering__INT_MOTOR_X_COGNITION,engineered_representation,final_26,none,all,INT_MOTOR_X_COGNITION,interaction,extra_trees,582,146,47,0.07599362499968265,0.48944328944328946,0.25,0.4702033598585323,0.5100595238095238,0.6095890410958904,0.74,0.21875,0.5714285714285714,0.21875,-0.019239929584757176,-0.03125
2,direct,1,ENG_03,engineering__INT_DURATION_X_MOTOR,engineered_representation,final_26,none,all,INT_DURATION_X_MOTOR,interaction,extra_trees,582,146,47,0.07725358300012886,0.48944328944328946,0.25,0.49997750787224465,0.5476190476190476,0.6301369863013698,0.75,0.25,0.6428571428571429,0.25,0.010534218428955189,0.0
2,direct,1,ENG_04,engineering__INT_MOBILITY_X_POSTURAL_STABILITY,engineered_representation,final_26,none,all,INT_MOBILITY_X_POSTURAL_STABILITY,interaction,extra_trees,582,146,47,0.07575145800001337,0.48944328944328946,0.25,0.5093365800722576,0.5580357142857143,0.636986301369863,0.75,0.28125,0.6428571428571429,0.28125,0.019893290628968108,0.03125
2,direct,1,ENG_05,engineering__PCA_PART_I_PATIENT_3_80,engineered_representation,final_26,none,all,PCA_PART_I_PATIENT_3_80,pca,extra_trees,582,146,45,0.07313095800054725,0.48944328944328946,0.25,0.5380640031802822,0.6056547619047619,0.6506849315068494,0.75,0.28125,0.7857142857142857,0.28125,0.04862071373699278,0.03125
2,direct,1,ENG_06,engineering__PCA_PART_I_PATIENT_3_90,engineered_representation,final_26,none,all,PCA_PART_I_PATIENT_3_90,pca,extra_trees,582,146,46,0.07678929100075038,0.48944328944328946,0.25,0.5036533131771227,0.5643452380952381,0.636986301369863,0.76,0.21875,0.7142857142857143,0.21875,0.014210023733833232,-0.03125
2,direct,1,ENG_07,engineering__PCA_PART_I_PATIENT_3_95,engineered_representation,final_26,none,all,PCA_PART_I_PATIENT_3_95,pca,extra_trees,582,146,46,0.07748125000216532,0.48944328944328946,0.25,0.5036533131771227,0.5643452380952381,0.636986301369863,0.76,0.21875,0.7142857142857143,0.21875,0.014210023733833232,-0.03125
2,direct,2,ENG_01,engineering__INT_GAIT_X_POSTURAL_STABILITY,engineered_representation,final_26,none,all,INT_GAIT_X_POSTURAL_STABILITY,interaction,extra_trees,582,146,47,0.0753156669998134,0.5170589308520342,0.3225806451612903,0.47930744070352743,0.534910394265233,0.589041095890411,0.68,0.25806451612903225,0.6666666666666666,0.25806451612903225,-0.03775149014850682,-0.06451612903225806
2,direct,2,ENG_02,engineering__INT_MOTOR_X_COGNITION,engineered_representation,final_26,none,all,INT_MOTOR_X_COGNITION,interaction,extra_trees,582,146,47,0.07773462499972084,0.5170589308520342,0.3225806451612903,0.4867705787287468,0.5415770609318996,0.6027397260273972,0.7,0.25806451612903225,0.6666666666666666,0.25806451612903225,-0.030288352123287454,-0.06451612903225806
2,direct,2,ENG_03,engineering__INT_DURATION_X_MOTOR,engineered_representation,final_26,none,all,INT_DURATION_X_MOTOR,interaction,extra_trees,582,146,47,0.07856891600022209,0.5170589308520342,0.3225806451612903,0.49580507489389536,0.5604659498207885,0.6027397260273972,0.69,0.25806451612903225,0.7333333333333333,0.25806451612903225,-0.02125385595813889,-0.06451612903225806
2,direct,2,ENG_04,engineering__INT_MOBILITY_X_POSTURAL_STABILITY,engineered_representation,final_26,none,all,INT_MOBILITY_X_POSTURAL_STABILITY,interaction,extra_trees,582,146,47,0.08652545799850486,0.5170589308520342,0.3225806451612903,0.47914230019493176,0.53415770609319,0.6027397260273972,0.71,0.22580645161290322,0.6666666666666666,0.22580645161290322,-0.03791663065710249,-0.0967741935483871
2,direct,2,ENG_05,engineering__PCA_PART_I_PATIENT_3_80,engineered_representation,final_26,none,all,PCA_PART_I_PATIENT_3_80,pca,extra_trees,582,146,45,0.07501904099990497,0.5170589308520342,0.3225806451612903,0.4683789451189379,0.52415770609319,0.5821917808219178,0.68,0.22580645161290322,0.6666666666666666,0.22580645161290322,-0.04867998573309634,-0.0967741935483871
2,direct,2,ENG_06,engineering__PCA_PART_I_PATIENT_3_90,engineered_representation,final_26,none,all,PCA_PART_I_PATIENT_3_90,pca,extra_trees,582,146,46,0.0861622919983347,0.5170589308520342,0.3225806451612903,0.5056530214424951,0.5671326164874552,0.6164383561643836,0.71,0.25806451612903225,0.7333333333333333,0.25806451612903225,-0.011405909409539117,-0.06451612903225806
2,direct,2,ENG_07,engineering__PCA_PART_I_PATIENT_3_95,engineered_representation,final_26,none,all,PCA_PART_I_PATIENT_3_95,pca,extra_trees,582,146,46,0.07414054100081557,0.5170589308520342,0.3225806451612903,0.5056530214424951,0.5671326164874552,0.6164383561643836,0.71,0.25806451612903225,0.7333333333333333,0.25806451612903225,-0.011405909409539117,-0.06451612903225806
2,direct,3,ENG_01,engineering__INT_GAIT_X_POSTURAL_STABILITY,engineered_representation,final_26,none,all,INT_GAIT_X_POSTURAL_STABILITY,interaction,extra_trees,583,145,47,0.09191420799834304,0.53456634440241,0.375,0.514024250743537,0.554217772967773,0.6413793103448275,0.7474747474747475,0.34375,0.5714285714285714,0.34375,-0.02054209365887305,-0.03125
2,direct,3,ENG_02,engineering__INT_MOTOR_X_COGNITION,engineered_representation,final_26,none,all,INT_MOTOR_X_COGNITION,interaction,extra_trees,583,145,47,0.08788533299957635,0.53456634440241,0.375,0.4932293067886288,0.536751443001443,0.6344827586206897,0.7575757575757576,0.28125,0.5714285714285714,0.28125,-0.04133703761378121,-0.09375
2,direct,3,ENG_03,engineering__INT_DURATION_X_MOTOR,engineered_representation,final_26,none,all,INT_DURATION_X_MOTOR,interaction,extra_trees,583,145,47,0.07467345799886971,0.53456634440241,0.375,0.4908533040684436,0.5333844396344396,0.6275862068965518,0.7474747474747475,0.28125,0.5714285714285714,0.28125,-0.043713040333966446,-0.09375
2,direct,3,ENG_04,engineering__INT_MOBILITY_X_POSTURAL_STABILITY,engineered_representation,final_26,none,all,INT_MOBILITY_X_POSTURAL_STABILITY,interaction,extra_trees,583,145,47,0.07657920799829299,0.53456634440241,0.375,0.47999311739149136,0.522967772967773,0.6206896551724138,0.7474747474747475,0.25,0.5714285714285714,0.25,-0.05457322701091866,-0.125
2,direct,3,ENG_05,engineering__PCA_PART_I_PATIENT_3_80,engineered_representation,final_26,none,all,PCA_PART_I_PATIENT_3_80,pca,extra_trees,583,145,45,0.08698466599889798,0.53456634440241,0.375,0.48918957989996237,0.5300174362674362,0.6206896551724138,0.7373737373737373,0.28125,0.5714285714285714,0.28125,-0.04537676450244765,-0.09375
2,direct,3,ENG_06,engineering__PCA_PART_I_PATIENT_3_90,engineered_representation,final_26,none,all,PCA_PART_I_PATIENT_3_90,pca,extra_trees,583,145,46,0.07691304199761362,0.53456634440241,0.375,0.4982706872266838,0.536751443001443,0.6344827586206897,0.7575757575757576,0.28125,0.5714285714285714,0.28125,-0.03629565717572625,-0.09375
2,direct,3,ENG_07,engineering__PCA_PART_I_PATIENT_3_95,engineered_representation,final_26,none,all,PCA_PART_I_PATIENT_3_95,pca,extra_trees,583,145,46,0.07775283299997682,0.53456634440241,0.375,0.4982706872266838,0.536751443001443,0.6344827586206897,0.7575757575757576,0.28125,0.5714285714285714,0.28125,-0.03629565717572625,-0.09375
2,direct,4,ENG_01,engineering__INT_GAIT_X_POSTURAL_STABILITY,engineered_representation,final_26,none,all,INT_GAIT_X_POSTURAL_STABILITY,interaction,extra_trees,583,145,47,0.07640400000309455,0.4608291965434823,0.21875,0.4505367059104343,0.5292358104858105,0.593103448275862,0.7171717171717171,0.15625,0.7142857142857143,0.15625,-0.01029249063304799,-0.0625
2,direct,4,ENG_02,engineering__INT_MOTOR_X_COGNITION,engineered_representation,final_26,none,all,INT_MOTOR_X_COGNITION,interaction,extra_trees,583,145,47,0.0746891249982582,0.4608291965434823,0.21875,0.42442524795465975,0.5087181337181338,0.5655172413793104,0.6868686868686869,0.125,0.7142857142857143,0.125,-0.036403948588822566,-0.09375
2,direct,4,ENG_03,engineering__INT_DURATION_X_MOTOR,engineered_representation,final_26,none,all,INT_DURATION_X_MOTOR,interaction,extra_trees,583,145,47,0.07594062499993015,0.4608291965434823,0.21875,0.4260720411663808,0.5087181337181338,0.5655172413793104,0.6868686868686869,0.125,0.7142857142857143,0.125,-0.0347571553771015,-0.09375
2,direct,4,ENG_04,engineering__INT_MOBILITY_X_POSTURAL_STABILITY,engineered_representation,final_26,none,all,INT_MOBILITY_X_POSTURAL_STABILITY,interaction,extra_trees,583,145,47,0.07453899999745772,0.4608291965434823,0.21875,0.4421167484997272,0.5225018037518038,0.5793103448275863,0.696969696969697,0.15625,0.7142857142857143,0.15625,-0.018712448043755103,-0.0625
2,direct,4,ENG_05,engineering__PCA_PART_I_PATIENT_3_80,engineered_representation,final_26,none,all,PCA_PART_I_PATIENT_3_80,pca,extra_trees,583,145,45,0.07395954199819244,0.4608291965434823,0.21875,0.4425766617582474,0.5228174603174603,0.5655172413793104,0.6666666666666666,0.1875,0.7142857142857143,0.1875,-0.01825253478523492,-0.03125
2,direct,4,ENG_06,engineering__PCA_PART_I_PATIENT_3_90,engineered_representation,final_26,none,all,PCA_PART_I_PATIENT_3_90,pca,extra_trees,583,145,46,0.07347391700022854,0.4608291965434823,0.21875,0.45832106228525665,0.5366011303511303,0.5793103448275863,0.6767676767676768,0.21875,0.7142857142857143,0.21875,-0.0025081342582256583,0.0
2,direct,4,ENG_07,engineering__PCA_PART_I_PATIENT_3_95,engineered_representation,final_26,none,all,PCA_PART_I_PATIENT_3_95,pca,extra_trees,583,145,46,0.07531562499934807,0.4608291965434823,0.21875,0.45832106228525665,0.5366011303511303,0.5793103448275863,0.6767676767676768,0.21875,0.7142857142857143,0.21875,-0.0025081342582256583,0.0
2,stage_1,0,ENG_01,engineering__INT_GAIT_X_POSTURAL_STABILITY,engineered_representation,final_26,none,all,INT_GAIT_X_POSTURAL_STABILITY,interaction,extra_trees,582,146,47,0.07312175000333809,0.7144065556436691,0.6521739130434783,0.7144065556436691,0.7210869565217392,0.7465753424657534,0.79,0.6521739130434783,,0.6521739130434783,0.0,0.0
2,stage_1,0,ENG_02,engineering__INT_MOTOR_X_COGNITION,engineered_representation,final_26,none,all,INT_MOTOR_X_COGNITION,interaction,extra_trees,582,146,47,0.06445291600175551,0.7144065556436691,0.6521739130434783,0.7113545284531124,0.7152173913043478,0.7465753424657534,0.8,0.6304347826086957,,0.6304347826086957,-0.0030520271905566387,-0.021739130434782594
2,stage_1,0,ENG_03,engineering__INT_DURATION_X_MOTOR,engineered_representation,final_26,none,all,INT_DURATION_X_MOTOR,interaction,extra_trees,582,146,47,0.0748329170019133,0.7144065556436691,0.6521739130434783,0.7051445578231292,0.7102173913043479,0.7397260273972602,0.79,0.6304347826086957,,0.6304347826086957,-0.009261997820539825,-0.021739130434782594
2,stage_1,0,ENG_04,engineering__INT_MOBILITY_X_POSTURAL_STABILITY,engineered_representation,final_26,none,all,INT_MOBILITY_X_POSTURAL_STABILITY,interaction,extra_trees,582,146,47,0.07456520900086616,0.7144065556436691,0.6521739130434783,0.7113545284531124,0.7152173913043478,0.7465753424657534,0.8,0.6304347826086957,,0.6304347826086957,-0.0030520271905566387,-0.021739130434782594
2,stage_1,0,ENG_05,engineering__PCA_PART_I_PATIENT_3_80,engineered_representation,final_26,none,all,PCA_PART_I_PATIENT_3_80,pca,extra_trees,582,146,45,0.07758950000061304,0.7144065556436691,0.6521739130434783,0.7269569863745659,0.7310869565217392,0.7602739726027398,0.81,0.6521739130434783,,0.6521739130434783,0.012550430730896789,0.0
2,stage_1,0,ENG_06,engineering__PCA_PART_I_PATIENT_3_90,engineered_representation,final_26,none,all,PCA_PART_I_PATIENT_3_90,pca,extra_trees,582,146,46,0.07882724999944912,0.7144065556436691,0.6521739130434783,0.708184304649695,0.7160869565217391,0.7397260273972602,0.78,0.6521739130434783,,0.6521739130434783,-0.00622225099397411,0.0
2,stage_1,0,ENG_07,engineering__PCA_PART_I_PATIENT_3_95,engineered_representation,final_26,none,all,PCA_PART_I_PATIENT_3_95,pca,extra_trees,582,146,46,0.06280445799711742,0.7144065556436691,0.6521739130434783,0.708184304649695,0.7160869565217391,0.7397260273972602,0.78,0.6521739130434783,,0.6521739130434783,-0.00622225099397411,0.0
2,stage_1,1,ENG_01,engineering__INT_GAIT_X_POSTURAL_STABILITY,engineered_representation,final_26,none,all,INT_GAIT_X_POSTURAL_STABILITY,interaction,extra_trees,582,146,47,0.0747032079998462,0.6667391304347826,0.5434782608695652,0.6548463356973995,0.6567391304347826,0.6986301369863014,0.77,0.5434782608695652,,0.5434782608695652,-0.011892794737383139,0.0
2,stage_1,1,ENG_02,engineering__INT_MOTOR_X_COGNITION,engineered_representation,final_26,none,all,INT_MOTOR_X_COGNITION,interaction,extra_trees,582,146,47,0.0764710000003106,0.6667391304347826,0.5434782608695652,0.66077700329605,0.6617391304347826,0.7054794520547946,0.78,0.5434782608695652,,0.5434782608695652,-0.005962127138732565,0.0
2,stage_1,1,ENG_03,engineering__INT_DURATION_X_MOTOR,engineered_representation,final_26,none,all,INT_DURATION_X_MOTOR,interaction,extra_trees,582,146,47,0.07646554199891398,0.6667391304347826,0.5434782608695652,0.66077700329605,0.6617391304347826,0.7054794520547946,0.78,0.5434782608695652,,0.5434782608695652,-0.005962127138732565,0.0
2,stage_1,1,ENG_04,engineering__INT_MOBILITY_X_POSTURAL_STABILITY,engineered_representation,final_26,none,all,INT_MOBILITY_X_POSTURAL_STABILITY,interaction,extra_trees,582,146,47,0.07514387499759323,0.6667391304347826,0.5434782608695652,0.6705351386202449,0.672608695652174,0.7123287671232876,0.78,0.5652173913043478,,0.5652173913043478,0.0037960081854623295,0.021739130434782594
2,stage_1,1,ENG_05,engineering__PCA_PART_I_PATIENT_3_80,engineered_representation,final_26,none,all,PCA_PART_I_PATIENT_3_80,pca,extra_trees,582,146,45,0.07617150000078254,0.6667391304347826,0.5434782608695652,0.6667391304347826,0.6667391304347826,0.7123287671232876,0.79,0.5434782608695652,,0.5434782608695652,0.0,0.0
2,stage_1,1,ENG_06,engineering__PCA_PART_I_PATIENT_3_90,engineered_representation,final_26,none,all,PCA_PART_I_PATIENT_3_90,pca,extra_trees,582,146,46,0.07311145800122176,0.6667391304347826,0.5434782608695652,0.6526566217287867,0.6576086956521738,0.6917808219178082,0.75,0.5652173913043478,,0.5652173913043478,-0.014082508705995922,0.021739130434782594
2,stage_1,1,ENG_07,engineering__PCA_PART_I_PATIENT_3_95,engineered_representation,final_26,none,all,PCA_PART_I_PATIENT_3_95,pca,extra_trees,582,146,46,0.06446366700038197,0.6667391304347826,0.5434782608695652,0.6526566217287867,0.6576086956521738,0.6917808219178082,0.75,0.5652173913043478,,0.5652173913043478,-0.014082508705995922,0.021739130434782594
2,stage_1,2,ENG_01,engineering__INT_GAIT_X_POSTURAL_STABILITY,engineered_representation,final_26,none,all,INT_GAIT_X_POSTURAL_STABILITY,interaction,extra_trees,582,146,47,0.07323887500024284,0.6255822473439054,0.5434782608695652,0.6442900834586076,0.6534782608695653,0.678082191780822,0.72,0.5869565217391305,,0.5869565217391305,0.01870783611470217,0.0434782608695653
2,stage_1,2,ENG_02,engineering__INT_MOTOR_X_COGNITION,engineered_representation,final_26,none,all,INT_MOTOR_X_COGNITION,interaction,extra_trees,582,146,47,0.07525079200058826,0.6255822473439054,0.5434782608695652,0.635,0.6426086956521739,0.6712328767123288,0.72,0.5652173913043478,,0.5652173913043478,0.009417752656094569,0.021739130434782594
2,stage_1,2,ENG_03,engineering__INT_DURATION_X_MOTOR,engineered_representation,final_26,none,all,INT_DURATION_X_MOTOR,interaction,extra_trees,582,146,47,0.07203287499942235,0.6255822473439054,0.5434782608695652,0.635,0.6426086956521739,0.6712328767123288,0.72,0.5652173913043478,,0.5652173913043478,0.009417752656094569,0.021739130434782594
2,stage_1,2,ENG_04,engineering__INT_MOBILITY_X_POSTURAL_STABILITY,engineered_representation,final_26,none,all,INT_MOBILITY_X_POSTURAL_STABILITY,interaction,extra_trees,582,146,47,0.0633308329997817,0.6255822473439054,0.5434782608695652,0.6594266756518584,0.6693478260869565,0.6917808219178082,0.73,0.6086956521739131,,0.6086956521739131,0.03384442830795298,0.0652173913043479
2,stage_1,2,ENG_05,engineering__PCA_PART_I_PATIENT_3_80,engineered_representation,final_26,none,all,PCA_PART_I_PATIENT_3_80,pca,extra_trees,582,146,45,0.07364833300016471,0.6255822473439054,0.5434782608695652,0.6408646045951746,0.6476086956521738,0.678082191780822,0.73,0.5652173913043478,,0.5652173913043478,0.01528235725126914,0.021739130434782594
2,stage_1,2,ENG_06,engineering__PCA_PART_I_PATIENT_3_90,engineered_representation,final_26,none,all,PCA_PART_I_PATIENT_3_90,pca,extra_trees,582,146,46,0.07273941699895659,0.6255822473439054,0.5434782608695652,0.6408646045951746,0.6476086956521738,0.678082191780822,0.73,0.5652173913043478,,0.5652173913043478,0.01528235725126914,0.021739130434782594
2,stage_1,2,ENG_07,engineering__PCA_PART_I_PATIENT_3_95,engineered_representation,final_26,none,all,PCA_PART_I_PATIENT_3_95,pca,extra_trees,582,146,46,0.0740853329989477,0.6255822473439054,0.5434782608695652,0.6408646045951746,0.6476086956521738,0.678082191780822,0.73,0.5652173913043478,,0.5652173913043478,0.01528235725126914,0.021739130434782594
2,stage_1,3,ENG_01,engineering__INT_GAIT_X_POSTURAL_STABILITY,engineered_representation,final_26,none,all,INT_GAIT_X_POSTURAL_STABILITY,interaction,extra_trees,583,145,47,0.07313020799847436,0.6979328027348966,0.6304347826086957,0.6851932262266609,0.6874176548089592,0.7241379310344828,0.7878787878787878,0.5869565217391305,,0.5869565217391305,-0.01273957650823565,-0.04347826086956519
2,stage_1,3,ENG_02,engineering__INT_MOTOR_X_COGNITION,engineered_representation,final_26,none,all,INT_MOTOR_X_COGNITION,interaction,extra_trees,583,145,47,0.07376320800176472,0.6979328027348966,0.6304347826086957,0.6947368421052631,0.6982872200263505,0.7310344827586207,0.7878787878787878,0.6086956521739131,,0.6086956521739131,-0.003195960629633454,-0.021739130434782594
2,stage_1,3,ENG_03,engineering__INT_DURATION_X_MOTOR,engineered_representation,final_26,none,all,INT_DURATION_X_MOTOR,interaction,extra_trees,583,145,47,0.06326454100053525,0.6979328027348966,0.6304347826086957,0.6913378090715572,0.6924681598594642,0.7310344827586207,0.797979797979798,0.5869565217391305,,0.5869565217391305,-0.006594993663339377,-0.04347826086956519
2,stage_1,3,ENG_04,engineering__INT_MOBILITY_X_POSTURAL_STABILITY,engineered_representation,final_26,none,all,INT_MOBILITY_X_POSTURAL_STABILITY,interaction,extra_trees,583,145,47,0.07590195900047547,0.6979328027348966,0.6304347826086957,0.682442177234122,0.6881862099253404,0.7172413793103448,0.7676767676767676,0.6086956521739131,,0.6086956521739131,-0.015490625500774513,-0.021739130434782594
2,stage_1,3,ENG_05,engineering__PCA_PART_I_PATIENT_3_80,engineered_representation,final_26,none,all,PCA_PART_I_PATIENT_3_80,pca,extra_trees,583,145,45,0.06361045800076681,0.6979328027348966,0.6304347826086957,0.70716663937558,0.7083882301273605,0.7448275862068966,0.8080808080808081,0.6086956521739131,,0.6086956521739131,0.009233836640683446,-0.021739130434782594
2,stage_1,3,ENG_06,engineering__PCA_PART_I_PATIENT_3_90,engineered_representation,final_26,none,all,PCA_PART_I_PATIENT_3_90,pca,extra_trees,583,145,46,0.07341854200058151,0.6979328027348966,0.6304347826086957,0.6694528875379939,0.6714975845410628,0.7103448275862069,0.7777777777777778,0.5652173913043478,,0.5652173913043478,-0.028479915196902628,-0.0652173913043479
2,stage_1,3,ENG_07,engineering__PCA_PART_I_PATIENT_3_95,engineered_representation,final_26,none,all,PCA_PART_I_PATIENT_3_95,pca,extra_trees,583,145,46,0.06418687500263331,0.6979328027348966,0.6304347826086957,0.6694528875379939,0.6714975845410628,0.7103448275862069,0.7777777777777778,0.5652173913043478,,0.5652173913043478,-0.028479915196902628,-0.0652173913043479
2,stage_1,4,ENG_01,engineering__INT_GAIT_X_POSTURAL_STABILITY,engineered_representation,final_26,none,all,INT_GAIT_X_POSTURAL_STABILITY,interaction,extra_trees,583,145,47,0.06388583300213213,0.5974121221645974,0.5217391304347826,0.6068001668752607,0.615173473869126,0.6413793103448275,0.6868686868686869,0.5434782608695652,,0.5434782608695652,0.009388044710663346,0.021739130434782594
2,stage_1,4,ENG_02,engineering__INT_MOTOR_X_COGNITION,engineered_representation,final_26,none,all,INT_MOTOR_X_COGNITION,interaction,extra_trees,583,145,47,0.06359504200008814,0.5974121221645974,0.5217391304347826,0.6219232373800584,0.6310935441370225,0.6551724137931034,0.696969696969697,0.5652173913043478,,0.5652173913043478,0.02451111521546101,0.04347826086956519
2,stage_1,4,ENG_03,engineering__INT_DURATION_X_MOTOR,engineered_representation,final_26,none,all,INT_DURATION_X_MOTOR,interaction,extra_trees,583,145,47,0.07561112500115996,0.5974121221645974,0.5217391304347826,0.6010072166554177,0.6101229688186209,0.6344827586206897,0.6767676767676768,0.5434782608695652,,0.5434782608695652,0.003595094490820294,0.021739130434782594
2,stage_1,4,ENG_04,engineering__INT_MOBILITY_X_POSTURAL_STABILITY,engineered_representation,final_26,none,all,INT_MOBILITY_X_POSTURAL_STABILITY,interaction,extra_trees,583,145,47,0.07354037500044797,0.5974121221645974,0.5217391304347826,0.6160635481023831,0.6260430390865173,0.6482758620689655,0.6868686868686869,0.5652173913043478,,0.5652173913043478,0.01865142593778568,0.04347826086956519
2,stage_1,4,ENG_05,engineering__PCA_PART_I_PATIENT_3_80,engineered_representation,final_26,none,all,PCA_PART_I_PATIENT_3_80,pca,extra_trees,583,145,45,0.06532220799999777,0.5974121221645974,0.5217391304347826,0.6068001668752607,0.615173473869126,0.6413793103448275,0.6868686868686869,0.5434782608695652,,0.5434782608695652,0.009388044710663346,0.021739130434782594
2,stage_1,4,ENG_06,engineering__PCA_PART_I_PATIENT_3_90,engineered_representation,final_26,none,all,PCA_PART_I_PATIENT_3_90,pca,extra_trees,583,145,46,0.07501195800068672,0.5974121221645974,0.5217391304347826,0.6126041175546126,0.6202239789196311,0.6482758620689655,0.696969696969697,0.5434782608695652,,0.5434782608695652,0.015191995390015256,0.021739130434782594
2,stage_1,4,ENG_07,engineering__PCA_PART_I_PATIENT_3_95,engineered_representation,final_26,none,all,PCA_PART_I_PATIENT_3_95,pca,extra_trees,583,145,46,0.06298449999667355,0.5974121221645974,0.5217391304347826,0.6126041175546126,0.6202239789196311,0.6482758620689655,0.696969696969697,0.5434782608695652,,0.5434782608695652,0.015191995390015256,0.021739130434782594
2,stage_2,0,ENG_01,engineering__INT_GAIT_X_POSTURAL_STABILITY,engineered_representation,final_26,none,all,INT_GAIT_X_POSTURAL_STABILITY,interaction,extra_trees,184,46,47,0.06711087499934365,0.6541353383458646,0.65625,0.6645833333333333,0.6808035714285714,0.6956521739130435,0.71875,0.6428571428571429,,0.71875,0.010447994987468734,0.0625
2,stage_2,0,ENG_02,engineering__INT_MOTOR_X_COGNITION,engineered_representation,final_26,none,all,INT_MOTOR_X_COGNITION,interaction,extra_trees,184,46,47,0.06402150000212714,0.6541353383458646,0.65625,0.6645833333333333,0.6808035714285714,0.6956521739130435,0.71875,0.6428571428571429,,0.71875,0.010447994987468734,0.0625
2,stage_2,0,ENG_03,engineering__INT_DURATION_X_MOTOR,engineered_representation,final_26,none,all,INT_DURATION_X_MOTOR,interaction,extra_trees,184,46,47,0.062089999999443535,0.6541353383458646,0.65625,0.6645833333333333,0.6808035714285714,0.6956521739130435,0.71875,0.6428571428571429,,0.71875,0.010447994987468734,0.0625
2,stage_2,0,ENG_04,engineering__INT_MOBILITY_X_POSTURAL_STABILITY,engineered_representation,final_26,none,all,INT_MOBILITY_X_POSTURAL_STABILITY,interaction,extra_trees,184,46,47,0.06139587500001653,0.6541353383458646,0.65625,0.6645833333333333,0.6808035714285714,0.6956521739130435,0.71875,0.6428571428571429,,0.71875,0.010447994987468734,0.0625
2,stage_2,0,ENG_05,engineering__PCA_PART_I_PATIENT_3_80,engineered_representation,final_26,none,all,PCA_PART_I_PATIENT_3_80,pca,extra_trees,184,46,45,0.06171299999914481,0.6541353383458646,0.65625,0.6541353383458646,0.6852678571428572,0.6739130434782609,0.65625,0.7142857142857143,,0.65625,0.0,0.0
2,stage_2,0,ENG_06,engineering__PCA_PART_I_PATIENT_3_90,engineered_representation,final_26,none,all,PCA_PART_I_PATIENT_3_90,pca,extra_trees,184,46,46,0.052464874999714084,0.6541353383458646,0.65625,0.6734279918864097,0.7008928571428572,0.6956521739130435,0.6875,0.7142857142857143,,0.6875,0.0192926535405451,0.03125
2,stage_2,0,ENG_07,engineering__PCA_PART_I_PATIENT_3_95,engineered_representation,final_26,none,all,PCA_PART_I_PATIENT_3_95,pca,extra_trees,184,46,46,0.06207583300056285,0.6541353383458646,0.65625,0.6734279918864097,0.7008928571428572,0.6956521739130435,0.6875,0.7142857142857143,,0.6875,0.0192926535405451,0.03125
2,stage_2,1,ENG_01,engineering__INT_GAIT_X_POSTURAL_STABILITY,engineered_representation,final_26,none,all,INT_GAIT_X_POSTURAL_STABILITY,interaction,extra_trees,184,46,47,0.06731629200294265,0.7733990147783252,0.84375,0.6919642857142857,0.6919642857142857,0.7391304347826086,0.8125,0.5714285714285714,,0.8125,-0.08143472906403948,-0.03125
2,stage_2,1,ENG_02,engineering__INT_MOTOR_X_COGNITION,engineered_representation,final_26,none,all,INT_MOTOR_X_COGNITION,interaction,extra_trees,184,46,47,0.0638937919975433,0.7733990147783252,0.84375,0.6919642857142857,0.6919642857142857,0.7391304347826086,0.8125,0.5714285714285714,,0.8125,-0.08143472906403948,-0.03125
2,stage_2,1,ENG_03,engineering__INT_DURATION_X_MOTOR,engineered_representation,final_26,none,all,INT_DURATION_X_MOTOR,interaction,extra_trees,184,46,47,0.06683829099711147,0.7733990147783252,0.84375,0.7032258064516128,0.7120535714285714,0.7391304347826086,0.78125,0.6428571428571429,,0.78125,-0.07017320832671237,-0.0625
2,stage_2,1,ENG_04,engineering__INT_MOBILITY_X_POSTURAL_STABILITY,engineered_representation,final_26,none,all,INT_MOBILITY_X_POSTURAL_STABILITY,interaction,extra_trees,184,46,47,0.059794791999593144,0.7733990147783252,0.84375,0.7116809116809117,0.7075892857142857,0.7608695652173914,0.84375,0.5714285714285714,,0.84375,-0.061718103097413435,0.0
2,stage_2,1,ENG_05,engineering__PCA_PART_I_PATIENT_3_80,engineered_representation,final_26,none,all,PCA_PART_I_PATIENT_3_80,pca,extra_trees,184,46,45,0.053824375001568114,0.7733990147783252,0.84375,0.7433035714285714,0.7433035714285714,0.782608695652174,0.84375,0.6428571428571429,,0.84375,-0.03009544334975378,0.0
2,stage_2,1,ENG_06,engineering__PCA_PART_I_PATIENT_3_90,engineered_representation,final_26,none,all,PCA_PART_I_PATIENT_3_90,pca,extra_trees,184,46,46,0.06611704200258828,0.7733990147783252,0.84375,0.6783216783216783,0.671875,0.7391304347826086,0.84375,0.5,,0.84375,-0.09507733645664684,0.0
2,stage_2,1,ENG_07,engineering__PCA_PART_I_PATIENT_3_95,engineered_representation,final_26,none,all,PCA_PART_I_PATIENT_3_95,pca,extra_trees,184,46,46,0.06607499999881838,0.7733990147783252,0.84375,0.6783216783216783,0.671875,0.7391304347826086,0.84375,0.5,,0.84375,-0.09507733645664684,0.0
2,stage_2,2,ENG_01,engineering__INT_GAIT_X_POSTURAL_STABILITY,engineered_representation,final_26,none,all,INT_GAIT_X_POSTURAL_STABILITY,interaction,extra_trees,184,46,47,0.062073334000160685,0.7324167107350608,0.8064516129032258,0.7324167107350608,0.7365591397849462,0.7608695652173914,0.8064516129032258,0.6666666666666666,,0.8064516129032258,0.0,0.0
2,stage_2,2,ENG_02,engineering__INT_MOTOR_X_COGNITION,engineered_representation,final_26,none,all,INT_MOTOR_X_COGNITION,interaction,extra_trees,184,46,47,0.06476229100007913,0.7324167107350608,0.8064516129032258,0.7324167107350608,0.7365591397849462,0.7608695652173914,0.8064516129032258,0.6666666666666666,,0.8064516129032258,0.0,0.0
2,stage_2,2,ENG_03,engineering__INT_DURATION_X_MOTOR,engineered_representation,final_26,none,all,INT_DURATION_X_MOTOR,interaction,extra_trees,184,46,47,0.06340383299902896,0.7324167107350608,0.8064516129032258,0.7032258064516128,0.7032258064516128,0.7391304347826086,0.8064516129032258,0.6,,0.8064516129032258,-0.02919090428344795,0.0
2,stage_2,2,ENG_04,engineering__INT_MOBILITY_X_POSTURAL_STABILITY,engineered_representation,final_26,none,all,INT_MOBILITY_X_POSTURAL_STABILITY,interaction,extra_trees,184,46,47,0.06127945799744339,0.7324167107350608,0.8064516129032258,0.7324167107350608,0.7365591397849462,0.7608695652173914,0.8064516129032258,0.6666666666666666,,0.8064516129032258,0.0,0.0
2,stage_2,2,ENG_05,engineering__PCA_PART_I_PATIENT_3_80,engineered_representation,final_26,none,all,PCA_PART_I_PATIENT_3_80,pca,extra_trees,184,46,45,0.0638402499971562,0.7324167107350608,0.8064516129032258,0.7032258064516128,0.7032258064516128,0.7391304347826086,0.8064516129032258,0.6,,0.8064516129032258,-0.02919090428344795,0.0
2,stage_2,2,ENG_06,engineering__PCA_PART_I_PATIENT_3_90,engineered_representation,final_26,none,all,PCA_PART_I_PATIENT_3_90,pca,extra_trees,184,46,46,0.06405816699771094,0.7324167107350608,0.8064516129032258,0.7604166666666667,0.7698924731182795,0.782608695652174,0.8064516129032258,0.7333333333333333,,0.8064516129032258,0.02799995593160598,0.0
2,stage_2,2,ENG_07,engineering__PCA_PART_I_PATIENT_3_95,engineered_representation,final_26,none,all,PCA_PART_I_PATIENT_3_95,pca,extra_trees,184,46,46,0.05762166700151283,0.7324167107350608,0.8064516129032258,0.7604166666666667,0.7698924731182795,0.782608695652174,0.8064516129032258,0.7333333333333333,,0.8064516129032258,0.02799995593160598,0.0
2,stage_2,3,ENG_01,engineering__INT_GAIT_X_POSTURAL_STABILITY,engineered_representation,final_26,none,all,INT_GAIT_X_POSTURAL_STABILITY,interaction,extra_trees,184,46,46,0.06169745800070814,0.6537634408602151,0.75,0.6726874657909141,0.6763392857142857,0.717391304347826,0.78125,0.5714285714285714,,0.78125,0.018924024930699,0.03125
2,stage_2,3,ENG_02,engineering__INT_MOTOR_X_COGNITION,engineered_representation,final_26,none,all,INT_MOTOR_X_COGNITION,interaction,extra_trees,184,46,46,0.06023595800070325,0.6537634408602151,0.75,0.6726874657909141,0.6763392857142857,0.717391304347826,0.78125,0.5714285714285714,,0.78125,0.018924024930699,0.03125
2,stage_2,3,ENG_03,engineering__INT_DURATION_X_MOTOR,engineered_representation,final_26,none,all,INT_DURATION_X_MOTOR,interaction,extra_trees,184,46,46,0.05988120800247998,0.6537634408602151,0.75,0.6537634408602151,0.6607142857142857,0.6956521739130435,0.75,0.5714285714285714,,0.75,0.0,0.0
2,stage_2,3,ENG_04,engineering__INT_MOBILITY_X_POSTURAL_STABILITY,engineered_representation,final_26,none,all,INT_MOBILITY_X_POSTURAL_STABILITY,interaction,extra_trees,184,46,46,0.07039516599979834,0.6537634408602151,0.75,0.6537634408602151,0.6607142857142857,0.6956521739130435,0.75,0.5714285714285714,,0.75,0.0,0.0
2,stage_2,3,ENG_05,engineering__PCA_PART_I_PATIENT_3_80,engineered_representation,final_26,none,all,PCA_PART_I_PATIENT_3_80,pca,extra_trees,184,46,44,0.07362212500083842,0.6537634408602151,0.75,0.6351136964569011,0.6450892857142857,0.6739130434782609,0.71875,0.5714285714285714,,0.71875,-0.018649744403314017,-0.03125
2,stage_2,3,ENG_06,engineering__PCA_PART_I_PATIENT_3_90,engineered_representation,final_26,none,all,PCA_PART_I_PATIENT_3_90,pca,extra_trees,184,46,45,0.06448620799710625,0.6537634408602151,0.75,0.6351136964569011,0.6450892857142857,0.6739130434782609,0.71875,0.5714285714285714,,0.71875,-0.018649744403314017,-0.03125
2,stage_2,3,ENG_07,engineering__PCA_PART_I_PATIENT_3_95,engineered_representation,final_26,none,all,PCA_PART_I_PATIENT_3_95,pca,extra_trees,184,46,45,0.06980683299843804,0.6537634408602151,0.75,0.6351136964569011,0.6450892857142857,0.6739130434782609,0.71875,0.5714285714285714,,0.71875,-0.018649744403314017,-0.03125
2,stage_2,4,ENG_01,engineering__INT_GAIT_X_POSTURAL_STABILITY,engineered_representation,final_26,none,all,INT_GAIT_X_POSTURAL_STABILITY,interaction,extra_trees,184,46,47,0.06726695799807203,0.6928608115048793,0.71875,0.6928608115048793,0.7165178571428572,0.717391304347826,0.71875,0.7142857142857143,,0.71875,0.0,0.0
2,stage_2,4,ENG_02,engineering__INT_MOTOR_X_COGNITION,engineered_representation,final_26,none,all,INT_MOTOR_X_COGNITION,interaction,extra_trees,184,46,47,0.06244399999923189,0.6928608115048793,0.71875,0.6928608115048793,0.7165178571428572,0.717391304347826,0.71875,0.7142857142857143,,0.71875,0.0,0.0
2,stage_2,4,ENG_03,engineering__INT_DURATION_X_MOTOR,engineered_representation,final_26,none,all,INT_DURATION_X_MOTOR,interaction,extra_trees,184,46,47,0.060956707999139326,0.6928608115048793,0.71875,0.7125,0.7321428571428572,0.7391304347826086,0.75,0.7142857142857143,,0.75,0.019639188495120696,0.03125
2,stage_2,4,ENG_04,engineering__INT_MOBILITY_X_POSTURAL_STABILITY,engineered_representation,final_26,none,all,INT_MOBILITY_X_POSTURAL_STABILITY,interaction,extra_trees,184,46,47,0.07994687500104192,0.6928608115048793,0.71875,0.6928608115048793,0.7165178571428572,0.717391304347826,0.71875,0.7142857142857143,,0.71875,0.0,0.0
2,stage_2,4,ENG_05,engineering__PCA_PART_I_PATIENT_3_80,engineered_representation,final_26,none,all,PCA_PART_I_PATIENT_3_80,pca,extra_trees,184,46,46,0.06747708300099475,0.6928608115048793,0.71875,0.6928608115048793,0.7165178571428572,0.717391304347826,0.71875,0.7142857142857143,,0.71875,0.0,0.0
2,stage_2,4,ENG_06,engineering__PCA_PART_I_PATIENT_3_90,engineered_representation,final_26,none,all,PCA_PART_I_PATIENT_3_90,pca,extra_trees,184,46,46,0.06233208299818216,0.6928608115048793,0.71875,0.6928608115048793,0.7165178571428572,0.717391304347826,0.71875,0.7142857142857143,,0.71875,0.0,0.0
2,stage_2,4,ENG_07,engineering__PCA_PART_I_PATIENT_3_95,engineered_representation,final_26,none,all,PCA_PART_I_PATIENT_3_95,pca,extra_trees,184,46,46,0.06433666600059951,0.6928608115048793,0.71875,0.6928608115048793,0.7165178571428572,0.717391304347826,0.71875,0.7142857142857143,,0.71875,0.0,0.0
3,direct,0,ENG_01,engineering__INT_GAIT_X_POSTURAL_STABILITY,engineered_representation,final_26,none,all,INT_GAIT_X_POSTURAL_STABILITY,interaction,extra_trees,582,146,47,0.0738437910003995,0.5324660481376899,0.375,0.5278721321244626,0.5851785714285714,0.6506849315068494,0.76,0.28125,0.7142857142857143,0.28125,-0.004593916013227339,-0.09375
3,direct,0,ENG_02,engineering__INT_MOTOR_X_COGNITION,engineered_representation,final_26,none,all,INT_MOTOR_X_COGNITION,interaction,extra_trees,582,146,47,0.07395308399645728,0.5324660481376899,0.375,0.5206349206349207,0.5717857142857143,0.6506849315068494,0.76,0.3125,0.6428571428571429,0.3125,-0.011831127502769268,-0.0625
3,direct,0,ENG_03,engineering__INT_DURATION_X_MOTOR,engineered_representation,final_26,none,all,INT_DURATION_X_MOTOR,interaction,extra_trees,582,146,47,0.07596241599821951,0.5324660481376899,0.375,0.5287010266252611,0.5788690476190476,0.6506849315068494,0.75,0.34375,0.6428571428571429,0.34375,-0.0037650215124288566,-0.03125
3,direct,0,ENG_04,engineering__INT_MOBILITY_X_POSTURAL_STABILITY,engineered_representation,final_26,none,all,INT_MOBILITY_X_POSTURAL_STABILITY,interaction,extra_trees,582,146,47,0.07598779200270656,0.5324660481376899,0.375,0.5089268030444501,0.5617857142857142,0.6301369863013698,0.73,0.3125,0.6428571428571429,0.3125,-0.02353924509323979,-0.0625
3,direct,0,ENG_05,engineering__PCA_PART_I_PATIENT_3_80,engineered_representation,final_26,none,all,PCA_PART_I_PATIENT_3_80,pca,extra_trees,582,146,45,0.0761694999964675,0.5324660481376899,0.375,0.519646015318714,0.5789285714285715,0.6232876712328768,0.71,0.3125,0.7142857142857143,0.3125,-0.012820032818975924,-0.0625
3,direct,0,ENG_06,engineering__PCA_PART_I_PATIENT_3_90,engineered_representation,final_26,none,all,PCA_PART_I_PATIENT_3_90,pca,extra_trees,582,146,46,0.07603249999738182,0.5324660481376899,0.375,0.5245941237031757,0.5759523809523809,0.6301369863013698,0.71,0.375,0.6428571428571429,0.375,-0.007871924434514233,0.0
3,direct,0,ENG_07,engineering__PCA_PART_I_PATIENT_3_95,engineered_representation,final_26,none,all,PCA_PART_I_PATIENT_3_95,pca,extra_trees,582,146,46,0.0747992910000903,0.5324660481376899,0.375,0.5245941237031757,0.5759523809523809,0.6301369863013698,0.71,0.375,0.6428571428571429,0.375,-0.007871924434514233,0.0
3,direct,1,ENG_01,engineering__INT_GAIT_X_POSTURAL_STABILITY,engineered_representation,final_26,none,all,INT_GAIT_X_POSTURAL_STABILITY,interaction,extra_trees,582,146,47,0.07283833300243714,0.5131516616129531,0.4375,0.5292771258872954,0.6072619047619048,0.6232876712328768,0.67,0.4375,0.7142857142857143,0.4375,0.01612546427434225,0.0
3,direct,1,ENG_02,engineering__INT_MOTOR_X_COGNITION,engineered_representation,final_26,none,all,INT_MOTOR_X_COGNITION,interaction,extra_trees,582,146,47,0.07131704199855449,0.5131516616129531,0.4375,0.5226717223817622,0.6001785714285716,0.6232876712328768,0.68,0.40625,0.7142857142857143,0.40625,0.009520060768809069,-0.03125
3,direct,1,ENG_03,engineering__INT_DURATION_X_MOTOR,engineered_representation,final_26,none,all,INT_DURATION_X_MOTOR,interaction,extra_trees,582,146,47,0.07632220900268294,0.5131516616129531,0.4375,0.5442649812734083,0.6210119047619048,0.636986301369863,0.68,0.46875,0.7142857142857143,0.46875,0.031113319660455163,0.03125
3,direct,1,ENG_04,engineering__INT_MOBILITY_X_POSTURAL_STABILITY,engineered_representation,final_26,none,all,INT_MOBILITY_X_POSTURAL_STABILITY,interaction,extra_trees,582,146,47,0.07263550000061514,0.5131516616129531,0.4375,0.5217566728739913,0.5968452380952382,0.6164383561643836,0.67,0.40625,0.7142857142857143,0.40625,0.008605011261038187,-0.03125
3,direct,1,ENG_05,engineering__PCA_PART_I_PATIENT_3_80,engineered_representation,final_26,none,all,PCA_PART_I_PATIENT_3_80,pca,extra_trees,582,146,45,0.07764187500288244,0.5131516616129531,0.4375,0.5218791752428412,0.5964285714285714,0.6301369863013698,0.7,0.375,0.7142857142857143,0.375,0.008727513629888106,-0.0625
3,direct,1,ENG_06,engineering__PCA_PART_I_PATIENT_3_90,engineered_representation,final_26,none,all,PCA_PART_I_PATIENT_3_90,pca,extra_trees,582,146,46,0.07556954100073199,0.5131516616129531,0.4375,0.45897620006654877,0.5414285714285715,0.5753424657534246,0.66,0.25,0.7142857142857143,0.25,-0.054175461546404347,-0.1875
3,direct,1,ENG_07,engineering__PCA_PART_I_PATIENT_3_95,engineered_representation,final_26,none,all,PCA_PART_I_PATIENT_3_95,pca,extra_trees,582,146,46,0.07353408299968578,0.5131516616129531,0.4375,0.45897620006654877,0.5414285714285715,0.5753424657534246,0.66,0.25,0.7142857142857143,0.25,-0.054175461546404347,-0.1875
3,direct,2,ENG_01,engineering__INT_GAIT_X_POSTURAL_STABILITY,engineered_representation,final_26,none,all,INT_GAIT_X_POSTURAL_STABILITY,interaction,extra_trees,582,146,47,0.07489675000033458,0.5593515593515593,0.41935483870967744,0.5559854733055017,0.6201433691756272,0.6643835616438356,0.74,0.3870967741935484,0.7333333333333333,0.3870967741935484,-0.0033660860460575925,-0.03225806451612906
3,direct,2,ENG_02,engineering__INT_MOTOR_X_COGNITION,engineered_representation,final_26,none,all,INT_MOTOR_X_COGNITION,interaction,extra_trees,582,146,47,0.07618204100072035,0.5593515593515593,0.41935483870967744,0.5398923632935261,0.5905017921146953,0.6575342465753424,0.75,0.3548387096774194,0.6666666666666666,0.3548387096774194,-0.019459196058033257,-0.06451612903225806
3,direct,2,ENG_03,engineering__INT_DURATION_X_MOTOR,engineered_representation,final_26,none,all,INT_DURATION_X_MOTOR,interaction,extra_trees,582,146,47,0.07259904199963785,0.5593515593515593,0.41935483870967744,0.5544398435702783,0.616810035842294,0.6575342465753424,0.73,0.3870967741935484,0.7333333333333333,0.3870967741935484,-0.004911715781281023,-0.03225806451612906
3,direct,2,ENG_04,engineering__INT_MOBILITY_X_POSTURAL_STABILITY,engineered_representation,final_26,none,all,INT_MOBILITY_X_POSTURAL_STABILITY,interaction,extra_trees,582,146,47,0.07666975000029197,0.5593515593515593,0.41935483870967744,0.5431827431827432,0.606057347670251,0.6506849315068494,0.73,0.3548387096774194,0.7333333333333333,0.3548387096774194,-0.016168816168816158,-0.06451612903225806
3,direct,2,ENG_05,engineering__PCA_PART_I_PATIENT_3_80,engineered_representation,final_26,none,all,PCA_PART_I_PATIENT_3_80,pca,extra_trees,582,146,45,0.07478904200252146,0.5593515593515593,0.41935483870967744,0.5385464669738863,0.5871684587813619,0.6506849315068494,0.74,0.3548387096774194,0.6666666666666666,0.3548387096774194,-0.02080509237767303,-0.06451612903225806
3,direct,2,ENG_06,engineering__PCA_PART_I_PATIENT_3_90,engineered_representation,final_26,none,all,PCA_PART_I_PATIENT_3_90,pca,extra_trees,582,146,46,0.074305333000666,0.5593515593515593,0.41935483870967744,0.5520773520773522,0.6012544802867383,0.6643835616438356,0.75,0.3870967741935484,0.6666666666666666,0.3870967741935484,-0.007274207274207134,-0.03225806451612906
3,direct,2,ENG_07,engineering__PCA_PART_I_PATIENT_3_95,engineered_representation,final_26,none,all,PCA_PART_I_PATIENT_3_95,pca,extra_trees,582,146,46,0.08067479100282071,0.5593515593515593,0.41935483870967744,0.5520773520773522,0.6012544802867383,0.6643835616438356,0.75,0.3870967741935484,0.6666666666666666,0.3870967741935484,-0.007274207274207134,-0.03225806451612906
3,direct,3,ENG_01,engineering__INT_GAIT_X_POSTURAL_STABILITY,engineered_representation,final_26,none,all,INT_GAIT_X_POSTURAL_STABILITY,interaction,extra_trees,583,145,47,0.08805941699756659,0.46459828812769993,0.21875,0.45352766842128545,0.4889820827320827,0.5655172413793104,0.6767676767676768,0.21875,0.5714285714285714,0.21875,-0.011070619706414486,0.0
3,direct,3,ENG_02,engineering__INT_MOTOR_X_COGNITION,engineered_representation,final_26,none,all,INT_MOTOR_X_COGNITION,interaction,extra_trees,583,145,47,0.07595937500082073,0.46459828812769993,0.21875,0.4243097117414057,0.46814874939874934,0.5517241379310345,0.6767676767676768,0.15625,0.5714285714285714,0.15625,-0.04028857638629424,-0.0625
3,direct,3,ENG_03,engineering__INT_DURATION_X_MOTOR,engineered_representation,final_26,none,all,INT_DURATION_X_MOTOR,interaction,extra_trees,583,145,47,0.07633133399940562,0.46459828812769993,0.21875,0.4378328527264697,0.478565416065416,0.5586206896551724,0.6767676767676768,0.1875,0.5714285714285714,0.1875,-0.02676543540123022,-0.03125
3,direct,3,ENG_04,engineering__INT_MOBILITY_X_POSTURAL_STABILITY,engineered_representation,final_26,none,all,INT_MOBILITY_X_POSTURAL_STABILITY,interaction,extra_trees,583,145,47,0.07295595799951116,0.46459828812769993,0.21875,0.45014533249827365,0.48561507936507936,0.5586206896551724,0.6666666666666666,0.21875,0.5714285714285714,0.21875,-0.014452955629426278,0.0
3,direct,3,ENG_05,engineering__PCA_PART_I_PATIENT_3_80,engineered_representation,final_26,none,all,PCA_PART_I_PATIENT_3_80,pca,extra_trees,583,145,45,0.0768809159999364,0.46459828812769993,0.21875,0.4381651342523238,0.48827561327561336,0.5655172413793104,0.696969696969697,0.125,0.6428571428571429,0.125,-0.026433153875376147,-0.09375
3,direct,3,ENG_06,engineering__PCA_PART_I_PATIENT_3_90,engineered_representation,final_26,none,all,PCA_PART_I_PATIENT_3_90,pca,extra_trees,583,145,46,0.07209149999835063,0.46459828812769993,0.21875,0.42359014066331135,0.4781746031746032,0.5448275862068965,0.6666666666666666,0.125,0.6428571428571429,0.125,-0.04100814746438858,-0.09375
3,direct,3,ENG_07,engineering__PCA_PART_I_PATIENT_3_95,engineered_representation,final_26,none,all,PCA_PART_I_PATIENT_3_95,pca,extra_trees,583,145,46,0.07399441600136925,0.46459828812769993,0.21875,0.42359014066331135,0.4781746031746032,0.5448275862068965,0.6666666666666666,0.125,0.6428571428571429,0.125,-0.04100814746438858,-0.09375
3,direct,4,ENG_01,engineering__INT_GAIT_X_POSTURAL_STABILITY,engineered_representation,final_26,none,all,INT_GAIT_X_POSTURAL_STABILITY,interaction,extra_trees,583,145,47,0.07530095800029812,0.488272257458304,0.21875,0.4471372229022168,0.5054262866762866,0.5862068965517241,0.7171717171717171,0.15625,0.6428571428571429,0.15625,-0.04113503455608719,-0.0625
3,direct,4,ENG_02,engineering__INT_MOTOR_X_COGNITION,engineered_representation,final_26,none,all,INT_MOTOR_X_COGNITION,interaction,extra_trees,583,145,47,0.07597779099887703,0.488272257458304,0.21875,0.4701062825757342,0.5225769600769601,0.6068965517241379,0.7373737373737373,0.1875,0.6428571428571429,0.1875,-0.01816597488256977,-0.03125
3,direct,4,ENG_03,engineering__INT_DURATION_X_MOTOR,engineered_representation,final_26,none,all,INT_DURATION_X_MOTOR,interaction,extra_trees,583,145,47,0.07424241700209677,0.488272257458304,0.21875,0.46585067319461443,0.5225769600769601,0.6068965517241379,0.7373737373737373,0.1875,0.6428571428571429,0.1875,-0.022421584263689565,-0.03125
3,direct,4,ENG_04,engineering__INT_MOBILITY_X_POSTURAL_STABILITY,engineered_representation,final_26,none,all,INT_MOBILITY_X_POSTURAL_STABILITY,interaction,extra_trees,583,145,47,0.07248624999920139,0.488272257458304,0.21875,0.48100801668996485,0.5369919432419432,0.593103448275862,0.6868686868686869,0.28125,0.6428571428571429,0.28125,-0.0072642407683391474,0.0625
3,direct,4,ENG_05,engineering__PCA_PART_I_PATIENT_3_80,engineered_representation,final_26,none,all,PCA_PART_I_PATIENT_3_80,pca,extra_trees,583,145,45,0.07054554199930863,0.488272257458304,0.21875,0.48233148315815716,0.5263347763347763,0.6275862068965518,0.7575757575757576,0.25,0.5714285714285714,0.25,-0.005940774300146834,0.03125
3,direct,4,ENG_06,engineering__PCA_PART_I_PATIENT_3_90,engineered_representation,final_26,none,all,PCA_PART_I_PATIENT_3_90,pca,extra_trees,583,145,46,0.06995549999919604,0.488272257458304,0.21875,0.4309287219856326,0.4682239057239057,0.5793103448275863,0.7171717171717171,0.1875,0.5,0.1875,-0.0573435354726714,-0.03125
3,direct,4,ENG_07,engineering__PCA_PART_I_PATIENT_3_95,engineered_representation,final_26,none,all,PCA_PART_I_PATIENT_3_95,pca,extra_trees,583,145,46,0.07344999999986612,0.488272257458304,0.21875,0.4309287219856326,0.4682239057239057,0.5793103448275863,0.7171717171717171,0.1875,0.5,0.1875,-0.0573435354726714,-0.03125
3,stage_1,0,ENG_01,engineering__INT_GAIT_X_POSTURAL_STABILITY,engineered_representation,final_26,none,all,INT_GAIT_X_POSTURAL_STABILITY,interaction,extra_trees,582,146,47,0.06364320799912093,0.7019940336002513,0.6521739130434783,0.6989690721649484,0.7052173913043478,0.7328767123287672,0.78,0.6304347826086957,,0.6304347826086957,-0.003024961435302842,-0.021739130434782594
3,stage_1,0,ENG_02,engineering__INT_MOTOR_X_COGNITION,engineered_representation,final_26,none,all,INT_MOTOR_X_COGNITION,interaction,extra_trees,582,146,47,0.05998666599771241,0.7019940336002513,0.6521739130434783,0.689625850340136,0.6943478260869566,0.726027397260274,0.78,0.6086956521739131,,0.6086956521739131,-0.01236818326011524,-0.04347826086956519
3,stage_1,0,ENG_03,engineering__INT_DURATION_X_MOTOR,engineered_representation,final_26,none,all,INT_DURATION_X_MOTOR,interaction,extra_trees,582,146,47,0.060091834002378164,0.7019940336002513,0.6521739130434783,0.6989690721649484,0.7052173913043478,0.7328767123287672,0.78,0.6304347826086957,,0.6304347826086957,-0.003024961435302842,-0.021739130434782594
3,stage_1,0,ENG_04,engineering__INT_MOBILITY_X_POSTURAL_STABILITY,engineered_representation,final_26,none,all,INT_MOBILITY_X_POSTURAL_STABILITY,interaction,extra_trees,582,146,47,0.07142983299854677,0.7019940336002513,0.6521739130434783,0.692825583841784,0.7002173913043479,0.726027397260274,0.77,0.6304347826086957,,0.6304347826086957,-0.009168449758467201,-0.021739130434782594
3,stage_1,0,ENG_05,engineering__PCA_PART_I_PATIENT_3_80,engineered_representation,final_26,none,all,PCA_PART_I_PATIENT_3_80,pca,extra_trees,582,146,45,0.06295412499821396,0.7019940336002513,0.6521739130434783,0.7137254901960784,0.7278260869565217,0.7397260273972602,0.76,0.6956521739130435,,0.6956521739130435,0.011731456595827194,0.04347826086956519
3,stage_1,0,ENG_06,engineering__PCA_PART_I_PATIENT_3_90,engineered_representation,final_26,none,all,PCA_PART_I_PATIENT_3_90,pca,extra_trees,582,146,46,0.0723905829981959,0.7019940336002513,0.6521739130434783,0.6986584107327141,0.7119565217391304,0.726027397260274,0.75,0.6739130434782609,,0.6739130434782609,-0.0033356228675371913,0.021739130434782594
3,stage_1,0,ENG_07,engineering__PCA_PART_I_PATIENT_3_95,engineered_representation,final_26,none,all,PCA_PART_I_PATIENT_3_95,pca,extra_trees,582,146,46,0.06399566699838033,0.7019940336002513,0.6521739130434783,0.6986584107327141,0.7119565217391304,0.726027397260274,0.75,0.6739130434782609,,0.6739130434782609,-0.0033356228675371913,0.021739130434782594
3,stage_1,1,ENG_01,engineering__INT_GAIT_X_POSTURAL_STABILITY,engineered_representation,final_26,none,all,INT_GAIT_X_POSTURAL_STABILITY,interaction,extra_trees,582,146,47,0.061867333999543916,0.7184950808325505,0.8043478260869565,0.702055646807028,0.7304347826086957,0.7191780821917808,0.7,0.7608695652173914,,0.7608695652173914,-0.016439434025522504,-0.04347826086956519
3,stage_1,1,ENG_02,engineering__INT_MOTOR_X_COGNITION,engineered_representation,final_26,none,all,INT_MOTOR_X_COGNITION,interaction,extra_trees,582,146,47,0.06148075000237441,0.7184950808325505,0.8043478260869565,0.7165895176944901,0.7463043478260869,0.7328767123287672,0.71,0.782608695652174,,0.782608695652174,-0.001905563138060451,-0.021739130434782594
3,stage_1,1,ENG_03,engineering__INT_DURATION_X_MOTOR,engineered_representation,final_26,none,all,INT_DURATION_X_MOTOR,interaction,extra_trees,582,146,47,0.06406595900261891,0.7184950808325505,0.8043478260869565,0.7165895176944901,0.7463043478260869,0.7328767123287672,0.71,0.782608695652174,,0.782608695652174,-0.001905563138060451,-0.021739130434782594
3,stage_1,1,ENG_04,engineering__INT_MOBILITY_X_POSTURAL_STABILITY,engineered_representation,final_26,none,all,INT_MOBILITY_X_POSTURAL_STABILITY,interaction,extra_trees,582,146,47,0.07410950000121375,0.7184950808325505,0.8043478260869565,0.7103174603174603,0.741304347826087,0.726027397260274,0.7,0.782608695652174,,0.782608695652174,-0.00817762051509019,-0.021739130434782594
3,stage_1,1,ENG_05,engineering__PCA_PART_I_PATIENT_3_80,engineered_representation,final_26,none,all,PCA_PART_I_PATIENT_3_80,pca,extra_trees,582,146,45,0.07985695900060819,0.7184950808325505,0.8043478260869565,0.6937062937062937,0.7195652173913043,0.7123287671232876,0.7,0.7391304347826086,,0.7391304347826086,-0.024788787126256873,-0.0652173913043479
3,stage_1,1,ENG_06,engineering__PCA_PART_I_PATIENT_3_90,engineered_representation,final_26,none,all,PCA_PART_I_PATIENT_3_90,pca,extra_trees,582,146,46,0.07641183300074772,0.7184950808325505,0.8043478260869565,0.6813492063492064,0.7095652173913043,0.6986301369863014,0.68,0.7391304347826086,,0.7391304347826086,-0.037145874483344166,-0.0652173913043479
3,stage_1,1,ENG_07,engineering__PCA_PART_I_PATIENT_3_95,engineered_representation,final_26,none,all,PCA_PART_I_PATIENT_3_95,pca,extra_trees,582,146,46,0.07891208400178584,0.7184950808325505,0.8043478260869565,0.6813492063492064,0.7095652173913043,0.6986301369863014,0.68,0.7391304347826086,,0.7391304347826086,-0.037145874483344166,-0.0652173913043479
3,stage_1,2,ENG_01,engineering__INT_GAIT_X_POSTURAL_STABILITY,engineered_representation,final_26,none,all,INT_GAIT_X_POSTURAL_STABILITY,interaction,extra_trees,582,146,47,0.07780258300044807,0.735109636618112,0.717391304347826,0.7311783960720131,0.7495652173913043,0.7534246575342466,0.76,0.7391304347826086,,0.7391304347826086,-0.003931240546098946,0.021739130434782594
3,stage_1,2,ENG_02,engineering__INT_MOTOR_X_COGNITION,engineered_representation,final_26,none,all,INT_MOTOR_X_COGNITION,interaction,extra_trees,582,146,47,0.08141670899931341,0.735109636618112,0.717391304347826,0.7287925696594427,0.7436956521739131,0.7534246575342466,0.77,0.717391304347826,,0.717391304347826,-0.006317066958669293,0.0
3,stage_1,2,ENG_03,engineering__INT_DURATION_X_MOTOR,engineered_representation,final_26,none,all,INT_DURATION_X_MOTOR,interaction,extra_trees,582,146,47,0.07927299999937532,0.735109636618112,0.717391304347826,0.7199730444248613,0.7328260869565217,0.7465753424657534,0.77,0.6956521739130435,,0.6956521739130435,-0.015136592193250697,-0.021739130434782594
3,stage_1,2,ENG_04,engineering__INT_MOBILITY_X_POSTURAL_STABILITY,engineered_representation,final_26,none,all,INT_MOBILITY_X_POSTURAL_STABILITY,interaction,extra_trees,582,146,47,0.07725029200082645,0.735109636618112,0.717391304347826,0.7162438625204582,0.7336956521739131,0.7397260273972602,0.75,0.717391304347826,,0.717391304347826,-0.018865774097653776,0.0
3,stage_1,2,ENG_05,engineering__PCA_PART_I_PATIENT_3_80,engineered_representation,final_26,none,all,PCA_PART_I_PATIENT_3_80,pca,extra_trees,582,146,45,0.07657883299907553,0.735109636618112,0.717391304347826,0.7375044947860482,0.7545652173913043,0.7602739726027398,0.77,0.7391304347826086,,0.7391304347826086,0.0023948581679361647,0.021739130434782594
3,stage_1,2,ENG_06,engineering__PCA_PART_I_PATIENT_3_90,engineered_representation,final_26,none,all,PCA_PART_I_PATIENT_3_90,pca,extra_trees,582,146,46,0.06275037500017788,0.735109636618112,0.717391304347826,0.7502462288113628,0.7645652173913043,0.773972602739726,0.79,0.7391304347826086,,0.7391304347826086,0.015136592193250809,0.021739130434782594
3,stage_1,2,ENG_07,engineering__PCA_PART_I_PATIENT_3_95,engineered_representation,final_26,none,all,PCA_PART_I_PATIENT_3_95,pca,extra_trees,582,146,46,0.06186195800182759,0.735109636618112,0.717391304347826,0.7502462288113628,0.7645652173913043,0.773972602739726,0.79,0.7391304347826086,,0.7391304347826086,0.015136592193250809,0.021739130434782594
3,stage_1,3,ENG_01,engineering__INT_GAIT_X_POSTURAL_STABILITY,engineered_representation,final_26,none,all,INT_GAIT_X_POSTURAL_STABILITY,interaction,extra_trees,583,145,47,0.06294312500176602,0.5878947368421052,0.5,0.5684523809523809,0.5716952129995608,0.6137931034482759,0.6868686868686869,0.45652173913043476,,0.45652173913043476,-0.019442355889724316,-0.043478260869565244
3,stage_1,3,ENG_02,engineering__INT_MOTOR_X_COGNITION,engineered_representation,final_26,none,all,INT_MOTOR_X_COGNITION,interaction,extra_trees,583,145,47,0.0731332499999553,0.5878947368421052,0.5,0.5782431646305992,0.5825647782169521,0.6206896551724138,0.6868686868686869,0.4782608695652174,,0.4782608695652174,-0.009651572211506032,-0.021739130434782594
3,stage_1,3,ENG_03,engineering__INT_DURATION_X_MOTOR,engineered_representation,final_26,none,all,INT_DURATION_X_MOTOR,interaction,extra_trees,583,145,47,0.07499800000005052,0.5878947368421052,0.5,0.5782431646305992,0.5825647782169521,0.6206896551724138,0.6868686868686869,0.4782608695652174,,0.4782608695652174,-0.009651572211506032,-0.021739130434782594
3,stage_1,3,ENG_04,engineering__INT_MOBILITY_X_POSTURAL_STABILITY,engineered_representation,final_26,none,all,INT_MOBILITY_X_POSTURAL_STABILITY,interaction,extra_trees,583,145,47,0.06342729099924327,0.5878947368421052,0.5,0.5878947368421052,0.5934343434343434,0.6275862068965518,0.6868686868686869,0.5,,0.5,0.0,0.0
3,stage_1,3,ENG_05,engineering__PCA_PART_I_PATIENT_3_80,engineered_representation,final_26,none,all,PCA_PART_I_PATIENT_3_80,pca,extra_trees,583,145,45,0.07391133299825015,0.5878947368421052,0.5,0.5629065524353483,0.5666447079490557,0.6068965517241379,0.6767676767676768,0.45652173913043476,,0.45652173913043476,-0.024988184406756986,-0.043478260869565244
3,stage_1,3,ENG_06,engineering__PCA_PART_I_PATIENT_3_90,engineered_representation,final_26,none,all,PCA_PART_I_PATIENT_3_90,pca,extra_trees,583,145,46,0.07353108299867017,0.5878947368421052,0.5,0.5585171732279258,0.5608256477821695,0.6068965517241379,0.6868686868686869,0.43478260869565216,,0.43478260869565216,-0.029377563614179425,-0.06521739130434784
3,stage_1,3,ENG_07,engineering__PCA_PART_I_PATIENT_3_95,engineered_representation,final_26,none,all,PCA_PART_I_PATIENT_3_95,pca,extra_trees,583,145,46,0.07421070899727056,0.5878947368421052,0.5,0.5585171732279258,0.5608256477821695,0.6068965517241379,0.6868686868686869,0.43478260869565216,,0.43478260869565216,-0.029377563614179425,-0.06521739130434784
3,stage_1,4,ENG_01,engineering__INT_GAIT_X_POSTURAL_STABILITY,engineered_representation,final_26,none,all,INT_GAIT_X_POSTURAL_STABILITY,interaction,extra_trees,583,145,47,0.06266104099995573,0.6790823211875843,0.5869565217391305,0.682442177234122,0.6881862099253404,0.7172413793103448,0.7676767676767676,0.6086956521739131,,0.6086956521739131,0.003359856046537768,0.021739130434782594
3,stage_1,4,ENG_02,engineering__INT_MOTOR_X_COGNITION,engineered_representation,final_26,none,all,INT_MOTOR_X_COGNITION,interaction,extra_trees,583,145,47,0.06488158299907809,0.6790823211875843,0.5869565217391305,0.688573883161512,0.6932367149758454,0.7241379310344828,0.7777777777777778,0.6086956521739131,,0.6086956521739131,0.009491561973927753,0.021739130434782594
3,stage_1,4,ENG_03,engineering__INT_DURATION_X_MOTOR,engineered_representation,final_26,none,all,INT_DURATION_X_MOTOR,interaction,extra_trees,583,145,47,0.076873792000697,0.6790823211875843,0.5869565217391305,0.6669515517333475,0.6722661396574441,0.7034482758620689,0.7575757575757576,0.5869565217391305,,0.5869565217391305,-0.012130769454236745,0.0
3,stage_1,4,ENG_04,engineering__INT_MOBILITY_X_POSTURAL_STABILITY,engineered_representation,final_26,none,all,INT_MOBILITY_X_POSTURAL_STABILITY,interaction,extra_trees,583,145,47,0.07065162499930011,0.6790823211875843,0.5869565217391305,0.6730025773195876,0.6773166447079491,0.7103448275862069,0.7676767676767676,0.5869565217391305,,0.5869565217391305,-0.006079743867996701,0.0
3,stage_1,4,ENG_05,engineering__PCA_PART_I_PATIENT_3_80,engineered_representation,final_26,none,all,PCA_PART_I_PATIENT_3_80,pca,extra_trees,583,145,45,0.07731262499873992,0.6790823211875843,0.5869565217391305,0.6521693783896538,0.6629336846728151,0.6827586206896552,0.7171717171717171,0.6086956521739131,,0.6086956521739131,-0.02691294279793044,0.021739130434782594
3,stage_1,4,ENG_06,engineering__PCA_PART_I_PATIENT_3_90,engineered_representation,final_26,none,all,PCA_PART_I_PATIENT_3_90,pca,extra_trees,583,145,46,0.07423612500133459,0.6790823211875843,0.5869565217391305,0.651460926232573,0.6563460693895476,0.6896551724137931,0.7474747474747475,0.5652173913043478,,0.5652173913043478,-0.027621394955011258,-0.021739130434782705
3,stage_1,4,ENG_07,engineering__PCA_PART_I_PATIENT_3_95,engineered_representation,final_26,none,all,PCA_PART_I_PATIENT_3_95,pca,extra_trees,583,145,46,0.07713737499943818,0.6790823211875843,0.5869565217391305,0.651460926232573,0.6563460693895476,0.6896551724137931,0.7474747474747475,0.5652173913043478,,0.5652173913043478,-0.027621394955011258,-0.021739130434782705
3,stage_2,0,ENG_01,engineering__INT_GAIT_X_POSTURAL_STABILITY,engineered_representation,final_26,none,all,INT_GAIT_X_POSTURAL_STABILITY,interaction,extra_trees,184,46,47,0.06699787500110688,0.6837652035959809,0.75,0.6837652035959809,0.6964285714285714,0.717391304347826,0.75,0.6428571428571429,,0.75,0.0,0.0
3,stage_2,0,ENG_02,engineering__INT_MOTOR_X_COGNITION,engineered_representation,final_26,none,all,INT_MOTOR_X_COGNITION,interaction,extra_trees,184,46,47,0.06518908399812062,0.6837652035959809,0.75,0.6837652035959809,0.6964285714285714,0.717391304347826,0.75,0.6428571428571429,,0.75,0.0,0.0
3,stage_2,0,ENG_03,engineering__INT_DURATION_X_MOTOR,engineered_representation,final_26,none,all,INT_DURATION_X_MOTOR,interaction,extra_trees,184,46,47,0.06340324999837321,0.6837652035959809,0.75,0.6837652035959809,0.6964285714285714,0.717391304347826,0.75,0.6428571428571429,,0.75,0.0,0.0
3,stage_2,0,ENG_04,engineering__INT_MOBILITY_X_POSTURAL_STABILITY,engineered_representation,final_26,none,all,INT_MOBILITY_X_POSTURAL_STABILITY,interaction,extra_trees,184,46,47,0.06696083299902966,0.6837652035959809,0.75,0.7125,0.7321428571428572,0.7391304347826086,0.75,0.7142857142857143,,0.75,0.028734796404019103,0.0
3,stage_2,0,ENG_05,engineering__PCA_PART_I_PATIENT_3_80,engineered_representation,final_26,none,all,PCA_PART_I_PATIENT_3_80,pca,extra_trees,184,46,45,0.06041791700044996,0.6837652035959809,0.75,0.6537634408602151,0.6607142857142857,0.6956521739130435,0.75,0.5714285714285714,,0.75,-0.030001762735765825,0.0
3,stage_2,0,ENG_06,engineering__PCA_PART_I_PATIENT_3_90,engineered_representation,final_26,none,all,PCA_PART_I_PATIENT_3_90,pca,extra_trees,184,46,46,0.06254783299664268,0.6837652035959809,0.75,0.6837652035959809,0.6964285714285714,0.717391304347826,0.75,0.6428571428571429,,0.75,0.0,0.0
3,stage_2,0,ENG_07,engineering__PCA_PART_I_PATIENT_3_95,engineered_representation,final_26,none,all,PCA_PART_I_PATIENT_3_95,pca,extra_trees,184,46,46,0.06380433400045149,0.6837652035959809,0.75,0.6837652035959809,0.6964285714285714,0.717391304347826,0.75,0.6428571428571429,,0.75,0.0,0.0
3,stage_2,1,ENG_01,engineering__INT_GAIT_X_POSTURAL_STABILITY,engineered_representation,final_26,none,all,INT_GAIT_X_POSTURAL_STABILITY,interaction,extra_trees,184,46,46,0.06278837499849033,0.6734279918864097,0.6875,0.6928608115048793,0.7165178571428572,0.717391304347826,0.71875,0.7142857142857143,,0.71875,0.019432819618469654,0.03125
3,stage_2,1,ENG_02,engineering__INT_MOTOR_X_COGNITION,engineered_representation,final_26,none,all,INT_MOTOR_X_COGNITION,interaction,extra_trees,184,46,46,0.06402912499834201,0.6734279918864097,0.6875,0.6734279918864097,0.7008928571428572,0.6956521739130435,0.6875,0.7142857142857143,,0.6875,0.0,0.0
3,stage_2,1,ENG_03,engineering__INT_DURATION_X_MOTOR,engineered_representation,final_26,none,all,INT_DURATION_X_MOTOR,interaction,extra_trees,184,46,46,0.06583558299826109,0.6734279918864097,0.6875,0.6734279918864097,0.7008928571428572,0.6956521739130435,0.6875,0.7142857142857143,,0.6875,0.0,0.0
3,stage_2,1,ENG_04,engineering__INT_MOBILITY_X_POSTURAL_STABILITY,engineered_representation,final_26,none,all,INT_MOBILITY_X_POSTURAL_STABILITY,interaction,extra_trees,184,46,46,0.06668474999969476,0.6734279918864097,0.6875,0.6734279918864097,0.7008928571428572,0.6956521739130435,0.6875,0.7142857142857143,,0.6875,0.0,0.0
3,stage_2,1,ENG_05,engineering__PCA_PART_I_PATIENT_3_80,engineered_representation,final_26,none,all,PCA_PART_I_PATIENT_3_80,pca,extra_trees,184,46,44,0.06594358399888733,0.6734279918864097,0.6875,0.6541353383458646,0.6852678571428572,0.6739130434782609,0.65625,0.7142857142857143,,0.65625,-0.0192926535405451,-0.03125
3,stage_2,1,ENG_06,engineering__PCA_PART_I_PATIENT_3_90,engineered_representation,final_26,none,all,PCA_PART_I_PATIENT_3_90,pca,extra_trees,184,46,45,0.05984674999854178,0.6734279918864097,0.6875,0.6734279918864097,0.7008928571428572,0.6956521739130435,0.6875,0.7142857142857143,,0.6875,0.0,0.0
3,stage_2,1,ENG_07,engineering__PCA_PART_I_PATIENT_3_95,engineered_representation,final_26,none,all,PCA_PART_I_PATIENT_3_95,pca,extra_trees,184,46,45,0.0664373749968945,0.6734279918864097,0.6875,0.6734279918864097,0.7008928571428572,0.6956521739130435,0.6875,0.7142857142857143,,0.6875,0.0,0.0
3,stage_2,2,ENG_01,engineering__INT_GAIT_X_POSTURAL_STABILITY,engineered_representation,final_26,none,all,INT_GAIT_X_POSTURAL_STABILITY,interaction,extra_trees,184,46,47,0.06199958299839636,0.6349206349206349,0.6451612903225806,0.6349206349206349,0.6559139784946236,0.6521739130434783,0.6451612903225806,0.6666666666666666,,0.6451612903225806,0.0,0.0
3,stage_2,2,ENG_02,engineering__INT_MOTOR_X_COGNITION,engineered_representation,final_26,none,all,INT_MOTOR_X_COGNITION,interaction,extra_trees,184,46,47,0.06254858399915975,0.6349206349206349,0.6451612903225806,0.6541353383458646,0.6720430107526881,0.6739130434782609,0.6774193548387096,0.6666666666666666,,0.6774193548387096,0.019214703425229684,0.032258064516129004
3,stage_2,2,ENG_03,engineering__INT_DURATION_X_MOTOR,engineered_representation,final_26,none,all,INT_DURATION_X_MOTOR,interaction,extra_trees,184,46,47,0.061594291000801604,0.6349206349206349,0.6451612903225806,0.6734279918864097,0.6881720430107527,0.6956521739130435,0.7096774193548387,0.6666666666666666,,0.7096774193548387,0.038507356965774786,0.06451612903225812
3,stage_2,2,ENG_04,engineering__INT_MOBILITY_X_POSTURAL_STABILITY,engineered_representation,final_26,none,all,INT_MOBILITY_X_POSTURAL_STABILITY,interaction,extra_trees,184,46,47,0.06477174999963609,0.6349206349206349,0.6451612903225806,0.6267748478701826,0.6387096774193548,0.6521739130434783,0.6774193548387096,0.6,,0.6774193548387096,-0.008145787050452324,0.032258064516129004
3,stage_2,2,ENG_05,engineering__PCA_PART_I_PATIENT_3_80,engineered_representation,final_26,none,all,PCA_PART_I_PATIENT_3_80,pca,extra_trees,184,46,45,0.062445042000035755,0.6349206349206349,0.6451612903225806,0.6541353383458646,0.6720430107526881,0.6739130434782609,0.6774193548387096,0.6666666666666666,,0.6774193548387096,0.019214703425229684,0.032258064516129004
3,stage_2,2,ENG_06,engineering__PCA_PART_I_PATIENT_3_90,engineered_representation,final_26,none,all,PCA_PART_I_PATIENT_3_90,pca,extra_trees,184,46,46,0.060847917000501184,0.6349206349206349,0.6451612903225806,0.6541353383458646,0.6720430107526881,0.6739130434782609,0.6774193548387096,0.6666666666666666,,0.6774193548387096,0.019214703425229684,0.032258064516129004
3,stage_2,2,ENG_07,engineering__PCA_PART_I_PATIENT_3_95,engineered_representation,final_26,none,all,PCA_PART_I_PATIENT_3_95,pca,extra_trees,184,46,46,0.06107979100124794,0.6349206349206349,0.6451612903225806,0.6541353383458646,0.6720430107526881,0.6739130434782609,0.6774193548387096,0.6666666666666666,,0.6774193548387096,0.019214703425229684,0.032258064516129004
3,stage_2,3,ENG_01,engineering__INT_GAIT_X_POSTURAL_STABILITY,engineered_representation,final_26,none,all,INT_GAIT_X_POSTURAL_STABILITY,interaction,extra_trees,184,46,47,0.06459225000071456,0.7433035714285714,0.84375,0.6919642857142857,0.6919642857142857,0.7391304347826086,0.8125,0.5714285714285714,,0.8125,-0.0513392857142857,-0.03125
3,stage_2,3,ENG_02,engineering__INT_MOTOR_X_COGNITION,engineered_representation,final_26,none,all,INT_MOTOR_X_COGNITION,interaction,extra_trees,184,46,47,0.06571191700277268,0.7433035714285714,0.84375,0.7528358208955224,0.7388392857142857,0.8043478260869565,0.90625,0.5714285714285714,,0.90625,0.00953224946695097,0.0625
3,stage_2,3,ENG_03,engineering__INT_DURATION_X_MOTOR,engineered_representation,final_26,none,all,INT_DURATION_X_MOTOR,interaction,extra_trees,184,46,47,0.06465379200017196,0.7433035714285714,0.84375,0.7528358208955224,0.7388392857142857,0.8043478260869565,0.90625,0.5714285714285714,,0.90625,0.00953224946695097,0.0625
3,stage_2,3,ENG_04,engineering__INT_MOBILITY_X_POSTURAL_STABILITY,engineered_representation,final_26,none,all,INT_MOBILITY_X_POSTURAL_STABILITY,interaction,extra_trees,184,46,47,0.06685108300007414,0.7433035714285714,0.84375,0.7855477855477855,0.7745535714285714,0.8260869565217391,0.90625,0.6428571428571429,,0.90625,0.042244214119214085,0.0625
3,stage_2,3,ENG_05,engineering__PCA_PART_I_PATIENT_3_80,engineered_representation,final_26,none,all,PCA_PART_I_PATIENT_3_80,pca,extra_trees,184,46,45,0.06238554199808277,0.7433035714285714,0.84375,0.6919642857142857,0.6919642857142857,0.7391304347826086,0.8125,0.5714285714285714,,0.8125,-0.0513392857142857,-0.03125
3,stage_2,3,ENG_06,engineering__PCA_PART_I_PATIENT_3_90,engineered_representation,final_26,none,all,PCA_PART_I_PATIENT_3_90,pca,extra_trees,184,46,46,0.07725904199833167,0.7433035714285714,0.84375,0.7855477855477855,0.7745535714285714,0.8260869565217391,0.90625,0.6428571428571429,,0.90625,0.042244214119214085,0.0625
3,stage_2,3,ENG_07,engineering__PCA_PART_I_PATIENT_3_95,engineered_representation,final_26,none,all,PCA_PART_I_PATIENT_3_95,pca,extra_trees,184,46,46,0.06172320800033049,0.7433035714285714,0.84375,0.7855477855477855,0.7745535714285714,0.8260869565217391,0.90625,0.6428571428571429,,0.90625,0.042244214119214085,0.0625
3,stage_2,4,ENG_01,engineering__INT_GAIT_X_POSTURAL_STABILITY,engineered_representation,final_26,none,all,INT_GAIT_X_POSTURAL_STABILITY,interaction,extra_trees,184,46,47,0.0655127909994917,0.6837652035959809,0.75,0.6043010752688172,0.609375,0.6521739130434783,0.71875,0.5,,0.71875,-0.07946412832716376,-0.03125
3,stage_2,4,ENG_02,engineering__INT_MOTOR_X_COGNITION,engineered_representation,final_26,none,all,INT_MOTOR_X_COGNITION,interaction,extra_trees,184,46,47,0.06256945899804123,0.6837652035959809,0.75,0.6043010752688172,0.609375,0.6521739130434783,0.71875,0.5,,0.71875,-0.07946412832716376,-0.03125
3,stage_2,4,ENG_03,engineering__INT_DURATION_X_MOTOR,engineered_representation,final_26,none,all,INT_DURATION_X_MOTOR,interaction,extra_trees,184,46,47,0.07272104200092144,0.6837652035959809,0.75,0.6351136964569011,0.6450892857142857,0.6739130434782609,0.71875,0.5714285714285714,,0.71875,-0.04865150713907984,-0.03125
3,stage_2,4,ENG_04,engineering__INT_MOBILITY_X_POSTURAL_STABILITY,engineered_representation,final_26,none,all,INT_MOBILITY_X_POSTURAL_STABILITY,interaction,extra_trees,184,46,47,0.06527679200007697,0.6837652035959809,0.75,0.6351136964569011,0.6450892857142857,0.6739130434782609,0.71875,0.5714285714285714,,0.71875,-0.04865150713907984,-0.03125
3,stage_2,4,ENG_05,engineering__PCA_PART_I_PATIENT_3_80,engineered_representation,final_26,none,all,PCA_PART_I_PATIENT_3_80,pca,extra_trees,184,46,45,0.06466316700243624,0.6837652035959809,0.75,0.6068376068376069,0.6049107142857143,0.6739130434782609,0.78125,0.42857142857142855,,0.78125,-0.07692759675837402,0.03125
3,stage_2,4,ENG_06,engineering__PCA_PART_I_PATIENT_3_90,engineered_representation,final_26,none,all,PCA_PART_I_PATIENT_3_90,pca,extra_trees,184,46,46,0.06530675000249175,0.6837652035959809,0.75,0.6726874657909141,0.6763392857142857,0.717391304347826,0.78125,0.5714285714285714,,0.78125,-0.011077737805066823,0.03125
3,stage_2,4,ENG_07,engineering__PCA_PART_I_PATIENT_3_95,engineered_representation,final_26,none,all,PCA_PART_I_PATIENT_3_95,pca,extra_trees,184,46,46,0.06433641599869588,0.6837652035959809,0.75,0.6726874657909141,0.6763392857142857,0.717391304347826,0.78125,0.5714285714285714,,0.78125,-0.011077737805066823,0.03125
4,direct,0,ENG_01,engineering__INT_GAIT_X_POSTURAL_STABILITY,engineered_representation,final_26,none,all,INT_GAIT_X_POSTURAL_STABILITY,interaction,extra_trees,582,146,47,0.07346529200003715,0.47330733782346684,0.1875,0.44485544813413663,0.4788095238095238,0.589041095890411,0.74,0.125,0.5714285714285714,0.125,-0.028451889689330212,-0.0625
4,direct,0,ENG_02,engineering__INT_MOTOR_X_COGNITION,engineered_representation,final_26,none,all,INT_MOTOR_X_COGNITION,interaction,extra_trees,582,146,47,0.07200233299954562,0.47330733782346684,0.1875,0.48418698521791304,0.5133928571428571,0.6164383561643836,0.75,0.21875,0.5714285714285714,0.21875,0.01087964739444619,0.03125
4,direct,0,ENG_03,engineering__INT_DURATION_X_MOTOR,engineered_representation,final_26,none,all,INT_DURATION_X_MOTOR,interaction,extra_trees,582,146,47,0.07388766599979135,0.47330733782346684,0.1875,0.46255464965142384,0.4925595238095238,0.6027397260273972,0.75,0.15625,0.5714285714285714,0.15625,-0.010752688172043001,-0.03125
4,direct,0,ENG_04,engineering__INT_MOBILITY_X_POSTURAL_STABILITY,engineered_representation,final_26,none,all,INT_MOBILITY_X_POSTURAL_STABILITY,interaction,extra_trees,582,146,47,0.07524641700001666,0.47330733782346684,0.1875,0.467253337719659,0.4996428571428571,0.6027397260273972,0.74,0.1875,0.5714285714285714,0.1875,-0.006054000103807855,0.0
4,direct,0,ENG_05,engineering__PCA_PART_I_PATIENT_3_80,engineered_representation,final_26,none,all,PCA_PART_I_PATIENT_3_80,pca,extra_trees,582,146,45,0.0748625419983,0.47330733782346684,0.1875,0.4701685485190639,0.4996428571428571,0.6027397260273972,0.74,0.1875,0.5714285714285714,0.1875,-0.0031387893044029225,0.0
4,direct,0,ENG_06,engineering__PCA_PART_I_PATIENT_3_90,engineered_representation,final_26,none,all,PCA_PART_I_PATIENT_3_90,pca,extra_trees,582,146,46,0.07533345900083077,0.47330733782346684,0.1875,0.48770656605708157,0.5100595238095238,0.6095890410958904,0.74,0.21875,0.5714285714285714,0.21875,0.014399228233614725,0.03125
4,direct,0,ENG_07,engineering__PCA_PART_I_PATIENT_3_95,engineered_representation,final_26,none,all,PCA_PART_I_PATIENT_3_95,pca,extra_trees,582,146,46,0.07701625000117929,0.47330733782346684,0.1875,0.48770656605708157,0.5100595238095238,0.6095890410958904,0.74,0.21875,0.5714285714285714,0.21875,0.014399228233614725,0.03125
4,direct,1,ENG_01,engineering__INT_GAIT_X_POSTURAL_STABILITY,engineered_representation,final_26,none,all,INT_GAIT_X_POSTURAL_STABILITY,interaction,extra_trees,582,146,48,0.07271750000290922,0.4363270785773059,0.28125,0.47108932413766036,0.5213095238095238,0.589041095890411,0.68,0.3125,0.5714285714285714,0.3125,0.034762245560354454,0.03125
4,direct,1,ENG_02,engineering__INT_MOTOR_X_COGNITION,engineered_representation,final_26,none,all,INT_MOTOR_X_COGNITION,interaction,extra_trees,582,146,48,0.0750177910013008,0.4363270785773059,0.28125,0.49054985615806324,0.552202380952381,0.5958904109589042,0.67,0.34375,0.6428571428571429,0.34375,0.05422277758075733,0.0625
4,direct,1,ENG_03,engineering__INT_DURATION_X_MOTOR,engineered_representation,final_26,none,all,INT_DURATION_X_MOTOR,interaction,extra_trees,582,146,48,0.07471725000141305,0.4363270785773059,0.28125,0.45628826328793465,0.5075595238095238,0.5753424657534246,0.67,0.28125,0.5714285714285714,0.28125,0.019961184710628743,0.0
4,direct,1,ENG_04,engineering__INT_MOBILITY_X_POSTURAL_STABILITY,engineered_representation,final_26,none,all,INT_MOBILITY_X_POSTURAL_STABILITY,interaction,extra_trees,582,146,48,0.07572245899791596,0.4363270785773059,0.28125,0.4601553027371463,0.5012500000000001,0.5753424657534246,0.66,0.34375,0.5,0.34375,0.023828224159840372,0.0625
4,direct,1,ENG_05,engineering__PCA_PART_I_PATIENT_3_80,engineered_representation,final_26,none,all,PCA_PART_I_PATIENT_3_80,pca,extra_trees,582,146,46,0.07566729199970723,0.4363270785773059,0.28125,0.500805152979066,0.562202380952381,0.6164383561643836,0.7,0.34375,0.6428571428571429,0.34375,0.06447807440176012,0.0625
4,direct,1,ENG_06,engineering__PCA_PART_I_PATIENT_3_90,engineered_representation,final_26,none,all,PCA_PART_I_PATIENT_3_90,pca,extra_trees,582,146,47,0.07581545799985179,0.4363270785773059,0.28125,0.4672364672364673,0.5175595238095237,0.5958904109589042,0.7,0.28125,0.5714285714285714,0.28125,0.030909388659161374,0.0
4,direct,1,ENG_07,engineering__PCA_PART_I_PATIENT_3_95,engineered_representation,final_26,none,all,PCA_PART_I_PATIENT_3_95,pca,extra_trees,582,146,47,0.07700545799889369,0.4363270785773059,0.28125,0.4672364672364673,0.5175595238095237,0.5958904109589042,0.7,0.28125,0.5714285714285714,0.28125,0.030909388659161374,0.0
4,direct,2,ENG_01,engineering__INT_GAIT_X_POSTURAL_STABILITY,engineered_representation,final_26,none,all,INT_GAIT_X_POSTURAL_STABILITY,interaction,extra_trees,582,146,48,0.07531712499985588,0.5268701900280848,0.3870967741935484,0.5157971824638491,0.5434767025089605,0.6232876712328768,0.71,0.3870967741935484,0.5333333333333333,0.3870967741935484,-0.011073007564235682,0.0
4,direct,2,ENG_02,engineering__INT_MOTOR_X_COGNITION,engineered_representation,final_26,none,all,INT_MOTOR_X_COGNITION,interaction,extra_trees,582,146,48,0.07682087500143098,0.5268701900280848,0.3870967741935484,0.5219918483076378,0.5468100358422938,0.6301369863013698,0.72,0.3870967741935484,0.5333333333333333,0.3870967741935484,-0.004878341720446988,0.0
4,direct,2,ENG_03,engineering__INT_DURATION_X_MOTOR,engineered_representation,final_26,none,all,INT_DURATION_X_MOTOR,interaction,extra_trees,582,146,48,0.07370662500034086,0.5268701900280848,0.3870967741935484,0.5255006202374622,0.5501433691756272,0.636986301369863,0.73,0.3870967741935484,0.5333333333333333,0.3870967741935484,-0.0013695697906225268,0.0
4,direct,2,ENG_04,engineering__INT_MOBILITY_X_POSTURAL_STABILITY,engineered_representation,final_26,none,all,INT_MOBILITY_X_POSTURAL_STABILITY,interaction,extra_trees,582,146,48,0.0742091669999354,0.5268701900280848,0.3870967741935484,0.526024373144792,0.5501433691756272,0.636986301369863,0.73,0.3870967741935484,0.5333333333333333,0.3870967741935484,-0.0008458168832927715,0.0
4,direct,2,ENG_05,engineering__PCA_PART_I_PATIENT_3_80,engineered_representation,final_26,none,all,PCA_PART_I_PATIENT_3_80,pca,extra_trees,582,146,46,0.07493387500289828,0.5268701900280848,0.3870967741935484,0.4912054912054911,0.5138351254480287,0.6164383561643836,0.72,0.3548387096774194,0.4666666666666667,0.3548387096774194,-0.035664698822593655,-0.032258064516129004
4,direct,2,ENG_06,engineering__PCA_PART_I_PATIENT_3_90,engineered_representation,final_26,none,all,PCA_PART_I_PATIENT_3_90,pca,extra_trees,582,146,47,0.07727741700000479,0.5268701900280848,0.3870967741935484,0.524683503630872,0.5582795698924731,0.6301369863013698,0.72,0.3548387096774194,0.6,0.3548387096774194,-0.002186686397212756,-0.032258064516129004
4,direct,2,ENG_07,engineering__PCA_PART_I_PATIENT_3_95,engineered_representation,final_26,none,all,PCA_PART_I_PATIENT_3_95,pca,extra_trees,582,146,47,0.08115037500101607,0.5268701900280848,0.3870967741935484,0.524683503630872,0.5582795698924731,0.6301369863013698,0.72,0.3548387096774194,0.6,0.3548387096774194,-0.002186686397212756,-0.032258064516129004
4,direct,3,ENG_01,engineering__INT_GAIT_X_POSTURAL_STABILITY,engineered_representation,final_26,none,all,INT_GAIT_X_POSTURAL_STABILITY,interaction,extra_trees,583,145,48,0.0742729169978702,0.4267932310647795,0.15625,0.4608599079803269,0.5091841029341029,0.6068965517241379,0.7373737373737373,0.21875,0.5714285714285714,0.21875,0.03406667691554738,0.0625
4,direct,3,ENG_02,engineering__INT_MOTOR_X_COGNITION,engineered_representation,final_26,none,all,INT_MOTOR_X_COGNITION,interaction,extra_trees,583,145,48,0.07554291699852911,0.4267932310647795,0.15625,0.45811827594726323,0.5088684463684463,0.6206896551724138,0.7676767676767676,0.1875,0.5714285714285714,0.1875,0.03132504488248372,0.03125
4,direct,3,ENG_03,engineering__INT_DURATION_X_MOTOR,engineered_representation,final_26,none,all,INT_DURATION_X_MOTOR,interaction,extra_trees,583,145,48,0.06913074999829405,0.4267932310647795,0.15625,0.4381944444444444,0.4950847763347763,0.6068965517241379,0.7575757575757576,0.15625,0.5714285714285714,0.15625,0.011401213379664876,0.0
4,direct,3,ENG_04,engineering__INT_MOBILITY_X_POSTURAL_STABILITY,engineered_representation,final_26,none,all,INT_MOBILITY_X_POSTURAL_STABILITY,interaction,extra_trees,583,145,48,0.07215941700269468,0.4267932310647795,0.15625,0.46793351267066857,0.5293109668109669,0.6206896551724138,0.7575757575757576,0.1875,0.6428571428571429,0.1875,0.04114028160588906,0.03125
4,direct,3,ENG_05,engineering__PCA_PART_I_PATIENT_3_80,engineered_representation,final_26,none,all,PCA_PART_I_PATIENT_3_80,pca,extra_trees,583,145,46,0.07515116699869395,0.4267932310647795,0.15625,0.43322884012539187,0.49532527657527653,0.5655172413793104,0.6868686868686869,0.15625,0.6428571428571429,0.15625,0.006435609060612357,0.0
4,direct,3,ENG_06,engineering__PCA_PART_I_PATIENT_3_90,engineered_representation,final_26,none,all,PCA_PART_I_PATIENT_3_90,pca,extra_trees,583,145,47,0.07460495799750788,0.4267932310647795,0.15625,0.4514043581137941,0.49908309283309277,0.5862068965517241,0.7070707070707071,0.21875,0.5714285714285714,0.21875,0.02461112704901458,0.0625
4,direct,3,ENG_07,engineering__PCA_PART_I_PATIENT_3_95,engineered_representation,final_26,none,all,PCA_PART_I_PATIENT_3_95,pca,extra_trees,583,145,47,0.07304120800108649,0.4267932310647795,0.15625,0.4514043581137941,0.49908309283309277,0.5862068965517241,0.7070707070707071,0.21875,0.5714285714285714,0.21875,0.02461112704901458,0.0625
4,direct,4,ENG_01,engineering__INT_GAIT_X_POSTURAL_STABILITY,engineered_representation,final_26,none,all,INT_GAIT_X_POSTURAL_STABILITY,interaction,extra_trees,583,145,48,0.07483700000011595,0.6276347607400959,0.40625,0.6034034034034034,0.6937830687830688,0.7034482758620689,0.7777777777777778,0.375,0.9285714285714286,0.375,-0.02423135733669257,-0.03125
4,direct,4,ENG_02,engineering__INT_MOTOR_X_COGNITION,engineered_representation,final_26,none,all,INT_MOTOR_X_COGNITION,interaction,extra_trees,583,145,48,0.07370399999854271,0.6276347607400959,0.40625,0.5964203690504474,0.6904160654160654,0.696551724137931,0.7676767676767676,0.375,0.9285714285714286,0.375,-0.03121439168964857,-0.03125
4,direct,4,ENG_03,engineering__INT_DURATION_X_MOTOR,engineered_representation,final_26,none,all,INT_DURATION_X_MOTOR,interaction,extra_trees,583,145,48,0.07560916700094822,0.6276347607400959,0.40625,0.5993383485905919,0.6867334054834054,0.7034482758620689,0.7878787878787878,0.34375,0.9285714285714286,0.34375,-0.02829641214950407,-0.0625
4,direct,4,ENG_04,engineering__INT_MOBILITY_X_POSTURAL_STABILITY,engineered_representation,final_26,none,all,INT_MOBILITY_X_POSTURAL_STABILITY,interaction,extra_trees,583,145,48,0.07744862500112504,0.6276347607400959,0.40625,0.5951775822743565,0.6833664021164022,0.696551724137931,0.7777777777777778,0.34375,0.9285714285714286,0.34375,-0.03245717846573948,-0.0625
4,direct,4,ENG_05,engineering__PCA_PART_I_PATIENT_3_80,engineered_representation,final_26,none,all,PCA_PART_I_PATIENT_3_80,pca,extra_trees,583,145,46,0.07518983300178661,0.6276347607400959,0.40625,0.5813055365686944,0.6692670755170754,0.696551724137931,0.797979797979798,0.28125,0.9285714285714286,0.28125,-0.046329224171401506,-0.125
4,direct,4,ENG_06,engineering__PCA_PART_I_PATIENT_3_90,engineered_representation,final_26,none,all,PCA_PART_I_PATIENT_3_90,pca,extra_trees,583,145,47,0.07320570900265011,0.6276347607400959,0.40625,0.5886886886886887,0.6799993987493987,0.6896551724137931,0.7676767676767676,0.34375,0.9285714285714286,0.34375,-0.03894607205140721,-0.0625
4,direct,4,ENG_07,engineering__PCA_PART_I_PATIENT_3_95,engineered_representation,final_26,none,all,PCA_PART_I_PATIENT_3_95,pca,extra_trees,583,145,47,0.07402645800175378,0.6276347607400959,0.40625,0.5886886886886887,0.6799993987493987,0.6896551724137931,0.7676767676767676,0.34375,0.9285714285714286,0.34375,-0.03894607205140721,-0.0625
4,stage_1,0,ENG_01,engineering__INT_GAIT_X_POSTURAL_STABILITY,engineered_representation,final_26,none,all,INT_GAIT_X_POSTURAL_STABILITY,interaction,extra_trees,582,146,47,0.06466350000118837,0.6548463356973995,0.5434782608695652,0.6548463356973995,0.6567391304347826,0.6986301369863014,0.77,0.5434782608695652,,0.5434782608695652,0.0,0.0
4,stage_1,0,ENG_02,engineering__INT_MOTOR_X_COGNITION,engineered_representation,final_26,none,all,INT_MOTOR_X_COGNITION,interaction,extra_trees,582,146,47,0.060372332998667844,0.6548463356973995,0.5434782608695652,0.6489446967672989,0.6517391304347826,0.6917808219178082,0.76,0.5434782608695652,,0.5434782608695652,-0.005901638930100539,0.0
4,stage_1,0,ENG_03,engineering__INT_DURATION_X_MOTOR,engineered_representation,final_26,none,all,INT_DURATION_X_MOTOR,interaction,extra_trees,582,146,47,0.0634425829994143,0.6548463356973995,0.5434782608695652,0.6548463356973995,0.6567391304347826,0.6986301369863014,0.77,0.5434782608695652,,0.5434782608695652,0.0,0.0
4,stage_1,0,ENG_04,engineering__INT_MOBILITY_X_POSTURAL_STABILITY,engineered_representation,final_26,none,all,INT_MOBILITY_X_POSTURAL_STABILITY,interaction,extra_trees,582,146,47,0.07066554199991515,0.6548463356973995,0.5434782608695652,0.6548463356973995,0.6567391304347826,0.6986301369863014,0.77,0.5434782608695652,,0.5434782608695652,0.0,0.0
4,stage_1,0,ENG_05,engineering__PCA_PART_I_PATIENT_3_80,engineered_representation,final_26,none,all,PCA_PART_I_PATIENT_3_80,pca,extra_trees,582,146,45,0.0626877089998743,0.6548463356973995,0.5434782608695652,0.6489446967672989,0.6517391304347826,0.6917808219178082,0.76,0.5434782608695652,,0.5434782608695652,-0.005901638930100539,0.0
4,stage_1,0,ENG_06,engineering__PCA_PART_I_PATIENT_3_90,engineered_representation,final_26,none,all,PCA_PART_I_PATIENT_3_90,pca,extra_trees,582,146,46,0.06105991699951119,0.6548463356973995,0.5434782608695652,0.6645471546887524,0.6676086956521738,0.7054794520547946,0.77,0.5652173913043478,,0.5652173913043478,0.009700818991352889,0.021739130434782594
4,stage_1,0,ENG_07,engineering__PCA_PART_I_PATIENT_3_95,engineered_representation,final_26,none,all,PCA_PART_I_PATIENT_3_95,pca,extra_trees,582,146,46,0.06269195799904992,0.6548463356973995,0.5434782608695652,0.6645471546887524,0.6676086956521738,0.7054794520547946,0.77,0.5652173913043478,,0.5652173913043478,0.009700818991352889,0.021739130434782594
4,stage_1,1,ENG_01,engineering__INT_GAIT_X_POSTURAL_STABILITY,engineered_representation,final_26,none,all,INT_GAIT_X_POSTURAL_STABILITY,interaction,extra_trees,582,146,48,0.06363854200026253,0.6680980045466027,0.6739130434782609,0.7100076394194041,0.728695652173913,0.7328767123287672,0.74,0.717391304347826,,0.717391304347826,0.041909634872801416,0.04347826086956519
4,stage_1,1,ENG_02,engineering__INT_MOTOR_X_COGNITION,engineered_representation,final_26,none,all,INT_MOTOR_X_COGNITION,interaction,extra_trees,582,146,48,0.06303154199849814,0.6680980045466027,0.6739130434782609,0.7082917082917083,0.7354347826086957,0.726027397260274,0.71,0.7608695652173914,,0.7608695652173914,0.04019370374510556,0.08695652173913049
4,stage_1,1,ENG_03,engineering__INT_DURATION_X_MOTOR,engineered_representation,final_26,none,all,INT_DURATION_X_MOTOR,interaction,extra_trees,582,146,48,0.07788329200047883,0.6680980045466027,0.6739130434782609,0.6914251207729469,0.7136956521739131,0.7123287671232876,0.71,0.717391304347826,,0.717391304347826,0.023327116226344202,0.04347826086956519
4,stage_1,1,ENG_04,engineering__INT_MOBILITY_X_POSTURAL_STABILITY,engineered_representation,final_26,none,all,INT_MOBILITY_X_POSTURAL_STABILITY,interaction,extra_trees,582,146,48,0.07584733300245716,0.6680980045466027,0.6739130434782609,0.6914251207729469,0.7136956521739131,0.7123287671232876,0.71,0.717391304347826,,0.717391304347826,0.023327116226344202,0.04347826086956519
4,stage_1,1,ENG_05,engineering__PCA_PART_I_PATIENT_3_80,engineered_representation,final_26,none,all,PCA_PART_I_PATIENT_3_80,pca,extra_trees,582,146,46,0.07598695800334099,0.6680980045466027,0.6739130434782609,0.6976004041424602,0.718695652173913,0.7191780821917808,0.72,0.717391304347826,,0.717391304347826,0.02950239959585743,0.04347826086956519
4,stage_1,1,ENG_06,engineering__PCA_PART_I_PATIENT_3_90,engineered_representation,final_26,none,all,PCA_PART_I_PATIENT_3_90,pca,extra_trees,582,146,47,0.07574095800009673,0.6680980045466027,0.6739130434782609,0.6986584107327141,0.7119565217391304,0.726027397260274,0.75,0.6739130434782609,,0.6739130434782609,0.030560406186111333,0.0
4,stage_1,1,ENG_07,engineering__PCA_PART_I_PATIENT_3_95,engineered_representation,final_26,none,all,PCA_PART_I_PATIENT_3_95,pca,extra_trees,582,146,47,0.07357525000043097,0.6680980045466027,0.6739130434782609,0.6986584107327141,0.7119565217391304,0.726027397260274,0.75,0.6739130434782609,,0.6739130434782609,0.030560406186111333,0.0
4,stage_1,2,ENG_01,engineering__INT_GAIT_X_POSTURAL_STABILITY,engineered_representation,final_26,none,all,INT_GAIT_X_POSTURAL_STABILITY,interaction,extra_trees,582,146,48,0.06288295800186461,0.6561469618464437,0.5869565217391305,0.6714293190977129,0.6793478260869565,0.7054794520547946,0.75,0.6086956521739131,,0.6086956521739131,0.01528235725126914,0.021739130434782594
4,stage_1,2,ENG_02,engineering__INT_MOTOR_X_COGNITION,engineered_representation,final_26,none,all,INT_MOTOR_X_COGNITION,interaction,extra_trees,582,146,48,0.07567387499875622,0.6561469618464437,0.5869565217391305,0.6654166666666668,0.6743478260869565,0.6986301369863014,0.74,0.6086956521739131,,0.6086956521739131,0.009269704820223046,0.021739130434782594
4,stage_1,2,ENG_03,engineering__INT_DURATION_X_MOTOR,engineered_representation,final_26,none,all,INT_DURATION_X_MOTOR,interaction,extra_trees,582,146,48,0.07796641599998111,0.6561469618464437,0.5869565217391305,0.6714293190977129,0.6793478260869565,0.7054794520547946,0.75,0.6086956521739131,,0.6086956521739131,0.01528235725126914,0.021739130434782594
4,stage_1,2,ENG_04,engineering__INT_MOBILITY_X_POSTURAL_STABILITY,engineered_representation,final_26,none,all,INT_MOBILITY_X_POSTURAL_STABILITY,interaction,extra_trees,582,146,48,0.07553199999892968,0.6561469618464437,0.5869565217391305,0.6714293190977129,0.6793478260869565,0.7054794520547946,0.75,0.6086956521739131,,0.6086956521739131,0.01528235725126914,0.021739130434782594
4,stage_1,2,ENG_05,engineering__PCA_PART_I_PATIENT_3_80,engineered_representation,final_26,none,all,PCA_PART_I_PATIENT_3_80,pca,extra_trees,582,146,46,0.07709479100230965,0.6561469618464437,0.5869565217391305,0.6653934300993125,0.6810869565217391,0.6917808219178082,0.71,0.6521739130434783,,0.6521739130434783,0.00924646825286879,0.06521739130434778
4,stage_1,2,ENG_06,engineering__PCA_PART_I_PATIENT_3_90,engineered_representation,final_26,none,all,PCA_PART_I_PATIENT_3_90,pca,extra_trees,582,146,47,0.07631770800071536,0.6561469618464437,0.5869565217391305,0.6534571723426212,0.6643478260869565,0.684931506849315,0.72,0.6086956521739131,,0.6086956521739131,-0.0026897895038224817,0.021739130434782594
4,stage_1,2,ENG_07,engineering__PCA_PART_I_PATIENT_3_95,engineered_representation,final_26,none,all,PCA_PART_I_PATIENT_3_95,pca,extra_trees,582,146,47,0.0962508330012497,0.6561469618464437,0.5869565217391305,0.6534571723426212,0.6643478260869565,0.684931506849315,0.72,0.6086956521739131,,0.6086956521739131,-0.0026897895038224817,0.021739130434782594
4,stage_1,3,ENG_01,engineering__INT_GAIT_X_POSTURAL_STABILITY,engineered_representation,final_26,none,all,INT_GAIT_X_POSTURAL_STABILITY,interaction,extra_trees,583,145,48,0.07708137499867007,0.6336842105263158,0.5652173913043478,0.6336842105263158,0.6411945542380324,0.6689655172413793,0.7171717171717171,0.5652173913043478,,0.5652173913043478,0.0,0.0
4,stage_1,3,ENG_02,engineering__INT_MOTOR_X_COGNITION,engineered_representation,final_26,none,all,INT_MOTOR_X_COGNITION,interaction,extra_trees,583,145,48,0.07401216700236546,0.6336842105263158,0.5652173913043478,0.6455144557823129,0.6512955643390426,0.6827586206896552,0.7373737373737373,0.5652173913043478,,0.5652173913043478,0.011830245255997074,0.0
4,stage_1,3,ENG_03,engineering__INT_DURATION_X_MOTOR,engineered_representation,final_26,none,all,INT_DURATION_X_MOTOR,interaction,extra_trees,583,145,48,0.09378274999835412,0.6336842105263158,0.5652173913043478,0.6549262256068539,0.6621651295564339,0.6896551724137931,0.7373737373737373,0.5869565217391305,,0.5869565217391305,0.021242015080538024,0.021739130434782705
4,stage_1,3,ENG_04,engineering__INT_MOBILITY_X_POSTURAL_STABILITY,engineered_representation,final_26,none,all,INT_MOBILITY_X_POSTURAL_STABILITY,interaction,extra_trees,583,145,48,0.09246116700160201,0.6336842105263158,0.5652173913043478,0.651460926232573,0.6563460693895476,0.6896551724137931,0.7474747474747475,0.5652173913043478,,0.5652173913043478,0.017776715706257162,0.0
4,stage_1,3,ENG_05,engineering__PCA_PART_I_PATIENT_3_80,engineered_representation,final_26,none,all,PCA_PART_I_PATIENT_3_80,pca,extra_trees,583,145,46,0.07679945799827692,0.6336842105263158,0.5652173913043478,0.6359703007317985,0.6404259991216512,0.6758620689655173,0.7373737373737373,0.5434782608695652,,0.5434782608695652,0.0022860902054826493,-0.021739130434782594
4,stage_1,3,ENG_06,engineering__PCA_PART_I_PATIENT_3_90,engineered_representation,final_26,none,all,PCA_PART_I_PATIENT_3_90,pca,extra_trees,583,145,47,0.06372974999976577,0.6336842105263158,0.5652173913043478,0.6277961129446278,0.6361440491875274,0.6620689655172414,0.7070707070707071,0.5652173913043478,,0.5652173913043478,-0.005888097581688068,0.0
4,stage_1,3,ENG_07,engineering__PCA_PART_I_PATIENT_3_95,engineered_representation,final_26,none,all,PCA_PART_I_PATIENT_3_95,pca,extra_trees,583,145,47,0.07696724999914295,0.6336842105263158,0.5652173913043478,0.6277961129446278,0.6361440491875274,0.6620689655172414,0.7070707070707071,0.5652173913043478,,0.5652173913043478,-0.005888097581688068,0.0
4,stage_1,4,ENG_01,engineering__INT_GAIT_X_POSTURAL_STABILITY,engineered_representation,final_26,none,all,INT_GAIT_X_POSTURAL_STABILITY,interaction,extra_trees,583,145,48,0.07575170799827902,0.7379889455782312,0.6956521739130435,0.7797160668447797,0.795344751866491,0.8,0.8080808080808081,0.782608695652174,,0.782608695652174,0.04172712126654843,0.08695652173913049
4,stage_1,4,ENG_02,engineering__INT_MOTOR_X_COGNITION,engineered_representation,final_26,none,all,INT_MOTOR_X_COGNITION,interaction,extra_trees,583,145,48,0.07282491699879756,0.7379889455782312,0.6956521739130435,0.7882770129328327,0.8062143170838822,0.8068965517241379,0.8080808080808081,0.8043478260869565,,0.8043478260869565,0.05028806735460145,0.10869565217391308
4,stage_1,4,ENG_03,engineering__INT_DURATION_X_MOTOR,engineered_representation,final_26,none,all,INT_DURATION_X_MOTOR,interaction,extra_trees,583,145,48,0.06365591600115295,0.7379889455782312,0.6956521739130435,0.7882770129328327,0.8062143170838822,0.8068965517241379,0.8080808080808081,0.8043478260869565,,0.8043478260869565,0.05028806735460145,0.10869565217391308
4,stage_1,4,ENG_04,engineering__INT_MOBILITY_X_POSTURAL_STABILITY,engineered_representation,final_26,none,all,INT_MOBILITY_X_POSTURAL_STABILITY,interaction,extra_trees,583,145,48,0.06441666699902271,0.7379889455782312,0.6956521739130435,0.7710526315789473,0.7844751866490998,0.7931034482758621,0.8080808080808081,0.7608695652173914,,0.7608695652173914,0.033063686000716075,0.0652173913043479
4,stage_1,4,ENG_05,engineering__PCA_PART_I_PATIENT_3_80,engineered_representation,final_26,none,all,PCA_PART_I_PATIENT_3_80,pca,extra_trees,583,145,46,0.07404558300186181,0.7379889455782312,0.6956521739130435,0.7405263157894737,0.7526350461133069,0.7655172413793103,0.7878787878787878,0.717391304347826,,0.717391304347826,0.002537370211242451,0.021739130434782594
4,stage_1,4,ENG_06,engineering__PCA_PART_I_PATIENT_3_90,engineered_representation,final_26,none,all,PCA_PART_I_PATIENT_3_90,pca,extra_trees,583,145,47,0.06950383299772511,0.7379889455782312,0.6956521739130435,0.7580308719232374,0.7743741765480896,0.7793103448275862,0.7878787878787878,0.7608695652173914,,0.7608695652173914,0.020041926345006122,0.0652173913043479
4,stage_1,4,ENG_07,engineering__PCA_PART_I_PATIENT_3_95,engineered_representation,final_26,none,all,PCA_PART_I_PATIENT_3_95,pca,extra_trees,583,145,47,0.06221683300100267,0.7379889455782312,0.6956521739130435,0.7580308719232374,0.7743741765480896,0.7793103448275862,0.7878787878787878,0.7608695652173914,,0.7608695652173914,0.020041926345006122,0.0652173913043479
4,stage_2,0,ENG_01,engineering__INT_GAIT_X_POSTURAL_STABILITY,engineered_representation,final_26,none,all,INT_GAIT_X_POSTURAL_STABILITY,interaction,extra_trees,184,46,47,0.06553404200167279,0.6043010752688172,0.71875,0.6537634408602151,0.6607142857142857,0.6956521739130435,0.75,0.5714285714285714,,0.75,0.04946236559139794,0.03125
4,stage_2,0,ENG_02,engineering__INT_MOTOR_X_COGNITION,engineered_representation,final_26,none,all,INT_MOTOR_X_COGNITION,interaction,extra_trees,184,46,47,0.06034870900111855,0.6043010752688172,0.71875,0.6726874657909141,0.6763392857142857,0.717391304347826,0.78125,0.5714285714285714,,0.78125,0.06838639052209694,0.0625
4,stage_2,0,ENG_03,engineering__INT_DURATION_X_MOTOR,engineered_representation,final_26,none,all,INT_DURATION_X_MOTOR,interaction,extra_trees,184,46,47,0.0621480830013752,0.6043010752688172,0.71875,0.6537634408602151,0.6607142857142857,0.6956521739130435,0.75,0.5714285714285714,,0.75,0.04946236559139794,0.03125
4,stage_2,0,ENG_04,engineering__INT_MOBILITY_X_POSTURAL_STABILITY,engineered_representation,final_26,none,all,INT_MOBILITY_X_POSTURAL_STABILITY,interaction,extra_trees,184,46,47,0.062051666998740984,0.6043010752688172,0.71875,0.6351136964569011,0.6450892857142857,0.6739130434782609,0.71875,0.5714285714285714,,0.71875,0.030812621188083922,0.0
4,stage_2,0,ENG_05,engineering__PCA_PART_I_PATIENT_3_80,engineered_representation,final_26,none,all,PCA_PART_I_PATIENT_3_80,pca,extra_trees,184,46,45,0.06162779200167279,0.6043010752688172,0.71875,0.6223316912972086,0.625,0.6739130434782609,0.75,0.5,,0.75,0.0180306160283914,0.03125
4,stage_2,0,ENG_06,engineering__PCA_PART_I_PATIENT_3_90,engineered_representation,final_26,none,all,PCA_PART_I_PATIENT_3_90,pca,extra_trees,184,46,46,0.06292300000131945,0.6043010752688172,0.71875,0.6223316912972086,0.625,0.6739130434782609,0.75,0.5,,0.75,0.0180306160283914,0.03125
4,stage_2,0,ENG_07,engineering__PCA_PART_I_PATIENT_3_95,engineered_representation,final_26,none,all,PCA_PART_I_PATIENT_3_95,pca,extra_trees,184,46,46,0.06388841599982698,0.6043010752688172,0.71875,0.6223316912972086,0.625,0.6739130434782609,0.75,0.5,,0.75,0.0180306160283914,0.03125
4,stage_2,1,ENG_01,engineering__INT_GAIT_X_POSTURAL_STABILITY,engineered_representation,final_26,none,all,INT_GAIT_X_POSTURAL_STABILITY,interaction,extra_trees,184,46,47,0.06471775000318303,0.5983564458140729,0.65625,0.5864621893178212,0.59375,0.6304347826086957,0.6875,0.5,,0.6875,-0.011894256496251643,0.03125
4,stage_2,1,ENG_02,engineering__INT_MOTOR_X_COGNITION,engineered_representation,final_26,none,all,INT_MOTOR_X_COGNITION,interaction,extra_trees,184,46,47,0.060831999999209074,0.5983564458140729,0.65625,0.5864621893178212,0.59375,0.6304347826086957,0.6875,0.5,,0.6875,-0.011894256496251643,0.03125
4,stage_2,1,ENG_03,engineering__INT_DURATION_X_MOTOR,engineered_representation,final_26,none,all,INT_DURATION_X_MOTOR,interaction,extra_trees,184,46,47,0.06381987500208197,0.5983564458140729,0.65625,0.5864621893178212,0.59375,0.6304347826086957,0.6875,0.5,,0.6875,-0.011894256496251643,0.03125
4,stage_2,1,ENG_04,engineering__INT_MOBILITY_X_POSTURAL_STABILITY,engineered_representation,final_26,none,all,INT_MOBILITY_X_POSTURAL_STABILITY,interaction,extra_trees,184,46,47,0.06335345900151879,0.5983564458140729,0.65625,0.5864621893178212,0.59375,0.6304347826086957,0.6875,0.5,,0.6875,-0.011894256496251643,0.03125
4,stage_2,1,ENG_05,engineering__PCA_PART_I_PATIENT_3_80,engineered_representation,final_26,none,all,PCA_PART_I_PATIENT_3_80,pca,extra_trees,184,46,45,0.06721695799933514,0.5983564458140729,0.65625,0.6166666666666667,0.6294642857142857,0.6521739130434783,0.6875,0.5714285714285714,,0.6875,0.018310220852593817,0.03125
4,stage_2,1,ENG_06,engineering__PCA_PART_I_PATIENT_3_90,engineered_representation,final_26,none,all,PCA_PART_I_PATIENT_3_90,pca,extra_trees,184,46,46,0.05518004199984716,0.5983564458140729,0.65625,0.5983564458140729,0.6138392857142857,0.6304347826086957,0.65625,0.5714285714285714,,0.65625,0.0,0.0
4,stage_2,1,ENG_07,engineering__PCA_PART_I_PATIENT_3_95,engineered_representation,final_26,none,all,PCA_PART_I_PATIENT_3_95,pca,extra_trees,184,46,46,0.06506074999924749,0.5983564458140729,0.65625,0.5983564458140729,0.6138392857142857,0.6304347826086957,0.65625,0.5714285714285714,,0.65625,0.0,0.0
4,stage_2,2,ENG_01,engineering__INT_GAIT_X_POSTURAL_STABILITY,engineered_representation,final_26,none,all,INT_GAIT_X_POSTURAL_STABILITY,interaction,extra_trees,184,46,47,0.06505487499816809,0.6247086247086246,0.8387096774193549,0.6919642857142857,0.6860215053763441,0.7391304347826086,0.8387096774193549,0.5333333333333333,,0.8387096774193549,0.06725566100566105,0.0
4,stage_2,2,ENG_02,engineering__INT_MOTOR_X_COGNITION,engineered_representation,final_26,none,all,INT_MOTOR_X_COGNITION,interaction,extra_trees,184,46,47,0.061861875001341105,0.6247086247086246,0.8387096774193549,0.6592592592592592,0.6526881720430108,0.717391304347826,0.8387096774193549,0.4666666666666667,,0.8387096774193549,0.03455063455063456,0.0
4,stage_2,2,ENG_03,engineering__INT_DURATION_X_MOTOR,engineered_representation,final_26,none,all,INT_DURATION_X_MOTOR,interaction,extra_trees,184,46,47,0.0635511670006963,0.6247086247086246,0.8387096774193549,0.6592592592592592,0.6526881720430108,0.717391304347826,0.8387096774193549,0.4666666666666667,,0.8387096774193549,0.03455063455063456,0.0
4,stage_2,2,ENG_04,engineering__INT_MOBILITY_X_POSTURAL_STABILITY,engineered_representation,final_26,none,all,INT_MOBILITY_X_POSTURAL_STABILITY,interaction,extra_trees,184,46,47,0.06306408399905195,0.6247086247086246,0.8387096774193549,0.6919642857142857,0.6860215053763441,0.7391304347826086,0.8387096774193549,0.5333333333333333,,0.8387096774193549,0.06725566100566105,0.0
4,stage_2,2,ENG_05,engineering__PCA_PART_I_PATIENT_3_80,engineered_representation,final_26,none,all,PCA_PART_I_PATIENT_3_80,pca,extra_trees,184,46,45,0.06271216700042714,0.6247086247086246,0.8387096774193549,0.7230432402846196,0.7193548387096774,0.7608695652173914,0.8387096774193549,0.6,,0.8387096774193549,0.09833461557599499,0.0
4,stage_2,2,ENG_06,engineering__PCA_PART_I_PATIENT_3_90,engineered_representation,final_26,none,all,PCA_PART_I_PATIENT_3_90,pca,extra_trees,184,46,46,0.06876166700021713,0.6247086247086246,0.8387096774193549,0.6247086247086246,0.6193548387096774,0.6956521739130435,0.8387096774193549,0.4,,0.8387096774193549,0.0,0.0
4,stage_2,2,ENG_07,engineering__PCA_PART_I_PATIENT_3_95,engineered_representation,final_26,none,all,PCA_PART_I_PATIENT_3_95,pca,extra_trees,184,46,46,0.06656666600247263,0.6247086247086246,0.8387096774193549,0.6247086247086246,0.6193548387096774,0.6956521739130435,0.8387096774193549,0.4,,0.8387096774193549,0.0,0.0
4,stage_2,3,ENG_01,engineering__INT_GAIT_X_POSTURAL_STABILITY,engineered_representation,final_26,none,all,INT_GAIT_X_POSTURAL_STABILITY,interaction,extra_trees,184,46,47,0.06736950000049546,0.7032258064516128,0.78125,0.6351136964569011,0.6450892857142857,0.6739130434782609,0.71875,0.5714285714285714,,0.71875,-0.06811210999471173,-0.0625
4,stage_2,3,ENG_02,engineering__INT_MOTOR_X_COGNITION,engineered_representation,final_26,none,all,INT_MOTOR_X_COGNITION,interaction,extra_trees,184,46,47,0.06287933299972792,0.7032258064516128,0.78125,0.6645833333333333,0.6808035714285714,0.6956521739130435,0.71875,0.6428571428571429,,0.71875,-0.03864247311827951,-0.0625
4,stage_2,3,ENG_03,engineering__INT_DURATION_X_MOTOR,engineered_representation,final_26,none,all,INT_DURATION_X_MOTOR,interaction,extra_trees,184,46,47,0.06171266599994851,0.7032258064516128,0.78125,0.6351136964569011,0.6450892857142857,0.6739130434782609,0.71875,0.5714285714285714,,0.71875,-0.06811210999471173,-0.0625
4,stage_2,3,ENG_04,engineering__INT_MOBILITY_X_POSTURAL_STABILITY,engineered_representation,final_26,none,all,INT_MOBILITY_X_POSTURAL_STABILITY,interaction,extra_trees,184,46,47,0.06695891599883907,0.7032258064516128,0.78125,0.6645833333333333,0.6808035714285714,0.6956521739130435,0.71875,0.6428571428571429,,0.71875,-0.03864247311827951,-0.0625
4,stage_2,3,ENG_05,engineering__PCA_PART_I_PATIENT_3_80,engineered_representation,final_26,none,all,PCA_PART_I_PATIENT_3_80,pca,extra_trees,184,46,45,0.06150300000081188,0.7032258064516128,0.78125,0.6645833333333333,0.6808035714285714,0.6956521739130435,0.71875,0.6428571428571429,,0.71875,-0.03864247311827951,-0.0625
4,stage_2,3,ENG_06,engineering__PCA_PART_I_PATIENT_3_90,engineered_representation,final_26,none,all,PCA_PART_I_PATIENT_3_90,pca,extra_trees,184,46,46,0.06344941700081108,0.7032258064516128,0.78125,0.6726874657909141,0.6763392857142857,0.717391304347826,0.78125,0.5714285714285714,,0.78125,-0.030538340660698715,0.0
4,stage_2,3,ENG_07,engineering__PCA_PART_I_PATIENT_3_95,engineered_representation,final_26,none,all,PCA_PART_I_PATIENT_3_95,pca,extra_trees,184,46,46,0.06223941700227442,0.7032258064516128,0.78125,0.6726874657909141,0.6763392857142857,0.717391304347826,0.78125,0.5714285714285714,,0.78125,-0.030538340660698715,0.0
4,stage_2,4,ENG_01,engineering__INT_GAIT_X_POSTURAL_STABILITY,engineered_representation,final_26,none,all,INT_GAIT_X_POSTURAL_STABILITY,interaction,extra_trees,184,46,46,0.06661416700080736,0.7718253968253967,0.71875,0.7513513513513514,0.8080357142857143,0.7608695652173914,0.6875,0.9285714285714286,,0.6875,-0.0204740454740453,-0.03125
4,stage_2,4,ENG_02,engineering__INT_MOTOR_X_COGNITION,engineered_representation,final_26,none,all,INT_MOTOR_X_COGNITION,interaction,extra_trees,184,46,46,0.06941899999947054,0.7718253968253967,0.71875,0.7513513513513514,0.8080357142857143,0.7608695652173914,0.6875,0.9285714285714286,,0.6875,-0.0204740454740453,-0.03125
4,stage_2,4,ENG_03,engineering__INT_DURATION_X_MOTOR,engineered_representation,final_26,none,all,INT_DURATION_X_MOTOR,interaction,extra_trees,184,46,46,0.06399833299656166,0.7718253968253967,0.71875,0.7513513513513514,0.8080357142857143,0.7608695652173914,0.6875,0.9285714285714286,,0.6875,-0.0204740454740453,-0.03125
4,stage_2,4,ENG_04,engineering__INT_MOBILITY_X_POSTURAL_STABILITY,engineered_representation,final_26,none,all,INT_MOBILITY_X_POSTURAL_STABILITY,interaction,extra_trees,184,46,46,0.06351779099713895,0.7718253968253967,0.71875,0.7513513513513514,0.8080357142857143,0.7608695652173914,0.6875,0.9285714285714286,,0.6875,-0.0204740454740453,-0.03125
4,stage_2,4,ENG_05,engineering__PCA_PART_I_PATIENT_3_80,engineered_representation,final_26,none,all,PCA_PART_I_PATIENT_3_80,pca,extra_trees,184,46,44,0.06471712499842397,0.7718253968253967,0.71875,0.7261904761904762,0.7723214285714286,0.7391304347826086,0.6875,0.8571428571428571,,0.6875,-0.045634920634920584,-0.03125
4,stage_2,4,ENG_06,engineering__PCA_PART_I_PATIENT_3_90,engineered_representation,final_26,none,all,PCA_PART_I_PATIENT_3_90,pca,extra_trees,184,46,45,0.05400262500188546,0.7718253968253967,0.71875,0.7061425061425062,0.7566964285714286,0.717391304347826,0.65625,0.8571428571428571,,0.65625,-0.06568289068289057,-0.0625
4,stage_2,4,ENG_07,engineering__PCA_PART_I_PATIENT_3_95,engineered_representation,final_26,none,all,PCA_PART_I_PATIENT_3_95,pca,extra_trees,184,46,45,0.06349104099717806,0.7718253968253967,0.71875,0.7061425061425062,0.7566964285714286,0.717391304347826,0.65625,0.8571428571428571,,0.65625,-0.06568289068289057,-0.0625
5,direct,0,ENG_01,engineering__INT_GAIT_X_POSTURAL_STABILITY,engineered_representation,final_26,none,all,INT_GAIT_X_POSTURAL_STABILITY,interaction,extra_trees,582,146,48,0.07405166600074153,0.5736961451247166,0.28125,0.5663170991823676,0.6260714285714286,0.678082191780822,0.78,0.3125,0.7857142857142857,0.3125,-0.00737904594234895,0.03125
5,direct,0,ENG_02,engineering__INT_MOTOR_X_COGNITION,engineered_representation,final_26,none,all,INT_MOTOR_X_COGNITION,interaction,extra_trees,582,146,48,0.07575625000026776,0.5736961451247166,0.28125,0.5726434730895035,0.6260714285714286,0.678082191780822,0.78,0.3125,0.7857142857142857,0.3125,-0.001052672035213087,0.03125
5,direct,0,ENG_03,engineering__INT_DURATION_X_MOTOR,engineered_representation,final_26,none,all,INT_DURATION_X_MOTOR,interaction,extra_trees,582,146,48,0.07307249999939813,0.5736961451247166,0.28125,0.5669590643274854,0.6260714285714286,0.678082191780822,0.78,0.3125,0.7857142857142857,0.3125,-0.006737080797231121,0.03125
5,direct,0,ENG_04,engineering__INT_MOBILITY_X_POSTURAL_STABILITY,engineered_representation,final_26,none,all,INT_MOBILITY_X_POSTURAL_STABILITY,interaction,extra_trees,582,146,48,0.0726907089992892,0.5736961451247166,0.28125,0.5638620900587736,0.6260714285714286,0.678082191780822,0.78,0.3125,0.7857142857142857,0.3125,-0.009834055065942926,0.03125
5,direct,0,ENG_05,engineering__PCA_PART_I_PATIENT_3_80,engineered_representation,final_26,none,all,PCA_PART_I_PATIENT_3_80,pca,extra_trees,582,146,46,0.07597533299849601,0.5736961451247166,0.28125,0.5068277150117878,0.5814880952380953,0.6301369863013698,0.74,0.21875,0.7857142857142857,0.21875,-0.06686843011292876,-0.0625
5,direct,0,ENG_06,engineering__PCA_PART_I_PATIENT_3_90,engineered_representation,final_26,none,all,PCA_PART_I_PATIENT_3_90,pca,extra_trees,582,146,47,0.0727094579997356,0.5736961451247166,0.28125,0.5663545169483108,0.6298214285714286,0.6712328767123288,0.76,0.34375,0.7857142857142857,0.34375,-0.007341628176405712,0.0625
5,direct,0,ENG_07,engineering__PCA_PART_I_PATIENT_3_95,engineered_representation,final_26,none,all,PCA_PART_I_PATIENT_3_95,pca,extra_trees,582,146,47,0.07084837499860441,0.5736961451247166,0.28125,0.5663545169483108,0.6298214285714286,0.6712328767123288,0.76,0.34375,0.7857142857142857,0.34375,-0.007341628176405712,0.0625
5,direct,1,ENG_01,engineering__INT_GAIT_X_POSTURAL_STABILITY,engineered_representation,final_26,none,all,INT_GAIT_X_POSTURAL_STABILITY,interaction,extra_trees,582,146,48,0.07440566599689191,0.5338652482269504,0.375,0.5215277777777777,0.5684523809523809,0.6438356164383562,0.75,0.3125,0.6428571428571429,0.3125,-0.01233747044917266,-0.0625
5,direct,1,ENG_02,engineering__INT_MOTOR_X_COGNITION,engineered_representation,final_26,none,all,INT_MOTOR_X_COGNITION,interaction,extra_trees,582,146,48,0.07671012499849894,0.5338652482269504,0.375,0.5385899650148355,0.582202380952381,0.6575342465753424,0.76,0.34375,0.6428571428571429,0.34375,0.004724716787885108,-0.03125
5,direct,1,ENG_03,engineering__INT_DURATION_X_MOTOR,engineered_representation,final_26,none,all,INT_DURATION_X_MOTOR,interaction,extra_trees,582,146,48,0.07693762499911827,0.5338652482269504,0.375,0.5175793208022201,0.5651190476190476,0.636986301369863,0.74,0.3125,0.6428571428571429,0.3125,-0.01628592742473023,-0.0625
5,direct,1,ENG_04,engineering__INT_MOBILITY_X_POSTURAL_STABILITY,engineered_representation,final_26,none,all,INT_MOBILITY_X_POSTURAL_STABILITY,interaction,extra_trees,582,146,48,0.07504654200238292,0.5338652482269504,0.375,0.5136173767752715,0.5651190476190476,0.636986301369863,0.74,0.3125,0.6428571428571429,0.3125,-0.020247871451678834,-0.0625
5,direct,1,ENG_05,engineering__PCA_PART_I_PATIENT_3_80,engineered_representation,final_26,none,all,PCA_PART_I_PATIENT_3_80,pca,extra_trees,582,146,46,0.07040108300134307,0.5338652482269504,0.375,0.5117535217353729,0.5542857142857143,0.6438356164383562,0.77,0.25,0.6428571428571429,0.25,-0.022111726491577444,-0.125
5,direct,1,ENG_06,engineering__PCA_PART_I_PATIENT_3_90,engineered_representation,final_26,none,all,PCA_PART_I_PATIENT_3_90,pca,extra_trees,582,146,47,0.07517487500081188,0.5338652482269504,0.375,0.5063321628234221,0.5580357142857143,0.636986301369863,0.75,0.28125,0.6428571428571429,0.28125,-0.02753308540352828,-0.09375
5,direct,1,ENG_07,engineering__PCA_PART_I_PATIENT_3_95,engineered_representation,final_26,none,all,PCA_PART_I_PATIENT_3_95,pca,extra_trees,582,146,47,0.07532650000212016,0.5338652482269504,0.375,0.5063321628234221,0.5580357142857143,0.636986301369863,0.75,0.28125,0.6428571428571429,0.28125,-0.02753308540352828,-0.09375
5,direct,2,ENG_01,engineering__INT_GAIT_X_POSTURAL_STABILITY,engineered_representation,final_26,none,all,INT_GAIT_X_POSTURAL_STABILITY,interaction,extra_trees,582,146,48,0.0740700000023935,0.5361082085220016,0.2903225806451613,0.5139181186082359,0.5460215053763441,0.6506849315068494,0.78,0.25806451612903225,0.6,0.25806451612903225,-0.022190089913765698,-0.03225806451612906
5,direct,2,ENG_02,engineering__INT_MOTOR_X_COGNITION,engineered_representation,final_26,none,all,INT_MOTOR_X_COGNITION,interaction,extra_trees,582,146,48,0.0713696249986242,0.5361082085220016,0.2903225806451613,0.4947771529516573,0.543405017921147,0.636986301369863,0.77,0.1935483870967742,0.6666666666666666,0.1935483870967742,-0.04133105557034428,-0.09677419354838712
5,direct,2,ENG_03,engineering__INT_DURATION_X_MOTOR,engineered_representation,final_26,none,all,INT_DURATION_X_MOTOR,interaction,extra_trees,582,146,48,0.07740854200164904,0.5361082085220016,0.2903225806451613,0.4959212274759435,0.5467383512544802,0.6438356164383562,0.78,0.1935483870967742,0.6666666666666666,0.1935483870967742,-0.04018698104605806,-0.09677419354838712
5,direct,2,ENG_04,engineering__INT_MOBILITY_X_POSTURAL_STABILITY,engineered_representation,final_26,none,all,INT_MOBILITY_X_POSTURAL_STABILITY,interaction,extra_trees,582,146,48,0.074491624996881,0.5361082085220016,0.2903225806451613,0.5059168066686864,0.5393548387096775,0.636986301369863,0.76,0.25806451612903225,0.6,0.25806451612903225,-0.030191401853315147,-0.03225806451612906
5,direct,2,ENG_05,engineering__PCA_PART_I_PATIENT_3_80,engineered_representation,final_26,none,all,PCA_PART_I_PATIENT_3_80,pca,extra_trees,582,146,46,0.07422058299925993,0.5361082085220016,0.2903225806451613,0.49391139540393275,0.5082437275985664,0.6506849315068494,0.8,0.25806451612903225,0.4666666666666667,0.25806451612903225,-0.04219681311806883,-0.03225806451612906
5,direct,2,ENG_06,engineering__PCA_PART_I_PATIENT_3_90,engineered_representation,final_26,none,all,PCA_PART_I_PATIENT_3_90,pca,extra_trees,582,146,47,0.07563833299718681,0.5361082085220016,0.2903225806451613,0.5027284337629164,0.5237992831541218,0.6438356164383562,0.78,0.25806451612903225,0.5333333333333333,0.25806451612903225,-0.03337977475908516,-0.03225806451612906
5,direct,2,ENG_07,engineering__PCA_PART_I_PATIENT_3_95,engineered_representation,final_26,none,all,PCA_PART_I_PATIENT_3_95,pca,extra_trees,582,146,47,0.07600987499972689,0.5361082085220016,0.2903225806451613,0.5027284337629164,0.5237992831541218,0.6438356164383562,0.78,0.25806451612903225,0.5333333333333333,0.25806451612903225,-0.03337977475908516,-0.03225806451612906
5,direct,3,ENG_01,engineering__INT_GAIT_X_POSTURAL_STABILITY,engineered_representation,final_26,none,all,INT_GAIT_X_POSTURAL_STABILITY,interaction,extra_trees,583,145,48,0.07190683299995726,0.4406721899053998,0.28125,0.4451717419077092,0.4653228715728716,0.6137931034482759,0.7575757575757576,0.28125,0.35714285714285715,0.28125,0.004499552002309393,0.0
5,direct,3,ENG_02,engineering__INT_MOTOR_X_COGNITION,engineered_representation,final_26,none,all,INT_MOTOR_X_COGNITION,interaction,extra_trees,583,145,48,0.07575237499986542,0.4406721899053998,0.28125,0.47197505290495,0.4995490620490621,0.6275862068965518,0.7575757575757576,0.3125,0.42857142857142855,0.3125,0.03130286299955021,0.03125
5,direct,3,ENG_03,engineering__INT_DURATION_X_MOTOR,engineered_representation,final_26,none,all,INT_DURATION_X_MOTOR,interaction,extra_trees,583,145,48,0.07233604200155241,0.4406721899053998,0.28125,0.4456189155543457,0.4653228715728716,0.6137931034482759,0.7575757575757576,0.28125,0.35714285714285715,0.28125,0.004946725648945882,0.0
5,direct,3,ENG_04,engineering__INT_MOBILITY_X_POSTURAL_STABILITY,engineered_representation,final_26,none,all,INT_MOBILITY_X_POSTURAL_STABILITY,interaction,extra_trees,583,145,48,0.07380249999914668,0.4406721899053998,0.28125,0.46771805794737004,0.49618205868205867,0.6206896551724138,0.7474747474747475,0.3125,0.42857142857142855,0.3125,0.027045868041970234,0.03125
5,direct,3,ENG_05,engineering__PCA_PART_I_PATIENT_3_80,engineered_representation,final_26,none,all,PCA_PART_I_PATIENT_3_80,pca,extra_trees,583,145,46,0.07301945800281828,0.4406721899053998,0.28125,0.4369382893973058,0.4589045214045215,0.5862068965517241,0.7070707070707071,0.3125,0.35714285714285715,0.3125,-0.0037339005080940235,0.03125
5,direct,3,ENG_06,engineering__PCA_PART_I_PATIENT_3_90,engineered_representation,final_26,none,all,PCA_PART_I_PATIENT_3_90,pca,extra_trees,583,145,47,0.07506400000056601,0.4406721899053998,0.28125,0.44449376198059226,0.4759800384800385,0.5793103448275863,0.6868686868686869,0.3125,0.42857142857142855,0.3125,0.0038215720751924587,0.03125
5,direct,3,ENG_07,engineering__PCA_PART_I_PATIENT_3_95,engineered_representation,final_26,none,all,PCA_PART_I_PATIENT_3_95,pca,extra_trees,583,145,47,0.0762527080005384,0.4406721899053998,0.28125,0.44449376198059226,0.4759800384800385,0.5793103448275863,0.6868686868686869,0.3125,0.42857142857142855,0.3125,0.0038215720751924587,0.03125
5,direct,4,ENG_01,engineering__INT_GAIT_X_POSTURAL_STABILITY,engineered_representation,final_26,none,all,INT_GAIT_X_POSTURAL_STABILITY,interaction,extra_trees,583,145,47,0.07285674999729963,0.4782606181513285,0.25,0.49838402794067815,0.5230429292929293,0.6482758620689655,0.7878787878787878,0.28125,0.5,0.28125,0.020123409789349678,0.03125
5,direct,4,ENG_02,engineering__INT_MOTOR_X_COGNITION,engineered_representation,final_26,none,all,INT_MOTOR_X_COGNITION,interaction,extra_trees,583,145,47,0.07735508399855462,0.4782606181513285,0.25,0.4952559971356964,0.5230429292929293,0.6482758620689655,0.7878787878787878,0.28125,0.5,0.28125,0.016995378984367926,0.03125
5,direct,4,ENG_03,engineering__INT_DURATION_X_MOTOR,engineered_representation,final_26,none,all,INT_DURATION_X_MOTOR,interaction,extra_trees,583,145,47,0.0762763749989972,0.4782606181513285,0.25,0.4853236122271656,0.5126262626262627,0.6413793103448275,0.7878787878787878,0.25,0.5,0.25,0.0070629940758371035,0.0
5,direct,4,ENG_04,engineering__INT_MOBILITY_X_POSTURAL_STABILITY,engineered_representation,final_26,none,all,INT_MOBILITY_X_POSTURAL_STABILITY,interaction,extra_trees,583,145,47,0.07653654199748416,0.4782606181513285,0.25,0.4768842268842269,0.5092592592592592,0.6344827586206897,0.7777777777777778,0.25,0.5,0.25,-0.0013763912671015954,0.0
5,direct,4,ENG_05,engineering__PCA_PART_I_PATIENT_3_80,engineered_representation,final_26,none,all,PCA_PART_I_PATIENT_3_80,pca,extra_trees,583,145,45,0.07313837500259979,0.4782606181513285,0.25,0.4428411370035736,0.4746422558922559,0.6068965517241379,0.7676767676767676,0.15625,0.5,0.15625,-0.035419481147754894,-0.09375
5,direct,4,ENG_06,engineering__PCA_PART_I_PATIENT_3_90,engineered_representation,final_26,none,all,PCA_PART_I_PATIENT_3_90,pca,extra_trees,583,145,46,0.07230558399896836,0.4782606181513285,0.25,0.5215474583895637,0.547243265993266,0.6689655172413793,0.797979797979798,0.34375,0.5,0.34375,0.04328684023823526,0.09375
5,direct,4,ENG_07,engineering__PCA_PART_I_PATIENT_3_95,engineered_representation,final_26,none,all,PCA_PART_I_PATIENT_3_95,pca,extra_trees,583,145,46,0.07286158299757517,0.4782606181513285,0.25,0.5215474583895637,0.547243265993266,0.6689655172413793,0.797979797979798,0.34375,0.5,0.34375,0.04328684023823526,0.09375
5,stage_1,0,ENG_01,engineering__INT_GAIT_X_POSTURAL_STABILITY,engineered_representation,final_26,none,all,INT_GAIT_X_POSTURAL_STABILITY,interaction,extra_trees,582,146,48,0.06173387500166427,0.6958333333333333,0.6521739130434783,0.7019940336002513,0.7110869565217391,0.7328767123287672,0.77,0.6521739130434783,,0.6521739130434783,0.006160700266917951,0.0
5,stage_1,0,ENG_02,engineering__INT_MOTOR_X_COGNITION,engineered_representation,final_26,none,all,INT_MOTOR_X_COGNITION,interaction,extra_trees,582,146,48,0.06095237500267103,0.6958333333333333,0.6521739130434783,0.686711676348982,0.6952173913043478,0.7191780821917808,0.76,0.6304347826086957,,0.6304347826086957,-0.0091216569843513,-0.021739130434782594
5,stage_1,0,ENG_03,engineering__INT_DURATION_X_MOTOR,engineered_representation,final_26,none,all,INT_DURATION_X_MOTOR,interaction,extra_trees,582,146,48,0.06234637499801465,0.6958333333333333,0.6521739130434783,0.692825583841784,0.7002173913043479,0.726027397260274,0.77,0.6304347826086957,,0.6304347826086957,-0.0030077494915492498,-0.021739130434782594
5,stage_1,0,ENG_04,engineering__INT_MOBILITY_X_POSTURAL_STABILITY,engineered_representation,final_26,none,all,INT_MOBILITY_X_POSTURAL_STABILITY,interaction,extra_trees,582,146,48,0.06201350000264938,0.6958333333333333,0.6521739130434783,0.692825583841784,0.7002173913043479,0.726027397260274,0.77,0.6304347826086957,,0.6304347826086957,-0.0030077494915492498,-0.021739130434782594
5,stage_1,0,ENG_05,engineering__PCA_PART_I_PATIENT_3_80,engineered_representation,final_26,none,all,PCA_PART_I_PATIENT_3_80,pca,extra_trees,582,146,46,0.07305324999833829,0.6958333333333333,0.6521739130434783,0.7262500000000001,0.7378260869565217,0.7534246575342466,0.78,0.6956521739130435,,0.6956521739130435,0.03041666666666676,0.04347826086956519
5,stage_1,0,ENG_06,engineering__PCA_PART_I_PATIENT_3_90,engineered_representation,final_26,none,all,PCA_PART_I_PATIENT_3_90,pca,extra_trees,582,146,47,0.06345129200053634,0.6958333333333333,0.6521739130434783,0.7110416666666667,0.7219565217391304,0.7397260273972602,0.77,0.6739130434782609,,0.6739130434782609,0.01520833333333338,0.021739130434782594
5,stage_1,0,ENG_07,engineering__PCA_PART_I_PATIENT_3_95,engineered_representation,final_26,none,all,PCA_PART_I_PATIENT_3_95,pca,extra_trees,582,146,47,0.05915845799972885,0.6958333333333333,0.6521739130434783,0.7110416666666667,0.7219565217391304,0.7397260273972602,0.77,0.6739130434782609,,0.6739130434782609,0.01520833333333338,0.021739130434782594
5,stage_1,1,ENG_01,engineering__INT_GAIT_X_POSTURAL_STABILITY,engineered_representation,final_26,none,all,INT_GAIT_X_POSTURAL_STABILITY,interaction,extra_trees,582,146,48,0.07215745899884496,0.7051445578231292,0.6304347826086957,0.6989690721649484,0.7052173913043478,0.7328767123287672,0.78,0.6304347826086957,,0.6304347826086957,-0.006175485658180824,0.0
5,stage_1,1,ENG_02,engineering__INT_MOTOR_X_COGNITION,engineered_representation,final_26,none,all,INT_MOTOR_X_COGNITION,interaction,extra_trees,582,146,48,0.05982087499796762,0.7051445578231292,0.6304347826086957,0.692825583841784,0.7002173913043479,0.726027397260274,0.77,0.6304347826086957,,0.6304347826086957,-0.012318973981345183,0.0
5,stage_1,1,ENG_03,engineering__INT_DURATION_X_MOTOR,engineered_representation,final_26,none,all,INT_DURATION_X_MOTOR,interaction,extra_trees,582,146,48,0.06226629199954914,0.7051445578231292,0.6304347826086957,0.692825583841784,0.7002173913043479,0.726027397260274,0.77,0.6304347826086957,,0.6304347826086957,-0.012318973981345183,0.0
5,stage_1,1,ENG_04,engineering__INT_MOBILITY_X_POSTURAL_STABILITY,engineered_representation,final_26,none,all,INT_MOBILITY_X_POSTURAL_STABILITY,interaction,extra_trees,582,146,48,0.06308508299844107,0.7051445578231292,0.6304347826086957,0.6989690721649484,0.7052173913043478,0.7328767123287672,0.78,0.6304347826086957,,0.6304347826086957,-0.006175485658180824,0.0
5,stage_1,1,ENG_05,engineering__PCA_PART_I_PATIENT_3_80,engineered_representation,final_26,none,all,PCA_PART_I_PATIENT_3_80,pca,extra_trees,582,146,46,0.06206087499958812,0.7051445578231292,0.6304347826086957,0.6741071428571428,0.6784782608695652,0.7123287671232876,0.77,0.5869565217391305,,0.5869565217391305,-0.031037414965986443,-0.04347826086956519
5,stage_1,1,ENG_06,engineering__PCA_PART_I_PATIENT_3_90,engineered_representation,final_26,none,all,PCA_PART_I_PATIENT_3_90,pca,extra_trees,582,146,47,0.0649876250026864,0.7051445578231292,0.6304347826086957,0.6561469618464437,0.6634782608695653,0.6917808219178082,0.74,0.5869565217391305,,0.5869565217391305,-0.048997595976685515,-0.04347826086956519
5,stage_1,1,ENG_07,engineering__PCA_PART_I_PATIENT_3_95,engineered_representation,final_26,none,all,PCA_PART_I_PATIENT_3_95,pca,extra_trees,582,146,47,0.06338200000027427,0.7051445578231292,0.6304347826086957,0.6561469618464437,0.6634782608695653,0.6917808219178082,0.74,0.5869565217391305,,0.5869565217391305,-0.048997595976685515,-0.04347826086956519
5,stage_1,2,ENG_01,engineering__INT_GAIT_X_POSTURAL_STABILITY,engineered_representation,final_26,none,all,INT_GAIT_X_POSTURAL_STABILITY,interaction,extra_trees,582,146,48,0.07136937500035856,0.689625850340136,0.6086956521739131,0.6765548170962339,0.6776086956521739,0.7191780821917808,0.79,0.5652173913043478,,0.5652173913043478,-0.01307103324390213,-0.0434782608695653
5,stage_1,2,ENG_02,engineering__INT_MOTOR_X_COGNITION,engineered_representation,final_26,none,all,INT_MOTOR_X_COGNITION,interaction,extra_trees,582,146,48,0.07637954200254171,0.689625850340136,0.6086956521739131,0.6765548170962339,0.6776086956521739,0.7191780821917808,0.79,0.5652173913043478,,0.5652173913043478,-0.01307103324390213,-0.0434782608695653
5,stage_1,2,ENG_03,engineering__INT_DURATION_X_MOTOR,engineered_representation,final_26,none,all,INT_DURATION_X_MOTOR,interaction,extra_trees,582,146,48,0.07263570899885963,0.689625850340136,0.6086956521739131,0.6705351386202449,0.672608695652174,0.7123287671232876,0.78,0.5652173913043478,,0.5652173913043478,-0.019090711719891074,-0.0434782608695653
5,stage_1,2,ENG_04,engineering__INT_MOBILITY_X_POSTURAL_STABILITY,engineered_representation,final_26,none,all,INT_MOBILITY_X_POSTURAL_STABILITY,interaction,extra_trees,582,146,48,0.07291308300045785,0.689625850340136,0.6086956521739131,0.6862239415430905,0.6884782608695652,0.726027397260274,0.79,0.5869565217391305,,0.5869565217391305,-0.003401908797045494,-0.021739130434782594
5,stage_1,2,ENG_05,engineering__PCA_PART_I_PATIENT_3_80,engineered_representation,final_26,none,all,PCA_PART_I_PATIENT_3_80,pca,extra_trees,582,146,46,0.07608949999848846,0.689625850340136,0.6086956521739131,0.6862239415430905,0.6884782608695652,0.726027397260274,0.79,0.5869565217391305,,0.5869565217391305,-0.003401908797045494,-0.021739130434782594
5,stage_1,2,ENG_06,engineering__PCA_PART_I_PATIENT_3_90,engineered_representation,final_26,none,all,PCA_PART_I_PATIENT_3_90,pca,extra_trees,582,146,47,0.07655587500266847,0.689625850340136,0.6086956521739131,0.6801496126102058,0.6834782608695653,0.7191780821917808,0.78,0.5869565217391305,,0.5869565217391305,-0.009476237729930226,-0.021739130434782594
5,stage_1,2,ENG_07,engineering__PCA_PART_I_PATIENT_3_95,engineered_representation,final_26,none,all,PCA_PART_I_PATIENT_3_95,pca,extra_trees,582,146,47,0.07347416699849418,0.689625850340136,0.6086956521739131,0.6801496126102058,0.6834782608695653,0.7191780821917808,0.78,0.5869565217391305,,0.5869565217391305,-0.009476237729930226,-0.021739130434782594
5,stage_1,3,ENG_01,engineering__INT_GAIT_X_POSTURAL_STABILITY,engineered_representation,final_26,none,all,INT_GAIT_X_POSTURAL_STABILITY,interaction,extra_trees,583,145,48,0.0772436250008468,0.693951093951094,0.6956521739130435,0.6851736972704714,0.7005928853754941,0.7103448275862069,0.7272727272727273,0.6739130434782609,,0.6739130434782609,-0.008777396680622607,-0.021739130434782594
5,stage_1,3,ENG_02,engineering__INT_MOTOR_X_COGNITION,engineered_representation,final_26,none,all,INT_MOTOR_X_COGNITION,interaction,extra_trees,583,145,48,0.08172266700057662,0.693951093951094,0.6956521739130435,0.679021879021879,0.6955423803249889,0.7034482758620689,0.7171717171717171,0.6739130434782609,,0.6739130434782609,-0.014929214929214951,-0.021739130434782594
5,stage_1,3,ENG_03,engineering__INT_DURATION_X_MOTOR,engineered_representation,final_26,none,all,INT_DURATION_X_MOTOR,interaction,extra_trees,583,145,48,0.07767329199850792,0.693951093951094,0.6956521739130435,0.679021879021879,0.6955423803249889,0.7034482758620689,0.7171717171717171,0.6739130434782609,,0.6739130434782609,-0.014929214929214951,-0.021739130434782594
5,stage_1,3,ENG_04,engineering__INT_MOBILITY_X_POSTURAL_STABILITY,engineered_representation,final_26,none,all,INT_MOBILITY_X_POSTURAL_STABILITY,interaction,extra_trees,583,145,48,0.07396687499931431,0.693951093951094,0.6956521739130435,0.6815790817629335,0.7013614404918753,0.7034482758620689,0.7070707070707071,0.6956521739130435,,0.6956521739130435,-0.01237201218816053,0.0
5,stage_1,3,ENG_05,engineering__PCA_PART_I_PATIENT_3_80,engineered_representation,final_26,none,all,PCA_PART_I_PATIENT_3_80,pca,extra_trees,583,145,46,0.07164512499730336,0.693951093951094,0.6956521739130435,0.679021879021879,0.6955423803249889,0.7034482758620689,0.7171717171717171,0.6739130434782609,,0.6739130434782609,-0.014929214929214951,-0.021739130434782594
5,stage_1,3,ENG_06,engineering__PCA_PART_I_PATIENT_3_90,engineered_representation,final_26,none,all,PCA_PART_I_PATIENT_3_90,pca,extra_trees,583,145,47,0.07365112499974202,0.693951093951094,0.6956521739130435,0.666768806496093,0.685441370223979,0.6896551724137931,0.696969696969697,0.6739130434782609,,0.6739130434782609,-0.027182287455000953,-0.021739130434782594
5,stage_1,3,ENG_07,engineering__PCA_PART_I_PATIENT_3_95,engineered_representation,final_26,none,all,PCA_PART_I_PATIENT_3_95,pca,extra_trees,583,145,47,0.09073245900071925,0.693951093951094,0.6956521739130435,0.666768806496093,0.685441370223979,0.6896551724137931,0.696969696969697,0.6739130434782609,,0.6739130434782609,-0.027182287455000953,-0.021739130434782594
5,stage_1,4,ENG_01,engineering__INT_GAIT_X_POSTURAL_STABILITY,engineered_representation,final_26,none,all,INT_GAIT_X_POSTURAL_STABILITY,interaction,extra_trees,583,145,47,0.07659416599926772,0.6790823211875843,0.5869565217391305,0.6755089787675346,0.6765480895915679,0.7172413793103448,0.7878787878787878,0.5652173913043478,,0.5652173913043478,-0.0035733424200496966,-0.021739130434782705
5,stage_1,4,ENG_02,engineering__INT_MOTOR_X_COGNITION,engineered_representation,final_26,none,all,INT_MOTOR_X_COGNITION,interaction,extra_trees,583,145,47,0.07740420799746062,0.6790823211875843,0.5869565217391305,0.6851932262266609,0.6874176548089592,0.7241379310344828,0.7878787878787878,0.5869565217391305,,0.5869565217391305,0.006110905039076631,0.0
5,stage_1,4,ENG_03,engineering__INT_DURATION_X_MOTOR,engineered_representation,final_26,none,all,INT_DURATION_X_MOTOR,interaction,extra_trees,583,145,47,0.0784376669980702,0.6790823211875843,0.5869565217391305,0.6851932262266609,0.6874176548089592,0.7241379310344828,0.7878787878787878,0.5869565217391305,,0.5869565217391305,0.006110905039076631,0.0
5,stage_1,4,ENG_04,engineering__INT_MOBILITY_X_POSTURAL_STABILITY,engineered_representation,final_26,none,all,INT_MOBILITY_X_POSTURAL_STABILITY,interaction,extra_trees,583,145,47,0.07724541599964141,0.6790823211875843,0.5869565217391305,0.6755089787675346,0.6765480895915679,0.7172413793103448,0.7878787878787878,0.5652173913043478,,0.5652173913043478,-0.0035733424200496966,-0.021739130434782705
5,stage_1,4,ENG_05,engineering__PCA_PART_I_PATIENT_3_80,engineered_representation,final_26,none,all,PCA_PART_I_PATIENT_3_80,pca,extra_trees,583,145,45,0.07613675000175135,0.6790823211875843,0.5869565217391305,0.6947368421052631,0.6982872200263505,0.7310344827586207,0.7878787878787878,0.6086956521739131,,0.6086956521739131,0.015654520917678827,0.021739130434782594
5,stage_1,4,ENG_06,engineering__PCA_PART_I_PATIENT_3_90,engineered_representation,final_26,none,all,PCA_PART_I_PATIENT_3_90,pca,extra_trees,583,145,46,0.07699658300043666,0.6790823211875843,0.5869565217391305,0.6947368421052631,0.6982872200263505,0.7310344827586207,0.7878787878787878,0.6086956521739131,,0.6086956521739131,0.015654520917678827,0.021739130434782594
5,stage_1,4,ENG_07,engineering__PCA_PART_I_PATIENT_3_95,engineered_representation,final_26,none,all,PCA_PART_I_PATIENT_3_95,pca,extra_trees,583,145,46,0.0766531670014956,0.6790823211875843,0.5869565217391305,0.6947368421052631,0.6982872200263505,0.7310344827586207,0.7878787878787878,0.6086956521739131,,0.6086956521739131,0.015654520917678827,0.021739130434782594
5,stage_2,0,ENG_01,engineering__INT_GAIT_X_POSTURAL_STABILITY,engineered_representation,final_26,none,all,INT_GAIT_X_POSTURAL_STABILITY,interaction,extra_trees,184,46,47,0.06711641600122675,0.7604166666666667,0.78125,0.7810682178741406,0.7991071428571428,0.8043478260869565,0.8125,0.7857142857142857,,0.8125,0.02065155120747386,0.03125
5,stage_2,0,ENG_02,engineering__INT_MOTOR_X_COGNITION,engineered_representation,final_26,none,all,INT_MOTOR_X_COGNITION,interaction,extra_trees,184,46,47,0.06105287500031409,0.7604166666666667,0.78125,0.7810682178741406,0.7991071428571428,0.8043478260869565,0.8125,0.7857142857142857,,0.8125,0.02065155120747386,0.03125
5,stage_2,0,ENG_03,engineering__INT_DURATION_X_MOTOR,engineered_representation,final_26,none,all,INT_DURATION_X_MOTOR,interaction,extra_trees,184,46,47,0.0655514169993694,0.7604166666666667,0.78125,0.7810682178741406,0.7991071428571428,0.8043478260869565,0.8125,0.7857142857142857,,0.8125,0.02065155120747386,0.03125
5,stage_2,0,ENG_04,engineering__INT_MOBILITY_X_POSTURAL_STABILITY,engineered_representation,final_26,none,all,INT_MOBILITY_X_POSTURAL_STABILITY,interaction,extra_trees,184,46,47,0.06559787500009406,0.7604166666666667,0.78125,0.7810682178741406,0.7991071428571428,0.8043478260869565,0.8125,0.7857142857142857,,0.8125,0.02065155120747386,0.03125
5,stage_2,0,ENG_05,engineering__PCA_PART_I_PATIENT_3_80,engineered_representation,final_26,none,all,PCA_PART_I_PATIENT_3_80,pca,extra_trees,184,46,46,0.0651794589975907,0.7604166666666667,0.78125,0.7401129943502824,0.7678571428571428,0.7608695652173914,0.75,0.7857142857142857,,0.75,-0.020303672316384302,-0.03125
5,stage_2,0,ENG_06,engineering__PCA_PART_I_PATIENT_3_90,engineered_representation,final_26,none,all,PCA_PART_I_PATIENT_3_90,pca,extra_trees,184,46,46,0.06319762500061188,0.7604166666666667,0.78125,0.7401129943502824,0.7678571428571428,0.7608695652173914,0.75,0.7857142857142857,,0.75,-0.020303672316384302,-0.03125
5,stage_2,0,ENG_07,engineering__PCA_PART_I_PATIENT_3_95,engineered_representation,final_26,none,all,PCA_PART_I_PATIENT_3_95,pca,extra_trees,184,46,46,0.06297412499770871,0.7604166666666667,0.78125,0.7401129943502824,0.7678571428571428,0.7608695652173914,0.75,0.7857142857142857,,0.75,-0.020303672316384302,-0.03125
5,stage_2,1,ENG_01,engineering__INT_GAIT_X_POSTURAL_STABILITY,engineered_representation,final_26,none,all,INT_GAIT_X_POSTURAL_STABILITY,interaction,extra_trees,184,46,47,0.06204250000155298,0.7230432402846196,0.8125,0.6726874657909141,0.6763392857142857,0.717391304347826,0.78125,0.5714285714285714,,0.78125,-0.05035577449370554,-0.03125
5,stage_2,1,ENG_02,engineering__INT_MOTOR_X_COGNITION,engineered_representation,final_26,none,all,INT_MOTOR_X_COGNITION,interaction,extra_trees,184,46,47,0.06523975000163773,0.7230432402846196,0.8125,0.6919642857142857,0.6919642857142857,0.7391304347826086,0.8125,0.5714285714285714,,0.8125,-0.03107895457033394,0.0
5,stage_2,1,ENG_03,engineering__INT_DURATION_X_MOTOR,engineered_representation,final_26,none,all,INT_DURATION_X_MOTOR,interaction,extra_trees,184,46,47,0.06363183399662375,0.7230432402846196,0.8125,0.6919642857142857,0.6919642857142857,0.7391304347826086,0.8125,0.5714285714285714,,0.8125,-0.03107895457033394,0.0
5,stage_2,1,ENG_04,engineering__INT_MOBILITY_X_POSTURAL_STABILITY,engineered_representation,final_26,none,all,INT_MOBILITY_X_POSTURAL_STABILITY,interaction,extra_trees,184,46,47,0.06126087499796995,0.7230432402846196,0.8125,0.7116809116809117,0.7075892857142857,0.7608695652173914,0.84375,0.5714285714285714,,0.84375,-0.011362328603707894,0.03125
5,stage_2,1,ENG_05,engineering__PCA_PART_I_PATIENT_3_80,engineered_representation,final_26,none,all,PCA_PART_I_PATIENT_3_80,pca,extra_trees,184,46,45,0.06488062499920488,0.7230432402846196,0.8125,0.7032258064516128,0.7120535714285714,0.7391304347826086,0.78125,0.6428571428571429,,0.78125,-0.019817433833006826,-0.03125
5,stage_2,1,ENG_06,engineering__PCA_PART_I_PATIENT_3_90,engineered_representation,final_26,none,all,PCA_PART_I_PATIENT_3_90,pca,extra_trees,184,46,46,0.06527858299887157,0.7230432402846196,0.8125,0.7230432402846196,0.7276785714285714,0.7608695652173914,0.8125,0.6428571428571429,,0.8125,0.0,0.0
5,stage_2,1,ENG_07,engineering__PCA_PART_I_PATIENT_3_95,engineered_representation,final_26,none,all,PCA_PART_I_PATIENT_3_95,pca,extra_trees,184,46,46,0.06662954200146487,0.7230432402846196,0.8125,0.7230432402846196,0.7276785714285714,0.7608695652173914,0.8125,0.6428571428571429,,0.8125,0.0,0.0
5,stage_2,2,ENG_01,engineering__INT_GAIT_X_POSTURAL_STABILITY,engineered_representation,final_26,none,all,INT_GAIT_X_POSTURAL_STABILITY,interaction,extra_trees,184,46,47,0.06406887499906588,0.6537634408602151,0.7741935483870968,0.6351136964569011,0.6376344086021506,0.6739130434782609,0.7419354838709677,0.5333333333333333,,0.7419354838709677,-0.018649744403314017,-0.032258064516129004
5,stage_2,2,ENG_02,engineering__INT_MOTOR_X_COGNITION,engineered_representation,final_26,none,all,INT_MOTOR_X_COGNITION,interaction,extra_trees,184,46,47,0.06803920899983495,0.6537634408602151,0.7741935483870968,0.6351136964569011,0.6376344086021506,0.6739130434782609,0.7419354838709677,0.5333333333333333,,0.7419354838709677,-0.018649744403314017,-0.032258064516129004
5,stage_2,2,ENG_03,engineering__INT_DURATION_X_MOTOR,engineered_representation,final_26,none,all,INT_DURATION_X_MOTOR,interaction,extra_trees,184,46,47,0.063934750000044,0.6537634408602151,0.7741935483870968,0.6351136964569011,0.6376344086021506,0.6739130434782609,0.7419354838709677,0.5333333333333333,,0.7419354838709677,-0.018649744403314017,-0.032258064516129004
5,stage_2,2,ENG_04,engineering__INT_MOBILITY_X_POSTURAL_STABILITY,engineered_representation,final_26,none,all,INT_MOBILITY_X_POSTURAL_STABILITY,interaction,extra_trees,184,46,47,0.06452999999964959,0.6537634408602151,0.7741935483870968,0.6351136964569011,0.6376344086021506,0.6739130434782609,0.7419354838709677,0.5333333333333333,,0.7419354838709677,-0.018649744403314017,-0.032258064516129004
5,stage_2,2,ENG_05,engineering__PCA_PART_I_PATIENT_3_80,engineered_representation,final_26,none,all,PCA_PART_I_PATIENT_3_80,pca,extra_trees,184,46,45,0.06600912500289269,0.6537634408602151,0.7741935483870968,0.6537634408602151,0.6537634408602151,0.6956521739130435,0.7741935483870968,0.5333333333333333,,0.7741935483870968,0.0,0.0
5,stage_2,2,ENG_06,engineering__PCA_PART_I_PATIENT_3_90,engineered_representation,final_26,none,all,PCA_PART_I_PATIENT_3_90,pca,extra_trees,184,46,46,0.0625209999998333,0.6537634408602151,0.7741935483870968,0.6223316912972086,0.6204301075268817,0.6739130434782609,0.7741935483870968,0.4666666666666667,,0.7741935483870968,-0.03143174956300654,0.0
5,stage_2,2,ENG_07,engineering__PCA_PART_I_PATIENT_3_95,engineered_representation,final_26,none,all,PCA_PART_I_PATIENT_3_95,pca,extra_trees,184,46,46,0.06771379199926741,0.6537634408602151,0.7741935483870968,0.6223316912972086,0.6204301075268817,0.6739130434782609,0.7741935483870968,0.4666666666666667,,0.7741935483870968,-0.03143174956300654,0.0
5,stage_2,3,ENG_01,engineering__INT_GAIT_X_POSTURAL_STABILITY,engineered_representation,final_26,none,all,INT_GAIT_X_POSTURAL_STABILITY,interaction,extra_trees,184,46,47,0.06219449999844073,0.5544159544159544,0.75,0.5544159544159544,0.5535714285714286,0.6304347826086957,0.75,0.35714285714285715,,0.75,0.0,0.0
5,stage_2,3,ENG_02,engineering__INT_MOTOR_X_COGNITION,engineered_representation,final_26,none,all,INT_MOTOR_X_COGNITION,interaction,extra_trees,184,46,47,0.06617645799997263,0.5544159544159544,0.75,0.5544159544159544,0.5535714285714286,0.6304347826086957,0.75,0.35714285714285715,,0.75,0.0,0.0
5,stage_2,3,ENG_03,engineering__INT_DURATION_X_MOTOR,engineered_representation,final_26,none,all,INT_DURATION_X_MOTOR,interaction,extra_trees,184,46,47,0.06436416699943948,0.5544159544159544,0.75,0.5544159544159544,0.5535714285714286,0.6304347826086957,0.75,0.35714285714285715,,0.75,0.0,0.0
5,stage_2,3,ENG_04,engineering__INT_MOBILITY_X_POSTURAL_STABILITY,engineered_representation,final_26,none,all,INT_MOBILITY_X_POSTURAL_STABILITY,interaction,extra_trees,184,46,47,0.07682066699999268,0.5544159544159544,0.75,0.5710955710955711,0.5691964285714286,0.6521739130434783,0.78125,0.35714285714285715,,0.78125,0.016679616679616704,0.03125
5,stage_2,3,ENG_05,engineering__PCA_PART_I_PATIENT_3_80,engineered_representation,final_26,none,all,PCA_PART_I_PATIENT_3_80,pca,extra_trees,184,46,45,0.06807029200354009,0.5544159544159544,0.75,0.5379464285714286,0.5379464285714286,0.6086956521739131,0.71875,0.35714285714285715,,0.71875,-0.016469525844525768,-0.03125
5,stage_2,3,ENG_06,engineering__PCA_PART_I_PATIENT_3_90,engineered_representation,final_26,none,all,PCA_PART_I_PATIENT_3_90,pca,extra_trees,184,46,46,0.06483420799850137,0.5544159544159544,0.75,0.5544159544159544,0.5535714285714286,0.6304347826086957,0.75,0.35714285714285715,,0.75,0.0,0.0
5,stage_2,3,ENG_07,engineering__PCA_PART_I_PATIENT_3_95,engineered_representation,final_26,none,all,PCA_PART_I_PATIENT_3_95,pca,extra_trees,184,46,46,0.06342225000116741,0.5544159544159544,0.75,0.5544159544159544,0.5535714285714286,0.6304347826086957,0.75,0.35714285714285715,,0.75,0.0,0.0
5,stage_2,4,ENG_01,engineering__INT_GAIT_X_POSTURAL_STABILITY,engineered_representation,final_26,none,all,INT_GAIT_X_POSTURAL_STABILITY,interaction,extra_trees,184,46,47,0.06755891599823372,0.6223316912972086,0.75,0.6043010752688172,0.609375,0.6521739130434783,0.71875,0.5,,0.71875,-0.0180306160283914,-0.03125
5,stage_2,4,ENG_02,engineering__INT_MOTOR_X_COGNITION,engineered_representation,final_26,none,all,INT_MOTOR_X_COGNITION,interaction,extra_trees,184,46,47,0.06295254100041348,0.6223316912972086,0.75,0.6043010752688172,0.609375,0.6521739130434783,0.71875,0.5,,0.71875,-0.0180306160283914,-0.03125
5,stage_2,4,ENG_03,engineering__INT_DURATION_X_MOTOR,engineered_representation,final_26,none,all,INT_DURATION_X_MOTOR,interaction,extra_trees,184,46,47,0.0642452920001233,0.6223316912972086,0.75,0.6223316912972086,0.625,0.6739130434782609,0.75,0.5,,0.75,0.0,0.0
5,stage_2,4,ENG_04,engineering__INT_MOBILITY_X_POSTURAL_STABILITY,engineered_representation,final_26,none,all,INT_MOBILITY_X_POSTURAL_STABILITY,interaction,extra_trees,184,46,47,0.06650608299969463,0.6223316912972086,0.75,0.6043010752688172,0.609375,0.6521739130434783,0.71875,0.5,,0.71875,-0.0180306160283914,-0.03125
5,stage_2,4,ENG_05,engineering__PCA_PART_I_PATIENT_3_80,engineered_representation,final_26,none,all,PCA_PART_I_PATIENT_3_80,pca,extra_trees,184,46,46,0.06609658299930743,0.6223316912972086,0.75,0.6166666666666667,0.6294642857142857,0.6521739130434783,0.6875,0.5714285714285714,,0.6875,-0.0056650246305418595,-0.0625
5,stage_2,4,ENG_06,engineering__PCA_PART_I_PATIENT_3_90,engineered_representation,final_26,none,all,PCA_PART_I_PATIENT_3_90,pca,extra_trees,184,46,46,0.06895512499977485,0.6223316912972086,0.75,0.6166666666666667,0.6294642857142857,0.6521739130434783,0.6875,0.5714285714285714,,0.6875,-0.0056650246305418595,-0.0625
5,stage_2,4,ENG_07,engineering__PCA_PART_I_PATIENT_3_95,engineered_representation,final_26,none,all,PCA_PART_I_PATIENT_3_95,pca,extra_trees,184,46,46,0.06175375000020722,0.6223316912972086,0.75,0.6166666666666667,0.6294642857142857,0.6521739130434783,0.6875,0.5714285714285714,,0.6875,-0.0056650246305418595,-0.0625
6,direct,0,ENG_01,engineering__INT_GAIT_X_POSTURAL_STABILITY,engineered_representation,final_26,none,all,INT_GAIT_X_POSTURAL_STABILITY,interaction,extra_trees,582,146,48,0.07427666600051452,0.5330859853121175,0.25,0.5109494109494109,0.5576785714285714,0.6232876712328768,0.74,0.21875,0.7142857142857143,0.21875,-0.02213657436270655,-0.03125
6,direct,0,ENG_02,engineering__INT_MOTOR_X_COGNITION,engineered_representation,final_26,none,all,INT_MOTOR_X_COGNITION,interaction,extra_trees,582,146,48,0.0760442079990753,0.5330859853121175,0.25,0.5181961313540261,0.5814880952380953,0.6301369863013698,0.74,0.21875,0.7857142857142857,0.21875,-0.014889853958091392,-0.03125
6,direct,0,ENG_03,engineering__INT_DURATION_X_MOTOR,engineered_representation,final_26,none,all,INT_DURATION_X_MOTOR,interaction,extra_trees,582,146,48,0.0709298330002639,0.5330859853121175,0.25,0.5288904976404977,0.5751785714285714,0.6301369863013698,0.73,0.28125,0.7142857142857143,0.28125,-0.004195487671619813,0.03125
6,direct,0,ENG_04,engineering__INT_MOBILITY_X_POSTURAL_STABILITY,engineered_representation,final_26,none,all,INT_MOBILITY_X_POSTURAL_STABILITY,interaction,extra_trees,582,146,48,0.07542924999870593,0.5330859853121175,0.25,0.5214854111405836,0.5814880952380953,0.6301369863013698,0.74,0.21875,0.7857142857142857,0.21875,-0.011600574171533928,-0.03125
6,direct,0,ENG_05,engineering__PCA_PART_I_PATIENT_3_80,engineered_representation,final_26,none,all,PCA_PART_I_PATIENT_3_80,pca,extra_trees,582,146,46,0.07687725000141654,0.5330859853121175,0.25,0.5172387185476687,0.5919642857142856,0.6095890410958904,0.7,0.21875,0.8571428571428571,0.21875,-0.01584726676444881,-0.03125
6,direct,0,ENG_06,engineering__PCA_PART_I_PATIENT_3_90,engineered_representation,final_26,none,all,PCA_PART_I_PATIENT_3_90,pca,extra_trees,582,146,47,0.07824237500244635,0.5330859853121175,0.25,0.5252004581901489,0.6120238095238095,0.6232876712328768,0.72,0.1875,0.9285714285714286,0.1875,-0.00788552712196855,-0.0625
6,direct,0,ENG_07,engineering__PCA_PART_I_PATIENT_3_95,engineered_representation,final_26,none,all,PCA_PART_I_PATIENT_3_95,pca,extra_trees,582,146,47,0.07465691700053867,0.5330859853121175,0.25,0.5252004581901489,0.6120238095238095,0.6232876712328768,0.72,0.1875,0.9285714285714286,0.1875,-0.00788552712196855,-0.0625
6,direct,1,ENG_01,engineering__INT_GAIT_X_POSTURAL_STABILITY,engineered_representation,final_26,none,all,INT_GAIT_X_POSTURAL_STABILITY,interaction,extra_trees,582,146,48,0.0752070829985314,0.5448681669137133,0.4375,0.5168481501646315,0.572202380952381,0.636986301369863,0.73,0.34375,0.6428571428571429,0.34375,-0.028020016749081833,-0.09375
6,direct,1,ENG_02,engineering__INT_MOTOR_X_COGNITION,engineered_representation,final_26,none,all,INT_MOTOR_X_COGNITION,interaction,extra_trees,582,146,48,0.0749710829986725,0.5448681669137133,0.4375,0.5381780085008131,0.603095238095238,0.6438356164383562,0.72,0.375,0.7142857142857143,0.375,-0.006690158412900216,-0.0625
6,direct,1,ENG_03,engineering__INT_DURATION_X_MOTOR,engineered_representation,final_26,none,all,INT_DURATION_X_MOTOR,interaction,extra_trees,582,146,48,0.07239895800012164,0.5448681669137133,0.4375,0.5405301438088324,0.6064285714285714,0.6506849315068494,0.73,0.375,0.7142857142857143,0.375,-0.004338023104880961,-0.0625
6,direct,1,ENG_04,engineering__INT_MOBILITY_X_POSTURAL_STABILITY,engineered_representation,final_26,none,all,INT_MOBILITY_X_POSTURAL_STABILITY,interaction,extra_trees,582,146,48,0.07318283399945358,0.5448681669137133,0.4375,0.50752688172043,0.5651190476190476,0.636986301369863,0.74,0.3125,0.6428571428571429,0.3125,-0.03734128519328328,-0.125
6,direct,1,ENG_05,engineering__PCA_PART_I_PATIENT_3_80,engineered_representation,final_26,none,all,PCA_PART_I_PATIENT_3_80,pca,extra_trees,582,146,46,0.07744316599928425,0.5448681669137133,0.4375,0.4944353160258517,0.5555357142857144,0.6027397260273972,0.68,0.34375,0.6428571428571429,0.34375,-0.05043285088786159,-0.09375
6,direct,1,ENG_06,engineering__PCA_PART_I_PATIENT_3_90,engineered_representation,final_26,none,all,PCA_PART_I_PATIENT_3_90,pca,extra_trees,582,146,47,0.0740404589996615,0.5448681669137133,0.4375,0.5222222222222223,0.5797023809523809,0.6232876712328768,0.69,0.40625,0.6428571428571429,0.40625,-0.02264594469149106,-0.03125
6,direct,1,ENG_07,engineering__PCA_PART_I_PATIENT_3_95,engineered_representation,final_26,none,all,PCA_PART_I_PATIENT_3_95,pca,extra_trees,582,146,47,0.07325333400149248,0.5448681669137133,0.4375,0.5222222222222223,0.5797023809523809,0.6232876712328768,0.69,0.40625,0.6428571428571429,0.40625,-0.02264594469149106,-0.03125
6,direct,2,ENG_01,engineering__INT_GAIT_X_POSTURAL_STABILITY,engineered_representation,final_26,none,all,INT_GAIT_X_POSTURAL_STABILITY,interaction,extra_trees,582,146,48,0.07692350000070292,0.5329102899091701,0.3548387096774194,0.5255324294872318,0.5764157706093189,0.6438356164383562,0.74,0.3225806451612903,0.6666666666666666,0.3225806451612903,-0.0073778604219383315,-0.03225806451612906
6,direct,2,ENG_02,engineering__INT_MOTOR_X_COGNITION,engineered_representation,final_26,none,all,INT_MOTOR_X_COGNITION,interaction,extra_trees,582,146,48,0.07657024999934947,0.5329102899091701,0.3548387096774194,0.4981049945588953,0.5549103942652329,0.6301369863013698,0.74,0.25806451612903225,0.6666666666666666,0.25806451612903225,-0.03480529535027482,-0.09677419354838712
6,direct,2,ENG_03,engineering__INT_DURATION_X_MOTOR,engineered_representation,final_26,none,all,INT_DURATION_X_MOTOR,interaction,extra_trees,582,146,48,0.07316862500010757,0.5329102899091701,0.3548387096774194,0.5072410603209033,0.5623297491039426,0.6301369863013698,0.73,0.2903225806451613,0.6666666666666666,0.2903225806451613,-0.025669229588266784,-0.06451612903225806
6,direct,2,ENG_04,engineering__INT_MOBILITY_X_POSTURAL_STABILITY,engineered_representation,final_26,none,all,INT_MOBILITY_X_POSTURAL_STABILITY,interaction,extra_trees,582,146,48,0.07034958300209837,0.5329102899091701,0.3548387096774194,0.5059723777528928,0.5623297491039426,0.6301369863013698,0.73,0.2903225806451613,0.6666666666666666,0.2903225806451613,-0.026937912156277277,-0.06451612903225806
6,direct,2,ENG_05,engineering__PCA_PART_I_PATIENT_3_80,engineered_representation,final_26,none,all,PCA_PART_I_PATIENT_3_80,pca,extra_trees,582,146,46,0.07614204099809285,0.5329102899091701,0.3548387096774194,0.5341225871518455,0.5838351254480286,0.6438356164383562,0.73,0.3548387096774194,0.6666666666666666,0.3548387096774194,0.001212297242675353,0.0
6,direct,2,ENG_06,engineering__PCA_PART_I_PATIENT_3_90,engineered_representation,final_26,none,all,PCA_PART_I_PATIENT_3_90,pca,extra_trees,582,146,47,0.07268491699869628,0.5329102899091701,0.3548387096774194,0.5264312435121531,0.5805017921146952,0.636986301369863,0.72,0.3548387096774194,0.6666666666666666,0.3548387096774194,-0.006479046397017019,0.0
6,direct,2,ENG_07,engineering__PCA_PART_I_PATIENT_3_95,engineered_representation,final_26,none,all,PCA_PART_I_PATIENT_3_95,pca,extra_trees,582,146,47,0.07695433300250443,0.5329102899091701,0.3548387096774194,0.5264312435121531,0.5805017921146952,0.636986301369863,0.72,0.3548387096774194,0.6666666666666666,0.3548387096774194,-0.006479046397017019,0.0
6,direct,3,ENG_01,engineering__INT_GAIT_X_POSTURAL_STABILITY,engineered_representation,final_26,none,all,INT_GAIT_X_POSTURAL_STABILITY,interaction,extra_trees,583,145,48,0.07574025000212714,0.5375813122374433,0.4375,0.5649729698642741,0.5858585858585859,0.6758620689655173,0.7575757575757576,0.5,0.5,0.5,0.027391657626830823,0.0625
6,direct,3,ENG_02,engineering__INT_MOTOR_X_COGNITION,engineered_representation,final_26,none,all,INT_MOTOR_X_COGNITION,interaction,extra_trees,583,145,48,0.0718090000009397,0.5375813122374433,0.4375,0.5626873000793946,0.5895412457912458,0.6689655172413793,0.7373737373737373,0.53125,0.5,0.53125,0.025105987841951283,0.09375
6,direct,3,ENG_03,engineering__INT_DURATION_X_MOTOR,engineered_representation,final_26,none,all,INT_DURATION_X_MOTOR,interaction,extra_trees,583,145,48,0.07084758399651037,0.5375813122374433,0.4375,0.5221529472003855,0.5448983886483887,0.6482758620689655,0.7373737373737373,0.46875,0.42857142857142855,0.46875,-0.0154283650370578,0.03125
6,direct,3,ENG_04,engineering__INT_MOBILITY_X_POSTURAL_STABILITY,engineered_representation,final_26,none,all,INT_MOBILITY_X_POSTURAL_STABILITY,interaction,extra_trees,583,145,48,0.07144075000178418,0.5375813122374433,0.4375,0.5662715294700756,0.5929082491582491,0.6758620689655173,0.7474747474747475,0.53125,0.5,0.53125,0.02869021723263232,0.09375
6,direct,3,ENG_05,engineering__PCA_PART_I_PATIENT_3_80,engineered_representation,final_26,none,all,PCA_PART_I_PATIENT_3_80,pca,extra_trees,583,145,46,0.07534508400203777,0.5375813122374433,0.4375,0.5187800891197742,0.5445075757575758,0.6344827586206897,0.7272727272727273,0.40625,0.5,0.40625,-0.018801223117669075,-0.03125
6,direct,3,ENG_06,engineering__PCA_PART_I_PATIENT_3_90,engineered_representation,final_26,none,all,PCA_PART_I_PATIENT_3_90,pca,extra_trees,583,145,47,0.0740674169974227,0.5375813122374433,0.4375,0.5151764855161707,0.5411405723905723,0.6275862068965518,0.7171717171717171,0.40625,0.5,0.40625,-0.02240482672127264,-0.03125
6,direct,3,ENG_07,engineering__PCA_PART_I_PATIENT_3_95,engineered_representation,final_26,none,all,PCA_PART_I_PATIENT_3_95,pca,extra_trees,583,145,47,0.07567020799979218,0.5375813122374433,0.4375,0.5151764855161707,0.5411405723905723,0.6275862068965518,0.7171717171717171,0.40625,0.5,0.40625,-0.02240482672127264,-0.03125
6,direct,4,ENG_01,engineering__INT_GAIT_X_POSTURAL_STABILITY,engineered_representation,final_26,none,all,INT_GAIT_X_POSTURAL_STABILITY,interaction,extra_trees,583,145,47,0.07305224999799975,0.4511448945295519,0.3125,0.43491463491463495,0.4621963684463684,0.5655172413793104,0.6767676767676768,0.28125,0.42857142857142855,0.28125,-0.016230259614916975,-0.03125
6,direct,4,ENG_02,engineering__INT_MOTOR_X_COGNITION,engineered_representation,final_26,none,all,INT_MOTOR_X_COGNITION,interaction,extra_trees,583,145,47,0.0732981250002922,0.4511448945295519,0.3125,0.44881037483996306,0.4860058922558923,0.5724137931034483,0.6767676767676768,0.28125,0.5,0.28125,-0.0023345196895888654,-0.03125
6,direct,4,ENG_03,engineering__INT_DURATION_X_MOTOR,engineered_representation,final_26,none,all,INT_DURATION_X_MOTOR,interaction,extra_trees,583,145,47,0.07454366700039827,0.4511448945295519,0.3125,0.3982298719308263,0.42757936507936506,0.5379310344827586,0.6666666666666666,0.1875,0.42857142857142855,0.1875,-0.0529150225987256,-0.125
6,direct,4,ENG_04,engineering__INT_MOBILITY_X_POSTURAL_STABILITY,engineered_representation,final_26,none,all,INT_MOBILITY_X_POSTURAL_STABILITY,interaction,extra_trees,583,145,47,0.0746218329986732,0.4511448945295519,0.3125,0.4081801622785229,0.44770622895622897,0.5517241379310345,0.6868686868686869,0.15625,0.5,0.15625,-0.042964732251029036,-0.15625
6,direct,4,ENG_05,engineering__PCA_PART_I_PATIENT_3_80,engineered_representation,final_26,none,all,PCA_PART_I_PATIENT_3_80,pca,extra_trees,583,145,45,0.07219424999857438,0.4511448945295519,0.3125,0.38067882438421047,0.4004028379028379,0.5241379310344828,0.6565656565656566,0.1875,0.35714285714285715,0.1875,-0.07046607014534145,-0.125
6,direct,4,ENG_06,engineering__PCA_PART_I_PATIENT_3_90,engineered_representation,final_26,none,all,PCA_PART_I_PATIENT_3_90,pca,extra_trees,583,145,46,0.07575312500193832,0.4511448945295519,0.3125,0.4191091240271568,0.4581228956228956,0.5586206896551724,0.6868686868686869,0.1875,0.5,0.1875,-0.032035770502395144,-0.125
6,direct,4,ENG_07,engineering__PCA_PART_I_PATIENT_3_95,engineered_representation,final_26,none,all,PCA_PART_I_PATIENT_3_95,pca,extra_trees,583,145,46,0.07007370900100796,0.4511448945295519,0.3125,0.4191091240271568,0.4581228956228956,0.5586206896551724,0.6868686868686869,0.1875,0.5,0.1875,-0.032035770502395144,-0.125
6,stage_1,0,ENG_01,engineering__INT_GAIT_X_POSTURAL_STABILITY,engineered_representation,final_26,none,all,INT_GAIT_X_POSTURAL_STABILITY,interaction,extra_trees,582,146,48,0.06060000000070431,0.6741071428571428,0.5869565217391305,0.6741071428571428,0.6784782608695652,0.7123287671232876,0.77,0.5869565217391305,,0.5869565217391305,0.0,0.0
6,stage_1,0,ENG_02,engineering__INT_MOTOR_X_COGNITION,engineered_representation,final_26,none,all,INT_MOTOR_X_COGNITION,interaction,extra_trees,582,146,48,0.06424370899912901,0.6741071428571428,0.5869565217391305,0.680625,0.6902173913043479,0.7123287671232876,0.75,0.6304347826086957,,0.6304347826086957,0.006517857142857242,0.04347826086956519
6,stage_1,0,ENG_03,engineering__INT_DURATION_X_MOTOR,engineered_representation,final_26,none,all,INT_DURATION_X_MOTOR,interaction,extra_trees,582,146,48,0.06433904199730023,0.6741071428571428,0.5869565217391305,0.6745632678451091,0.6852173913043478,0.7054794520547946,0.74,0.6304347826086957,,0.6304347826086957,0.00045612498796632206,0.04347826086956519
6,stage_1,0,ENG_04,engineering__INT_MOBILITY_X_POSTURAL_STABILITY,engineered_representation,final_26,none,all,INT_MOBILITY_X_POSTURAL_STABILITY,interaction,extra_trees,582,146,48,0.06347908300085692,0.6741071428571428,0.5869565217391305,0.6741071428571428,0.6784782608695652,0.7123287671232876,0.77,0.5869565217391305,,0.5869565217391305,0.0,0.0
6,stage_1,0,ENG_05,engineering__PCA_PART_I_PATIENT_3_80,engineered_representation,final_26,none,all,PCA_PART_I_PATIENT_3_80,pca,extra_trees,582,146,46,0.06259366700032842,0.6741071428571428,0.5869565217391305,0.6333422388458456,0.6358695652173914,0.678082191780822,0.75,0.5217391304347826,,0.5217391304347826,-0.040764904011297176,-0.0652173913043479
6,stage_1,0,ENG_06,engineering__PCA_PART_I_PATIENT_3_90,engineered_representation,final_26,none,all,PCA_PART_I_PATIENT_3_90,pca,extra_trees,582,146,47,0.06312283300212584,0.6741071428571428,0.5869565217391305,0.6489446967672989,0.6517391304347826,0.6917808219178082,0.76,0.5434782608695652,,0.5434782608695652,-0.02516244608984386,-0.0434782608695653
6,stage_1,0,ENG_07,engineering__PCA_PART_I_PATIENT_3_95,engineered_representation,final_26,none,all,PCA_PART_I_PATIENT_3_95,pca,extra_trees,582,146,47,0.06276112500199815,0.6741071428571428,0.5869565217391305,0.6489446967672989,0.6517391304347826,0.6917808219178082,0.76,0.5434782608695652,,0.5434782608695652,-0.02516244608984386,-0.0434782608695653
6,stage_1,1,ENG_01,engineering__INT_GAIT_X_POSTURAL_STABILITY,engineered_representation,final_26,none,all,INT_GAIT_X_POSTURAL_STABILITY,interaction,extra_trees,582,146,48,0.06198649999714689,0.7311783960720131,0.7391304347826086,0.7248790425261014,0.7445652173913043,0.7465753424657534,0.75,0.7391304347826086,,0.7391304347826086,-0.006299353545911712,0.0
6,stage_1,1,ENG_02,engineering__INT_MOTOR_X_COGNITION,engineered_representation,final_26,none,all,INT_MOTOR_X_COGNITION,interaction,extra_trees,582,146,48,0.06065879100060556,0.7311783960720131,0.7391304347826086,0.7225047516309653,0.738695652173913,0.7465753424657534,0.76,0.717391304347826,,0.717391304347826,-0.00867364444104779,-0.021739130434782594
6,stage_1,1,ENG_03,engineering__INT_DURATION_X_MOTOR,engineered_representation,final_26,none,all,INT_DURATION_X_MOTOR,interaction,extra_trees,582,146,48,0.07547045899991645,0.7311783960720131,0.7391304347826086,0.7225047516309653,0.738695652173913,0.7465753424657534,0.76,0.717391304347826,,0.717391304347826,-0.00867364444104779,-0.021739130434782594
6,stage_1,1,ENG_04,engineering__INT_MOBILITY_X_POSTURAL_STABILITY,engineered_representation,final_26,none,all,INT_MOBILITY_X_POSTURAL_STABILITY,interaction,extra_trees,582,146,48,0.06409412500215694,0.7311783960720131,0.7391304347826086,0.7225047516309653,0.738695652173913,0.7465753424657534,0.76,0.717391304347826,,0.717391304347826,-0.00867364444104779,-0.021739130434782594
6,stage_1,1,ENG_05,engineering__PCA_PART_I_PATIENT_3_80,engineered_representation,final_26,none,all,PCA_PART_I_PATIENT_3_80,pca,extra_trees,582,146,46,0.0630617919996439,0.7311783960720131,0.7391304347826086,0.7013093289689034,0.7178260869565217,0.726027397260274,0.74,0.6956521739130435,,0.6956521739130435,-0.02986906710310966,-0.04347826086956519
6,stage_1,1,ENG_06,engineering__PCA_PART_I_PATIENT_3_90,engineered_representation,final_26,none,all,PCA_PART_I_PATIENT_3_90,pca,extra_trees,582,146,47,0.07098587500149733,0.7311783960720131,0.7391304347826086,0.712351603940389,0.7345652173913043,0.7328767123287672,0.73,0.7391304347826086,,0.7391304347826086,-0.01882679213162408,0.0
6,stage_1,1,ENG_07,engineering__PCA_PART_I_PATIENT_3_95,engineered_representation,final_26,none,all,PCA_PART_I_PATIENT_3_95,pca,extra_trees,582,146,47,0.0762874579995696,0.7311783960720131,0.7391304347826086,0.712351603940389,0.7345652173913043,0.7328767123287672,0.73,0.7391304347826086,,0.7391304347826086,-0.01882679213162408,0.0
6,stage_1,2,ENG_01,engineering__INT_GAIT_X_POSTURAL_STABILITY,engineered_representation,final_26,none,all,INT_GAIT_X_POSTURAL_STABILITY,interaction,extra_trees,582,146,48,0.07420379199902527,0.6896998600383599,0.6521739130434783,0.7287925696594427,0.7436956521739131,0.7534246575342466,0.77,0.717391304347826,,0.717391304347826,0.0390927096210828,0.06521739130434778
6,stage_1,2,ENG_02,engineering__INT_MOTOR_X_COGNITION,engineered_representation,final_26,none,all,INT_MOTOR_X_COGNITION,interaction,extra_trees,582,146,48,0.0762366250019113,0.6896998600383599,0.6521739130434783,0.7199730444248613,0.7328260869565217,0.7465753424657534,0.77,0.6956521739130435,,0.6956521739130435,0.030273184386501395,0.04347826086956519
6,stage_1,2,ENG_03,engineering__INT_DURATION_X_MOTOR,engineered_representation,final_26,none,all,INT_DURATION_X_MOTOR,interaction,extra_trees,582,146,48,0.07645124999908148,0.6896998600383599,0.6521739130434783,0.7137254901960784,0.7278260869565217,0.7397260273972602,0.76,0.6956521739130435,,0.6956521739130435,0.024025630157718525,0.04347826086956519
6,stage_1,2,ENG_04,engineering__INT_MOBILITY_X_POSTURAL_STABILITY,engineered_representation,final_26,none,all,INT_MOBILITY_X_POSTURAL_STABILITY,interaction,extra_trees,582,146,48,0.06297954100227798,0.6896998600383599,0.6521739130434783,0.7199730444248613,0.7328260869565217,0.7465753424657534,0.77,0.6956521739130435,,0.6956521739130435,0.030273184386501395,0.04347826086956519
6,stage_1,2,ENG_05,engineering__PCA_PART_I_PATIENT_3_80,engineered_representation,final_26,none,all,PCA_PART_I_PATIENT_3_80,pca,extra_trees,582,146,46,0.07366020799963735,0.6896998600383599,0.6521739130434783,0.7172763908515204,0.7269565217391305,0.7465753424657534,0.78,0.6739130434782609,,0.6739130434782609,0.02757653081316047,0.021739130434782594
6,stage_1,2,ENG_06,engineering__PCA_PART_I_PATIENT_3_90,engineered_representation,final_26,none,all,PCA_PART_I_PATIENT_3_90,pca,extra_trees,582,146,47,0.06350095800007693,0.6896998600383599,0.6521739130434783,0.7110416666666667,0.7219565217391304,0.7397260273972602,0.77,0.6739130434782609,,0.6739130434782609,0.02134180662830676,0.021739130434782594
6,stage_1,2,ENG_07,engineering__PCA_PART_I_PATIENT_3_95,engineered_representation,final_26,none,all,PCA_PART_I_PATIENT_3_95,pca,extra_trees,582,146,47,0.07350133300133166,0.6896998600383599,0.6521739130434783,0.7110416666666667,0.7219565217391304,0.7397260273972602,0.77,0.6739130434782609,,0.6739130434782609,0.02134180662830676,0.021739130434782594
6,stage_1,3,ENG_01,engineering__INT_GAIT_X_POSTURAL_STABILITY,engineered_representation,final_26,none,all,INT_GAIT_X_POSTURAL_STABILITY,interaction,extra_trees,583,145,48,0.08062274999974761,0.6634278002699056,0.5652173913043478,0.691751700680272,0.6990557751427317,0.7241379310344828,0.7676767676767676,0.6304347826086957,,0.6304347826086957,0.028323900410366476,0.0652173913043479
6,stage_1,3,ENG_02,engineering__INT_MOTOR_X_COGNITION,engineered_representation,final_26,none,all,INT_MOTOR_X_COGNITION,interaction,extra_trees,583,145,48,0.07808191700314637,0.6634278002699056,0.5652173913043478,0.7009360621926066,0.7099253403601229,0.7310344827586207,0.7676767676767676,0.6521739130434783,,0.6521739130434783,0.03750826192270107,0.08695652173913049
6,stage_1,3,ENG_03,engineering__INT_DURATION_X_MOTOR,engineered_representation,final_26,none,all,INT_DURATION_X_MOTOR,interaction,extra_trees,583,145,48,0.07479512500140117,0.6634278002699056,0.5652173913043478,0.6979328027348966,0.7041062801932367,0.7310344827586207,0.7777777777777778,0.6304347826086957,,0.6304347826086957,0.034505002464991,0.0652173913043479
6,stage_1,3,ENG_04,engineering__INT_MOBILITY_X_POSTURAL_STABILITY,engineered_representation,final_26,none,all,INT_MOBILITY_X_POSTURAL_STABILITY,interaction,extra_trees,583,145,48,0.07632675000058953,0.6634278002699056,0.5652173913043478,0.6979328027348966,0.7041062801932367,0.7310344827586207,0.7777777777777778,0.6304347826086957,,0.6304347826086957,0.034505002464991,0.0652173913043479
6,stage_1,3,ENG_05,engineering__PCA_PART_I_PATIENT_3_80,engineered_representation,final_26,none,all,PCA_PART_I_PATIENT_3_80,pca,extra_trees,583,145,46,0.08068245799950091,0.6634278002699056,0.5652173913043478,0.6596801484635118,0.6606280193236715,0.7034482758620689,0.7777777777777778,0.5434782608695652,,0.5434782608695652,-0.0037476518063938036,-0.021739130434782594
6,stage_1,3,ENG_06,engineering__PCA_PART_I_PATIENT_3_90,engineered_representation,final_26,none,all,PCA_PART_I_PATIENT_3_90,pca,extra_trees,583,145,47,0.07467087499753688,0.6634278002699056,0.5652173913043478,0.6574312714776632,0.6613965744400527,0.696551724137931,0.7575757575757576,0.5652173913043478,,0.5652173913043478,-0.005996528792242328,0.0
6,stage_1,3,ENG_07,engineering__PCA_PART_I_PATIENT_3_95,engineered_representation,final_26,none,all,PCA_PART_I_PATIENT_3_95,pca,extra_trees,583,145,47,0.07249337500252295,0.6634278002699056,0.5652173913043478,0.6574312714776632,0.6613965744400527,0.696551724137931,0.7575757575757576,0.5652173913043478,,0.5652173913043478,-0.005996528792242328,0.0
6,stage_1,4,ENG_01,engineering__INT_GAIT_X_POSTURAL_STABILITY,engineered_representation,final_26,none,all,INT_GAIT_X_POSTURAL_STABILITY,interaction,extra_trees,583,145,47,0.07888170899968827,0.598543888433142,0.5652173913043478,0.620479675231024,0.6245059288537549,0.6620689655172414,0.7272727272727273,0.5217391304347826,,0.5217391304347826,0.021935786797881995,-0.04347826086956519
6,stage_1,4,ENG_02,engineering__INT_MOTOR_X_COGNITION,engineered_representation,final_26,none,all,INT_MOTOR_X_COGNITION,interaction,extra_trees,583,145,47,0.07920508299866924,0.598543888433142,0.5652173913043478,0.6262886597938144,0.62955643390426,0.6689655172413793,0.7373737373737373,0.5217391304347826,,0.5217391304347826,0.027744771360672438,-0.04347826086956519
6,stage_1,4,ENG_03,engineering__INT_DURATION_X_MOTOR,engineered_representation,final_26,none,all,INT_DURATION_X_MOTOR,interaction,extra_trees,583,145,47,0.08109187499940163,0.598543888433142,0.5652173913043478,0.620479675231024,0.6245059288537549,0.6620689655172414,0.7272727272727273,0.5217391304347826,,0.5217391304347826,0.021935786797881995,-0.04347826086956519
6,stage_1,4,ENG_04,engineering__INT_MOBILITY_X_POSTURAL_STABILITY,engineered_representation,final_26,none,all,INT_MOBILITY_X_POSTURAL_STABILITY,interaction,extra_trees,583,145,47,0.0755020409997087,0.598543888433142,0.5652173913043478,0.6146896258503401,0.6194554238032499,0.6551724137931034,0.7171717171717171,0.5217391304347826,,0.5217391304347826,0.016145737417198158,-0.04347826086956519
6,stage_1,4,ENG_05,engineering__PCA_PART_I_PATIENT_3_80,engineered_representation,final_26,none,all,PCA_PART_I_PATIENT_3_80,pca,extra_trees,583,145,45,0.07759395800167113,0.598543888433142,0.5652173913043478,0.6262886597938144,0.62955643390426,0.6689655172413793,0.7373737373737373,0.5217391304347826,,0.5217391304347826,0.027744771360672438,-0.04347826086956519
6,stage_1,4,ENG_06,engineering__PCA_PART_I_PATIENT_3_90,engineered_representation,final_26,none,all,PCA_PART_I_PATIENT_3_90,pca,extra_trees,583,145,46,0.07597554099993431,0.598543888433142,0.5652173913043478,0.6242530012163521,0.6303249890206412,0.6620689655172414,0.7171717171717171,0.5434782608695652,,0.5434782608695652,0.025709112783210086,-0.021739130434782594
6,stage_1,4,ENG_07,engineering__PCA_PART_I_PATIENT_3_95,engineered_representation,final_26,none,all,PCA_PART_I_PATIENT_3_95,pca,extra_trees,583,145,46,0.07829475000107777,0.598543888433142,0.5652173913043478,0.6242530012163521,0.6303249890206412,0.6620689655172414,0.7171717171717171,0.5434782608695652,,0.5434782608695652,0.025709112783210086,-0.021739130434782594
6,stage_2,0,ENG_01,engineering__INT_GAIT_X_POSTURAL_STABILITY,engineered_representation,final_26,none,all,INT_GAIT_X_POSTURAL_STABILITY,interaction,extra_trees,184,46,47,0.06448874999841792,0.8516129032258064,0.875,0.8237547892720306,0.8303571428571428,0.8478260869565217,0.875,0.7857142857142857,,0.875,-0.027858113953775798,0.0
6,stage_2,0,ENG_02,engineering__INT_MOTOR_X_COGNITION,engineered_representation,final_26,none,all,INT_MOTOR_X_COGNITION,interaction,extra_trees,184,46,47,0.064780165997945,0.8516129032258064,0.875,0.8237547892720306,0.8303571428571428,0.8478260869565217,0.875,0.7857142857142857,,0.875,-0.027858113953775798,0.0
6,stage_2,0,ENG_03,engineering__INT_DURATION_X_MOTOR,engineered_representation,final_26,none,all,INT_DURATION_X_MOTOR,interaction,extra_trees,184,46,47,0.06365675000051851,0.8516129032258064,0.875,0.8237547892720306,0.8303571428571428,0.8478260869565217,0.875,0.7857142857142857,,0.875,-0.027858113953775798,0.0
6,stage_2,0,ENG_04,engineering__INT_MOBILITY_X_POSTURAL_STABILITY,engineered_representation,final_26,none,all,INT_MOBILITY_X_POSTURAL_STABILITY,interaction,extra_trees,184,46,47,0.0649771669995971,0.8516129032258064,0.875,0.8021505376344086,0.8147321428571428,0.8260869565217391,0.84375,0.7857142857142857,,0.84375,-0.04946236559139783,-0.03125
6,stage_2,0,ENG_05,engineering__PCA_PART_I_PATIENT_3_80,engineered_representation,final_26,none,all,PCA_PART_I_PATIENT_3_80,pca,extra_trees,184,46,45,0.06224991700219107,0.8516129032258064,0.875,0.8297197250132204,0.8504464285714286,0.8478260869565217,0.84375,0.8571428571428571,,0.84375,-0.021893178212585962,-0.03125
6,stage_2,0,ENG_06,engineering__PCA_PART_I_PATIENT_3_90,engineered_representation,final_26,none,all,PCA_PART_I_PATIENT_3_90,pca,extra_trees,184,46,46,0.0626017500035232,0.8516129032258064,0.875,0.8021505376344086,0.8147321428571428,0.8260869565217391,0.84375,0.7857142857142857,,0.84375,-0.04946236559139783,-0.03125
6,stage_2,0,ENG_07,engineering__PCA_PART_I_PATIENT_3_95,engineered_representation,final_26,none,all,PCA_PART_I_PATIENT_3_95,pca,extra_trees,184,46,46,0.06195320799815818,0.8516129032258064,0.875,0.8021505376344086,0.8147321428571428,0.8260869565217391,0.84375,0.7857142857142857,,0.84375,-0.04946236559139783,-0.03125
6,stage_2,1,ENG_01,engineering__INT_GAIT_X_POSTURAL_STABILITY,engineered_representation,final_26,none,all,INT_GAIT_X_POSTURAL_STABILITY,interaction,extra_trees,184,46,47,0.06526633300018148,0.6456086286594761,0.6875,0.6456086286594761,0.6651785714285714,0.6739130434782609,0.6875,0.6428571428571429,,0.6875,0.0,0.0
6,stage_2,1,ENG_02,engineering__INT_MOTOR_X_COGNITION,engineered_representation,final_26,none,all,INT_MOTOR_X_COGNITION,interaction,extra_trees,184,46,47,0.07223229200099013,0.6456086286594761,0.6875,0.6456086286594761,0.6651785714285714,0.6739130434782609,0.6875,0.6428571428571429,,0.6875,0.0,0.0
6,stage_2,1,ENG_03,engineering__INT_DURATION_X_MOTOR,engineered_representation,final_26,none,all,INT_DURATION_X_MOTOR,interaction,extra_trees,184,46,47,0.061348291998001514,0.6456086286594761,0.6875,0.6456086286594761,0.6651785714285714,0.6739130434782609,0.6875,0.6428571428571429,,0.6875,0.0,0.0
6,stage_2,1,ENG_04,engineering__INT_MOBILITY_X_POSTURAL_STABILITY,engineered_representation,final_26,none,all,INT_MOBILITY_X_POSTURAL_STABILITY,interaction,extra_trees,184,46,47,0.06710658299925853,0.6456086286594761,0.6875,0.6456086286594761,0.6651785714285714,0.6739130434782609,0.6875,0.6428571428571429,,0.6875,0.0,0.0
6,stage_2,1,ENG_05,engineering__PCA_PART_I_PATIENT_3_80,engineered_representation,final_26,none,all,PCA_PART_I_PATIENT_3_80,pca,extra_trees,184,46,45,0.06142037499739672,0.6456086286594761,0.6875,0.6734279918864097,0.7008928571428572,0.6956521739130435,0.6875,0.7142857142857143,,0.6875,0.02781936322693357,0.0
6,stage_2,1,ENG_06,engineering__PCA_PART_I_PATIENT_3_90,engineered_representation,final_26,none,all,PCA_PART_I_PATIENT_3_90,pca,extra_trees,184,46,46,0.06787462499778485,0.6456086286594761,0.6875,0.6734279918864097,0.7008928571428572,0.6956521739130435,0.6875,0.7142857142857143,,0.6875,0.02781936322693357,0.0
6,stage_2,1,ENG_07,engineering__PCA_PART_I_PATIENT_3_95,engineered_representation,final_26,none,all,PCA_PART_I_PATIENT_3_95,pca,extra_trees,184,46,46,0.06464799999957904,0.6456086286594761,0.6875,0.6734279918864097,0.7008928571428572,0.6956521739130435,0.6875,0.7142857142857143,,0.6875,0.02781936322693357,0.0
6,stage_2,2,ENG_01,engineering__INT_GAIT_X_POSTURAL_STABILITY,engineered_representation,final_26,none,all,INT_GAIT_X_POSTURAL_STABILITY,interaction,extra_trees,184,46,47,0.06619445800242829,0.6541353383458646,0.6774193548387096,0.6541353383458646,0.6720430107526881,0.6739130434782609,0.6774193548387096,0.6666666666666666,,0.6774193548387096,0.0,0.0
6,stage_2,2,ENG_02,engineering__INT_MOTOR_X_COGNITION,engineered_representation,final_26,none,all,INT_MOTOR_X_COGNITION,interaction,extra_trees,184,46,47,0.06747341599839274,0.6541353383458646,0.6774193548387096,0.6541353383458646,0.6720430107526881,0.6739130434782609,0.6774193548387096,0.6666666666666666,,0.6774193548387096,0.0,0.0
6,stage_2,2,ENG_03,engineering__INT_DURATION_X_MOTOR,engineered_representation,final_26,none,all,INT_DURATION_X_MOTOR,interaction,extra_trees,184,46,47,0.06759816699923249,0.6541353383458646,0.6774193548387096,0.6734279918864097,0.6881720430107527,0.6956521739130435,0.7096774193548387,0.6666666666666666,,0.7096774193548387,0.0192926535405451,0.032258064516129115
6,stage_2,2,ENG_04,engineering__INT_MOBILITY_X_POSTURAL_STABILITY,engineered_representation,final_26,none,all,INT_MOBILITY_X_POSTURAL_STABILITY,interaction,extra_trees,184,46,47,0.06549479200111818,0.6541353383458646,0.6774193548387096,0.6541353383458646,0.6720430107526881,0.6739130434782609,0.6774193548387096,0.6666666666666666,,0.6774193548387096,0.0,0.0
6,stage_2,2,ENG_05,engineering__PCA_PART_I_PATIENT_3_80,engineered_representation,final_26,none,all,PCA_PART_I_PATIENT_3_80,pca,extra_trees,184,46,46,0.06557329099814524,0.6541353383458646,0.6774193548387096,0.6541353383458646,0.6720430107526881,0.6739130434782609,0.6774193548387096,0.6666666666666666,,0.6774193548387096,0.0,0.0
6,stage_2,2,ENG_06,engineering__PCA_PART_I_PATIENT_3_90,engineered_representation,final_26,none,all,PCA_PART_I_PATIENT_3_90,pca,extra_trees,184,46,46,0.06563091699717916,0.6541353383458646,0.6774193548387096,0.6541353383458646,0.6720430107526881,0.6739130434782609,0.6774193548387096,0.6666666666666666,,0.6774193548387096,0.0,0.0
6,stage_2,2,ENG_07,engineering__PCA_PART_I_PATIENT_3_95,engineered_representation,final_26,none,all,PCA_PART_I_PATIENT_3_95,pca,extra_trees,184,46,46,0.06878662500093924,0.6541353383458646,0.6774193548387096,0.6541353383458646,0.6720430107526881,0.6739130434782609,0.6774193548387096,0.6666666666666666,,0.6774193548387096,0.0,0.0
6,stage_2,3,ENG_01,engineering__INT_GAIT_X_POSTURAL_STABILITY,engineered_representation,final_26,none,all,INT_GAIT_X_POSTURAL_STABILITY,interaction,extra_trees,184,46,47,0.0784583750028105,0.6617647058823529,0.875,0.7391304347826086,0.71875,0.8043478260869565,0.9375,0.5,,0.9375,0.07736572890025573,0.0625
6,stage_2,3,ENG_02,engineering__INT_MOTOR_X_COGNITION,engineered_representation,final_26,none,all,INT_MOTOR_X_COGNITION,interaction,extra_trees,184,46,47,0.06325945800199406,0.6617647058823529,0.875,0.7181372549019608,0.703125,0.782608695652174,0.90625,0.5,,0.90625,0.056372549019607865,0.03125
6,stage_2,3,ENG_03,engineering__INT_DURATION_X_MOTOR,engineered_representation,final_26,none,all,INT_DURATION_X_MOTOR,interaction,extra_trees,184,46,47,0.06268849999833037,0.6617647058823529,0.875,0.697910447761194,0.6875,0.7608695652173914,0.875,0.5,,0.875,0.03614574187884112,0.0
6,stage_2,3,ENG_04,engineering__INT_MOBILITY_X_POSTURAL_STABILITY,engineered_representation,final_26,none,all,INT_MOBILITY_X_POSTURAL_STABILITY,interaction,extra_trees,184,46,47,0.06866883400289225,0.6617647058823529,0.875,0.697910447761194,0.6875,0.7608695652173914,0.875,0.5,,0.875,0.03614574187884112,0.0
6,stage_2,3,ENG_05,engineering__PCA_PART_I_PATIENT_3_80,engineered_representation,final_26,none,all,PCA_PART_I_PATIENT_3_80,pca,extra_trees,184,46,46,0.0717553329996008,0.6617647058823529,0.875,0.697910447761194,0.6875,0.7608695652173914,0.875,0.5,,0.875,0.03614574187884112,0.0
6,stage_2,3,ENG_06,engineering__PCA_PART_I_PATIENT_3_90,engineered_representation,final_26,none,all,PCA_PART_I_PATIENT_3_90,pca,extra_trees,184,46,46,0.06430408400046872,0.6617647058823529,0.875,0.697910447761194,0.6875,0.7608695652173914,0.875,0.5,,0.875,0.03614574187884112,0.0
6,stage_2,3,ENG_07,engineering__PCA_PART_I_PATIENT_3_95,engineered_representation,final_26,none,all,PCA_PART_I_PATIENT_3_95,pca,extra_trees,184,46,46,0.06806729200252448,0.6617647058823529,0.875,0.697910447761194,0.6875,0.7608695652173914,0.875,0.5,,0.875,0.03614574187884112,0.0
6,stage_2,4,ENG_01,engineering__INT_GAIT_X_POSTURAL_STABILITY,engineered_representation,final_26,none,all,INT_GAIT_X_POSTURAL_STABILITY,interaction,extra_trees,184,46,47,0.06200358400019468,0.571975916803503,0.71875,0.5892857142857143,0.5892857142857143,0.6521739130434783,0.75,0.42857142857142855,,0.75,0.017309797482211287,0.03125
6,stage_2,4,ENG_02,engineering__INT_MOTOR_X_COGNITION,engineered_representation,final_26,none,all,INT_MOTOR_X_COGNITION,interaction,extra_trees,184,46,47,0.06478841599891894,0.571975916803503,0.71875,0.5892857142857143,0.5892857142857143,0.6521739130434783,0.75,0.42857142857142855,,0.75,0.017309797482211287,0.03125
6,stage_2,4,ENG_03,engineering__INT_DURATION_X_MOTOR,engineered_representation,final_26,none,all,INT_DURATION_X_MOTOR,interaction,extra_trees,184,46,47,0.07149849999768776,0.571975916803503,0.71875,0.5379464285714286,0.5379464285714286,0.6086956521739131,0.71875,0.35714285714285715,,0.71875,-0.03402948823207441,0.0
6,stage_2,4,ENG_04,engineering__INT_MOBILITY_X_POSTURAL_STABILITY,engineered_representation,final_26,none,all,INT_MOBILITY_X_POSTURAL_STABILITY,interaction,extra_trees,184,46,47,0.06385883299662964,0.571975916803503,0.71875,0.5544159544159544,0.5535714285714286,0.6304347826086957,0.75,0.35714285714285715,,0.75,-0.017559962387548644,0.03125
6,stage_2,4,ENG_05,engineering__PCA_PART_I_PATIENT_3_80,engineered_representation,final_26,none,all,PCA_PART_I_PATIENT_3_80,pca,extra_trees,184,46,45,0.0742217079969123,0.571975916803503,0.71875,0.5892857142857143,0.5892857142857143,0.6521739130434783,0.75,0.42857142857142855,,0.75,0.017309797482211287,0.03125
6,stage_2,4,ENG_06,engineering__PCA_PART_I_PATIENT_3_90,engineered_representation,final_26,none,all,PCA_PART_I_PATIENT_3_90,pca,extra_trees,184,46,46,0.06152920800013817,0.571975916803503,0.71875,0.5216201423097975,0.5223214285714286,0.5869565217391305,0.6875,0.35714285714285715,,0.6875,-0.05035577449370554,-0.03125
6,stage_2,4,ENG_07,engineering__PCA_PART_I_PATIENT_3_95,engineered_representation,final_26,none,all,PCA_PART_I_PATIENT_3_95,pca,extra_trees,184,46,46,0.06676233400139608,0.571975916803503,0.71875,0.5216201423097975,0.5223214285714286,0.5869565217391305,0.6875,0.35714285714285715,,0.6875,-0.05035577449370554,-0.03125
7,direct,0,ENG_01,engineering__INT_GAIT_X_POSTURAL_STABILITY,engineered_representation,final_26,none,all,INT_GAIT_X_POSTURAL_STABILITY,interaction,extra_trees,582,146,48,0.07732829100132221,0.4979166666666666,0.21875,0.49998569520548464,0.5342261904761905,0.6301369863013698,0.75,0.28125,0.5714285714285714,0.28125,0.0020690285388180185,0.0625
7,direct,0,ENG_02,engineering__INT_MOTOR_X_COGNITION,engineered_representation,final_26,none,all,INT_MOTOR_X_COGNITION,interaction,extra_trees,582,146,48,0.07690612499936833,0.4979166666666666,0.21875,0.5209721194177153,0.5580357142857143,0.636986301369863,0.75,0.28125,0.6428571428571429,0.28125,0.023055452751048644,0.0625
7,direct,0,ENG_03,engineering__INT_DURATION_X_MOTOR,engineered_representation,final_26,none,all,INT_DURATION_X_MOTOR,interaction,extra_trees,582,146,48,0.07428716699723736,0.4979166666666666,0.21875,0.5216912027795922,0.5613690476190477,0.6438356164383562,0.76,0.28125,0.6428571428571429,0.28125,0.023774536112925626,0.0625
7,direct,0,ENG_04,engineering__INT_MOBILITY_X_POSTURAL_STABILITY,engineered_representation,final_26,none,all,INT_MOBILITY_X_POSTURAL_STABILITY,interaction,extra_trees,582,146,48,0.07081816700156196,0.4979166666666666,0.21875,0.5042763157894737,0.5480357142857143,0.6164383561643836,0.72,0.28125,0.6428571428571429,0.28125,0.006359649122807121,0.0625
7,direct,0,ENG_05,engineering__PCA_PART_I_PATIENT_3_80,engineered_representation,final_26,none,all,PCA_PART_I_PATIENT_3_80,pca,extra_trees,582,146,46,0.07835925000108546,0.4979166666666666,0.21875,0.4590319294982508,0.4996428571428571,0.6027397260273972,0.74,0.1875,0.5714285714285714,0.1875,-0.03888473716841584,-0.03125
7,direct,0,ENG_06,engineering__PCA_PART_I_PATIENT_3_90,engineered_representation,final_26,none,all,PCA_PART_I_PATIENT_3_90,pca,extra_trees,582,146,47,0.07324775000233785,0.4979166666666666,0.21875,0.5190631217218303,0.5613690476190477,0.6438356164383562,0.76,0.28125,0.6428571428571429,0.28125,0.021146455055163715,0.0625
7,direct,0,ENG_07,engineering__PCA_PART_I_PATIENT_3_95,engineered_representation,final_26,none,all,PCA_PART_I_PATIENT_3_95,pca,extra_trees,582,146,47,0.07709583300311351,0.4979166666666666,0.21875,0.5190631217218303,0.5613690476190477,0.6438356164383562,0.76,0.28125,0.6428571428571429,0.28125,0.021146455055163715,0.0625
7,direct,1,ENG_01,engineering__INT_GAIT_X_POSTURAL_STABILITY,engineered_representation,final_26,none,all,INT_GAIT_X_POSTURAL_STABILITY,interaction,extra_trees,582,146,48,0.07877854199978174,0.5439636295330083,0.34375,0.47559308068323697,0.5476785714285715,0.6027397260273972,0.71,0.21875,0.7142857142857143,0.21875,-0.06837054884977128,-0.125
7,direct,1,ENG_02,engineering__INT_MOTOR_X_COGNITION,engineered_representation,final_26,none,all,INT_MOTOR_X_COGNITION,interaction,extra_trees,582,146,48,0.07457833300213679,0.5439636295330083,0.34375,0.5161280388280148,0.5960714285714285,0.6164383561643836,0.69,0.3125,0.7857142857142857,0.3125,-0.027835590704993418,-0.03125
7,direct,1,ENG_03,engineering__INT_DURATION_X_MOTOR,engineered_representation,final_26,none,all,INT_DURATION_X_MOTOR,interaction,extra_trees,582,146,48,0.07662341699688113,0.5439636295330083,0.34375,0.4773122570083896,0.5614880952380953,0.589041095890411,0.68,0.21875,0.7857142857142857,0.21875,-0.06665137252461867,-0.125
7,direct,1,ENG_04,engineering__INT_MOBILITY_X_POSTURAL_STABILITY,engineered_representation,final_26,none,all,INT_MOBILITY_X_POSTURAL_STABILITY,interaction,extra_trees,582,146,48,0.0751980419991014,0.5439636295330083,0.34375,0.4915775088427022,0.5752380952380952,0.6027397260273972,0.69,0.25,0.7857142857142857,0.25,-0.05238612069030607,-0.09375
7,direct,1,ENG_05,engineering__PCA_PART_I_PATIENT_3_80,engineered_representation,final_26,none,all,PCA_PART_I_PATIENT_3_80,pca,extra_trees,582,146,46,0.07265662499776226,0.5439636295330083,0.34375,0.5112146307798481,0.5789285714285715,0.6232876712328768,0.71,0.3125,0.7142857142857143,0.3125,-0.032748998753160175,-0.03125
7,direct,1,ENG_06,engineering__PCA_PART_I_PATIENT_3_90,engineered_representation,final_26,none,all,PCA_PART_I_PATIENT_3_90,pca,extra_trees,582,146,47,0.0757135419989936,0.5439636295330083,0.34375,0.49188094124980514,0.5614285714285714,0.6164383561643836,0.72,0.25,0.7142857142857143,0.25,-0.052082688283203116,-0.09375
7,direct,1,ENG_07,engineering__PCA_PART_I_PATIENT_3_95,engineered_representation,final_26,none,all,PCA_PART_I_PATIENT_3_95,pca,extra_trees,582,146,47,0.07616466599938576,0.5439636295330083,0.34375,0.49188094124980514,0.5614285714285714,0.6164383561643836,0.72,0.25,0.7142857142857143,0.25,-0.052082688283203116,-0.09375
7,direct,2,ENG_01,engineering__INT_GAIT_X_POSTURAL_STABILITY,engineered_representation,final_26,none,all,INT_GAIT_X_POSTURAL_STABILITY,interaction,extra_trees,582,146,47,0.07753470800162177,0.5641135253820212,0.41935483870967744,0.5309371184371184,0.5541935483870968,0.636986301369863,0.74,0.3225806451612903,0.6,0.3225806451612903,-0.03317640694490276,-0.09677419354838712
7,direct,2,ENG_02,engineering__INT_MOTOR_X_COGNITION,engineered_representation,final_26,none,all,INT_MOTOR_X_COGNITION,interaction,extra_trees,582,146,47,0.07325891700020293,0.5641135253820212,0.41935483870967744,0.5291837384113877,0.5575268817204301,0.6438356164383562,0.75,0.3225806451612903,0.6,0.3225806451612903,-0.034929786970633536,-0.09677419354838712
7,direct,2,ENG_03,engineering__INT_DURATION_X_MOTOR,engineered_representation,final_26,none,all,INT_DURATION_X_MOTOR,interaction,extra_trees,582,146,47,0.07476504200167255,0.5641135253820212,0.41935483870967744,0.5326201645282261,0.5608602150537635,0.6506849315068494,0.76,0.3225806451612903,0.6,0.3225806451612903,-0.03149336085379506,-0.09677419354838712
7,direct,2,ENG_04,engineering__INT_MOBILITY_X_POSTURAL_STABILITY,engineered_representation,final_26,none,all,INT_MOBILITY_X_POSTURAL_STABILITY,interaction,extra_trees,582,146,47,0.07382549999965704,0.5641135253820212,0.41935483870967744,0.5360364065027278,0.5656630824372759,0.636986301369863,0.74,0.2903225806451613,0.6666666666666666,0.2903225806451613,-0.028077118879293428,-0.12903225806451613
7,direct,2,ENG_05,engineering__PCA_PART_I_PATIENT_3_80,engineered_representation,final_26,none,all,PCA_PART_I_PATIENT_3_80,pca,extra_trees,582,146,45,0.07366691700008232,0.5641135253820212,0.41935483870967744,0.5253021699620396,0.5541935483870968,0.636986301369863,0.74,0.3225806451612903,0.6,0.3225806451612903,-0.0388113554199816,-0.09677419354838712
7,direct,2,ENG_06,engineering__PCA_PART_I_PATIENT_3_90,engineered_representation,final_26,none,all,PCA_PART_I_PATIENT_3_90,pca,extra_trees,582,146,46,0.07522633299959125,0.5641135253820212,0.41935483870967744,0.5342864814069003,0.5616129032258065,0.636986301369863,0.73,0.3548387096774194,0.6,0.3548387096774194,-0.029827043975120926,-0.06451612903225806
7,direct,2,ENG_07,engineering__PCA_PART_I_PATIENT_3_95,engineered_representation,final_26,none,all,PCA_PART_I_PATIENT_3_95,pca,extra_trees,582,146,46,0.07424724999873433,0.5641135253820212,0.41935483870967744,0.5342864814069003,0.5616129032258065,0.636986301369863,0.73,0.3548387096774194,0.6,0.3548387096774194,-0.029827043975120926,-0.06451612903225806
7,direct,3,ENG_01,engineering__INT_GAIT_X_POSTURAL_STABILITY,engineered_representation,final_26,none,all,INT_GAIT_X_POSTURAL_STABILITY,interaction,extra_trees,583,145,48,0.07634762499947101,0.4474697270277381,0.3125,0.41646081476589947,0.4353354978354978,0.5379310344827586,0.6363636363636364,0.3125,0.35714285714285715,0.3125,-0.031008912261838606,0.0
7,direct,3,ENG_02,engineering__INT_MOTOR_X_COGNITION,engineered_representation,final_26,none,all,INT_MOTOR_X_COGNITION,interaction,extra_trees,583,145,48,0.07856741599971429,0.4474697270277381,0.3125,0.44208566108007447,0.4658790283790284,0.5586206896551724,0.6565656565656566,0.3125,0.42857142857142855,0.3125,-0.005384065947663608,0.0
7,direct,3,ENG_03,engineering__INT_DURATION_X_MOTOR,engineered_representation,final_26,none,all,INT_DURATION_X_MOTOR,interaction,extra_trees,583,145,48,0.07665812500272295,0.4474697270277381,0.3125,0.44730271371312175,0.47292869167869167,0.5586206896551724,0.6464646464646465,0.34375,0.42857142857142855,0.34375,-0.00016701331461632662,0.03125
7,direct,3,ENG_04,engineering__INT_MOBILITY_X_POSTURAL_STABILITY,engineered_representation,final_26,none,all,INT_MOBILITY_X_POSTURAL_STABILITY,interaction,extra_trees,583,145,48,0.07888158400237444,0.4474697270277381,0.3125,0.4301765650080256,0.4491191678691679,0.5517241379310345,0.6464646464646465,0.34375,0.35714285714285715,0.34375,-0.017293162019712482,0.03125
7,direct,3,ENG_05,engineering__PCA_PART_I_PATIENT_3_80,engineered_representation,final_26,none,all,PCA_PART_I_PATIENT_3_80,pca,extra_trees,583,145,46,0.07726641699991887,0.4474697270277381,0.3125,0.45956354480944644,0.4893728956228956,0.5793103448275863,0.6868686868686869,0.28125,0.5,0.28125,0.012093817781708371,-0.03125
7,direct,3,ENG_06,engineering__PCA_PART_I_PATIENT_3_90,engineered_representation,final_26,none,all,PCA_PART_I_PATIENT_3_90,pca,extra_trees,583,145,47,0.07375783400129876,0.4474697270277381,0.3125,0.4491249491249491,0.4726130351130351,0.5724137931034483,0.6767676767676768,0.3125,0.42857142857142855,0.3125,0.0016552220972110288,0.0
7,direct,3,ENG_07,engineering__PCA_PART_I_PATIENT_3_95,engineered_representation,final_26,none,all,PCA_PART_I_PATIENT_3_95,pca,extra_trees,583,145,47,0.07745595799860894,0.4474697270277381,0.3125,0.4491249491249491,0.4726130351130351,0.5724137931034483,0.6767676767676768,0.3125,0.42857142857142855,0.3125,0.0016552220972110288,0.0
7,direct,4,ENG_01,engineering__INT_GAIT_X_POSTURAL_STABILITY,engineered_representation,final_26,none,all,INT_GAIT_X_POSTURAL_STABILITY,interaction,extra_trees,583,145,48,0.07583079200048815,0.5266805266805267,0.375,0.5294668614888914,0.5713684463684464,0.6620689655172414,0.7676767676767676,0.375,0.5714285714285714,0.375,0.0027863348083647654,0.0
7,direct,4,ENG_02,engineering__INT_MOTOR_X_COGNITION,engineered_representation,final_26,none,all,INT_MOTOR_X_COGNITION,interaction,extra_trees,583,145,48,0.07428808300028322,0.5266805266805267,0.375,0.5136565136565137,0.5575847763347763,0.6482758620689655,0.7575757575757576,0.34375,0.5714285714285714,0.34375,-0.013024013024013015,-0.03125
7,direct,4,ENG_03,engineering__INT_DURATION_X_MOTOR,engineered_representation,final_26,none,all,INT_DURATION_X_MOTOR,interaction,extra_trees,583,145,48,0.07397637499889242,0.5266805266805267,0.375,0.5096834023464458,0.554217772967773,0.6413793103448275,0.7474747474747475,0.34375,0.5714285714285714,0.34375,-0.01699712433408085,-0.03125
7,direct,4,ENG_04,engineering__INT_MOBILITY_X_POSTURAL_STABILITY,engineered_representation,final_26,none,all,INT_MOBILITY_X_POSTURAL_STABILITY,interaction,extra_trees,583,145,48,0.07525537499896018,0.5266805266805267,0.375,0.5096834023464458,0.554217772967773,0.6413793103448275,0.7474747474747475,0.34375,0.5714285714285714,0.34375,-0.01699712433408085,-0.03125
7,direct,4,ENG_05,engineering__PCA_PART_I_PATIENT_3_80,engineered_representation,final_26,none,all,PCA_PART_I_PATIENT_3_80,pca,extra_trees,583,145,46,0.07476341700021294,0.5266805266805267,0.375,0.5212493599590374,0.564318783068783,0.6620689655172414,0.7777777777777778,0.34375,0.5714285714285714,0.34375,-0.0054311667214892445,-0.03125
7,direct,4,ENG_06,engineering__PCA_PART_I_PATIENT_3_90,engineered_representation,final_26,none,all,PCA_PART_I_PATIENT_3_90,pca,extra_trees,583,145,47,0.07505975000094622,0.5266805266805267,0.375,0.48158690125903236,0.5266504329004329,0.6137931034482759,0.7272727272727273,0.28125,0.5714285714285714,0.28125,-0.04509362542149431,-0.09375
7,direct,4,ENG_07,engineering__PCA_PART_I_PATIENT_3_95,engineered_representation,final_26,none,all,PCA_PART_I_PATIENT_3_95,pca,extra_trees,583,145,47,0.076759999999922,0.5266805266805267,0.375,0.48158690125903236,0.5266504329004329,0.6137931034482759,0.7272727272727273,0.28125,0.5714285714285714,0.28125,-0.04509362542149431,-0.09375
7,stage_1,0,ENG_01,engineering__INT_GAIT_X_POSTURAL_STABILITY,engineered_representation,final_26,none,all,INT_GAIT_X_POSTURAL_STABILITY,interaction,extra_trees,582,146,48,0.06446320800023386,0.6862239415430905,0.5869565217391305,0.6862239415430905,0.6884782608695652,0.726027397260274,0.79,0.5869565217391305,,0.5869565217391305,0.0,0.0
7,stage_1,0,ENG_02,engineering__INT_MOTOR_X_COGNITION,engineered_representation,final_26,none,all,INT_MOTOR_X_COGNITION,interaction,extra_trees,582,146,48,0.06171270800041384,0.6862239415430905,0.5869565217391305,0.6862239415430905,0.6884782608695652,0.726027397260274,0.79,0.5869565217391305,,0.5869565217391305,0.0,0.0
7,stage_1,0,ENG_03,engineering__INT_DURATION_X_MOTOR,engineered_representation,final_26,none,all,INT_DURATION_X_MOTOR,interaction,extra_trees,582,146,48,0.07373862500026007,0.6862239415430905,0.5869565217391305,0.6862239415430905,0.6884782608695652,0.726027397260274,0.79,0.5869565217391305,,0.5869565217391305,0.0,0.0
7,stage_1,0,ENG_04,engineering__INT_MOBILITY_X_POSTURAL_STABILITY,engineered_representation,final_26,none,all,INT_MOBILITY_X_POSTURAL_STABILITY,interaction,extra_trees,582,146,48,0.06468924999717274,0.6862239415430905,0.5869565217391305,0.6862239415430905,0.6884782608695652,0.726027397260274,0.79,0.5869565217391305,,0.5869565217391305,0.0,0.0
7,stage_1,0,ENG_05,engineering__PCA_PART_I_PATIENT_3_80,engineered_representation,final_26,none,all,PCA_PART_I_PATIENT_3_80,pca,extra_trees,582,146,46,0.07312616700073704,0.6862239415430905,0.5869565217391305,0.6862239415430905,0.6884782608695652,0.726027397260274,0.79,0.5869565217391305,,0.5869565217391305,0.0,0.0
7,stage_1,0,ENG_06,engineering__PCA_PART_I_PATIENT_3_90,engineered_representation,final_26,none,all,PCA_PART_I_PATIENT_3_90,pca,extra_trees,582,146,47,0.07135616600135108,0.6862239415430905,0.5869565217391305,0.6862239415430905,0.6884782608695652,0.726027397260274,0.79,0.5869565217391305,,0.5869565217391305,0.0,0.0
7,stage_1,0,ENG_07,engineering__PCA_PART_I_PATIENT_3_95,engineered_representation,final_26,none,all,PCA_PART_I_PATIENT_3_95,pca,extra_trees,582,146,47,0.07354625000152737,0.6862239415430905,0.5869565217391305,0.6862239415430905,0.6884782608695652,0.726027397260274,0.79,0.5869565217391305,,0.5869565217391305,0.0,0.0
7,stage_1,1,ENG_01,engineering__INT_GAIT_X_POSTURAL_STABILITY,engineered_representation,final_26,none,all,INT_GAIT_X_POSTURAL_STABILITY,interaction,extra_trees,582,146,48,0.063256208999519,0.6925052653207993,0.6739130434782609,0.6976004041424602,0.718695652173913,0.7191780821917808,0.72,0.717391304347826,,0.717391304347826,0.005095138821660905,0.04347826086956519
7,stage_1,1,ENG_02,engineering__INT_MOTOR_X_COGNITION,engineered_representation,final_26,none,all,INT_MOTOR_X_COGNITION,interaction,extra_trees,582,146,48,0.06174254199868301,0.6925052653207993,0.6739130434782609,0.6914251207729469,0.7136956521739131,0.7123287671232876,0.71,0.717391304347826,,0.717391304347826,-0.0010801445478523242,0.04347826086956519
7,stage_1,1,ENG_03,engineering__INT_DURATION_X_MOTOR,engineered_representation,final_26,none,all,INT_DURATION_X_MOTOR,interaction,extra_trees,582,146,48,0.06125900000188267,0.6925052653207993,0.6739130434782609,0.6976004041424602,0.718695652173913,0.7191780821917808,0.72,0.717391304347826,,0.717391304347826,0.005095138821660905,0.04347826086956519
7,stage_1,1,ENG_04,engineering__INT_MOBILITY_X_POSTURAL_STABILITY,engineered_representation,final_26,none,all,INT_MOBILITY_X_POSTURAL_STABILITY,interaction,extra_trees,582,146,48,0.06068095799855655,0.6925052653207993,0.6739130434782609,0.6852659547801674,0.708695652173913,0.7054794520547946,0.7,0.717391304347826,,0.717391304347826,-0.007239310540631871,0.04347826086956519
7,stage_1,1,ENG_05,engineering__PCA_PART_I_PATIENT_3_80,engineered_representation,final_26,none,all,PCA_PART_I_PATIENT_3_80,pca,extra_trees,582,146,46,0.06270500000027823,0.6925052653207993,0.6739130434782609,0.6680980045466027,0.6869565217391305,0.6917808219178082,0.7,0.6739130434782609,,0.6739130434782609,-0.024407260774196526,0.0
7,stage_1,1,ENG_06,engineering__PCA_PART_I_PATIENT_3_90,engineered_representation,final_26,none,all,PCA_PART_I_PATIENT_3_90,pca,extra_trees,582,146,47,0.06344841699683457,0.6925052653207993,0.6739130434782609,0.6828492043445314,0.7028260869565217,0.7054794520547946,0.71,0.6956521739130435,,0.6956521739130435,-0.00965606097626781,0.021739130434782594
7,stage_1,1,ENG_07,engineering__PCA_PART_I_PATIENT_3_95,engineered_representation,final_26,none,all,PCA_PART_I_PATIENT_3_95,pca,extra_trees,582,146,47,0.06336579200069536,0.6925052653207993,0.6739130434782609,0.6828492043445314,0.7028260869565217,0.7054794520547946,0.71,0.6956521739130435,,0.6956521739130435,-0.00965606097626781,0.021739130434782594
7,stage_1,2,ENG_01,engineering__INT_GAIT_X_POSTURAL_STABILITY,engineered_representation,final_26,none,all,INT_GAIT_X_POSTURAL_STABILITY,interaction,extra_trees,582,146,47,0.06233937499928288,0.6585884353741496,0.5652173913043478,0.6705351386202449,0.672608695652174,0.7123287671232876,0.78,0.5652173913043478,,0.5652173913043478,0.01194670324609537,0.0
7,stage_1,2,ENG_02,engineering__INT_MOTOR_X_COGNITION,engineered_representation,final_26,none,all,INT_MOTOR_X_COGNITION,interaction,extra_trees,582,146,47,0.06252995799877681,0.6585884353741496,0.5652173913043478,0.6705351386202449,0.672608695652174,0.7123287671232876,0.78,0.5652173913043478,,0.5652173913043478,0.01194670324609537,0.0
7,stage_1,2,ENG_03,engineering__INT_DURATION_X_MOTOR,engineered_representation,final_26,none,all,INT_DURATION_X_MOTOR,interaction,extra_trees,582,146,47,0.07933287500054576,0.6585884353741496,0.5652173913043478,0.6705351386202449,0.672608695652174,0.7123287671232876,0.78,0.5652173913043478,,0.5652173913043478,0.01194670324609537,0.0
7,stage_1,2,ENG_04,engineering__INT_MOBILITY_X_POSTURAL_STABILITY,engineered_representation,final_26,none,all,INT_MOBILITY_X_POSTURAL_STABILITY,interaction,extra_trees,582,146,47,0.07659370799956378,0.6585884353741496,0.5652173913043478,0.6705351386202449,0.672608695652174,0.7123287671232876,0.78,0.5652173913043478,,0.5652173913043478,0.01194670324609537,0.0
7,stage_1,2,ENG_05,engineering__PCA_PART_I_PATIENT_3_80,engineered_representation,final_26,none,all,PCA_PART_I_PATIENT_3_80,pca,extra_trees,582,146,45,0.06343512500097859,0.6585884353741496,0.5652173913043478,0.6526566217287867,0.6576086956521738,0.6917808219178082,0.75,0.5652173913043478,,0.5652173913043478,-0.005931813645362882,0.0
7,stage_1,2,ENG_06,engineering__PCA_PART_I_PATIENT_3_90,engineered_representation,final_26,none,all,PCA_PART_I_PATIENT_3_90,pca,extra_trees,582,146,46,0.06139679199986858,0.6585884353741496,0.5652173913043478,0.6502083333333333,0.6584782608695652,0.684931506849315,0.73,0.5869565217391305,,0.5869565217391305,-0.008380102040816295,0.021739130434782705
7,stage_1,2,ENG_07,engineering__PCA_PART_I_PATIENT_3_95,engineered_representation,final_26,none,all,PCA_PART_I_PATIENT_3_95,pca,extra_trees,582,146,46,0.07759333300055005,0.6585884353741496,0.5652173913043478,0.6502083333333333,0.6584782608695652,0.684931506849315,0.73,0.5869565217391305,,0.5869565217391305,-0.008380102040816295,0.021739130434782705
7,stage_1,3,ENG_01,engineering__INT_GAIT_X_POSTURAL_STABILITY,engineered_representation,final_26,none,all,INT_GAIT_X_POSTURAL_STABILITY,interaction,extra_trees,583,145,48,0.06434645799890859,0.6311558811558812,0.6304347826086957,0.6606634106634106,0.6803908651734738,0.6827586206896552,0.6868686868686869,0.6739130434782609,,0.6739130434782609,0.02950752950752944,0.04347826086956519
7,stage_1,3,ENG_02,engineering__INT_MOTOR_X_COGNITION,engineered_representation,final_26,none,all,INT_MOTOR_X_COGNITION,interaction,extra_trees,583,145,48,0.07354208299875609,0.6311558811558812,0.6304347826086957,0.6424077708993909,0.6652393500219587,0.6620689655172414,0.6565656565656566,0.6739130434782609,,0.6739130434782609,0.011251889743509769,0.04347826086956519
7,stage_1,3,ENG_03,engineering__INT_DURATION_X_MOTOR,engineered_representation,final_26,none,all,INT_DURATION_X_MOTOR,interaction,extra_trees,583,145,48,0.07782550000047195,0.6311558811558812,0.6304347826086957,0.6424077708993909,0.6652393500219587,0.6620689655172414,0.6565656565656566,0.6739130434782609,,0.6739130434782609,0.011251889743509769,0.04347826086956519
7,stage_1,3,ENG_04,engineering__INT_MOBILITY_X_POSTURAL_STABILITY,engineered_representation,final_26,none,all,INT_MOBILITY_X_POSTURAL_STABILITY,interaction,extra_trees,583,145,48,0.07562929100095062,0.6311558811558812,0.6304347826086957,0.6606634106634106,0.6803908651734738,0.6827586206896552,0.6868686868686869,0.6739130434782609,,0.6739130434782609,0.02950752950752944,0.04347826086956519
7,stage_1,3,ENG_05,engineering__PCA_PART_I_PATIENT_3_80,engineered_representation,final_26,none,all,PCA_PART_I_PATIENT_3_80,pca,extra_trees,583,145,46,0.06457349999982398,0.6311558811558812,0.6304347826086957,0.6484848484848484,0.6702898550724637,0.6689655172413793,0.6666666666666666,0.6739130434782609,,0.6739130434782609,0.01732896732896727,0.04347826086956519
7,stage_1,3,ENG_06,engineering__PCA_PART_I_PATIENT_3_90,engineered_representation,final_26,none,all,PCA_PART_I_PATIENT_3_90,pca,extra_trees,583,145,47,0.0630473749988596,0.6311558811558812,0.6304347826086957,0.645909645909646,0.6644707949055775,0.6689655172413793,0.6767676767676768,0.6521739130434783,,0.6521739130434783,0.014753764753764775,0.021739130434782594
7,stage_1,3,ENG_07,engineering__PCA_PART_I_PATIENT_3_95,engineered_representation,final_26,none,all,PCA_PART_I_PATIENT_3_95,pca,extra_trees,583,145,47,0.07669920799889951,0.6311558811558812,0.6304347826086957,0.645909645909646,0.6644707949055775,0.6689655172413793,0.6767676767676768,0.6521739130434783,,0.6521739130434783,0.014753764753764775,0.021739130434782594
7,stage_1,4,ENG_01,engineering__INT_GAIT_X_POSTURAL_STABILITY,engineered_representation,final_26,none,all,INT_GAIT_X_POSTURAL_STABILITY,interaction,extra_trees,583,145,48,0.13030041700039874,0.7316092865831085,0.6956521739130435,0.7162726743878576,0.7258454106280193,0.7448275862068966,0.7777777777777778,0.6739130434782609,,0.6739130434782609,-0.015336612195250954,-0.021739130434782594
7,stage_1,4,ENG_02,engineering__INT_MOTOR_X_COGNITION,engineered_representation,final_26,none,all,INT_MOTOR_X_COGNITION,interaction,extra_trees,583,145,48,0.07376341599956504,0.7316092865831085,0.6956521739130435,0.7316092865831085,0.7417654808959157,0.7586206896551724,0.7878787878787878,0.6956521739130435,,0.6956521739130435,0.0,0.0
7,stage_1,4,ENG_03,engineering__INT_DURATION_X_MOTOR,engineered_representation,final_26,none,all,INT_DURATION_X_MOTOR,interaction,extra_trees,583,145,48,0.06413916699966649,0.7316092865831085,0.6956521739130435,0.7316092865831085,0.7417654808959157,0.7586206896551724,0.7878787878787878,0.6956521739130435,,0.6956521739130435,0.0,0.0
7,stage_1,4,ENG_04,engineering__INT_MOBILITY_X_POSTURAL_STABILITY,engineered_representation,final_26,none,all,INT_MOBILITY_X_POSTURAL_STABILITY,interaction,extra_trees,583,145,48,0.07271829099772731,0.7316092865831085,0.6956521739130435,0.7162726743878576,0.7258454106280193,0.7448275862068966,0.7777777777777778,0.6739130434782609,,0.6739130434782609,-0.015336612195250954,-0.021739130434782594
7,stage_1,4,ENG_05,engineering__PCA_PART_I_PATIENT_3_80,engineered_representation,final_26,none,all,PCA_PART_I_PATIENT_3_80,pca,extra_trees,583,145,46,0.07680237499880604,0.7316092865831085,0.6956521739130435,0.7225765306122449,0.7308959156785244,0.7517241379310344,0.7878787878787878,0.6739130434782609,,0.6739130434782609,-0.009032755970863615,-0.021739130434782594
7,stage_1,4,ENG_06,engineering__PCA_PART_I_PATIENT_3_90,engineered_representation,final_26,none,all,PCA_PART_I_PATIENT_3_90,pca,extra_trees,583,145,47,0.07467550000001211,0.7316092865831085,0.6956521739130435,0.6913452053372099,0.7056433904259991,0.7172413793103448,0.7373737373737373,0.6739130434782609,,0.6739130434782609,-0.04026408124589864,-0.021739130434782594
7,stage_1,4,ENG_07,engineering__PCA_PART_I_PATIENT_3_95,engineered_representation,final_26,none,all,PCA_PART_I_PATIENT_3_95,pca,extra_trees,583,145,47,0.06558066599973245,0.7316092865831085,0.6956521739130435,0.6913452053372099,0.7056433904259991,0.7172413793103448,0.7373737373737373,0.6739130434782609,,0.6739130434782609,-0.04026408124589864,-0.021739130434782594
7,stage_2,0,ENG_01,engineering__INT_GAIT_X_POSTURAL_STABILITY,engineered_representation,final_26,none,all,INT_GAIT_X_POSTURAL_STABILITY,interaction,extra_trees,184,46,47,0.06519583399858675,0.6726874657909141,0.78125,0.6726874657909141,0.6763392857142857,0.717391304347826,0.78125,0.5714285714285714,,0.78125,0.0,0.0
7,stage_2,0,ENG_02,engineering__INT_MOTOR_X_COGNITION,engineered_representation,final_26,none,all,INT_MOTOR_X_COGNITION,interaction,extra_trees,184,46,47,0.06323183399945265,0.6726874657909141,0.78125,0.6726874657909141,0.6763392857142857,0.717391304347826,0.78125,0.5714285714285714,,0.78125,0.0,0.0
7,stage_2,0,ENG_03,engineering__INT_DURATION_X_MOTOR,engineered_representation,final_26,none,all,INT_DURATION_X_MOTOR,interaction,extra_trees,184,46,47,0.06057449999934761,0.6726874657909141,0.78125,0.6726874657909141,0.6763392857142857,0.717391304347826,0.78125,0.5714285714285714,,0.78125,0.0,0.0
7,stage_2,0,ENG_04,engineering__INT_MOBILITY_X_POSTURAL_STABILITY,engineered_representation,final_26,none,all,INT_MOBILITY_X_POSTURAL_STABILITY,interaction,extra_trees,184,46,47,0.06207454199829954,0.6726874657909141,0.78125,0.6537634408602151,0.6607142857142857,0.6956521739130435,0.75,0.5714285714285714,,0.75,-0.018924024930699,-0.03125
7,stage_2,0,ENG_05,engineering__PCA_PART_I_PATIENT_3_80,engineered_representation,final_26,none,all,PCA_PART_I_PATIENT_3_80,pca,extra_trees,184,46,45,0.06381620799947996,0.6726874657909141,0.78125,0.7032258064516128,0.7120535714285714,0.7391304347826086,0.78125,0.6428571428571429,,0.78125,0.030538340660698715,0.0
7,stage_2,0,ENG_06,engineering__PCA_PART_I_PATIENT_3_90,engineered_representation,final_26,none,all,PCA_PART_I_PATIENT_3_90,pca,extra_trees,184,46,46,0.0658875419976539,0.6726874657909141,0.78125,0.7032258064516128,0.7120535714285714,0.7391304347826086,0.78125,0.6428571428571429,,0.78125,0.030538340660698715,0.0
7,stage_2,0,ENG_07,engineering__PCA_PART_I_PATIENT_3_95,engineered_representation,final_26,none,all,PCA_PART_I_PATIENT_3_95,pca,extra_trees,184,46,46,0.06226995800170698,0.6726874657909141,0.78125,0.7032258064516128,0.7120535714285714,0.7391304347826086,0.78125,0.6428571428571429,,0.78125,0.030538340660698715,0.0
7,stage_2,1,ENG_01,engineering__INT_GAIT_X_POSTURAL_STABILITY,engineered_representation,final_26,none,all,INT_GAIT_X_POSTURAL_STABILITY,interaction,extra_trees,184,46,47,0.060126583000965184,0.700250626566416,0.6875,0.7125,0.7321428571428572,0.7391304347826086,0.75,0.7142857142857143,,0.75,0.01224937343358401,0.0625
7,stage_2,1,ENG_02,engineering__INT_MOTOR_X_COGNITION,engineered_representation,final_26,none,all,INT_MOTOR_X_COGNITION,interaction,extra_trees,184,46,47,0.05071962500005611,0.700250626566416,0.6875,0.6541353383458646,0.6852678571428572,0.6739130434782609,0.65625,0.7142857142857143,,0.65625,-0.04611528822055144,-0.03125
7,stage_2,1,ENG_03,engineering__INT_DURATION_X_MOTOR,engineered_representation,final_26,none,all,INT_DURATION_X_MOTOR,interaction,extra_trees,184,46,47,0.06235233299958054,0.700250626566416,0.6875,0.6928608115048793,0.7165178571428572,0.717391304347826,0.71875,0.7142857142857143,,0.71875,-0.0073898150615366864,0.03125
7,stage_2,1,ENG_04,engineering__INT_MOBILITY_X_POSTURAL_STABILITY,engineered_representation,final_26,none,all,INT_MOBILITY_X_POSTURAL_STABILITY,interaction,extra_trees,184,46,47,0.06314645799648133,0.700250626566416,0.6875,0.6928608115048793,0.7165178571428572,0.717391304347826,0.71875,0.7142857142857143,,0.71875,-0.0073898150615366864,0.03125
7,stage_2,1,ENG_05,engineering__PCA_PART_I_PATIENT_3_80,engineered_representation,final_26,none,all,PCA_PART_I_PATIENT_3_80,pca,extra_trees,184,46,46,0.06414229099755175,0.700250626566416,0.6875,0.7324167107350608,0.7477678571428572,0.7608695652173914,0.78125,0.7142857142857143,,0.78125,0.03216608416864475,0.09375
7,stage_2,1,ENG_06,engineering__PCA_PART_I_PATIENT_3_90,engineered_representation,final_26,none,all,PCA_PART_I_PATIENT_3_90,pca,extra_trees,184,46,46,0.06433012499837787,0.700250626566416,0.6875,0.7324167107350608,0.7477678571428572,0.7608695652173914,0.78125,0.7142857142857143,,0.78125,0.03216608416864475,0.09375
7,stage_2,1,ENG_07,engineering__PCA_PART_I_PATIENT_3_95,engineered_representation,final_26,none,all,PCA_PART_I_PATIENT_3_95,pca,extra_trees,184,46,46,0.06661945800078684,0.700250626566416,0.6875,0.7324167107350608,0.7477678571428572,0.7608695652173914,0.78125,0.7142857142857143,,0.78125,0.03216608416864475,0.09375
7,stage_2,2,ENG_01,engineering__INT_GAIT_X_POSTURAL_STABILITY,engineered_representation,final_26,none,all,INT_GAIT_X_POSTURAL_STABILITY,interaction,extra_trees,184,46,47,0.06397266699786996,0.7032258064516128,0.8064516129032258,0.7032258064516128,0.7032258064516128,0.7391304347826086,0.8064516129032258,0.6,,0.8064516129032258,0.0,0.0
7,stage_2,2,ENG_02,engineering__INT_MOTOR_X_COGNITION,engineered_representation,final_26,none,all,INT_MOTOR_X_COGNITION,interaction,extra_trees,184,46,47,0.061867166001320584,0.7032258064516128,0.8064516129032258,0.7032258064516128,0.7032258064516128,0.7391304347826086,0.8064516129032258,0.6,,0.8064516129032258,0.0,0.0
7,stage_2,2,ENG_03,engineering__INT_DURATION_X_MOTOR,engineered_representation,final_26,none,all,INT_DURATION_X_MOTOR,interaction,extra_trees,184,46,47,0.06745600000067498,0.7032258064516128,0.8064516129032258,0.7032258064516128,0.7032258064516128,0.7391304347826086,0.8064516129032258,0.6,,0.8064516129032258,0.0,0.0
7,stage_2,2,ENG_04,engineering__INT_MOBILITY_X_POSTURAL_STABILITY,engineered_representation,final_26,none,all,INT_MOBILITY_X_POSTURAL_STABILITY,interaction,extra_trees,184,46,47,0.06475179200060666,0.7032258064516128,0.8064516129032258,0.7032258064516128,0.7032258064516128,0.7391304347826086,0.8064516129032258,0.6,,0.8064516129032258,0.0,0.0
7,stage_2,2,ENG_05,engineering__PCA_PART_I_PATIENT_3_80,engineered_representation,final_26,none,all,PCA_PART_I_PATIENT_3_80,pca,extra_trees,184,46,45,0.0653125419994467,0.7032258064516128,0.8064516129032258,0.6726874657909141,0.6698924731182796,0.717391304347826,0.8064516129032258,0.5333333333333333,,0.8064516129032258,-0.030538340660698715,0.0
7,stage_2,2,ENG_06,engineering__PCA_PART_I_PATIENT_3_90,engineered_representation,final_26,none,all,PCA_PART_I_PATIENT_3_90,pca,extra_trees,184,46,46,0.06626470799892559,0.7032258064516128,0.8064516129032258,0.7032258064516128,0.7032258064516128,0.7391304347826086,0.8064516129032258,0.6,,0.8064516129032258,0.0,0.0
7,stage_2,2,ENG_07,engineering__PCA_PART_I_PATIENT_3_95,engineered_representation,final_26,none,all,PCA_PART_I_PATIENT_3_95,pca,extra_trees,184,46,46,0.06457195799885085,0.7032258064516128,0.8064516129032258,0.7032258064516128,0.7032258064516128,0.7391304347826086,0.8064516129032258,0.6,,0.8064516129032258,0.0,0.0
7,stage_2,3,ENG_01,engineering__INT_GAIT_X_POSTURAL_STABILITY,engineered_representation,final_26,none,all,INT_GAIT_X_POSTURAL_STABILITY,interaction,extra_trees,184,46,47,0.06324812499951804,0.5710955710955711,0.78125,0.6068376068376069,0.6049107142857143,0.6739130434782609,0.78125,0.42857142857142855,,0.78125,0.03574203574203583,0.0
7,stage_2,3,ENG_02,engineering__INT_MOTOR_X_COGNITION,engineered_representation,final_26,none,all,INT_MOTOR_X_COGNITION,interaction,extra_trees,184,46,47,0.06783608399928198,0.5710955710955711,0.78125,0.5880597014925373,0.5848214285714286,0.6739130434782609,0.8125,0.35714285714285715,,0.8125,0.016964130396966204,0.03125
7,stage_2,3,ENG_03,engineering__INT_DURATION_X_MOTOR,engineered_representation,final_26,none,all,INT_DURATION_X_MOTOR,interaction,extra_trees,184,46,47,0.06758395900033065,0.5710955710955711,0.78125,0.5710955710955711,0.5691964285714286,0.6521739130434783,0.78125,0.35714285714285715,,0.78125,0.0,0.0
7,stage_2,3,ENG_04,engineering__INT_MOBILITY_X_POSTURAL_STABILITY,engineered_representation,final_26,none,all,INT_MOBILITY_X_POSTURAL_STABILITY,interaction,extra_trees,184,46,47,0.06699129200205789,0.5710955710955711,0.78125,0.5710955710955711,0.5691964285714286,0.6521739130434783,0.78125,0.35714285714285715,,0.78125,0.0,0.0
7,stage_2,3,ENG_05,engineering__PCA_PART_I_PATIENT_3_80,engineered_representation,final_26,none,all,PCA_PART_I_PATIENT_3_80,pca,extra_trees,184,46,45,0.06354287499925704,0.5710955710955711,0.78125,0.5880597014925373,0.5848214285714286,0.6739130434782609,0.8125,0.35714285714285715,,0.8125,0.016964130396966204,0.03125
7,stage_2,3,ENG_06,engineering__PCA_PART_I_PATIENT_3_90,engineered_representation,final_26,none,all,PCA_PART_I_PATIENT_3_90,pca,extra_trees,184,46,46,0.060926499998458894,0.5710955710955711,0.78125,0.5880597014925373,0.5848214285714286,0.6739130434782609,0.8125,0.35714285714285715,,0.8125,0.016964130396966204,0.03125
7,stage_2,3,ENG_07,engineering__PCA_PART_I_PATIENT_3_95,engineered_representation,final_26,none,all,PCA_PART_I_PATIENT_3_95,pca,extra_trees,184,46,46,0.07462808300260804,0.5710955710955711,0.78125,0.5880597014925373,0.5848214285714286,0.6739130434782609,0.8125,0.35714285714285715,,0.8125,0.016964130396966204,0.03125
7,stage_2,4,ENG_01,engineering__INT_GAIT_X_POSTURAL_STABILITY,engineered_representation,final_26,none,all,INT_GAIT_X_POSTURAL_STABILITY,interaction,extra_trees,184,46,47,0.06355162500040024,0.5619047619047619,0.59375,0.5619047619047619,0.5825892857142857,0.5869565217391305,0.59375,0.5714285714285714,,0.59375,0.0,0.0
7,stage_2,4,ENG_02,engineering__INT_MOTOR_X_COGNITION,engineered_representation,final_26,none,all,INT_MOTOR_X_COGNITION,interaction,extra_trees,184,46,47,0.06393575000038254,0.5619047619047619,0.59375,0.5619047619047619,0.5825892857142857,0.5869565217391305,0.59375,0.5714285714285714,,0.59375,0.0,0.0
7,stage_2,4,ENG_03,engineering__INT_DURATION_X_MOTOR,engineered_representation,final_26,none,all,INT_DURATION_X_MOTOR,interaction,extra_trees,184,46,47,0.06705270800011931,0.5619047619047619,0.59375,0.5801217038539555,0.5982142857142857,0.6086956521739131,0.625,0.5714285714285714,,0.625,0.018216941949193544,0.03125
7,stage_2,4,ENG_04,engineering__INT_MOBILITY_X_POSTURAL_STABILITY,engineered_representation,final_26,none,all,INT_MOBILITY_X_POSTURAL_STABILITY,interaction,extra_trees,184,46,47,0.06897791699884692,0.5619047619047619,0.59375,0.5801217038539555,0.5982142857142857,0.6086956521739131,0.625,0.5714285714285714,,0.625,0.018216941949193544,0.03125
7,stage_2,4,ENG_05,engineering__PCA_PART_I_PATIENT_3_80,engineered_representation,final_26,none,all,PCA_PART_I_PATIENT_3_80,pca,extra_trees,184,46,45,0.06622195800082409,0.5619047619047619,0.59375,0.5619047619047619,0.5825892857142857,0.5869565217391305,0.59375,0.5714285714285714,,0.59375,0.0,0.0
7,stage_2,4,ENG_06,engineering__PCA_PART_I_PATIENT_3_90,engineered_representation,final_26,none,all,PCA_PART_I_PATIENT_3_90,pca,extra_trees,184,46,46,0.06387287500183447,0.5619047619047619,0.59375,0.5619047619047619,0.5825892857142857,0.5869565217391305,0.59375,0.5714285714285714,,0.59375,0.0,0.0
7,stage_2,4,ENG_07,engineering__PCA_PART_I_PATIENT_3_95,engineered_representation,final_26,none,all,PCA_PART_I_PATIENT_3_95,pca,extra_trees,184,46,46,0.06734262499958277,0.5619047619047619,0.59375,0.5619047619047619,0.5825892857142857,0.5869565217391305,0.59375,0.5714285714285714,,0.59375,0.0,0.0
8,direct,0,ENG_01,engineering__INT_GAIT_X_POSTURAL_STABILITY,engineered_representation,final_26,none,all,INT_GAIT_X_POSTURAL_STABILITY,interaction,extra_trees,582,146,47,0.07414595900263521,0.519216370288437,0.375,0.5750224299948057,0.634345238095238,0.6643835616438356,0.72,0.46875,0.7142857142857143,0.46875,0.05580605970636865,0.09375
8,direct,0,ENG_02,engineering__INT_MOTOR_X_COGNITION,engineered_representation,final_26,none,all,INT_MOTOR_X_COGNITION,interaction,extra_trees,582,146,47,0.06371429199862177,0.519216370288437,0.375,0.5661318337374676,0.6239285714285714,0.6575342465753424,0.72,0.4375,0.7142857142857143,0.4375,0.046915463449030526,0.0625
8,direct,0,ENG_03,engineering__INT_DURATION_X_MOTOR,engineered_representation,final_26,none,all,INT_DURATION_X_MOTOR,interaction,extra_trees,582,146,47,0.0728452080002171,0.519216370288437,0.375,0.5588074262107412,0.6072023809523809,0.6506849315068494,0.71,0.46875,0.6428571428571429,0.46875,0.039591055922304164,0.09375
8,direct,0,ENG_04,engineering__INT_MOBILITY_X_POSTURAL_STABILITY,engineered_representation,final_26,none,all,INT_MOBILITY_X_POSTURAL_STABILITY,interaction,extra_trees,582,146,47,0.07280145799813909,0.519216370288437,0.375,0.569980506822612,0.6176190476190476,0.6575342465753424,0.71,0.5,0.6428571428571429,0.5,0.050764136534175,0.125
8,direct,0,ENG_05,engineering__PCA_PART_I_PATIENT_3_80,engineered_representation,final_26,none,all,PCA_PART_I_PATIENT_3_80,pca,extra_trees,582,146,45,0.0733276669998304,0.519216370288437,0.375,0.511849957374254,0.5554761904761905,0.6301369863013698,0.72,0.375,0.5714285714285714,0.375,-0.0073664129141830514,0.0
8,direct,0,ENG_06,engineering__PCA_PART_I_PATIENT_3_90,engineered_representation,final_26,none,all,PCA_PART_I_PATIENT_3_90,pca,extra_trees,582,146,46,0.076029625000956,0.519216370288437,0.375,0.5650578179989945,0.6201785714285714,0.6643835616438356,0.74,0.40625,0.7142857142857143,0.40625,0.045841447710557426,0.03125
8,direct,0,ENG_07,engineering__PCA_PART_I_PATIENT_3_95,engineered_representation,final_26,none,all,PCA_PART_I_PATIENT_3_95,pca,extra_trees,582,146,46,0.07550995900237467,0.519216370288437,0.375,0.5650578179989945,0.6201785714285714,0.6643835616438356,0.74,0.40625,0.7142857142857143,0.40625,0.045841447710557426,0.03125
8,direct,1,ENG_01,engineering__INT_GAIT_X_POSTURAL_STABILITY,engineered_representation,final_26,none,all,INT_GAIT_X_POSTURAL_STABILITY,interaction,extra_trees,582,146,47,0.07232770799964783,0.4784740097240097,0.3125,0.4633260711692084,0.4807142857142857,0.6027397260273972,0.71,0.375,0.35714285714285715,0.375,-0.015147938554801343,0.0625
8,direct,1,ENG_02,engineering__INT_MOTOR_X_COGNITION,engineered_representation,final_26,none,all,INT_MOTOR_X_COGNITION,interaction,extra_trees,582,146,47,0.07021316699683666,0.4784740097240097,0.3125,0.5018346281504177,0.5316666666666666,0.6232876712328768,0.72,0.375,0.5,0.375,0.023360618426407964,0.0625
8,direct,1,ENG_03,engineering__INT_DURATION_X_MOTOR,engineered_representation,final_26,none,all,INT_DURATION_X_MOTOR,interaction,extra_trees,582,146,47,0.07475379199968302,0.4784740097240097,0.3125,0.49777916444583115,0.5283333333333333,0.6164383561643836,0.71,0.375,0.5,0.375,0.019305154721821427,0.0625
8,direct,1,ENG_04,engineering__INT_MOBILITY_X_POSTURAL_STABILITY,engineered_representation,final_26,none,all,INT_MOBILITY_X_POSTURAL_STABILITY,interaction,extra_trees,582,146,47,0.07602541699816356,0.4784740097240097,0.3125,0.460705199025979,0.4874404761904762,0.589041095890411,0.69,0.34375,0.42857142857142855,0.34375,-0.017768810698030713,0.03125
8,direct,1,ENG_05,engineering__PCA_PART_I_PATIENT_3_80,engineered_representation,final_26,none,all,PCA_PART_I_PATIENT_3_80,pca,extra_trees,582,146,45,0.07332200000018929,0.4784740097240097,0.3125,0.49836601307189543,0.52125,0.6164383561643836,0.72,0.34375,0.5,0.34375,0.01989200334788571,0.03125
8,direct,1,ENG_06,engineering__PCA_PART_I_PATIENT_3_90,engineered_representation,final_26,none,all,PCA_PART_I_PATIENT_3_90,pca,extra_trees,582,146,46,0.07272470799944131,0.4784740097240097,0.3125,0.5262432012432012,0.545,0.6506849315068494,0.76,0.375,0.5,0.375,0.04776919151919151,0.0625
8,direct,1,ENG_07,engineering__PCA_PART_I_PATIENT_3_95,engineered_representation,final_26,none,all,PCA_PART_I_PATIENT_3_95,pca,extra_trees,582,146,46,0.07278637499985052,0.4784740097240097,0.3125,0.5262432012432012,0.545,0.6506849315068494,0.76,0.375,0.5,0.375,0.04776919151919151,0.0625
8,direct,2,ENG_01,engineering__INT_GAIT_X_POSTURAL_STABILITY,engineered_representation,final_26,none,all,INT_GAIT_X_POSTURAL_STABILITY,interaction,extra_trees,582,146,47,0.07210808300078497,0.47680730323217374,0.25,0.4926925314359869,0.5071759259259259,0.6438356164383562,0.7777777777777778,0.34375,0.4,0.34375,0.015885228203813162,0.09375
8,direct,2,ENG_02,engineering__INT_MOTOR_X_COGNITION,engineered_representation,final_26,none,all,INT_MOTOR_X_COGNITION,interaction,extra_trees,582,146,47,0.07441487499818322,0.47680730323217374,0.25,0.4973880308683285,0.5189814814814815,0.6438356164383562,0.7777777777777778,0.3125,0.4666666666666667,0.3125,0.02058072763615476,0.0625
8,direct,2,ENG_03,engineering__INT_DURATION_X_MOTOR,engineered_representation,final_26,none,all,INT_DURATION_X_MOTOR,interaction,extra_trees,582,146,47,0.07390825000038603,0.47680730323217374,0.25,0.5075878017054488,0.5297138047138047,0.636986301369863,0.7474747474747475,0.375,0.4666666666666667,0.375,0.030780498473275075,0.125
8,direct,2,ENG_04,engineering__INT_MOBILITY_X_POSTURAL_STABILITY,engineered_representation,final_26,none,all,INT_MOBILITY_X_POSTURAL_STABILITY,interaction,extra_trees,582,146,47,0.07111245800115285,0.47680730323217374,0.25,0.5034749034749035,0.5263468013468015,0.6301369863013698,0.7373737373737373,0.375,0.4666666666666667,0.375,0.026667600242729794,0.125
8,direct,2,ENG_05,engineering__PCA_PART_I_PATIENT_3_80,engineered_representation,final_26,none,all,PCA_PART_I_PATIENT_3_80,pca,extra_trees,582,146,45,0.07371291700110305,0.47680730323217374,0.25,0.5083655083655084,0.5347853535353536,0.6232876712328768,0.7272727272727273,0.34375,0.5333333333333333,0.34375,0.03155820513333468,0.09375
8,direct,2,ENG_06,engineering__PCA_PART_I_PATIENT_3_90,engineered_representation,final_26,none,all,PCA_PART_I_PATIENT_3_90,pca,extra_trees,582,146,46,0.07646437500079628,0.47680730323217374,0.25,0.4881796690307329,0.5122474747474747,0.6301369863013698,0.7575757575757576,0.3125,0.4666666666666667,0.3125,0.011372365798559159,0.0625
8,direct,2,ENG_07,engineering__PCA_PART_I_PATIENT_3_95,engineered_representation,final_26,none,all,PCA_PART_I_PATIENT_3_95,pca,extra_trees,582,146,46,0.07284870800140197,0.47680730323217374,0.25,0.4881796690307329,0.5122474747474747,0.6301369863013698,0.7575757575757576,0.3125,0.4666666666666667,0.3125,0.011372365798559159,0.0625
8,direct,3,ENG_01,engineering__INT_GAIT_X_POSTURAL_STABILITY,engineered_representation,final_26,none,all,INT_GAIT_X_POSTURAL_STABILITY,interaction,extra_trees,583,145,47,0.07811433300230419,0.4894259478339249,0.28125,0.5494068348480988,0.5847613035113035,0.6620689655172414,0.7676767676767676,0.34375,0.6428571428571429,0.34375,0.05998088701417392,0.0625
8,direct,3,ENG_02,engineering__INT_MOTOR_X_COGNITION,engineered_representation,final_26,none,all,INT_MOTOR_X_COGNITION,interaction,extra_trees,583,145,47,0.07267754100030288,0.4894259478339249,0.28125,0.5546874875639709,0.581785113035113,0.6689655172413793,0.7676767676767676,0.40625,0.5714285714285714,0.40625,0.065261539730046,0.125
8,direct,3,ENG_03,engineering__INT_DURATION_X_MOTOR,engineered_representation,final_26,none,all,INT_DURATION_X_MOTOR,interaction,extra_trees,583,145,47,0.07567291699888301,0.4894259478339249,0.28125,0.5325410299943406,0.568001443001443,0.6551724137931034,0.7575757575757576,0.375,0.5714285714285714,0.375,0.04311508216041571,0.09375
8,direct,3,ENG_04,engineering__INT_MOBILITY_X_POSTURAL_STABILITY,engineered_representation,final_26,none,all,INT_MOBILITY_X_POSTURAL_STABILITY,interaction,extra_trees,583,145,47,0.0729310409988102,0.4894259478339249,0.28125,0.5542083152252644,0.5881283068783069,0.6689655172413793,0.7777777777777778,0.34375,0.6428571428571429,0.34375,0.06478236739133947,0.0625
8,direct,3,ENG_05,engineering__PCA_PART_I_PATIENT_3_80,engineered_representation,final_26,none,all,PCA_PART_I_PATIENT_3_80,pca,extra_trees,583,145,45,0.0735328330010816,0.4894259478339249,0.28125,0.5195227711356744,0.537142255892256,0.6482758620689655,0.7676767676767676,0.34375,0.5,0.34375,0.030096823301749454,0.0625
8,direct,3,ENG_06,engineering__PCA_PART_I_PATIENT_3_90,engineered_representation,final_26,none,all,PCA_PART_I_PATIENT_3_90,pca,extra_trees,583,145,46,0.07474929099771543,0.4894259478339249,0.28125,0.5207134173524987,0.554217772967773,0.6413793103448275,0.7474747474747475,0.34375,0.5714285714285714,0.34375,0.03128746951857375,0.0625
8,direct,3,ENG_07,engineering__PCA_PART_I_PATIENT_3_95,engineered_representation,final_26,none,all,PCA_PART_I_PATIENT_3_95,pca,extra_trees,583,145,46,0.07694883300064248,0.4894259478339249,0.28125,0.5207134173524987,0.554217772967773,0.6413793103448275,0.7474747474747475,0.34375,0.5714285714285714,0.34375,0.03128746951857375,0.0625
8,direct,4,ENG_01,engineering__INT_GAIT_X_POSTURAL_STABILITY,engineered_representation,final_26,none,all,INT_GAIT_X_POSTURAL_STABILITY,interaction,extra_trees,583,145,47,0.07518258400159539,0.5311388672044409,0.3225806451612903,0.5127900530609012,0.5920122887864823,0.6206896551724138,0.7,0.2903225806451613,0.7857142857142857,0.2903225806451613,-0.018348814143539727,-0.032258064516129004
8,direct,4,ENG_02,engineering__INT_MOTOR_X_COGNITION,engineered_representation,final_26,none,all,INT_MOTOR_X_COGNITION,interaction,extra_trees,583,145,47,0.07619837500169524,0.5311388672044409,0.3225806451612903,0.5257915746231058,0.6060983102918587,0.6344827586206897,0.71,0.3225806451612903,0.7857142857142857,0.3225806451612903,-0.00534729258133515,0.0
8,direct,4,ENG_03,engineering__INT_DURATION_X_MOTOR,engineered_representation,final_26,none,all,INT_DURATION_X_MOTOR,interaction,extra_trees,583,145,47,0.07223754200094845,0.5311388672044409,0.3225806451612903,0.52306728333632,0.6027649769585253,0.6275862068965518,0.7,0.3225806451612903,0.7857142857142857,0.3225806451612903,-0.008071583868120902,0.0
8,direct,4,ENG_04,engineering__INT_MOBILITY_X_POSTURAL_STABILITY,engineered_representation,final_26,none,all,INT_MOBILITY_X_POSTURAL_STABILITY,interaction,extra_trees,583,145,47,0.07375933399816859,0.5311388672044409,0.3225806451612903,0.5069462087515532,0.588678955453149,0.6137931034482759,0.69,0.2903225806451613,0.7857142857142857,0.2903225806451613,-0.02419265845288776,-0.032258064516129004
8,direct,4,ENG_05,engineering__PCA_PART_I_PATIENT_3_80,engineered_representation,final_26,none,all,PCA_PART_I_PATIENT_3_80,pca,extra_trees,583,145,45,0.07370516700029839,0.5311388672044409,0.3225806451612903,0.490626036626517,0.5615360983102918,0.6,0.68,0.2903225806451613,0.7142857142857143,0.2903225806451613,-0.04051283057792393,-0.032258064516129004
8,direct,4,ENG_06,engineering__PCA_PART_I_PATIENT_3_90,engineered_representation,final_26,none,all,PCA_PART_I_PATIENT_3_90,pca,extra_trees,583,145,46,0.07069870800114586,0.5311388672044409,0.3225806451612903,0.5081323342496527,0.5927649769585254,0.6068965517241379,0.67,0.3225806451612903,0.7857142857142857,0.3225806451612903,-0.023006532954788272,0.0
8,direct,4,ENG_07,engineering__PCA_PART_I_PATIENT_3_95,engineered_representation,final_26,none,all,PCA_PART_I_PATIENT_3_95,pca,extra_trees,583,145,46,0.07491666699934285,0.5311388672044409,0.3225806451612903,0.5081323342496527,0.5927649769585254,0.6068965517241379,0.67,0.3225806451612903,0.7857142857142857,0.3225806451612903,-0.023006532954788272,0.0
8,stage_1,0,ENG_01,engineering__INT_GAIT_X_POSTURAL_STABILITY,engineered_representation,final_26,none,all,INT_GAIT_X_POSTURAL_STABILITY,interaction,extra_trees,582,146,47,0.07128416700288653,0.7162438625204582,0.717391304347826,0.7414583333333333,0.7536956521739131,0.7671232876712328,0.79,0.717391304347826,,0.717391304347826,0.02521447081287509,0.0
8,stage_1,0,ENG_02,engineering__INT_MOTOR_X_COGNITION,engineered_representation,final_26,none,all,INT_MOTOR_X_COGNITION,interaction,extra_trees,582,146,47,0.06203054200159386,0.7162438625204582,0.717391304347826,0.735109636618112,0.748695652173913,0.7602739726027398,0.78,0.717391304347826,,0.717391304347826,0.018865774097653776,0.0
8,stage_1,0,ENG_03,engineering__INT_DURATION_X_MOTOR,engineered_representation,final_26,none,all,INT_DURATION_X_MOTOR,interaction,extra_trees,582,146,47,0.06247375000020838,0.7162438625204582,0.717391304347826,0.7287925696594427,0.7436956521739131,0.7534246575342466,0.77,0.717391304347826,,0.717391304347826,0.012548707138984483,0.0
8,stage_1,0,ENG_04,engineering__INT_MOBILITY_X_POSTURAL_STABILITY,engineered_representation,final_26,none,all,INT_MOBILITY_X_POSTURAL_STABILITY,interaction,extra_trees,582,146,47,0.06329191599797923,0.7162438625204582,0.717391304347826,0.7414583333333333,0.7536956521739131,0.7671232876712328,0.79,0.717391304347826,,0.717391304347826,0.02521447081287509,0.0
8,stage_1,0,ENG_05,engineering__PCA_PART_I_PATIENT_3_80,engineered_representation,final_26,none,all,PCA_PART_I_PATIENT_3_80,pca,extra_trees,582,146,45,0.061951208001119085,0.7162438625204582,0.717391304347826,0.7287925696594427,0.7436956521739131,0.7534246575342466,0.77,0.717391304347826,,0.717391304347826,0.012548707138984483,0.0
8,stage_1,0,ENG_06,engineering__PCA_PART_I_PATIENT_3_90,engineered_representation,final_26,none,all,PCA_PART_I_PATIENT_3_90,pca,extra_trees,582,146,46,0.0598033749993192,0.7162438625204582,0.717391304347826,0.743859649122807,0.7595652173913043,0.7671232876712328,0.78,0.7391304347826086,,0.7391304347826086,0.027615786602348757,0.021739130434782594
8,stage_1,0,ENG_07,engineering__PCA_PART_I_PATIENT_3_95,engineered_representation,final_26,none,all,PCA_PART_I_PATIENT_3_95,pca,extra_trees,582,146,46,0.061931583997647977,0.7162438625204582,0.717391304347826,0.743859649122807,0.7595652173913043,0.7671232876712328,0.78,0.7391304347826086,,0.7391304347826086,0.027615786602348757,0.021739130434782594
8,stage_1,1,ENG_01,engineering__INT_GAIT_X_POSTURAL_STABILITY,engineered_representation,final_26,none,all,INT_GAIT_X_POSTURAL_STABILITY,interaction,extra_trees,582,146,47,0.07464375000199652,0.6714293190977129,0.6086956521739131,0.6585884353741496,0.662608695652174,0.6986301369863014,0.76,0.5652173913043478,,0.5652173913043478,-0.01284088372356329,-0.0434782608695653
8,stage_1,1,ENG_02,engineering__INT_MOTOR_X_COGNITION,engineered_representation,final_26,none,all,INT_MOTOR_X_COGNITION,interaction,extra_trees,582,146,47,0.07570029199996497,0.6714293190977129,0.6086956521739131,0.6585884353741496,0.662608695652174,0.6986301369863014,0.76,0.5652173913043478,,0.5652173913043478,-0.01284088372356329,-0.0434782608695653
8,stage_1,1,ENG_03,engineering__INT_DURATION_X_MOTOR,engineered_representation,final_26,none,all,INT_DURATION_X_MOTOR,interaction,extra_trees,582,146,47,0.07436441699974239,0.6714293190977129,0.6086956521739131,0.6645471546887524,0.6676086956521738,0.7054794520547946,0.77,0.5652173913043478,,0.5652173913043478,-0.0068821644089605005,-0.0434782608695653
8,stage_1,1,ENG_04,engineering__INT_MOBILITY_X_POSTURAL_STABILITY,engineered_representation,final_26,none,all,INT_MOBILITY_X_POSTURAL_STABILITY,interaction,extra_trees,582,146,47,0.0769335829972988,0.6714293190977129,0.6086956521739131,0.6526566217287867,0.6576086956521738,0.6917808219178082,0.75,0.5652173913043478,,0.5652173913043478,-0.018772697368926172,-0.0434782608695653
8,stage_1,1,ENG_05,engineering__PCA_PART_I_PATIENT_3_80,engineered_representation,final_26,none,all,PCA_PART_I_PATIENT_3_80,pca,extra_trees,582,146,45,0.07081608299995423,0.6714293190977129,0.6086956521739131,0.6526566217287867,0.6576086956521738,0.6917808219178082,0.75,0.5652173913043478,,0.5652173913043478,-0.018772697368926172,-0.0434782608695653
8,stage_1,1,ENG_06,engineering__PCA_PART_I_PATIENT_3_90,engineered_representation,final_26,none,all,PCA_PART_I_PATIENT_3_90,pca,extra_trees,582,146,46,0.07512670799769694,0.6714293190977129,0.6086956521739131,0.6333422388458456,0.6358695652173914,0.678082191780822,0.75,0.5217391304347826,,0.5217391304347826,-0.038087080251867245,-0.08695652173913049
8,stage_1,1,ENG_07,engineering__PCA_PART_I_PATIENT_3_95,engineered_representation,final_26,none,all,PCA_PART_I_PATIENT_3_95,pca,extra_trees,582,146,46,0.07547858299949439,0.6714293190977129,0.6086956521739131,0.6333422388458456,0.6358695652173914,0.678082191780822,0.75,0.5217391304347826,,0.5217391304347826,-0.038087080251867245,-0.08695652173913049
8,stage_1,2,ENG_01,engineering__INT_GAIT_X_POSTURAL_STABILITY,engineered_representation,final_26,none,all,INT_GAIT_X_POSTURAL_STABILITY,interaction,extra_trees,582,146,47,0.078097790999891,0.6896998600383599,0.6382978723404256,0.735109636618112,0.745003223726628,0.7602739726027398,0.7878787878787878,0.7021276595744681,,0.7021276595744681,0.04540977657975209,0.06382978723404253
8,stage_1,2,ENG_02,engineering__INT_MOTOR_X_COGNITION,engineered_representation,final_26,none,all,INT_MOTOR_X_COGNITION,interaction,extra_trees,582,146,47,0.07385549999889918,0.6896998600383599,0.6382978723404256,0.7262500000000001,0.7343649258542875,0.7534246575342466,0.7878787878787878,0.6808510638297872,,0.6808510638297872,0.03655013996164014,0.04255319148936165
8,stage_1,2,ENG_03,engineering__INT_DURATION_X_MOTOR,engineered_representation,final_26,none,all,INT_DURATION_X_MOTOR,interaction,extra_trees,582,146,47,0.07561629100018763,0.6896998600383599,0.6382978723404256,0.735109636618112,0.745003223726628,0.7602739726027398,0.7878787878787878,0.7021276595744681,,0.7021276595744681,0.04540977657975209,0.06382978723404253
8,stage_1,2,ENG_04,engineering__INT_MOBILITY_X_POSTURAL_STABILITY,engineered_representation,final_26,none,all,INT_MOBILITY_X_POSTURAL_STABILITY,interaction,extra_trees,582,146,47,0.07411716600108775,0.6896998600383599,0.6382978723404256,0.7414583333333333,0.750053728777133,0.7671232876712328,0.797979797979798,0.7021276595744681,,0.7021276595744681,0.051758473294973406,0.06382978723404253
8,stage_1,2,ENG_05,engineering__PCA_PART_I_PATIENT_3_80,engineered_representation,final_26,none,all,PCA_PART_I_PATIENT_3_80,pca,extra_trees,582,146,45,0.07140670800072257,0.6896998600383599,0.6382978723404256,0.7425594442960193,0.7439286481839673,0.773972602739726,0.8282828282828283,0.6595744680851063,,0.6595744680851063,0.05285958425765935,0.02127659574468077
8,stage_1,2,ENG_06,engineering__PCA_PART_I_PATIENT_3_90,engineered_representation,final_26,none,all,PCA_PART_I_PATIENT_3_90,pca,extra_trees,582,146,46,0.07384950000050594,0.6896998600383599,0.6382978723404256,0.7110416666666667,0.718676122931442,0.7397260273972602,0.7777777777777778,0.6595744680851063,,0.6595744680851063,0.02134180662830676,0.02127659574468077
8,stage_1,2,ENG_07,engineering__PCA_PART_I_PATIENT_3_95,engineered_representation,final_26,none,all,PCA_PART_I_PATIENT_3_95,pca,extra_trees,582,146,46,0.07299462499941001,0.6896998600383599,0.6382978723404256,0.7110416666666667,0.718676122931442,0.7397260273972602,0.7777777777777778,0.6595744680851063,,0.6595744680851063,0.02134180662830676,0.02127659574468077
8,stage_1,3,ENG_01,engineering__INT_GAIT_X_POSTURAL_STABILITY,engineered_representation,final_26,none,all,INT_GAIT_X_POSTURAL_STABILITY,interaction,extra_trees,583,145,47,0.07202108300043619,0.6694528875379939,0.5652173913043478,0.6947368421052631,0.6982872200263505,0.7310344827586207,0.7878787878787878,0.6086956521739131,,0.6086956521739131,0.025283954567269173,0.0434782608695653
8,stage_1,3,ENG_02,engineering__INT_MOTOR_X_COGNITION,engineered_representation,final_26,none,all,INT_MOTOR_X_COGNITION,interaction,extra_trees,583,145,47,0.07418829199741594,0.6694528875379939,0.5652173913043478,0.6947368421052631,0.6982872200263505,0.7310344827586207,0.7878787878787878,0.6086956521739131,,0.6086956521739131,0.025283954567269173,0.0434782608695653
8,stage_1,3,ENG_03,engineering__INT_DURATION_X_MOTOR,engineered_representation,final_26,none,all,INT_DURATION_X_MOTOR,interaction,extra_trees,583,145,47,0.07772287500120001,0.6694528875379939,0.5652173913043478,0.6851932262266609,0.6874176548089592,0.7241379310344828,0.7878787878787878,0.5869565217391305,,0.5869565217391305,0.015740338688666977,0.021739130434782705
8,stage_1,3,ENG_04,engineering__INT_MOBILITY_X_POSTURAL_STABILITY,engineered_representation,final_26,none,all,INT_MOBILITY_X_POSTURAL_STABILITY,interaction,extra_trees,583,145,47,0.06407258399849525,0.6694528875379939,0.5652173913043478,0.6790823211875843,0.6823671497584541,0.7172413793103448,0.7777777777777778,0.5869565217391305,,0.5869565217391305,0.009629433649590347,0.021739130434782705
8,stage_1,3,ENG_05,engineering__PCA_PART_I_PATIENT_3_80,engineered_representation,final_26,none,all,PCA_PART_I_PATIENT_3_80,pca,extra_trees,583,145,45,0.06437741600166191,0.6694528875379939,0.5652173913043478,0.6694528875379939,0.6714975845410628,0.7103448275862069,0.7777777777777778,0.5652173913043478,,0.5652173913043478,0.0,0.0
8,stage_1,3,ENG_06,engineering__PCA_PART_I_PATIENT_3_90,engineered_representation,final_26,none,all,PCA_PART_I_PATIENT_3_90,pca,extra_trees,583,145,46,0.07500433300083387,0.6694528875379939,0.5652173913043478,0.6669515517333475,0.6722661396574441,0.7034482758620689,0.7575757575757576,0.5869565217391305,,0.5869565217391305,-0.0025013358046463985,0.021739130434782705
8,stage_1,3,ENG_07,engineering__PCA_PART_I_PATIENT_3_95,engineered_representation,final_26,none,all,PCA_PART_I_PATIENT_3_95,pca,extra_trees,583,145,46,0.07685858300101245,0.6694528875379939,0.5652173913043478,0.6669515517333475,0.6722661396574441,0.7034482758620689,0.7575757575757576,0.5869565217391305,,0.5869565217391305,-0.0025013358046463985,0.021739130434782705
8,stage_1,4,ENG_01,engineering__INT_GAIT_X_POSTURAL_STABILITY,engineered_representation,final_26,none,all,INT_GAIT_X_POSTURAL_STABILITY,interaction,extra_trees,583,145,47,0.07146637500045472,0.6877563576702215,0.7111111111111111,0.6851736972704714,0.7044444444444444,0.7103448275862069,0.72,0.6888888888888889,,0.6888888888888889,-0.0025826603997500808,-0.022222222222222254
8,stage_1,4,ENG_02,engineering__INT_MOTOR_X_COGNITION,engineered_representation,final_26,none,all,INT_MOTOR_X_COGNITION,interaction,extra_trees,583,145,47,0.0741595409999718,0.6877563576702215,0.7111111111111111,0.6913452053372099,0.7094444444444444,0.7172413793103448,0.73,0.6888888888888889,,0.6888888888888889,0.003588847666988415,-0.022222222222222254
8,stage_1,4,ENG_03,engineering__INT_DURATION_X_MOTOR,engineered_representation,final_26,none,all,INT_DURATION_X_MOTOR,interaction,extra_trees,583,145,47,0.07393291600237717,0.6877563576702215,0.7111111111111111,0.6885640945046885,0.7033333333333334,0.7172413793103448,0.74,0.6666666666666666,,0.6666666666666666,0.0008077368344669988,-0.04444444444444451
8,stage_1,4,ENG_04,engineering__INT_MOBILITY_X_POSTURAL_STABILITY,engineered_representation,final_26,none,all,INT_MOBILITY_X_POSTURAL_STABILITY,interaction,extra_trees,583,145,47,0.07627645799948368,0.6877563576702215,0.7111111111111111,0.6851736972704714,0.7044444444444444,0.7103448275862069,0.72,0.6888888888888889,,0.6888888888888889,-0.0025826603997500808,-0.022222222222222254
8,stage_1,4,ENG_05,engineering__PCA_PART_I_PATIENT_3_80,engineered_representation,final_26,none,all,PCA_PART_I_PATIENT_3_80,pca,extra_trees,583,145,45,0.062151875001291046,0.6877563576702215,0.7111111111111111,0.7001654259718776,0.7205555555555556,0.7241379310344828,0.73,0.7111111111111111,,0.7111111111111111,0.012409068301656112,0.0
8,stage_1,4,ENG_06,engineering__PCA_PART_I_PATIENT_3_90,engineered_representation,final_26,none,all,PCA_PART_I_PATIENT_3_90,pca,extra_trees,583,145,46,0.06352745899857837,0.6877563576702215,0.7111111111111111,0.6963893570297737,0.7216666666666667,0.7172413793103448,0.71,0.7333333333333333,,0.7333333333333333,0.008632999359552196,0.022222222222222143
8,stage_1,4,ENG_07,engineering__PCA_PART_I_PATIENT_3_95,engineered_representation,final_26,none,all,PCA_PART_I_PATIENT_3_95,pca,extra_trees,583,145,46,0.07469458299965481,0.6877563576702215,0.7111111111111111,0.6963893570297737,0.7216666666666667,0.7172413793103448,0.71,0.7333333333333333,,0.7333333333333333,0.008632999359552196,0.022222222222222143
8,stage_2,0,ENG_01,engineering__INT_GAIT_X_POSTURAL_STABILITY,engineered_representation,final_26,none,all,INT_GAIT_X_POSTURAL_STABILITY,interaction,extra_trees,184,46,47,0.06545508300041547,0.7324167107350608,0.78125,0.6043010752688172,0.609375,0.6521739130434783,0.71875,0.5,,0.71875,-0.1281156354662436,-0.0625
8,stage_2,0,ENG_02,engineering__INT_MOTOR_X_COGNITION,engineered_representation,final_26,none,all,INT_MOTOR_X_COGNITION,interaction,extra_trees,184,46,47,0.060381541999959154,0.7324167107350608,0.78125,0.5864621893178212,0.59375,0.6304347826086957,0.6875,0.5,,0.6875,-0.14595452141723952,-0.09375
8,stage_2,0,ENG_03,engineering__INT_DURATION_X_MOTOR,engineered_representation,final_26,none,all,INT_DURATION_X_MOTOR,interaction,extra_trees,184,46,47,0.05994425000244519,0.7324167107350608,0.78125,0.6166666666666667,0.6294642857142857,0.6521739130434783,0.6875,0.5714285714285714,,0.6875,-0.11575004406839406,-0.09375
8,stage_2,0,ENG_04,engineering__INT_MOBILITY_X_POSTURAL_STABILITY,engineered_representation,final_26,none,all,INT_MOBILITY_X_POSTURAL_STABILITY,interaction,extra_trees,184,46,47,0.061936707999848295,0.7324167107350608,0.78125,0.6223316912972086,0.625,0.6739130434782609,0.75,0.5,,0.75,-0.1100850194378522,-0.03125
8,stage_2,0,ENG_05,engineering__PCA_PART_I_PATIENT_3_80,engineered_representation,final_26,none,all,PCA_PART_I_PATIENT_3_80,pca,extra_trees,184,46,46,0.06094637500063982,0.7324167107350608,0.78125,0.7032258064516128,0.7120535714285714,0.7391304347826086,0.78125,0.6428571428571429,,0.78125,-0.02919090428344795,0.0
8,stage_2,0,ENG_06,engineering__PCA_PART_I_PATIENT_3_90,engineered_representation,final_26,none,all,PCA_PART_I_PATIENT_3_90,pca,extra_trees,184,46,46,0.061717291002423735,0.7324167107350608,0.78125,0.7032258064516128,0.7120535714285714,0.7391304347826086,0.78125,0.6428571428571429,,0.78125,-0.02919090428344795,0.0
8,stage_2,0,ENG_07,engineering__PCA_PART_I_PATIENT_3_95,engineered_representation,final_26,none,all,PCA_PART_I_PATIENT_3_95,pca,extra_trees,184,46,46,0.06472258400026476,0.7324167107350608,0.78125,0.7032258064516128,0.7120535714285714,0.7391304347826086,0.78125,0.6428571428571429,,0.78125,-0.02919090428344795,0.0
8,stage_2,1,ENG_01,engineering__INT_GAIT_X_POSTURAL_STABILITY,engineered_representation,final_26,none,all,INT_GAIT_X_POSTURAL_STABILITY,interaction,extra_trees,184,46,46,0.062432583999907365,0.7012987012987013,0.9375,0.697910447761194,0.6875,0.7608695652173914,0.875,0.5,,0.875,-0.0033882535375072687,-0.0625
8,stage_2,1,ENG_02,engineering__INT_MOTOR_X_COGNITION,engineered_representation,final_26,none,all,INT_MOTOR_X_COGNITION,interaction,extra_trees,184,46,46,0.06330058299863595,0.7012987012987013,0.9375,0.6617647058823529,0.6517857142857143,0.7391304347826086,0.875,0.42857142857142855,,0.875,-0.03953399541634839,-0.0625
8,stage_2,1,ENG_03,engineering__INT_DURATION_X_MOTOR,engineered_representation,final_26,none,all,INT_DURATION_X_MOTOR,interaction,extra_trees,184,46,46,0.06603904200164834,0.7012987012987013,0.9375,0.6617647058823529,0.6517857142857143,0.7391304347826086,0.875,0.42857142857142855,,0.875,-0.03953399541634839,-0.0625
8,stage_2,1,ENG_04,engineering__INT_MOBILITY_X_POSTURAL_STABILITY,engineered_representation,final_26,none,all,INT_MOBILITY_X_POSTURAL_STABILITY,interaction,extra_trees,184,46,46,0.06657495900071808,0.7012987012987013,0.9375,0.6231884057971014,0.6160714285714286,0.717391304347826,0.875,0.35714285714285715,,0.875,-0.07811029550159987,-0.0625
8,stage_2,1,ENG_05,engineering__PCA_PART_I_PATIENT_3_80,engineered_representation,final_26,none,all,PCA_PART_I_PATIENT_3_80,pca,extra_trees,184,46,45,0.06424533300014446,0.7012987012987013,0.9375,0.681159420289855,0.6674107142857143,0.7608695652173914,0.90625,0.42857142857142855,,0.90625,-0.02013928100884632,-0.03125
8,stage_2,1,ENG_06,engineering__PCA_PART_I_PATIENT_3_90,engineered_representation,final_26,none,all,PCA_PART_I_PATIENT_3_90,pca,extra_trees,184,46,45,0.0625945829997363,0.7012987012987013,0.9375,0.681159420289855,0.6674107142857143,0.7608695652173914,0.90625,0.42857142857142855,,0.90625,-0.02013928100884632,-0.03125
8,stage_2,1,ENG_07,engineering__PCA_PART_I_PATIENT_3_95,engineered_representation,final_26,none,all,PCA_PART_I_PATIENT_3_95,pca,extra_trees,184,46,45,0.062338333002117,0.7012987012987013,0.9375,0.681159420289855,0.6674107142857143,0.7608695652173914,0.90625,0.42857142857142855,,0.90625,-0.02013928100884632,-0.03125
8,stage_2,2,ENG_01,engineering__INT_GAIT_X_POSTURAL_STABILITY,engineered_representation,final_26,none,all,INT_GAIT_X_POSTURAL_STABILITY,interaction,extra_trees,183,47,47,0.0630585830003838,0.5422077922077922,0.75,0.5422077922077922,0.5416666666666666,0.6170212765957447,0.75,0.3333333333333333,,0.75,0.0,0.0
8,stage_2,2,ENG_02,engineering__INT_MOTOR_X_COGNITION,engineered_representation,final_26,none,all,INT_MOTOR_X_COGNITION,interaction,extra_trees,183,47,47,0.06361720799759496,0.5422077922077922,0.75,0.5761273209549072,0.575,0.6382978723404256,0.75,0.4,,0.75,0.0339195287471149,0.0
8,stage_2,2,ENG_03,engineering__INT_DURATION_X_MOTOR,engineered_representation,final_26,none,all,INT_DURATION_X_MOTOR,interaction,extra_trees,183,47,47,0.06389499999932013,0.5422077922077922,0.75,0.5761273209549072,0.575,0.6382978723404256,0.75,0.4,,0.75,0.0339195287471149,0.0
8,stage_2,2,ENG_04,engineering__INT_MOBILITY_X_POSTURAL_STABILITY,engineered_representation,final_26,none,all,INT_MOBILITY_X_POSTURAL_STABILITY,interaction,extra_trees,183,47,47,0.06479183299961733,0.5422077922077922,0.75,0.5761273209549072,0.575,0.6382978723404256,0.75,0.4,,0.75,0.0339195287471149,0.0
8,stage_2,2,ENG_05,engineering__PCA_PART_I_PATIENT_3_80,engineered_representation,final_26,none,all,PCA_PART_I_PATIENT_3_80,pca,extra_trees,183,47,46,0.06391179199999897,0.5422077922077922,0.75,0.559375,0.559375,0.6170212765957447,0.71875,0.4,,0.71875,0.017167207792207706,-0.03125
8,stage_2,2,ENG_06,engineering__PCA_PART_I_PATIENT_3_90,engineered_representation,final_26,none,all,PCA_PART_I_PATIENT_3_90,pca,extra_trees,183,47,46,0.0648568750002596,0.5422077922077922,0.75,0.559375,0.559375,0.6170212765957447,0.71875,0.4,,0.71875,0.017167207792207706,-0.03125
8,stage_2,2,ENG_07,engineering__PCA_PART_I_PATIENT_3_95,engineered_representation,final_26,none,all,PCA_PART_I_PATIENT_3_95,pca,extra_trees,183,47,46,0.05616750000262982,0.5422077922077922,0.75,0.559375,0.559375,0.6170212765957447,0.71875,0.4,,0.71875,0.017167207792207706,-0.03125
8,stage_2,3,ENG_01,engineering__INT_GAIT_X_POSTURAL_STABILITY,engineered_representation,final_26,none,all,INT_GAIT_X_POSTURAL_STABILITY,interaction,extra_trees,184,46,47,0.06301216700012446,0.7116809116809117,0.84375,0.697910447761194,0.6875,0.7608695652173914,0.875,0.5,,0.875,-0.013770463919717701,0.03125
8,stage_2,3,ENG_02,engineering__INT_MOTOR_X_COGNITION,engineered_representation,final_26,none,all,INT_MOTOR_X_COGNITION,interaction,extra_trees,184,46,47,0.061168750002252636,0.7116809116809117,0.84375,0.6429850746268657,0.6361607142857143,0.717391304347826,0.84375,0.42857142857142855,,0.84375,-0.06869583705404603,0.0
8,stage_2,3,ENG_03,engineering__INT_DURATION_X_MOTOR,engineered_representation,final_26,none,all,INT_DURATION_X_MOTOR,interaction,extra_trees,184,46,47,0.06254320899824961,0.7116809116809117,0.84375,0.6617647058823529,0.6517857142857143,0.7391304347826086,0.875,0.42857142857142855,,0.875,-0.04991620579855882,0.03125
8,stage_2,3,ENG_04,engineering__INT_MOBILITY_X_POSTURAL_STABILITY,engineered_representation,final_26,none,all,INT_MOBILITY_X_POSTURAL_STABILITY,interaction,extra_trees,184,46,47,0.0663302079992718,0.7116809116809117,0.84375,0.6783216783216783,0.671875,0.7391304347826086,0.84375,0.5,,0.84375,-0.03335923335923341,0.0
8,stage_2,3,ENG_05,engineering__PCA_PART_I_PATIENT_3_80,engineered_representation,final_26,none,all,PCA_PART_I_PATIENT_3_80,pca,extra_trees,184,46,45,0.06249454099815921,0.7116809116809117,0.84375,0.697910447761194,0.6875,0.7608695652173914,0.875,0.5,,0.875,-0.013770463919717701,0.03125
8,stage_2,3,ENG_06,engineering__PCA_PART_I_PATIENT_3_90,engineered_representation,final_26,none,all,PCA_PART_I_PATIENT_3_90,pca,extra_trees,184,46,46,0.06333333399743424,0.7116809116809117,0.84375,0.6617647058823529,0.6517857142857143,0.7391304347826086,0.875,0.42857142857142855,,0.875,-0.04991620579855882,0.03125
8,stage_2,3,ENG_07,engineering__PCA_PART_I_PATIENT_3_95,engineered_representation,final_26,none,all,PCA_PART_I_PATIENT_3_95,pca,extra_trees,184,46,46,0.06522570800007088,0.7116809116809117,0.84375,0.6617647058823529,0.6517857142857143,0.7391304347826086,0.875,0.42857142857142855,,0.875,-0.04991620579855882,0.03125
8,stage_2,4,ENG_01,engineering__INT_GAIT_X_POSTURAL_STABILITY,engineered_representation,final_26,none,all,INT_GAIT_X_POSTURAL_STABILITY,interaction,extra_trees,185,45,47,0.06287658399742213,0.6691176470588236,0.6774193548387096,0.6759259259259259,0.7154377880184332,0.6888888888888889,0.6451612903225806,0.7857142857142857,,0.6451612903225806,0.006808278867102335,-0.032258064516129004
8,stage_2,4,ENG_02,engineering__INT_MOTOR_X_COGNITION,engineered_representation,final_26,none,all,INT_MOTOR_X_COGNITION,interaction,extra_trees,185,45,47,0.06529383300221525,0.6691176470588236,0.6774193548387096,0.6759259259259259,0.7154377880184332,0.6888888888888889,0.6451612903225806,0.7857142857142857,,0.6451612903225806,0.006808278867102335,-0.032258064516129004
8,stage_2,4,ENG_03,engineering__INT_DURATION_X_MOTOR,engineered_representation,final_26,none,all,INT_DURATION_X_MOTOR,interaction,extra_trees,185,45,47,0.06160345799798961,0.6691176470588236,0.6774193548387096,0.6759259259259259,0.7154377880184332,0.6888888888888889,0.6451612903225806,0.7857142857142857,,0.6451612903225806,0.006808278867102335,-0.032258064516129004
8,stage_2,4,ENG_04,engineering__INT_MOBILITY_X_POSTURAL_STABILITY,engineered_representation,final_26,none,all,INT_MOBILITY_X_POSTURAL_STABILITY,interaction,extra_trees,185,45,47,0.05946004100042046,0.6691176470588236,0.6774193548387096,0.6759259259259259,0.7154377880184332,0.6888888888888889,0.6451612903225806,0.7857142857142857,,0.6451612903225806,0.006808278867102335,-0.032258064516129004
8,stage_2,4,ENG_05,engineering__PCA_PART_I_PATIENT_3_80,engineered_representation,final_26,none,all,PCA_PART_I_PATIENT_3_80,pca,extra_trees,185,45,46,0.06810637499802397,0.6691176470588236,0.6774193548387096,0.6493506493506493,0.6797235023041475,0.6666666666666666,0.6451612903225806,0.7142857142857143,,0.6451612903225806,-0.01976699770817425,-0.032258064516129004
8,stage_2,4,ENG_06,engineering__PCA_PART_I_PATIENT_3_90,engineered_representation,final_26,none,all,PCA_PART_I_PATIENT_3_90,pca,extra_trees,185,45,46,0.06565000000045984,0.6691176470588236,0.6774193548387096,0.6493506493506493,0.6797235023041475,0.6666666666666666,0.6451612903225806,0.7142857142857143,,0.6451612903225806,-0.01976699770817425,-0.032258064516129004
8,stage_2,4,ENG_07,engineering__PCA_PART_I_PATIENT_3_95,engineered_representation,final_26,none,all,PCA_PART_I_PATIENT_3_95,pca,extra_trees,185,45,46,0.06595158300115145,0.6691176470588236,0.6774193548387096,0.6493506493506493,0.6797235023041475,0.6666666666666666,0.6451612903225806,0.7142857142857143,,0.6451612903225806,-0.01976699770817425,-0.032258064516129004
9,direct,0,ENG_01,engineering__INT_GAIT_X_POSTURAL_STABILITY,engineered_representation,final_26,none,all,INT_GAIT_X_POSTURAL_STABILITY,interaction,extra_trees,582,146,48,0.07378516699827742,0.44097222222222215,0.21875,0.4532301449594683,0.48625,0.6027397260273972,0.74,0.21875,0.5,0.21875,0.01225792273724613,0.0
9,direct,0,ENG_02,engineering__INT_MOTOR_X_COGNITION,engineered_representation,final_26,none,all,INT_MOTOR_X_COGNITION,interaction,extra_trees,582,146,48,0.07620929200129467,0.44097222222222215,0.21875,0.45496746793091103,0.48625,0.6027397260273972,0.74,0.21875,0.5,0.21875,0.013995245708688875,0.0
9,direct,0,ENG_03,engineering__INT_DURATION_X_MOTOR,engineered_representation,final_26,none,all,INT_DURATION_X_MOTOR,interaction,extra_trees,582,146,48,0.07079320800039568,0.44097222222222215,0.21875,0.44153423852671975,0.47583333333333333,0.5958904109589042,0.74,0.1875,0.5,0.1875,0.0005620163044975923,-0.03125
9,direct,0,ENG_04,engineering__INT_MOBILITY_X_POSTURAL_STABILITY,engineered_representation,final_26,none,all,INT_MOBILITY_X_POSTURAL_STABILITY,interaction,extra_trees,582,146,48,0.07342274999973597,0.44097222222222215,0.21875,0.43641475483580744,0.4725,0.589041095890411,0.73,0.1875,0.5,0.1875,-0.004557467386414715,-0.03125
9,direct,0,ENG_05,engineering__PCA_PART_I_PATIENT_3_80,engineered_representation,final_26,none,all,PCA_PART_I_PATIENT_3_80,pca,extra_trees,582,146,46,0.0832827919984993,0.44097222222222215,0.21875,0.4541059037922959,0.5000595238095238,0.589041095890411,0.71,0.21875,0.5714285714285714,0.21875,0.013133681570073719,0.0
9,direct,0,ENG_06,engineering__PCA_PART_I_PATIENT_3_90,engineered_representation,final_26,none,all,PCA_PART_I_PATIENT_3_90,pca,extra_trees,582,146,47,0.07831850000002305,0.44097222222222215,0.21875,0.4694928560213534,0.5372619047619048,0.5958904109589042,0.71,0.1875,0.7142857142857143,0.1875,0.028520633799131223,-0.03125
9,direct,0,ENG_07,engineering__PCA_PART_I_PATIENT_3_95,engineered_representation,final_26,none,all,PCA_PART_I_PATIENT_3_95,pca,extra_trees,582,146,47,0.07673083299960126,0.44097222222222215,0.21875,0.4694928560213534,0.5372619047619048,0.5958904109589042,0.71,0.1875,0.7142857142857143,0.1875,0.028520633799131223,-0.03125
9,direct,1,ENG_01,engineering__INT_GAIT_X_POSTURAL_STABILITY,engineered_representation,final_26,none,all,INT_GAIT_X_POSTURAL_STABILITY,interaction,extra_trees,582,146,48,0.0731891249997716,0.5360877572263593,0.40625,0.5536963841311667,0.6339880952380952,0.6506849315068494,0.71,0.40625,0.7857142857142857,0.40625,0.017608626904807467,0.0
9,direct,1,ENG_02,engineering__INT_MOTOR_X_COGNITION,engineered_representation,final_26,none,all,INT_MOTOR_X_COGNITION,interaction,extra_trees,582,146,48,0.07766095799888717,0.5360877572263593,0.40625,0.5508166551644812,0.626904761904762,0.6506849315068494,0.72,0.375,0.7857142857142857,0.375,0.014728897938121932,-0.03125
9,direct,1,ENG_03,engineering__INT_DURATION_X_MOTOR,engineered_representation,final_26,none,all,INT_DURATION_X_MOTOR,interaction,extra_trees,582,146,48,0.07624720799867646,0.5360877572263593,0.40625,0.5542637521018495,0.6339880952380952,0.6506849315068494,0.71,0.40625,0.7857142857142857,0.40625,0.018175994875490264,0.0
9,direct,1,ENG_04,engineering__INT_MOBILITY_X_POSTURAL_STABILITY,engineered_representation,final_26,none,all,INT_MOBILITY_X_POSTURAL_STABILITY,interaction,extra_trees,582,146,48,0.07442920800167485,0.5360877572263593,0.40625,0.5456009369052847,0.6172619047619047,0.6438356164383562,0.7,0.4375,0.7142857142857143,0.4375,0.009513179678925399,0.03125
9,direct,1,ENG_05,engineering__PCA_PART_I_PATIENT_3_80,engineered_representation,final_26,none,all,PCA_PART_I_PATIENT_3_80,pca,extra_trees,582,146,46,0.07670675000190386,0.5360877572263593,0.40625,0.5907026754972948,0.6652380952380952,0.6712328767123288,0.71,0.5,0.7857142857142857,0.5,0.054614918270935564,0.09375
9,direct,1,ENG_06,engineering__PCA_PART_I_PATIENT_3_90,engineered_representation,final_26,none,all,PCA_PART_I_PATIENT_3_90,pca,extra_trees,582,146,47,0.07351329200173495,0.5360877572263593,0.40625,0.5505805108495476,0.6306547619047619,0.6438356164383562,0.7,0.40625,0.7857142857142857,0.40625,0.01449275362318836,0.0
9,direct,1,ENG_07,engineering__PCA_PART_I_PATIENT_3_95,engineered_representation,final_26,none,all,PCA_PART_I_PATIENT_3_95,pca,extra_trees,582,146,47,0.07816112500222516,0.5360877572263593,0.40625,0.5505805108495476,0.6306547619047619,0.6438356164383562,0.7,0.40625,0.7857142857142857,0.40625,0.01449275362318836,0.0
9,direct,2,ENG_01,engineering__INT_GAIT_X_POSTURAL_STABILITY,engineered_representation,final_26,none,all,INT_GAIT_X_POSTURAL_STABILITY,interaction,extra_trees,582,146,48,0.07275541700073518,0.40733058250622656,0.12903225806451613,0.44297488978340044,0.494516129032258,0.5753424657534246,0.69,0.1935483870967742,0.6,0.1935483870967742,0.03564430727717388,0.06451612903225806
9,direct,2,ENG_02,engineering__INT_MOTOR_X_COGNITION,engineered_representation,final_26,none,all,INT_MOTOR_X_COGNITION,interaction,extra_trees,582,146,48,0.07217870900058188,0.40733058250622656,0.12903225806451613,0.4607321229214407,0.5086021505376345,0.589041095890411,0.7,0.22580645161290322,0.6,0.22580645161290322,0.053401540415214166,0.0967741935483871
9,direct,2,ENG_03,engineering__INT_DURATION_X_MOTOR,engineered_representation,final_26,none,all,INT_DURATION_X_MOTOR,interaction,extra_trees,582,146,48,0.07647479200022644,0.40733058250622656,0.12903225806451613,0.4572507991862831,0.5052688172043011,0.5821917808219178,0.69,0.22580645161290322,0.6,0.22580645161290322,0.04992021668005653,0.0967741935483871
9,direct,2,ENG_04,engineering__INT_MOBILITY_X_POSTURAL_STABILITY,engineered_representation,final_26,none,all,INT_MOBILITY_X_POSTURAL_STABILITY,interaction,extra_trees,582,146,48,0.07381474999783677,0.40733058250622656,0.12903225806451613,0.43168329619942525,0.47229390681003586,0.5684931506849316,0.69,0.1935483870967742,0.5333333333333333,0.1935483870967742,0.02435271369319869,0.06451612903225806
9,direct,2,ENG_05,engineering__PCA_PART_I_PATIENT_3_80,engineered_representation,final_26,none,all,PCA_PART_I_PATIENT_3_80,pca,extra_trees,582,146,46,0.06833579199883388,0.40733058250622656,0.12903225806451613,0.44617945891089045,0.4978494623655914,0.5821917808219178,0.7,0.1935483870967742,0.6,0.1935483870967742,0.03884887640466389,0.06451612903225806
9,direct,2,ENG_06,engineering__PCA_PART_I_PATIENT_3_90,engineered_representation,final_26,none,all,PCA_PART_I_PATIENT_3_90,pca,extra_trees,582,146,47,0.0748539999985951,0.40733058250622656,0.12903225806451613,0.4109735697557712,0.46634408602150534,0.547945205479452,0.67,0.12903225806451613,0.6,0.12903225806451613,0.003642987249544649,0.0
9,direct,2,ENG_07,engineering__PCA_PART_I_PATIENT_3_95,engineered_representation,final_26,none,all,PCA_PART_I_PATIENT_3_95,pca,extra_trees,582,146,47,0.07734541700119735,0.40733058250622656,0.12903225806451613,0.4109735697557712,0.46634408602150534,0.547945205479452,0.67,0.12903225806451613,0.6,0.12903225806451613,0.003642987249544649,0.0
9,direct,3,ENG_01,engineering__INT_GAIT_X_POSTURAL_STABILITY,engineered_representation,final_26,none,all,INT_GAIT_X_POSTURAL_STABILITY,interaction,extra_trees,583,145,48,0.07282233300065855,0.5460852745774115,0.40625,0.5394491236057365,0.5512415824915825,0.6482758620689655,0.7474747474747475,0.40625,0.5,0.40625,-0.0066361509716750255,0.0
9,direct,3,ENG_02,engineering__INT_MOTOR_X_COGNITION,engineered_representation,final_26,none,all,INT_MOTOR_X_COGNITION,interaction,extra_trees,583,145,48,0.07418087500263937,0.5460852745774115,0.40625,0.5303572861498956,0.5441919191919192,0.6482758620689655,0.7575757575757576,0.375,0.5,0.375,-0.015727988427515882,-0.03125
9,direct,3,ENG_03,engineering__INT_DURATION_X_MOTOR,engineered_representation,final_26,none,all,INT_DURATION_X_MOTOR,interaction,extra_trees,583,145,48,0.07546937500228523,0.5460852745774115,0.40625,0.48484477124183006,0.4928150553150554,0.6137931034482759,0.7373737373737373,0.3125,0.42857142857142855,0.3125,-0.06124050333558145,-0.09375
9,direct,3,ENG_04,engineering__INT_MOBILITY_X_POSTURAL_STABILITY,engineered_representation,final_26,none,all,INT_MOBILITY_X_POSTURAL_STABILITY,interaction,extra_trees,583,145,48,0.07684700000027078,0.5460852745774115,0.40625,0.5146454508192414,0.5203823953823954,0.6413793103448275,0.7575757575757576,0.375,0.42857142857142855,0.375,-0.031439823758170116,-0.03125
9,direct,3,ENG_05,engineering__PCA_PART_I_PATIENT_3_80,engineered_representation,final_26,none,all,PCA_PART_I_PATIENT_3_80,pca,extra_trees,583,145,46,0.07353137500103912,0.5460852745774115,0.40625,0.525456243103302,0.5511664261664262,0.6206896551724138,0.7070707070707071,0.375,0.5714285714285714,0.375,-0.02062903147410955,-0.03125
9,direct,3,ENG_06,engineering__PCA_PART_I_PATIENT_3_90,engineered_representation,final_26,none,all,PCA_PART_I_PATIENT_3_90,pca,extra_trees,583,145,47,0.07293437499902211,0.5460852745774115,0.40625,0.4983822532209629,0.5102062289562289,0.593103448275862,0.6868686868686869,0.34375,0.5,0.34375,-0.047703021356448605,-0.0625
9,direct,3,ENG_07,engineering__PCA_PART_I_PATIENT_3_95,engineered_representation,final_26,none,all,PCA_PART_I_PATIENT_3_95,pca,extra_trees,583,145,47,0.07227849999981117,0.5460852745774115,0.40625,0.4983822532209629,0.5102062289562289,0.593103448275862,0.6868686868686869,0.34375,0.5,0.34375,-0.047703021356448605,-0.0625
9,direct,4,ENG_01,engineering__INT_GAIT_X_POSTURAL_STABILITY,engineered_representation,final_26,none,all,INT_GAIT_X_POSTURAL_STABILITY,interaction,extra_trees,583,145,47,0.07628525000109221,0.5169070787673088,0.25,0.518221444646315,0.5773208273208273,0.6482758620689655,0.7676767676767676,0.25,0.7142857142857143,0.25,0.0013143658790062407,0.0
9,direct,4,ENG_02,engineering__INT_MOTOR_X_COGNITION,engineered_representation,final_26,none,all,INT_MOTOR_X_COGNITION,interaction,extra_trees,583,145,47,0.07449133299815003,0.5169070787673088,0.25,0.533234126984127,0.5911044973544973,0.6620689655172414,0.7777777777777778,0.28125,0.7142857142857143,0.28125,0.016327048216818185,0.03125
9,direct,4,ENG_03,engineering__INT_DURATION_X_MOTOR,engineered_representation,final_26,none,all,INT_DURATION_X_MOTOR,interaction,extra_trees,583,145,47,0.07633654100209242,0.5169070787673088,0.25,0.5178571428571428,0.5773208273208273,0.6482758620689655,0.7676767676767676,0.25,0.7142857142857143,0.25,0.0009500640898340018,0.0
9,direct,4,ENG_04,engineering__INT_MOBILITY_X_POSTURAL_STABILITY,engineered_representation,final_26,none,all,INT_MOBILITY_X_POSTURAL_STABILITY,interaction,extra_trees,583,145,47,0.07360083400271833,0.5169070787673088,0.25,0.5229143723709627,0.570661976911977,0.6620689655172414,0.7878787878787878,0.28125,0.6428571428571429,0.28125,0.006007293603653929,0.03125
9,direct,4,ENG_05,engineering__PCA_PART_I_PATIENT_3_80,engineered_representation,final_26,none,all,PCA_PART_I_PATIENT_3_80,pca,extra_trees,583,145,45,0.07479908399909618,0.5169070787673088,0.25,0.5566544566544567,0.6048881673881673,0.6758620689655173,0.7878787878787878,0.3125,0.7142857142857143,0.3125,0.03974737788714788,0.0625
9,direct,4,ENG_06,engineering__PCA_PART_I_PATIENT_3_90,engineered_representation,final_26,none,all,PCA_PART_I_PATIENT_3_90,pca,extra_trees,583,145,46,0.07520545799707179,0.5169070787673088,0.25,0.511168384879725,0.5669041606541606,0.6413793103448275,0.7676767676767676,0.21875,0.7142857142857143,0.21875,-0.005738693887583746,-0.03125
9,direct,4,ENG_07,engineering__PCA_PART_I_PATIENT_3_95,engineered_representation,final_26,none,all,PCA_PART_I_PATIENT_3_95,pca,extra_trees,583,145,46,0.07597754200105555,0.5169070787673088,0.25,0.511168384879725,0.5669041606541606,0.6413793103448275,0.7676767676767676,0.21875,0.7142857142857143,0.21875,-0.005738693887583746,-0.03125
9,stage_1,0,ENG_01,engineering__INT_GAIT_X_POSTURAL_STABILITY,engineered_representation,final_26,none,all,INT_GAIT_X_POSTURAL_STABILITY,interaction,extra_trees,582,146,48,0.07707891700192704,0.6160319798022302,0.5217391304347826,0.6313907006101409,0.6367391304347826,0.6712328767123288,0.73,0.5434782608695652,,0.5434782608695652,0.015358720807910675,0.021739130434782594
9,stage_1,0,ENG_02,engineering__INT_MOTOR_X_COGNITION,engineered_representation,final_26,none,all,INT_MOTOR_X_COGNITION,interaction,extra_trees,582,146,48,0.07565912500285776,0.6160319798022302,0.5217391304347826,0.6255822473439054,0.6317391304347826,0.6643835616438356,0.72,0.5434782608695652,,0.5434782608695652,0.009550267541675206,0.021739130434782594
9,stage_1,0,ENG_03,engineering__INT_DURATION_X_MOTOR,engineered_representation,final_26,none,all,INT_DURATION_X_MOTOR,interaction,extra_trees,582,146,48,0.07376149999981862,0.6160319798022302,0.5217391304347826,0.6255822473439054,0.6317391304347826,0.6643835616438356,0.72,0.5434782608695652,,0.5434782608695652,0.009550267541675206,0.021739130434782594
9,stage_1,0,ENG_04,engineering__INT_MOBILITY_X_POSTURAL_STABILITY,engineered_representation,final_26,none,all,INT_MOBILITY_X_POSTURAL_STABILITY,interaction,extra_trees,582,146,48,0.07261116699737613,0.6160319798022302,0.5217391304347826,0.6255822473439054,0.6317391304347826,0.6643835616438356,0.72,0.5434782608695652,,0.5434782608695652,0.009550267541675206,0.021739130434782594
9,stage_1,0,ENG_05,engineering__PCA_PART_I_PATIENT_3_80,engineered_representation,final_26,none,all,PCA_PART_I_PATIENT_3_80,pca,extra_trees,582,146,46,0.07330316600200604,0.6160319798022302,0.5217391304347826,0.6313907006101409,0.6367391304347826,0.6712328767123288,0.73,0.5434782608695652,,0.5434782608695652,0.015358720807910675,0.021739130434782594
9,stage_1,0,ENG_06,engineering__PCA_PART_I_PATIENT_3_90,engineered_representation,final_26,none,all,PCA_PART_I_PATIENT_3_90,pca,extra_trees,582,146,47,0.0635965830006171,0.6160319798022302,0.5217391304347826,0.6255822473439054,0.6317391304347826,0.6643835616438356,0.72,0.5434782608695652,,0.5434782608695652,0.009550267541675206,0.021739130434782594
9,stage_1,0,ENG_07,engineering__PCA_PART_I_PATIENT_3_95,engineered_representation,final_26,none,all,PCA_PART_I_PATIENT_3_95,pca,extra_trees,582,146,47,0.06513870900016627,0.6160319798022302,0.5217391304347826,0.6255822473439054,0.6317391304347826,0.6643835616438356,0.72,0.5434782608695652,,0.5434782608695652,0.009550267541675206,0.021739130434782594
9,stage_1,1,ENG_01,engineering__INT_GAIT_X_POSTURAL_STABILITY,engineered_representation,final_26,none,all,INT_GAIT_X_POSTURAL_STABILITY,interaction,extra_trees,582,146,48,0.06490120899979956,0.7100076394194041,0.717391304347826,0.6925052653207993,0.7069565217391305,0.7191780821917808,0.74,0.6739130434782609,,0.6739130434782609,-0.01750237409860489,-0.04347826086956519
9,stage_1,1,ENG_02,engineering__INT_MOTOR_X_COGNITION,engineered_representation,final_26,none,all,INT_MOTOR_X_COGNITION,interaction,extra_trees,582,146,48,0.07818645800216473,0.7100076394194041,0.717391304347826,0.6925052653207993,0.7069565217391305,0.7191780821917808,0.74,0.6739130434782609,,0.6739130434782609,-0.01750237409860489,-0.04347826086956519
9,stage_1,1,ENG_03,engineering__INT_DURATION_X_MOTOR,engineered_representation,final_26,none,all,INT_DURATION_X_MOTOR,interaction,extra_trees,582,146,48,0.07372491600108333,0.7100076394194041,0.717391304347826,0.6863747954173486,0.7019565217391304,0.7123287671232876,0.73,0.6739130434782609,,0.6739130434782609,-0.023632844002055564,-0.04347826086956519
9,stage_1,1,ENG_04,engineering__INT_MOBILITY_X_POSTURAL_STABILITY,engineered_representation,final_26,none,all,INT_MOBILITY_X_POSTURAL_STABILITY,interaction,extra_trees,582,146,48,0.07771220799986622,0.7100076394194041,0.717391304347826,0.6925052653207993,0.7069565217391305,0.7191780821917808,0.74,0.6739130434782609,,0.6739130434782609,-0.01750237409860489,-0.04347826086956519
9,stage_1,1,ENG_05,engineering__PCA_PART_I_PATIENT_3_80,engineered_representation,final_26,none,all,PCA_PART_I_PATIENT_3_80,pca,extra_trees,582,146,46,0.07471754099969985,0.7100076394194041,0.717391304347826,0.7208132045088567,0.7454347826086957,0.7397260273972602,0.73,0.7608695652173914,,0.7608695652173914,0.010805565089452518,0.0434782608695653
9,stage_1,1,ENG_06,engineering__PCA_PART_I_PATIENT_3_90,engineered_representation,final_26,none,all,PCA_PART_I_PATIENT_3_90,pca,extra_trees,582,146,47,0.07137612500082469,0.7100076394194041,0.717391304347826,0.6937062937062937,0.7195652173913043,0.7123287671232876,0.7,0.7391304347826086,,0.7391304347826086,-0.016301345713110482,0.021739130434782594
9,stage_1,1,ENG_07,engineering__PCA_PART_I_PATIENT_3_95,engineered_representation,final_26,none,all,PCA_PART_I_PATIENT_3_95,pca,extra_trees,582,146,47,0.06964958300159196,0.7100076394194041,0.717391304347826,0.6937062937062937,0.7195652173913043,0.7123287671232876,0.7,0.7391304347826086,,0.7391304347826086,-0.016301345713110482,0.021739130434782594
9,stage_1,2,ENG_01,engineering__INT_GAIT_X_POSTURAL_STABILITY,engineered_representation,final_26,none,all,INT_GAIT_X_POSTURAL_STABILITY,interaction,extra_trees,582,146,48,0.07139366699993843,0.6958333333333333,0.6521739130434783,0.6958333333333333,0.7060869565217391,0.726027397260274,0.76,0.6521739130434783,,0.6521739130434783,0.0,0.0
9,stage_1,2,ENG_02,engineering__INT_MOTOR_X_COGNITION,engineered_representation,final_26,none,all,INT_MOTOR_X_COGNITION,interaction,extra_trees,582,146,48,0.06798049999997602,0.6958333333333333,0.6521739130434783,0.7048364522316106,0.7169565217391305,0.7328767123287672,0.76,0.6739130434782609,,0.6739130434782609,0.009003118898277318,0.021739130434782594
9,stage_1,2,ENG_03,engineering__INT_DURATION_X_MOTOR,engineered_representation,final_26,none,all,INT_DURATION_X_MOTOR,interaction,extra_trees,582,146,48,0.07215570900007151,0.6958333333333333,0.6521739130434783,0.6986584107327141,0.7119565217391304,0.726027397260274,0.75,0.6739130434782609,,0.6739130434782609,0.00282507739938076,0.021739130434782594
9,stage_1,2,ENG_04,engineering__INT_MOBILITY_X_POSTURAL_STABILITY,engineered_representation,final_26,none,all,INT_MOBILITY_X_POSTURAL_STABILITY,interaction,extra_trees,582,146,48,0.07337195800209884,0.6958333333333333,0.6521739130434783,0.7019940336002513,0.7110869565217391,0.7328767123287672,0.77,0.6521739130434783,,0.6521739130434783,0.006160700266917951,0.0
9,stage_1,2,ENG_05,engineering__PCA_PART_I_PATIENT_3_80,engineered_representation,final_26,none,all,PCA_PART_I_PATIENT_3_80,pca,extra_trees,582,146,46,0.08163499999864143,0.6958333333333333,0.6521739130434783,0.6925052653207993,0.7069565217391305,0.7191780821917808,0.74,0.6739130434782609,,0.6739130434782609,-0.0033280680125340467,0.021739130434782594
9,stage_1,2,ENG_06,engineering__PCA_PART_I_PATIENT_3_90,engineered_representation,final_26,none,all,PCA_PART_I_PATIENT_3_90,pca,extra_trees,582,146,47,0.08824970799832954,0.6958333333333333,0.6521739130434783,0.6802648332060097,0.6969565217391305,0.7054794520547946,0.72,0.6739130434782609,,0.6739130434782609,-0.015568500127323581,0.021739130434782594
9,stage_1,2,ENG_07,engineering__PCA_PART_I_PATIENT_3_95,engineered_representation,final_26,none,all,PCA_PART_I_PATIENT_3_95,pca,extra_trees,582,146,47,0.09600020899961237,0.6958333333333333,0.6521739130434783,0.6802648332060097,0.6969565217391305,0.7054794520547946,0.72,0.6739130434782609,,0.6739130434782609,-0.015568500127323581,0.021739130434782594
9,stage_1,3,ENG_01,engineering__INT_GAIT_X_POSTURAL_STABILITY,engineered_representation,final_26,none,all,INT_GAIT_X_POSTURAL_STABILITY,interaction,extra_trees,583,145,48,0.07379358300022432,0.6815985946420728,0.5652173913043478,0.6755089787675346,0.6765480895915679,0.7172413793103448,0.7878787878787878,0.5652173913043478,,0.5652173913043478,-0.006089615874538268,0.0
9,stage_1,3,ENG_02,engineering__INT_MOTOR_X_COGNITION,engineered_representation,final_26,none,all,INT_MOTOR_X_COGNITION,interaction,extra_trees,583,145,48,0.09242929099855246,0.6815985946420728,0.5652173913043478,0.6656785243741765,0.6656785243741765,0.7103448275862069,0.7878787878787878,0.5434782608695652,,0.5434782608695652,-0.015920070267896325,-0.021739130434782594
9,stage_1,3,ENG_03,engineering__INT_DURATION_X_MOTOR,engineered_representation,final_26,none,all,INT_DURATION_X_MOTOR,interaction,extra_trees,583,145,48,0.09026108299804037,0.6815985946420728,0.5652173913043478,0.6730025773195876,0.6773166447079491,0.7103448275862069,0.7676767676767676,0.5869565217391305,,0.5869565217391305,-0.008596017322485272,0.021739130434782705
9,stage_1,3,ENG_04,engineering__INT_MOBILITY_X_POSTURAL_STABILITY,engineered_representation,final_26,none,all,INT_MOBILITY_X_POSTURAL_STABILITY,interaction,extra_trees,583,145,48,0.08360891700067441,0.6815985946420728,0.5652173913043478,0.6755089787675346,0.6765480895915679,0.7172413793103448,0.7878787878787878,0.5652173913043478,,0.5652173913043478,-0.006089615874538268,0.0
9,stage_1,3,ENG_05,engineering__PCA_PART_I_PATIENT_3_80,engineered_representation,final_26,none,all,PCA_PART_I_PATIENT_3_80,pca,extra_trees,583,145,46,0.08340291599961347,0.6815985946420728,0.5652173913043478,0.6669515517333475,0.6722661396574441,0.7034482758620689,0.7575757575757576,0.5869565217391305,,0.5869565217391305,-0.014647042908725316,0.021739130434782705
9,stage_1,3,ENG_06,engineering__PCA_PART_I_PATIENT_3_90,engineered_representation,final_26,none,all,PCA_PART_I_PATIENT_3_90,pca,extra_trees,583,145,47,0.08478624999770545,0.6815985946420728,0.5652173913043478,0.6418599656357389,0.6454765041721564,0.6827586206896552,0.7474747474747475,0.5434782608695652,,0.5434782608695652,-0.03973862900633396,-0.021739130434782594
9,stage_1,3,ENG_07,engineering__PCA_PART_I_PATIENT_3_95,engineered_representation,final_26,none,all,PCA_PART_I_PATIENT_3_95,pca,extra_trees,583,145,47,0.08471770799951628,0.6815985946420728,0.5652173913043478,0.6418599656357389,0.6454765041721564,0.6827586206896552,0.7474747474747475,0.5434782608695652,,0.5434782608695652,-0.03973862900633396,-0.021739130434782594
9,stage_1,4,ENG_01,engineering__INT_GAIT_X_POSTURAL_STABILITY,engineered_representation,final_26,none,all,INT_GAIT_X_POSTURAL_STABILITY,interaction,extra_trees,583,145,47,0.08231954200164182,0.6717101993483903,0.5434782608695652,0.6975186649099693,0.6975186649099693,0.7379310344827587,0.8080808080808081,0.5869565217391305,,0.5869565217391305,0.025808465561579008,0.0434782608695653
9,stage_1,4,ENG_02,engineering__INT_MOTOR_X_COGNITION,engineered_representation,final_26,none,all,INT_MOTOR_X_COGNITION,interaction,extra_trees,583,145,47,0.0638670420012204,0.6717101993483903,0.5434782608695652,0.7009335649153279,0.7033377250768555,0.7379310344827587,0.797979797979798,0.6086956521739131,,0.6086956521739131,0.02922336556693761,0.0652173913043479
9,stage_1,4,ENG_03,engineering__INT_DURATION_X_MOTOR,engineered_representation,final_26,none,all,INT_DURATION_X_MOTOR,interaction,extra_trees,583,145,47,0.07461004200013122,0.6717101993483903,0.5434782608695652,0.7009335649153279,0.7033377250768555,0.7379310344827587,0.797979797979798,0.6086956521739131,,0.6086956521739131,0.02922336556693761,0.0652173913043479
9,stage_1,4,ENG_04,engineering__INT_MOBILITY_X_POSTURAL_STABILITY,engineered_representation,final_26,none,all,INT_MOBILITY_X_POSTURAL_STABILITY,interaction,extra_trees,583,145,47,0.06563637499857577,0.6717101993483903,0.5434782608695652,0.6815985946420728,0.6815985946420728,0.7241379310344828,0.797979797979798,0.5652173913043478,,0.5652173913043478,0.009888395293682573,0.021739130434782594
9,stage_1,4,ENG_05,engineering__PCA_PART_I_PATIENT_3_80,engineered_representation,final_26,none,all,PCA_PART_I_PATIENT_3_80,pca,extra_trees,583,145,45,0.06732916699911584,0.6717101993483903,0.5434782608695652,0.6777777777777778,0.6757795344751867,0.7241379310344828,0.8080808080808081,0.5434782608695652,,0.5434782608695652,0.0060675784293875434,0.0
9,stage_1,4,ENG_06,engineering__PCA_PART_I_PATIENT_3_90,engineered_representation,final_26,none,all,PCA_PART_I_PATIENT_3_90,pca,extra_trees,583,145,46,0.06400845800089883,0.6717101993483903,0.5434782608695652,0.690031503150315,0.6858805445761967,0.7379310344827587,0.8282828282828283,0.5434782608695652,,0.5434782608695652,0.01832130380192476,0.0
9,stage_1,4,ENG_07,engineering__PCA_PART_I_PATIENT_3_95,engineered_representation,final_26,none,all,PCA_PART_I_PATIENT_3_95,pca,extra_trees,583,145,46,0.0780872499999532,0.6717101993483903,0.5434782608695652,0.690031503150315,0.6858805445761967,0.7379310344827587,0.8282828282828283,0.5434782608695652,,0.5434782608695652,0.01832130380192476,0.0
9,stage_2,0,ENG_01,engineering__INT_GAIT_X_POSTURAL_STABILITY,engineered_representation,final_26,none,all,INT_GAIT_X_POSTURAL_STABILITY,interaction,extra_trees,184,46,47,0.06957429199974285,0.6247086247086246,0.8125,0.6068376068376069,0.6049107142857143,0.6739130434782609,0.78125,0.42857142857142855,,0.78125,-0.017871017871017747,-0.03125
9,stage_2,0,ENG_02,engineering__INT_MOTOR_X_COGNITION,engineered_representation,final_26,none,all,INT_MOTOR_X_COGNITION,interaction,extra_trees,184,46,47,0.05893925000054878,0.6247086247086246,0.8125,0.6068376068376069,0.6049107142857143,0.6739130434782609,0.78125,0.42857142857142855,,0.78125,-0.017871017871017747,-0.03125
9,stage_2,0,ENG_03,engineering__INT_DURATION_X_MOTOR,engineered_representation,final_26,none,all,INT_DURATION_X_MOTOR,interaction,extra_trees,184,46,47,0.06730979200074216,0.6247086247086246,0.8125,0.6068376068376069,0.6049107142857143,0.6739130434782609,0.78125,0.42857142857142855,,0.78125,-0.017871017871017747,-0.03125
9,stage_2,0,ENG_04,engineering__INT_MOBILITY_X_POSTURAL_STABILITY,engineered_representation,final_26,none,all,INT_MOBILITY_X_POSTURAL_STABILITY,interaction,extra_trees,184,46,47,0.05538479100141558,0.6247086247086246,0.8125,0.6247086247086246,0.6205357142857143,0.6956521739130435,0.8125,0.42857142857142855,,0.8125,0.0,0.0
9,stage_2,0,ENG_05,engineering__PCA_PART_I_PATIENT_3_80,engineered_representation,final_26,none,all,PCA_PART_I_PATIENT_3_80,pca,extra_trees,184,46,45,0.055893834000016795,0.6247086247086246,0.8125,0.6429850746268657,0.6361607142857143,0.717391304347826,0.84375,0.42857142857142855,,0.84375,0.018276449918241067,0.03125
9,stage_2,0,ENG_06,engineering__PCA_PART_I_PATIENT_3_90,engineered_representation,final_26,none,all,PCA_PART_I_PATIENT_3_90,pca,extra_trees,184,46,46,0.06721570800073096,0.6247086247086246,0.8125,0.6592592592592592,0.65625,0.717391304347826,0.8125,0.5,,0.8125,0.03455063455063456,0.0
9,stage_2,0,ENG_07,engineering__PCA_PART_I_PATIENT_3_95,engineered_representation,final_26,none,all,PCA_PART_I_PATIENT_3_95,pca,extra_trees,184,46,46,0.05996554200100945,0.6247086247086246,0.8125,0.6592592592592592,0.65625,0.717391304347826,0.8125,0.5,,0.8125,0.03455063455063456,0.0
9,stage_2,1,ENG_01,engineering__INT_GAIT_X_POSTURAL_STABILITY,engineered_representation,final_26,none,all,INT_GAIT_X_POSTURAL_STABILITY,interaction,extra_trees,184,46,47,0.06465033300264622,0.8021505376344086,0.84375,0.7125,0.7321428571428572,0.7391304347826086,0.75,0.7142857142857143,,0.75,-0.08965053763440856,-0.09375
9,stage_2,1,ENG_02,engineering__INT_MOTOR_X_COGNITION,engineered_representation,final_26,none,all,INT_MOTOR_X_COGNITION,interaction,extra_trees,184,46,47,0.0695893750016694,0.8021505376344086,0.84375,0.7125,0.7321428571428572,0.7391304347826086,0.75,0.7142857142857143,,0.75,-0.08965053763440856,-0.09375
9,stage_2,1,ENG_03,engineering__INT_DURATION_X_MOTOR,engineered_representation,final_26,none,all,INT_DURATION_X_MOTOR,interaction,extra_trees,184,46,47,0.07233124999766005,0.8021505376344086,0.84375,0.6837652035959809,0.6964285714285714,0.717391304347826,0.75,0.6428571428571429,,0.75,-0.11838533403842766,-0.09375
9,stage_2,1,ENG_04,engineering__INT_MOBILITY_X_POSTURAL_STABILITY,engineered_representation,final_26,none,all,INT_MOBILITY_X_POSTURAL_STABILITY,interaction,extra_trees,184,46,47,0.05990745799863362,0.8021505376344086,0.84375,0.7324167107350608,0.7477678571428572,0.7608695652173914,0.78125,0.7142857142857143,,0.78125,-0.06973382689934782,-0.0625
9,stage_2,1,ENG_05,engineering__PCA_PART_I_PATIENT_3_80,engineered_representation,final_26,none,all,PCA_PART_I_PATIENT_3_80,pca,extra_trees,184,46,46,0.06458033400122076,0.8021505376344086,0.84375,0.7401129943502824,0.7678571428571428,0.7608695652173914,0.75,0.7857142857142857,,0.75,-0.06203754328412614,-0.09375
9,stage_2,1,ENG_06,engineering__PCA_PART_I_PATIENT_3_90,engineered_representation,final_26,none,all,PCA_PART_I_PATIENT_3_90,pca,extra_trees,184,46,46,0.07176741699731792,0.8021505376344086,0.84375,0.7401129943502824,0.7678571428571428,0.7608695652173914,0.75,0.7857142857142857,,0.75,-0.06203754328412614,-0.09375
9,stage_2,1,ENG_07,engineering__PCA_PART_I_PATIENT_3_95,engineered_representation,final_26,none,all,PCA_PART_I_PATIENT_3_95,pca,extra_trees,184,46,46,0.07222708300105296,0.8021505376344086,0.84375,0.7401129943502824,0.7678571428571428,0.7608695652173914,0.75,0.7857142857142857,,0.75,-0.06203754328412614,-0.09375
9,stage_2,2,ENG_01,engineering__INT_GAIT_X_POSTURAL_STABILITY,engineered_representation,final_26,none,all,INT_GAIT_X_POSTURAL_STABILITY,interaction,extra_trees,184,46,47,0.05903762500020093,0.5516569200779727,0.5483870967741935,0.5436507936507937,0.556989247311828,0.5652173913043478,0.5806451612903226,0.5333333333333333,,0.5806451612903226,-0.008006126427179017,0.032258064516129115
9,stage_2,2,ENG_02,engineering__INT_MOTOR_X_COGNITION,engineered_representation,final_26,none,all,INT_MOTOR_X_COGNITION,interaction,extra_trees,184,46,47,0.06766100000095321,0.5516569200779727,0.5483870967741935,0.5619047619047619,0.5731182795698925,0.5869565217391305,0.6129032258064516,0.5333333333333333,,0.6129032258064516,0.010247841826789172,0.06451612903225812
9,stage_2,2,ENG_03,engineering__INT_DURATION_X_MOTOR,engineered_representation,final_26,none,all,INT_DURATION_X_MOTOR,interaction,extra_trees,184,46,47,0.05465349999940372,0.5516569200779727,0.5483870967741935,0.5619047619047619,0.5731182795698925,0.5869565217391305,0.6129032258064516,0.5333333333333333,,0.6129032258064516,0.010247841826789172,0.06451612903225812
9,stage_2,2,ENG_04,engineering__INT_MOBILITY_X_POSTURAL_STABILITY,engineered_representation,final_26,none,all,INT_MOBILITY_X_POSTURAL_STABILITY,interaction,extra_trees,184,46,47,0.05841304099885747,0.5516569200779727,0.5483870967741935,0.5436507936507937,0.556989247311828,0.5652173913043478,0.5806451612903226,0.5333333333333333,,0.5806451612903226,-0.008006126427179017,0.032258064516129115
9,stage_2,2,ENG_05,engineering__PCA_PART_I_PATIENT_3_80,engineered_representation,final_26,none,all,PCA_PART_I_PATIENT_3_80,pca,extra_trees,184,46,45,0.057375708001927705,0.5516569200779727,0.5483870967741935,0.532656023222061,0.5580645161290323,0.5434782608695652,0.5161290322580645,0.6,,0.5161290322580645,-0.019000896855911775,-0.032258064516129004
9,stage_2,2,ENG_06,engineering__PCA_PART_I_PATIENT_3_90,engineered_representation,final_26,none,all,PCA_PART_I_PATIENT_3_90,pca,extra_trees,184,46,46,0.059826874999998836,0.5516569200779727,0.5483870967741935,0.5516569200779727,0.5741935483870968,0.5652173913043478,0.5483870967741935,0.6,,0.5483870967741935,0.0,0.0
9,stage_2,2,ENG_07,engineering__PCA_PART_I_PATIENT_3_95,engineered_representation,final_26,none,all,PCA_PART_I_PATIENT_3_95,pca,extra_trees,184,46,46,0.057718624997505685,0.5516569200779727,0.5483870967741935,0.5516569200779727,0.5741935483870968,0.5652173913043478,0.5483870967741935,0.6,,0.5483870967741935,0.0,0.0
9,stage_2,3,ENG_01,engineering__INT_GAIT_X_POSTURAL_STABILITY,engineered_representation,final_26,none,all,INT_GAIT_X_POSTURAL_STABILITY,interaction,extra_trees,184,46,47,0.05760725000072853,0.6783216783216783,0.84375,0.6919642857142857,0.6919642857142857,0.7391304347826086,0.8125,0.5714285714285714,,0.8125,0.013642607392607364,-0.03125
9,stage_2,3,ENG_02,engineering__INT_MOTOR_X_COGNITION,engineered_representation,final_26,none,all,INT_MOTOR_X_COGNITION,interaction,extra_trees,184,46,47,0.05838524999853689,0.6783216783216783,0.84375,0.6919642857142857,0.6919642857142857,0.7391304347826086,0.8125,0.5714285714285714,,0.8125,0.013642607392607364,-0.03125
9,stage_2,3,ENG_03,engineering__INT_DURATION_X_MOTOR,engineered_representation,final_26,none,all,INT_DURATION_X_MOTOR,interaction,extra_trees,184,46,47,0.0627608329996292,0.6783216783216783,0.84375,0.6592592592592592,0.65625,0.717391304347826,0.8125,0.5,,0.8125,-0.019062419062419123,-0.03125
9,stage_2,3,ENG_04,engineering__INT_MOBILITY_X_POSTURAL_STABILITY,engineered_representation,final_26,none,all,INT_MOBILITY_X_POSTURAL_STABILITY,interaction,extra_trees,184,46,47,0.07522049999897717,0.6783216783216783,0.84375,0.6919642857142857,0.6919642857142857,0.7391304347826086,0.8125,0.5714285714285714,,0.8125,0.013642607392607364,-0.03125
9,stage_2,3,ENG_05,engineering__PCA_PART_I_PATIENT_3_80,engineered_representation,final_26,none,all,PCA_PART_I_PATIENT_3_80,pca,extra_trees,184,46,46,0.061042165998514974,0.6783216783216783,0.84375,0.6783216783216783,0.671875,0.7391304347826086,0.84375,0.5,,0.84375,0.0,0.0
9,stage_2,3,ENG_06,engineering__PCA_PART_I_PATIENT_3_90,engineered_representation,final_26,none,all,PCA_PART_I_PATIENT_3_90,pca,extra_trees,184,46,46,0.06666908400075044,0.6783216783216783,0.84375,0.6783216783216783,0.671875,0.7391304347826086,0.84375,0.5,,0.84375,0.0,0.0
9,stage_2,3,ENG_07,engineering__PCA_PART_I_PATIENT_3_95,engineered_representation,final_26,none,all,PCA_PART_I_PATIENT_3_95,pca,extra_trees,184,46,46,0.06907062499885797,0.6783216783216783,0.84375,0.6783216783216783,0.671875,0.7391304347826086,0.84375,0.5,,0.84375,0.0,0.0
9,stage_2,4,ENG_01,engineering__INT_GAIT_X_POSTURAL_STABILITY,engineered_representation,final_26,none,all,INT_GAIT_X_POSTURAL_STABILITY,interaction,extra_trees,184,46,47,0.05919925000125659,0.7116809116809117,0.84375,0.7433035714285714,0.7433035714285714,0.782608695652174,0.84375,0.6428571428571429,,0.84375,0.031622659747659654,0.0
9,stage_2,4,ENG_02,engineering__INT_MOTOR_X_COGNITION,engineered_representation,final_26,none,all,INT_MOTOR_X_COGNITION,interaction,extra_trees,184,46,47,0.05830491600136156,0.7116809116809117,0.84375,0.7433035714285714,0.7433035714285714,0.782608695652174,0.84375,0.6428571428571429,,0.84375,0.031622659747659654,0.0
9,stage_2,4,ENG_03,engineering__INT_DURATION_X_MOTOR,engineered_representation,final_26,none,all,INT_DURATION_X_MOTOR,interaction,extra_trees,184,46,47,0.0753862499987008,0.7116809116809117,0.84375,0.7433035714285714,0.7433035714285714,0.782608695652174,0.84375,0.6428571428571429,,0.84375,0.031622659747659654,0.0
9,stage_2,4,ENG_04,engineering__INT_MOBILITY_X_POSTURAL_STABILITY,engineered_representation,final_26,none,all,INT_MOBILITY_X_POSTURAL_STABILITY,interaction,extra_trees,184,46,47,0.06754074999844306,0.7116809116809117,0.84375,0.7433035714285714,0.7433035714285714,0.782608695652174,0.84375,0.6428571428571429,,0.84375,0.031622659747659654,0.0
9,stage_2,4,ENG_05,engineering__PCA_PART_I_PATIENT_3_80,engineered_representation,final_26,none,all,PCA_PART_I_PATIENT_3_80,pca,extra_trees,184,46,46,0.06674916699921596,0.7116809116809117,0.84375,0.7324167107350608,0.7477678571428572,0.7608695652173914,0.78125,0.7142857142857143,,0.78125,0.020735799054149018,-0.0625
9,stage_2,4,ENG_06,engineering__PCA_PART_I_PATIENT_3_90,engineered_representation,final_26,none,all,PCA_PART_I_PATIENT_3_90,pca,extra_trees,184,46,46,0.06491545799872256,0.7116809116809117,0.84375,0.7324167107350608,0.7477678571428572,0.7608695652173914,0.78125,0.7142857142857143,,0.78125,0.020735799054149018,-0.0625
9,stage_2,4,ENG_07,engineering__PCA_PART_I_PATIENT_3_95,engineered_representation,final_26,none,all,PCA_PART_I_PATIENT_3_95,pca,extra_trees,184,46,46,0.07080116600263864,0.7116809116809117,0.84375,0.7324167107350608,0.7477678571428572,0.7608695652173914,0.78125,0.7142857142857143,,0.78125,0.020735799054149018,-0.0625
10,direct,0,ENG_01,engineering__INT_GAIT_X_POSTURAL_STABILITY,engineered_representation,final_26,none,all,INT_GAIT_X_POSTURAL_STABILITY,interaction,extra_trees,582,146,48,0.07121891700080596,0.4604851082768233,0.25,0.4472712044390601,0.5272619047619048,0.5753424657534246,0.68,0.1875,0.7142857142857143,0.1875,-0.013213903837763219,-0.0625
10,direct,0,ENG_02,engineering__INT_MOTOR_X_COGNITION,engineered_representation,final_26,none,all,INT_MOTOR_X_COGNITION,interaction,extra_trees,582,146,48,0.07002104200000758,0.4604851082768233,0.25,0.4644581688606846,0.544345238095238,0.5958904109589042,0.7,0.21875,0.7142857142857143,0.21875,0.003973060583861265,-0.03125
10,direct,0,ENG_03,engineering__INT_DURATION_X_MOTOR,engineered_representation,final_26,none,all,INT_DURATION_X_MOTOR,interaction,extra_trees,582,146,48,0.07870716699835612,0.4604851082768233,0.25,0.46380043254530534,0.530952380952381,0.5958904109589042,0.7,0.25,0.6428571428571429,0.25,0.0033153242684820228,0.0
10,direct,0,ENG_04,engineering__INT_MOBILITY_X_POSTURAL_STABILITY,engineered_representation,final_26,none,all,INT_MOBILITY_X_POSTURAL_STABILITY,interaction,extra_trees,582,146,48,0.0710150419981801,0.4604851082768233,0.25,0.47239037897868696,0.5514285714285715,0.5958904109589042,0.69,0.25,0.7142857142857143,0.25,0.011905270701863646,0.0
10,direct,0,ENG_05,engineering__PCA_PART_I_PATIENT_3_80,engineered_representation,final_26,none,all,PCA_PART_I_PATIENT_3_80,pca,extra_trees,582,146,46,0.07786750000013853,0.4604851082768233,0.25,0.4481212450563053,0.5042261904761904,0.5684931506849316,0.66,0.28125,0.5714285714285714,0.28125,-0.012363863220518023,0.03125
10,direct,0,ENG_06,engineering__PCA_PART_I_PATIENT_3_90,engineered_representation,final_26,none,all,PCA_PART_I_PATIENT_3_90,pca,extra_trees,582,146,47,0.06685695900159772,0.4604851082768233,0.25,0.44862636523960814,0.5176190476190476,0.5684931506849316,0.66,0.25,0.6428571428571429,0.25,-0.01185874303721518,0.0
10,direct,0,ENG_07,engineering__PCA_PART_I_PATIENT_3_95,engineered_representation,final_26,none,all,PCA_PART_I_PATIENT_3_95,pca,extra_trees,582,146,47,0.06985579100000905,0.4604851082768233,0.25,0.44862636523960814,0.5176190476190476,0.5684931506849316,0.66,0.25,0.6428571428571429,0.25,-0.01185874303721518,0.0
10,direct,1,ENG_01,engineering__INT_GAIT_X_POSTURAL_STABILITY,engineered_representation,final_26,none,all,INT_GAIT_X_POSTURAL_STABILITY,interaction,extra_trees,582,146,47,0.07818491700163577,0.5195912681956893,0.34375,0.4959028298509076,0.5785714285714286,0.6095890410958904,0.7,0.25,0.7857142857142857,0.25,-0.023688438344781737,-0.09375
10,direct,1,ENG_02,engineering__INT_MOTOR_X_COGNITION,engineered_representation,final_26,none,all,INT_MOTOR_X_COGNITION,interaction,extra_trees,582,146,47,0.06766466599947307,0.5195912681956893,0.34375,0.47475770248169735,0.5476785714285715,0.6027397260273972,0.71,0.21875,0.7142857142857143,0.21875,-0.044833565713991996,-0.125
10,direct,1,ENG_03,engineering__INT_DURATION_X_MOTOR,engineered_representation,final_26,none,all,INT_DURATION_X_MOTOR,interaction,extra_trees,582,146,47,0.08277179200013052,0.5195912681956893,0.34375,0.490551776266062,0.5618452380952381,0.6027397260273972,0.69,0.28125,0.7142857142857143,0.28125,-0.029039491929627348,-0.0625
10,direct,1,ENG_04,engineering__INT_MOBILITY_X_POSTURAL_STABILITY,engineered_representation,final_26,none,all,INT_MOBILITY_X_POSTURAL_STABILITY,interaction,extra_trees,582,146,47,0.07837162500072736,0.5195912681956893,0.34375,0.4865668505384817,0.5719047619047619,0.5958904109589042,0.68,0.25,0.7857142857142857,0.25,-0.03302441765720765,-0.09375
10,direct,1,ENG_05,engineering__PCA_PART_I_PATIENT_3_80,engineered_representation,final_26,none,all,PCA_PART_I_PATIENT_3_80,pca,extra_trees,582,146,45,0.07177600000068196,0.5195912681956893,0.34375,0.47361651063969684,0.5476785714285715,0.6027397260273972,0.71,0.21875,0.7142857142857143,0.21875,-0.04597475755599251,-0.125
10,direct,1,ENG_06,engineering__PCA_PART_I_PATIENT_3_90,engineered_representation,final_26,none,all,PCA_PART_I_PATIENT_3_90,pca,extra_trees,582,146,46,0.0815005000004021,0.5195912681956893,0.34375,0.49732620320855614,0.5823214285714285,0.6027397260273972,0.68,0.28125,0.7857142857142857,0.28125,-0.02226506498713321,-0.0625
10,direct,1,ENG_07,engineering__PCA_PART_I_PATIENT_3_95,engineered_representation,final_26,none,all,PCA_PART_I_PATIENT_3_95,pca,extra_trees,582,146,46,0.08672220799780916,0.5195912681956893,0.34375,0.49732620320855614,0.5823214285714285,0.6027397260273972,0.68,0.28125,0.7857142857142857,0.28125,-0.02226506498713321,-0.0625
10,direct,2,ENG_01,engineering__INT_GAIT_X_POSTURAL_STABILITY,engineered_representation,final_26,none,all,INT_GAIT_X_POSTURAL_STABILITY,interaction,extra_trees,582,146,48,0.08323441699758405,0.5696095076400679,0.40625,0.52312764955252,0.5851785714285714,0.6506849315068494,0.76,0.28125,0.7142857142857143,0.28125,-0.0464818580875479,-0.125
10,direct,2,ENG_02,engineering__INT_MOTOR_X_COGNITION,engineered_representation,final_26,none,all,INT_MOTOR_X_COGNITION,interaction,extra_trees,582,146,48,0.08443437499954598,0.5696095076400679,0.40625,0.5293977340488968,0.5885119047619048,0.6575342465753424,0.77,0.28125,0.7142857142857143,0.28125,-0.04021177359117112,-0.125
10,direct,2,ENG_03,engineering__INT_DURATION_X_MOTOR,engineered_representation,final_26,none,all,INT_DURATION_X_MOTOR,interaction,extra_trees,582,146,48,0.08253712500300026,0.5696095076400679,0.40625,0.5369986575561488,0.591845238095238,0.6643835616438356,0.78,0.28125,0.7142857142857143,0.28125,-0.03261085008391906,-0.125
10,direct,2,ENG_04,engineering__INT_MOBILITY_X_POSTURAL_STABILITY,engineered_representation,final_26,none,all,INT_MOBILITY_X_POSTURAL_STABILITY,interaction,extra_trees,582,146,48,0.08707916600178578,0.5696095076400679,0.40625,0.5519669610222688,0.6093452380952381,0.6712328767123288,0.77,0.34375,0.7142857142857143,0.34375,-0.01764254661779907,-0.0625
10,direct,2,ENG_05,engineering__PCA_PART_I_PATIENT_3_80,engineered_representation,final_26,none,all,PCA_PART_I_PATIENT_3_80,pca,extra_trees,582,146,46,0.08401662500182283,0.5696095076400679,0.40625,0.520718584251326,0.5818452380952381,0.6438356164383562,0.75,0.28125,0.7142857142857143,0.28125,-0.0488909233887419,-0.125
10,direct,2,ENG_06,engineering__PCA_PART_I_PATIENT_3_90,engineered_representation,final_26,none,all,PCA_PART_I_PATIENT_3_90,pca,extra_trees,582,146,47,0.0726915419982106,0.5696095076400679,0.40625,0.5689169743719966,0.6335714285714286,0.6643835616438356,0.74,0.375,0.7857142857142857,0.375,-0.0006925332680712826,-0.03125
10,direct,2,ENG_07,engineering__PCA_PART_I_PATIENT_3_95,engineered_representation,final_26,none,all,PCA_PART_I_PATIENT_3_95,pca,extra_trees,582,146,47,0.08112141699893982,0.5696095076400679,0.40625,0.5689169743719966,0.6335714285714286,0.6643835616438356,0.74,0.375,0.7857142857142857,0.375,-0.0006925332680712826,-0.03125
10,direct,3,ENG_01,engineering__INT_GAIT_X_POSTURAL_STABILITY,engineered_representation,final_26,none,all,INT_GAIT_X_POSTURAL_STABILITY,interaction,extra_trees,583,145,48,0.07071670799996355,0.531342511796264,0.25806451612903225,0.5264601293810443,0.5796241989790377,0.6413793103448275,0.7474747474747475,0.25806451612903225,0.7333333333333333,0.25806451612903225,-0.004882382415219766,0.0
10,direct,3,ENG_02,engineering__INT_MOTOR_X_COGNITION,engineered_representation,final_26,none,all,INT_MOTOR_X_COGNITION,interaction,extra_trees,583,145,48,0.0821866250007588,0.531342511796264,0.25806451612903225,0.5278394409208363,0.5910937330292169,0.6413793103448275,0.7474747474747475,0.22580645161290322,0.8,0.22580645161290322,-0.003503070875427672,-0.03225806451612903
10,direct,3,ENG_03,engineering__INT_DURATION_X_MOTOR,engineered_representation,final_26,none,all,INT_DURATION_X_MOTOR,interaction,extra_trees,583,145,48,0.07345416699899943,0.531342511796264,0.25806451612903225,0.5141304439550053,0.5809927229282068,0.6206896551724138,0.7171717171717171,0.22580645161290322,0.8,0.22580645161290322,-0.017212067841258727,-0.03225806451612903
10,direct,3,ENG_04,engineering__INT_MOBILITY_X_POSTURAL_STABILITY,engineered_representation,final_26,none,all,INT_MOBILITY_X_POSTURAL_STABILITY,interaction,extra_trees,583,145,48,0.07010479199743713,0.531342511796264,0.25806451612903225,0.5423331452540602,0.60184642120126,0.6482758620689655,0.7474747474747475,0.25806451612903225,0.8,0.25806451612903225,0.010990633457796162,0.0
10,direct,3,ENG_05,engineering__PCA_PART_I_PATIENT_3_80,engineered_representation,final_26,none,all,PCA_PART_I_PATIENT_3_80,pca,extra_trees,583,145,46,0.07777304100090987,0.531342511796264,0.25806451612903225,0.5157337117814284,0.5803410448571739,0.6344827586206897,0.7474747474747475,0.1935483870967742,0.8,0.1935483870967742,-0.015608800014835666,-0.06451612903225806
10,direct,3,ENG_06,engineering__PCA_PART_I_PATIENT_3_90,engineered_representation,final_26,none,all,PCA_PART_I_PATIENT_3_90,pca,extra_trees,583,145,47,0.07851883300099871,0.531342511796264,0.25806451612903225,0.49677422176733277,0.5594873465841208,0.6068965517241379,0.7171717171717171,0.16129032258064516,0.8,0.16129032258064516,-0.03456829002893125,-0.0967741935483871
10,direct,3,ENG_07,engineering__PCA_PART_I_PATIENT_3_95,engineered_representation,final_26,none,all,PCA_PART_I_PATIENT_3_95,pca,extra_trees,583,145,47,0.07251624999844353,0.531342511796264,0.25806451612903225,0.49677422176733277,0.5594873465841208,0.6068965517241379,0.7171717171717171,0.16129032258064516,0.8,0.16129032258064516,-0.03456829002893125,-0.0967741935483871
10,direct,4,ENG_01,engineering__INT_GAIT_X_POSTURAL_STABILITY,engineered_representation,final_26,none,all,INT_GAIT_X_POSTURAL_STABILITY,interaction,extra_trees,583,145,48,0.07302695899852552,0.4688422516046972,0.25,0.45208999510269926,0.4987674362674362,0.6,0.7373737373737373,0.1875,0.5714285714285714,0.1875,-0.016752256501997964,-0.0625
10,direct,4,ENG_02,engineering__INT_MOTOR_X_COGNITION,engineered_representation,final_26,none,all,INT_MOTOR_X_COGNITION,interaction,extra_trees,583,145,48,0.07627625000168337,0.4688422516046972,0.25,0.46939521986976684,0.5091841029341029,0.6068965517241379,0.7373737373737373,0.21875,0.5714285714285714,0.21875,0.0005529682650696199,-0.03125
10,direct,4,ENG_03,engineering__INT_DURATION_X_MOTOR,engineered_representation,final_26,none,all,INT_DURATION_X_MOTOR,interaction,extra_trees,583,145,48,0.06985095900017768,0.4688422516046972,0.25,0.43295584534431475,0.4682239057239057,0.5793103448275863,0.7171717171717171,0.1875,0.5,0.1875,-0.035886406260382475,-0.0625
10,direct,4,ENG_04,engineering__INT_MOBILITY_X_POSTURAL_STABILITY,engineered_representation,final_26,none,all,INT_MOBILITY_X_POSTURAL_STABILITY,interaction,extra_trees,583,145,48,0.07132558399825939,0.4688422516046972,0.25,0.46182733255903985,0.5058170995670995,0.6,0.7272727272727273,0.21875,0.5714285714285714,0.21875,-0.007014919045657375,-0.03125
10,direct,4,ENG_05,engineering__PCA_PART_I_PATIENT_3_80,engineered_representation,final_26,none,all,PCA_PART_I_PATIENT_3_80,pca,extra_trees,583,145,46,0.08067850000225008,0.4688422516046972,0.25,0.452940919664964,0.4850589225589226,0.6137931034482759,0.7676767676767676,0.1875,0.5,0.1875,-0.0159013319397332,-0.0625
10,direct,4,ENG_06,engineering__PCA_PART_I_PATIENT_3_90,engineered_representation,final_26,none,all,PCA_PART_I_PATIENT_3_90,pca,extra_trees,583,145,47,0.07014237499970477,0.4688422516046972,0.25,0.4477112321032466,0.48537457912457915,0.6,0.7373737373737373,0.21875,0.5,0.21875,-0.021131019501450632,-0.03125
10,direct,4,ENG_07,engineering__PCA_PART_I_PATIENT_3_95,engineered_representation,final_26,none,all,PCA_PART_I_PATIENT_3_95,pca,extra_trees,583,145,47,0.07205799999792362,0.4688422516046972,0.25,0.4477112321032466,0.48537457912457915,0.6,0.7373737373737373,0.21875,0.5,0.21875,-0.021131019501450632,-0.03125
10,stage_1,0,ENG_01,engineering__INT_GAIT_X_POSTURAL_STABILITY,engineered_representation,final_26,none,all,INT_GAIT_X_POSTURAL_STABILITY,interaction,extra_trees,582,146,48,0.0707870410005853,0.6473429951690821,0.6521739130434783,0.6653934300993125,0.6810869565217391,0.6917808219178082,0.71,0.6521739130434783,,0.6521739130434783,0.018050434930230397,0.0
10,stage_1,0,ENG_02,engineering__INT_MOTOR_X_COGNITION,engineered_representation,final_26,none,all,INT_MOTOR_X_COGNITION,interaction,extra_trees,582,146,48,0.06836104200192494,0.6473429951690821,0.6521739130434783,0.6593629539460337,0.6760869565217391,0.684931506849315,0.7,0.6521739130434783,,0.6521739130434783,0.012019958776951611,0.0
10,stage_1,0,ENG_03,engineering__INT_DURATION_X_MOTOR,engineered_representation,final_26,none,all,INT_DURATION_X_MOTOR,interaction,extra_trees,582,146,48,0.0704638330025773,0.6473429951690821,0.6521739130434783,0.6653934300993125,0.6810869565217391,0.6917808219178082,0.71,0.6521739130434783,,0.6521739130434783,0.018050434930230397,0.0
10,stage_1,0,ENG_04,engineering__INT_MOBILITY_X_POSTURAL_STABILITY,engineered_representation,final_26,none,all,INT_MOBILITY_X_POSTURAL_STABILITY,interaction,extra_trees,582,146,48,0.06511533299999428,0.6473429951690821,0.6521739130434783,0.6593629539460337,0.6760869565217391,0.684931506849315,0.7,0.6521739130434783,,0.6521739130434783,0.012019958776951611,0.0
10,stage_1,0,ENG_05,engineering__PCA_PART_I_PATIENT_3_80,engineered_representation,final_26,none,all,PCA_PART_I_PATIENT_3_80,pca,extra_trees,582,146,46,0.06710441700124647,0.6473429951690821,0.6521739130434783,0.6473429951690821,0.6660869565217391,0.6712328767123288,0.68,0.6521739130434783,,0.6521739130434783,0.0,0.0
10,stage_1,0,ENG_06,engineering__PCA_PART_I_PATIENT_3_90,engineered_representation,final_26,none,all,PCA_PART_I_PATIENT_3_90,pca,extra_trees,582,146,47,0.06834041699767113,0.6473429951690821,0.6521739130434783,0.6559883691783226,0.6769565217391305,0.678082191780822,0.68,0.6739130434782609,,0.6739130434782609,0.00864537400924048,0.021739130434782594
10,stage_1,0,ENG_07,engineering__PCA_PART_I_PATIENT_3_95,engineered_representation,final_26,none,all,PCA_PART_I_PATIENT_3_95,pca,extra_trees,582,146,47,0.06764795900016907,0.6473429951690821,0.6521739130434783,0.6559883691783226,0.6769565217391305,0.678082191780822,0.68,0.6739130434782609,,0.6739130434782609,0.00864537400924048,0.021739130434782594
10,stage_1,1,ENG_01,engineering__INT_GAIT_X_POSTURAL_STABILITY,engineered_representation,final_26,none,all,INT_GAIT_X_POSTURAL_STABILITY,interaction,extra_trees,582,146,47,0.06868066599781741,0.638390092879257,0.5869565217391305,0.6291534912653569,0.6376086956521738,0.6643835616438356,0.71,0.5652173913043478,,0.5652173913043478,-0.009236601613900053,-0.021739130434782705
10,stage_1,1,ENG_02,engineering__INT_MOTOR_X_COGNITION,engineered_representation,final_26,none,all,INT_MOTOR_X_COGNITION,interaction,extra_trees,582,146,47,0.06426175000160583,0.638390092879257,0.5869565217391305,0.6291534912653569,0.6376086956521738,0.6643835616438356,0.71,0.5652173913043478,,0.5652173913043478,-0.009236601613900053,-0.021739130434782705
10,stage_1,1,ENG_03,engineering__INT_DURATION_X_MOTOR,engineered_representation,final_26,none,all,INT_DURATION_X_MOTOR,interaction,extra_trees,582,146,47,0.07238716700157966,0.638390092879257,0.5869565217391305,0.635,0.6426086956521739,0.6712328767123288,0.72,0.5652173913043478,,0.5652173913043478,-0.0033900928792569562,-0.021739130434782705
10,stage_1,1,ENG_04,engineering__INT_MOBILITY_X_POSTURAL_STABILITY,engineered_representation,final_26,none,all,INT_MOBILITY_X_POSTURAL_STABILITY,interaction,extra_trees,582,146,47,0.07404791600129101,0.638390092879257,0.5869565217391305,0.635,0.6426086956521739,0.6712328767123288,0.72,0.5652173913043478,,0.5652173913043478,-0.0033900928792569562,-0.021739130434782705
10,stage_1,1,ENG_05,engineering__PCA_PART_I_PATIENT_3_80,engineered_representation,final_26,none,all,PCA_PART_I_PATIENT_3_80,pca,extra_trees,582,146,45,0.06852837499900488,0.638390092879257,0.5869565217391305,0.635,0.6426086956521739,0.6712328767123288,0.72,0.5652173913043478,,0.5652173913043478,-0.0033900928792569562,-0.021739130434782705
10,stage_1,1,ENG_06,engineering__PCA_PART_I_PATIENT_3_90,engineered_representation,final_26,none,all,PCA_PART_I_PATIENT_3_90,pca,extra_trees,582,146,46,0.0708236249993206,0.638390092879257,0.5869565217391305,0.6313907006101409,0.6367391304347826,0.6712328767123288,0.73,0.5434782608695652,,0.5434782608695652,-0.006999392269116056,-0.0434782608695653
10,stage_1,1,ENG_07,engineering__PCA_PART_I_PATIENT_3_95,engineered_representation,final_26,none,all,PCA_PART_I_PATIENT_3_95,pca,extra_trees,582,146,46,0.06471845800115261,0.638390092879257,0.5869565217391305,0.6313907006101409,0.6367391304347826,0.6712328767123288,0.73,0.5434782608695652,,0.5434782608695652,-0.006999392269116056,-0.0434782608695653
10,stage_1,2,ENG_01,engineering__INT_GAIT_X_POSTURAL_STABILITY,engineered_representation,final_26,none,all,INT_GAIT_X_POSTURAL_STABILITY,interaction,extra_trees,582,146,48,0.0687723749979341,0.6958333333333333,0.6521739130434783,0.7019940336002513,0.7110869565217391,0.7328767123287672,0.77,0.6521739130434783,,0.6521739130434783,0.006160700266917951,0.0
10,stage_1,2,ENG_02,engineering__INT_MOTOR_X_COGNITION,engineered_representation,final_26,none,all,INT_MOTOR_X_COGNITION,interaction,extra_trees,582,146,48,0.0704907919971447,0.6958333333333333,0.6521739130434783,0.686711676348982,0.6952173913043478,0.7191780821917808,0.76,0.6304347826086957,,0.6304347826086957,-0.0091216569843513,-0.021739130434782594
10,stage_1,2,ENG_03,engineering__INT_DURATION_X_MOTOR,engineered_representation,final_26,none,all,INT_DURATION_X_MOTOR,interaction,extra_trees,582,146,48,0.061587749998579966,0.6958333333333333,0.6521739130434783,0.6896998600383599,0.7010869565217391,0.7191780821917808,0.75,0.6521739130434783,,0.6521739130434783,-0.0061334732949733795,0.0
10,stage_1,2,ENG_04,engineering__INT_MOBILITY_X_POSTURAL_STABILITY,engineered_representation,final_26,none,all,INT_MOBILITY_X_POSTURAL_STABILITY,interaction,extra_trees,582,146,48,0.06760541599942371,0.6958333333333333,0.6521739130434783,0.708184304649695,0.7160869565217391,0.7397260273972602,0.78,0.6521739130434783,,0.6521739130434783,0.012350971316361647,0.0
10,stage_1,2,ENG_05,engineering__PCA_PART_I_PATIENT_3_80,engineered_representation,final_26,none,all,PCA_PART_I_PATIENT_3_80,pca,extra_trees,582,146,46,0.06891637499938952,0.6958333333333333,0.6521739130434783,0.6835315886862279,0.6893478260869565,0.7191780821917808,0.77,0.6086956521739131,,0.6086956521739131,-0.012301744647105428,-0.04347826086956519
10,stage_1,2,ENG_06,engineering__PCA_PART_I_PATIENT_3_90,engineered_representation,final_26,none,all,PCA_PART_I_PATIENT_3_90,pca,extra_trees,582,146,47,0.06487654200100224,0.6958333333333333,0.6521739130434783,0.6958333333333333,0.7060869565217391,0.726027397260274,0.76,0.6521739130434783,,0.6521739130434783,0.0,0.0
10,stage_1,2,ENG_07,engineering__PCA_PART_I_PATIENT_3_95,engineered_representation,final_26,none,all,PCA_PART_I_PATIENT_3_95,pca,extra_trees,582,146,47,0.07056583300072816,0.6958333333333333,0.6521739130434783,0.6958333333333333,0.7060869565217391,0.726027397260274,0.76,0.6521739130434783,,0.6521739130434783,0.0,0.0
10,stage_1,3,ENG_01,engineering__INT_GAIT_X_POSTURAL_STABILITY,engineered_representation,final_26,none,all,INT_GAIT_X_POSTURAL_STABILITY,interaction,extra_trees,583,145,48,0.07381758300107322,0.6574312714776632,0.5652173913043478,0.6574312714776632,0.6613965744400527,0.696551724137931,0.7575757575757576,0.5652173913043478,,0.5652173913043478,0.0,0.0
10,stage_1,3,ENG_02,engineering__INT_MOTOR_X_COGNITION,engineered_representation,final_26,none,all,INT_MOTOR_X_COGNITION,interaction,extra_trees,583,145,48,0.06361083299998427,0.6574312714776632,0.5652173913043478,0.651460926232573,0.6563460693895476,0.6896551724137931,0.7474747474747475,0.5652173913043478,,0.5652173913043478,-0.005970345245090214,0.0
10,stage_1,3,ENG_03,engineering__INT_DURATION_X_MOTOR,engineered_representation,final_26,none,all,INT_DURATION_X_MOTOR,interaction,extra_trees,583,145,48,0.06843162499717437,0.6574312714776632,0.5652173913043478,0.6634278002699056,0.6664470794905577,0.7034482758620689,0.7676767676767676,0.5652173913043478,,0.5652173913043478,0.005996528792242328,0.0
10,stage_1,3,ENG_04,engineering__INT_MOBILITY_X_POSTURAL_STABILITY,engineered_representation,final_26,none,all,INT_MOBILITY_X_POSTURAL_STABILITY,interaction,extra_trees,583,145,48,0.06856849999894621,0.6574312714776632,0.5652173913043478,0.651460926232573,0.6563460693895476,0.6896551724137931,0.7474747474747475,0.5652173913043478,,0.5652173913043478,-0.005970345245090214,0.0
10,stage_1,3,ENG_05,engineering__PCA_PART_I_PATIENT_3_80,engineered_representation,final_26,none,all,PCA_PART_I_PATIENT_3_80,pca,extra_trees,583,145,46,0.0636720830007107,0.6574312714776632,0.5652173913043478,0.6418599656357389,0.6454765041721564,0.6827586206896552,0.7474747474747475,0.5434782608695652,,0.5434782608695652,-0.015571305841924343,-0.021739130434782594
10,stage_1,3,ENG_06,engineering__PCA_PART_I_PATIENT_3_90,engineered_representation,final_26,none,all,PCA_PART_I_PATIENT_3_90,pca,extra_trees,583,145,47,0.06999370899939095,0.6574312714776632,0.5652173913043478,0.6497584541062802,0.6497584541062802,0.696551724137931,0.7777777777777778,0.5217391304347826,,0.5217391304347826,-0.007672817371383034,-0.04347826086956519
10,stage_1,3,ENG_07,engineering__PCA_PART_I_PATIENT_3_95,engineered_representation,final_26,none,all,PCA_PART_I_PATIENT_3_95,pca,extra_trees,583,145,47,0.0631255419975787,0.6574312714776632,0.5652173913043478,0.6497584541062802,0.6497584541062802,0.696551724137931,0.7777777777777778,0.5217391304347826,,0.5217391304347826,-0.007672817371383034,-0.04347826086956519
10,stage_1,4,ENG_01,engineering__INT_GAIT_X_POSTURAL_STABILITY,engineered_representation,final_26,none,all,INT_GAIT_X_POSTURAL_STABILITY,interaction,extra_trees,583,145,48,0.06940833299813676,0.6947368421052631,0.6086956521739131,0.688573883161512,0.6932367149758454,0.7241379310344828,0.7777777777777778,0.6086956521739131,,0.6086956521739131,-0.0061629589437510734,0.0
10,stage_1,4,ENG_02,engineering__INT_MOTOR_X_COGNITION,engineered_representation,final_26,none,all,INT_MOTOR_X_COGNITION,interaction,extra_trees,583,145,48,0.07153404200289515,0.6947368421052631,0.6086956521739131,0.6790823211875843,0.6823671497584541,0.7172413793103448,0.7777777777777778,0.5869565217391305,,0.5869565217391305,-0.015654520917678827,-0.021739130434782594
10,stage_1,4,ENG_03,engineering__INT_DURATION_X_MOTOR,engineered_representation,final_26,none,all,INT_DURATION_X_MOTOR,interaction,extra_trees,583,145,48,0.07428637499833712,0.6947368421052631,0.6086956521739131,0.688573883161512,0.6932367149758454,0.7241379310344828,0.7777777777777778,0.6086956521739131,,0.6086956521739131,-0.0061629589437510734,0.0
10,stage_1,4,ENG_04,engineering__INT_MOBILITY_X_POSTURAL_STABILITY,engineered_representation,final_26,none,all,INT_MOBILITY_X_POSTURAL_STABILITY,interaction,extra_trees,583,145,48,0.07355112500226824,0.6947368421052631,0.6086956521739131,0.682442177234122,0.6881862099253404,0.7172413793103448,0.7676767676767676,0.6086956521739131,,0.6086956521739131,-0.012294664871141059,0.0
10,stage_1,4,ENG_05,engineering__PCA_PART_I_PATIENT_3_80,engineered_representation,final_26,none,all,PCA_PART_I_PATIENT_3_80,pca,extra_trees,583,145,46,0.06893229100023746,0.6947368421052631,0.6086956521739131,0.6634278002699056,0.6664470794905577,0.7034482758620689,0.7676767676767676,0.5652173913043478,,0.5652173913043478,-0.03130904183535754,-0.0434782608695653
10,stage_1,4,ENG_06,engineering__PCA_PART_I_PATIENT_3_90,engineered_representation,final_26,none,all,PCA_PART_I_PATIENT_3_90,pca,extra_trees,583,145,47,0.07222216599984677,0.6947368421052631,0.6086956521739131,0.6656785243741765,0.6656785243741765,0.7103448275862069,0.7878787878787878,0.5434782608695652,,0.5434782608695652,-0.02905831773108658,-0.0652173913043479
10,stage_1,4,ENG_07,engineering__PCA_PART_I_PATIENT_3_95,engineered_representation,final_26,none,all,PCA_PART_I_PATIENT_3_95,pca,extra_trees,583,145,47,0.06828775000030873,0.6947368421052631,0.6086956521739131,0.6656785243741765,0.6656785243741765,0.7103448275862069,0.7878787878787878,0.5434782608695652,,0.5434782608695652,-0.02905831773108658,-0.0652173913043479
10,stage_2,0,ENG_01,engineering__INT_GAIT_X_POSTURAL_STABILITY,engineered_representation,final_26,none,all,INT_GAIT_X_POSTURAL_STABILITY,interaction,extra_trees,184,46,47,0.06481541600078344,0.6080200501253132,0.625,0.5892857142857143,0.6183035714285714,0.6086956521739131,0.59375,0.6428571428571429,,0.59375,-0.018734335839598937,-0.03125
10,stage_2,0,ENG_02,engineering__INT_MOTOR_X_COGNITION,engineered_representation,final_26,none,all,INT_MOTOR_X_COGNITION,interaction,extra_trees,184,46,47,0.06195437499991385,0.6080200501253132,0.625,0.6080200501253132,0.6339285714285714,0.6304347826086957,0.625,0.6428571428571429,,0.625,0.0,0.0
10,stage_2,0,ENG_03,engineering__INT_DURATION_X_MOTOR,engineered_representation,final_26,none,all,INT_DURATION_X_MOTOR,interaction,extra_trees,184,46,47,0.055589624997082865,0.6080200501253132,0.625,0.5801217038539555,0.5982142857142857,0.6086956521739131,0.625,0.5714285714285714,,0.625,-0.027898346271357788,0.0
10,stage_2,0,ENG_04,engineering__INT_MOBILITY_X_POSTURAL_STABILITY,engineered_representation,final_26,none,all,INT_MOBILITY_X_POSTURAL_STABILITY,interaction,extra_trees,184,46,47,0.06900629200026742,0.6080200501253132,0.625,0.6080200501253132,0.6339285714285714,0.6304347826086957,0.625,0.6428571428571429,,0.625,0.0,0.0
10,stage_2,0,ENG_05,engineering__PCA_PART_I_PATIENT_3_80,engineered_representation,final_26,none,all,PCA_PART_I_PATIENT_3_80,pca,extra_trees,184,46,45,0.0658189579989994,0.6080200501253132,0.625,0.6080200501253132,0.6339285714285714,0.6304347826086957,0.625,0.6428571428571429,,0.625,0.0,0.0
10,stage_2,0,ENG_06,engineering__PCA_PART_I_PATIENT_3_90,engineered_representation,final_26,none,all,PCA_PART_I_PATIENT_3_90,pca,extra_trees,184,46,46,0.053726916998130037,0.6080200501253132,0.625,0.6349206349206349,0.6696428571428572,0.6521739130434783,0.625,0.7142857142857143,,0.625,0.026900584795321647,0.0
10,stage_2,0,ENG_07,engineering__PCA_PART_I_PATIENT_3_95,engineered_representation,final_26,none,all,PCA_PART_I_PATIENT_3_95,pca,extra_trees,184,46,46,0.06588883299991721,0.6080200501253132,0.625,0.6349206349206349,0.6696428571428572,0.6521739130434783,0.625,0.7142857142857143,,0.625,0.026900584795321647,0.0
10,stage_2,1,ENG_01,engineering__INT_GAIT_X_POSTURAL_STABILITY,engineered_representation,final_26,none,all,INT_GAIT_X_POSTURAL_STABILITY,interaction,extra_trees,184,46,47,0.06960875000004307,0.6645833333333333,0.71875,0.6537634408602151,0.6607142857142857,0.6956521739130435,0.75,0.5714285714285714,,0.75,-0.010819892473118209,0.03125
10,stage_2,1,ENG_02,engineering__INT_MOTOR_X_COGNITION,engineered_representation,final_26,none,all,INT_MOTOR_X_COGNITION,interaction,extra_trees,184,46,47,0.0550478330005717,0.6645833333333333,0.71875,0.7125,0.7321428571428572,0.7391304347826086,0.75,0.7142857142857143,,0.75,0.04791666666666672,0.03125
10,stage_2,1,ENG_03,engineering__INT_DURATION_X_MOTOR,engineered_representation,final_26,none,all,INT_DURATION_X_MOTOR,interaction,extra_trees,184,46,47,0.07168012499823817,0.6645833333333333,0.71875,0.6837652035959809,0.6964285714285714,0.717391304347826,0.75,0.6428571428571429,,0.75,0.019181870262647616,0.03125
10,stage_2,1,ENG_04,engineering__INT_MOBILITY_X_POSTURAL_STABILITY,engineered_representation,final_26,none,all,INT_MOBILITY_X_POSTURAL_STABILITY,interaction,extra_trees,184,46,47,0.06786262500099838,0.6645833333333333,0.71875,0.6928608115048793,0.7165178571428572,0.717391304347826,0.71875,0.7142857142857143,,0.71875,0.028277478171546022,0.0
10,stage_2,1,ENG_05,engineering__PCA_PART_I_PATIENT_3_80,engineered_representation,final_26,none,all,PCA_PART_I_PATIENT_3_80,pca,extra_trees,184,46,46,0.0744405840014224,0.6645833333333333,0.71875,0.6456086286594761,0.6651785714285714,0.6739130434782609,0.6875,0.6428571428571429,,0.6875,-0.0189747046738572,-0.03125
10,stage_2,1,ENG_06,engineering__PCA_PART_I_PATIENT_3_90,engineered_representation,final_26,none,all,PCA_PART_I_PATIENT_3_90,pca,extra_trees,184,46,46,0.06794429100045818,0.6645833333333333,0.71875,0.6456086286594761,0.6651785714285714,0.6739130434782609,0.6875,0.6428571428571429,,0.6875,-0.0189747046738572,-0.03125
10,stage_2,1,ENG_07,engineering__PCA_PART_I_PATIENT_3_95,engineered_representation,final_26,none,all,PCA_PART_I_PATIENT_3_95,pca,extra_trees,184,46,46,0.05499950000012177,0.6645833333333333,0.71875,0.6456086286594761,0.6651785714285714,0.6739130434782609,0.6875,0.6428571428571429,,0.6875,-0.0189747046738572,-0.03125
10,stage_2,2,ENG_01,engineering__INT_GAIT_X_POSTURAL_STABILITY,engineered_representation,final_26,none,all,INT_GAIT_X_POSTURAL_STABILITY,interaction,extra_trees,184,46,47,0.056599874998937594,0.7733990147783252,0.84375,0.7526881720430108,0.7633928571428572,0.782608695652174,0.8125,0.7142857142857143,,0.8125,-0.020710842735314428,-0.03125
10,stage_2,2,ENG_02,engineering__INT_MOTOR_X_COGNITION,engineered_representation,final_26,none,all,INT_MOTOR_X_COGNITION,interaction,extra_trees,184,46,47,0.06632579100187286,0.7733990147783252,0.84375,0.7324167107350608,0.7477678571428572,0.7608695652173914,0.78125,0.7142857142857143,,0.78125,-0.04098230404326442,-0.0625
10,stage_2,2,ENG_03,engineering__INT_DURATION_X_MOTOR,engineered_representation,final_26,none,all,INT_DURATION_X_MOTOR,interaction,extra_trees,184,46,47,0.05698262499936391,0.7733990147783252,0.84375,0.7526881720430108,0.7633928571428572,0.782608695652174,0.8125,0.7142857142857143,,0.8125,-0.020710842735314428,-0.03125
10,stage_2,2,ENG_04,engineering__INT_MOBILITY_X_POSTURAL_STABILITY,engineered_representation,final_26,none,all,INT_MOBILITY_X_POSTURAL_STABILITY,interaction,extra_trees,184,46,47,0.07444549999854644,0.7733990147783252,0.84375,0.7032258064516128,0.7120535714285714,0.7391304347826086,0.78125,0.6428571428571429,,0.78125,-0.07017320832671237,-0.0625
10,stage_2,2,ENG_05,engineering__PCA_PART_I_PATIENT_3_80,engineered_representation,final_26,none,all,PCA_PART_I_PATIENT_3_80,pca,extra_trees,184,46,46,0.06631625000227359,0.7733990147783252,0.84375,0.6919642857142857,0.6919642857142857,0.7391304347826086,0.8125,0.5714285714285714,,0.8125,-0.08143472906403948,-0.03125
10,stage_2,2,ENG_06,engineering__PCA_PART_I_PATIENT_3_90,engineered_representation,final_26,none,all,PCA_PART_I_PATIENT_3_90,pca,extra_trees,184,46,46,0.07396087500092108,0.7733990147783252,0.84375,0.6919642857142857,0.6919642857142857,0.7391304347826086,0.8125,0.5714285714285714,,0.8125,-0.08143472906403948,-0.03125
10,stage_2,2,ENG_07,engineering__PCA_PART_I_PATIENT_3_95,engineered_representation,final_26,none,all,PCA_PART_I_PATIENT_3_95,pca,extra_trees,184,46,46,0.056966916999954265,0.7733990147783252,0.84375,0.6919642857142857,0.6919642857142857,0.7391304347826086,0.8125,0.5714285714285714,,0.8125,-0.08143472906403948,-0.03125
10,stage_2,3,ENG_01,engineering__INT_GAIT_X_POSTURAL_STABILITY,engineered_representation,final_26,none,all,INT_GAIT_X_POSTURAL_STABILITY,interaction,extra_trees,184,46,47,0.057921457999327686,0.7667342799188641,0.7741935483870968,0.7667342799188641,0.7870967741935484,0.782608695652174,0.7741935483870968,0.8,,0.7741935483870968,0.0,0.0
10,stage_2,3,ENG_02,engineering__INT_MOTOR_X_COGNITION,engineered_representation,final_26,none,all,INT_MOTOR_X_COGNITION,interaction,extra_trees,184,46,47,0.06951204099823372,0.7667342799188641,0.7741935483870968,0.7667342799188641,0.7870967741935484,0.782608695652174,0.7741935483870968,0.8,,0.7741935483870968,0.0,0.0
10,stage_2,3,ENG_03,engineering__INT_DURATION_X_MOTOR,engineered_representation,final_26,none,all,INT_DURATION_X_MOTOR,interaction,extra_trees,184,46,47,0.06882991599923116,0.7667342799188641,0.7741935483870968,0.7667342799188641,0.7870967741935484,0.782608695652174,0.7741935483870968,0.8,,0.7741935483870968,0.0,0.0
10,stage_2,3,ENG_04,engineering__INT_MOBILITY_X_POSTURAL_STABILITY,engineered_representation,final_26,none,all,INT_MOBILITY_X_POSTURAL_STABILITY,interaction,extra_trees,184,46,47,0.0741280829970492,0.7667342799188641,0.7741935483870968,0.7667342799188641,0.7870967741935484,0.782608695652174,0.7741935483870968,0.8,,0.7741935483870968,0.0,0.0
10,stage_2,3,ENG_05,engineering__PCA_PART_I_PATIENT_3_80,engineered_representation,final_26,none,all,PCA_PART_I_PATIENT_3_80,pca,extra_trees,184,46,45,0.06742395800029044,0.7667342799188641,0.7741935483870968,0.7667342799188641,0.7870967741935484,0.782608695652174,0.7741935483870968,0.8,,0.7741935483870968,0.0,0.0
10,stage_2,3,ENG_06,engineering__PCA_PART_I_PATIENT_3_90,engineered_representation,final_26,none,all,PCA_PART_I_PATIENT_3_90,pca,extra_trees,184,46,46,0.06050766599946655,0.7667342799188641,0.7741935483870968,0.7261904761904762,0.7548387096774194,0.7391304347826086,0.7096774193548387,0.8,,0.7096774193548387,-0.04054380372838795,-0.06451612903225801
10,stage_2,3,ENG_07,engineering__PCA_PART_I_PATIENT_3_95,engineered_representation,final_26,none,all,PCA_PART_I_PATIENT_3_95,pca,extra_trees,184,46,46,0.057025832997169346,0.7667342799188641,0.7741935483870968,0.7261904761904762,0.7548387096774194,0.7391304347826086,0.7096774193548387,0.8,,0.7096774193548387,-0.04054380372838795,-0.06451612903225801
10,stage_2,4,ENG_01,engineering__INT_GAIT_X_POSTURAL_STABILITY,engineered_representation,final_26,none,all,INT_GAIT_X_POSTURAL_STABILITY,interaction,extra_trees,184,46,47,0.06028058399897418,0.5216201423097975,0.6875,0.5864621893178212,0.59375,0.6304347826086957,0.6875,0.5,,0.6875,0.06484204700802376,0.0
10,stage_2,4,ENG_02,engineering__INT_MOTOR_X_COGNITION,engineered_representation,final_26,none,all,INT_MOTOR_X_COGNITION,interaction,extra_trees,184,46,47,0.05858508399978746,0.5216201423097975,0.6875,0.5864621893178212,0.59375,0.6304347826086957,0.6875,0.5,,0.6875,0.06484204700802376,0.0
10,stage_2,4,ENG_03,engineering__INT_DURATION_X_MOTOR,engineered_representation,final_26,none,all,INT_DURATION_X_MOTOR,interaction,extra_trees,184,46,47,0.05538225000054808,0.5216201423097975,0.6875,0.5864621893178212,0.59375,0.6304347826086957,0.6875,0.5,,0.6875,0.06484204700802376,0.0
10,stage_2,4,ENG_04,engineering__INT_MOBILITY_X_POSTURAL_STABILITY,engineered_representation,final_26,none,all,INT_MOBILITY_X_POSTURAL_STABILITY,interaction,extra_trees,184,46,47,0.06618675000208896,0.5216201423097975,0.6875,0.5864621893178212,0.59375,0.6304347826086957,0.6875,0.5,,0.6875,0.06484204700802376,0.0
10,stage_2,4,ENG_05,engineering__PCA_PART_I_PATIENT_3_80,engineered_representation,final_26,none,all,PCA_PART_I_PATIENT_3_80,pca,extra_trees,184,46,45,0.0667236250010319,0.5216201423097975,0.6875,0.5548387096774194,0.5580357142857143,0.6086956521739131,0.6875,0.42857142857142855,,0.6875,0.033218567367621965,0.0
10,stage_2,4,ENG_06,engineering__PCA_PART_I_PATIENT_3_90,engineered_representation,final_26,none,all,PCA_PART_I_PATIENT_3_90,pca,extra_trees,184,46,46,0.0704992079990916,0.5216201423097975,0.6875,0.5548387096774194,0.5580357142857143,0.6086956521739131,0.6875,0.42857142857142855,,0.6875,0.033218567367621965,0.0
10,stage_2,4,ENG_07,engineering__PCA_PART_I_PATIENT_3_95,engineered_representation,final_26,none,all,PCA_PART_I_PATIENT_3_95,pca,extra_trees,184,46,46,0.07153858299716376,0.5216201423097975,0.6875,0.5548387096774194,0.5580357142857143,0.6086956521739131,0.6875,0.42857142857142855,,0.6875,0.033218567367621965,0.0
11,direct,0,ENG_01,engineering__INT_GAIT_X_POSTURAL_STABILITY,engineered_representation,final_26,none,all,INT_GAIT_X_POSTURAL_STABILITY,interaction,extra_trees,582,146,48,0.06737779099785257,0.45416654717179533,0.21875,0.44265532100583643,0.4624404761904762,0.5958904109589042,0.74,0.21875,0.42857142857142855,0.21875,-0.011511226165958899,0.0
11,direct,0,ENG_02,engineering__INT_MOTOR_X_COGNITION,engineered_representation,final_26,none,all,INT_MOTOR_X_COGNITION,interaction,extra_trees,582,146,48,0.0725205829985498,0.45416654717179533,0.21875,0.43899005139185654,0.4624404761904762,0.5958904109589042,0.74,0.21875,0.42857142857142855,0.21875,-0.015176495779938792,0.0
11,direct,0,ENG_03,engineering__INT_DURATION_X_MOTOR,engineered_representation,final_26,none,all,INT_DURATION_X_MOTOR,interaction,extra_trees,582,146,48,0.06777637500272249,0.45416654717179533,0.21875,0.4441118870782988,0.46577380952380953,0.6027397260273972,0.75,0.21875,0.42857142857142855,0.21875,-0.010054660093496537,0.0
11,direct,0,ENG_04,engineering__INT_MOBILITY_X_POSTURAL_STABILITY,engineered_representation,final_26,none,all,INT_MOBILITY_X_POSTURAL_STABILITY,interaction,extra_trees,582,146,48,0.06783033299871022,0.45416654717179533,0.21875,0.44744290318060803,0.4691071428571429,0.6095890410958904,0.76,0.21875,0.42857142857142855,0.21875,-0.0067236439911873,0.0
11,direct,0,ENG_05,engineering__PCA_PART_I_PATIENT_3_80,engineered_representation,final_26,none,all,PCA_PART_I_PATIENT_3_80,pca,extra_trees,582,146,46,0.08197749999817461,0.45416654717179533,0.21875,0.4996288282265217,0.5275,0.6438356164383562,0.77,0.3125,0.5,0.3125,0.04546228105472638,0.09375
11,direct,0,ENG_06,engineering__PCA_PART_I_PATIENT_3_90,engineered_representation,final_26,none,all,PCA_PART_I_PATIENT_3_90,pca,extra_trees,582,146,47,0.08369883300110814,0.45416654717179533,0.21875,0.47401755620578534,0.49660714285714286,0.636986301369863,0.78,0.28125,0.42857142857142855,0.28125,0.019851009033990008,0.0625
11,direct,0,ENG_07,engineering__PCA_PART_I_PATIENT_3_95,engineered_representation,final_26,none,all,PCA_PART_I_PATIENT_3_95,pca,extra_trees,582,146,47,0.06907974999921862,0.45416654717179533,0.21875,0.47401755620578534,0.49660714285714286,0.636986301369863,0.78,0.28125,0.42857142857142855,0.28125,0.019851009033990008,0.0625
11,direct,1,ENG_01,engineering__INT_GAIT_X_POSTURAL_STABILITY,engineered_representation,final_26,none,all,INT_GAIT_X_POSTURAL_STABILITY,interaction,extra_trees,582,146,47,0.08803079099743627,0.47669747600426593,0.1875,0.4974394505362092,0.5610119047619048,0.6301369863013698,0.75,0.21875,0.7142857142857143,0.21875,0.020741974531943264,0.03125
11,direct,1,ENG_02,engineering__INT_MOTOR_X_COGNITION,engineered_representation,final_26,none,all,INT_MOTOR_X_COGNITION,interaction,extra_trees,582,146,47,0.07438829199963948,0.47669747600426593,0.1875,0.5010556294181324,0.5643452380952381,0.636986301369863,0.76,0.21875,0.7142857142857143,0.21875,0.02435815341386649,0.03125
11,direct,1,ENG_03,engineering__INT_DURATION_X_MOTOR,engineered_representation,final_26,none,all,INT_DURATION_X_MOTOR,interaction,extra_trees,582,146,47,0.06936750000022585,0.47669747600426593,0.1875,0.5019674246089341,0.5777380952380953,0.636986301369863,0.76,0.1875,0.7857142857142857,0.1875,0.025269948604668135,0.0
11,direct,1,ENG_04,engineering__INT_MOBILITY_X_POSTURAL_STABILITY,engineered_representation,final_26,none,all,INT_MOBILITY_X_POSTURAL_STABILITY,interaction,extra_trees,582,146,47,0.08014441699924646,0.47669747600426593,0.1875,0.4996688612723519,0.5610119047619048,0.6301369863013698,0.75,0.21875,0.7142857142857143,0.21875,0.022971385268085953,0.03125
11,direct,1,ENG_05,engineering__PCA_PART_I_PATIENT_3_80,engineered_representation,final_26,none,all,PCA_PART_I_PATIENT_3_80,pca,extra_trees,582,146,45,0.07191612500173505,0.47669747600426593,0.1875,0.46545305494635514,0.5201190476190476,0.6027397260273972,0.73,0.1875,0.6428571428571429,0.1875,-0.011244421057910792,0.0
11,direct,1,ENG_06,engineering__PCA_PART_I_PATIENT_3_90,engineered_representation,final_26,none,all,PCA_PART_I_PATIENT_3_90,pca,extra_trees,582,146,46,0.07805774999724235,0.47669747600426593,0.1875,0.49516989343622253,0.5543452380952382,0.6164383561643836,0.73,0.21875,0.7142857142857143,0.21875,0.0184724174319566,0.03125
11,direct,1,ENG_07,engineering__PCA_PART_I_PATIENT_3_95,engineered_representation,final_26,none,all,PCA_PART_I_PATIENT_3_95,pca,extra_trees,582,146,46,0.07697379200180876,0.47669747600426593,0.1875,0.49516989343622253,0.5543452380952382,0.6164383561643836,0.73,0.21875,0.7142857142857143,0.21875,0.0184724174319566,0.03125
11,direct,2,ENG_01,engineering__INT_GAIT_X_POSTURAL_STABILITY,engineered_representation,final_26,none,all,INT_GAIT_X_POSTURAL_STABILITY,interaction,extra_trees,582,146,48,0.08552675000100862,0.4933862433862433,0.28125,0.5110268174616902,0.5499579124579125,0.6301369863013698,0.7373737373737373,0.3125,0.6,0.3125,0.01764057407544689,0.03125
11,direct,2,ENG_02,engineering__INT_MOTOR_X_COGNITION,engineered_representation,final_26,none,all,INT_MOTOR_X_COGNITION,interaction,extra_trees,582,146,48,0.0713892499989015,0.4933862433862433,0.28125,0.5211743511151689,0.5603745791245792,0.636986301369863,0.7373737373737373,0.34375,0.6,0.34375,0.027788107728925537,0.0625
11,direct,2,ENG_03,engineering__INT_DURATION_X_MOTOR,engineered_representation,final_26,none,all,INT_DURATION_X_MOTOR,interaction,extra_trees,582,146,48,0.08112716600226122,0.4933862433862433,0.28125,0.49955740624345285,0.5432239057239058,0.6164383561643836,0.7171717171717171,0.3125,0.6,0.3125,0.006171162857209533,0.03125
11,direct,2,ENG_04,engineering__INT_MOBILITY_X_POSTURAL_STABILITY,engineered_representation,final_26,none,all,INT_MOBILITY_X_POSTURAL_STABILITY,interaction,extra_trees,582,146,48,0.08227637500021956,0.4933862433862433,0.28125,0.5394210761403624,0.5859638047138046,0.6506849315068494,0.7474747474747475,0.34375,0.6666666666666666,0.34375,0.04603483275411907,0.0625
11,direct,2,ENG_05,engineering__PCA_PART_I_PATIENT_3_80,engineered_representation,final_26,none,all,PCA_PART_I_PATIENT_3_80,pca,extra_trees,582,146,46,0.0757877500000177,0.4933862433862433,0.28125,0.4605268369974253,0.5001683501683502,0.5958904109589042,0.7171717171717171,0.25,0.5333333333333333,0.25,-0.03285940638881801,-0.03125
11,direct,2,ENG_06,engineering__PCA_PART_I_PATIENT_3_90,engineered_representation,final_26,none,all,PCA_PART_I_PATIENT_3_90,pca,extra_trees,582,146,47,0.10231583400309319,0.4933862433862433,0.28125,0.5103285488878709,0.5772516835016835,0.6232876712328768,0.7171717171717171,0.28125,0.7333333333333333,0.28125,0.01694230550162762,0.0
11,direct,2,ENG_07,engineering__PCA_PART_I_PATIENT_3_95,engineered_representation,final_26,none,all,PCA_PART_I_PATIENT_3_95,pca,extra_trees,582,146,47,0.08734245899904636,0.4933862433862433,0.28125,0.5103285488878709,0.5772516835016835,0.6232876712328768,0.7171717171717171,0.28125,0.7333333333333333,0.28125,0.01694230550162762,0.0
11,direct,3,ENG_01,engineering__INT_GAIT_X_POSTURAL_STABILITY,engineered_representation,final_26,none,all,INT_GAIT_X_POSTURAL_STABILITY,interaction,extra_trees,583,145,48,0.08933579199947417,0.5486587608368007,0.3125,0.5415381960423379,0.5502946127946128,0.6896551724137931,0.8383838383838383,0.3125,0.5,0.3125,-0.007120564794462769,0.0
11,direct,3,ENG_02,engineering__INT_MOTOR_X_COGNITION,engineered_representation,final_26,none,all,INT_MOTOR_X_COGNITION,interaction,extra_trees,583,145,48,0.08454625000013039,0.5486587608368007,0.3125,0.5510207513537148,0.5607112794612794,0.696551724137931,0.8383838383838383,0.34375,0.5,0.34375,0.002361990516914103,0.03125
11,direct,3,ENG_03,engineering__INT_DURATION_X_MOTOR,engineered_representation,final_26,none,all,INT_DURATION_X_MOTOR,interaction,extra_trees,583,145,48,0.08656354199774796,0.5486587608368007,0.3125,0.5499044606187463,0.5570286195286195,0.7034482758620689,0.8585858585858586,0.3125,0.5,0.3125,0.0012456997819456639,0.0
11,direct,3,ENG_04,engineering__INT_MOBILITY_X_POSTURAL_STABILITY,engineered_representation,final_26,none,all,INT_MOBILITY_X_POSTURAL_STABILITY,interaction,extra_trees,583,145,48,0.07804912500068895,0.5486587608368007,0.3125,0.5444285031085605,0.5636874699374699,0.6896551724137931,0.8383838383838383,0.28125,0.5714285714285714,0.28125,-0.00423025772824015,-0.03125
11,direct,3,ENG_05,engineering__PCA_PART_I_PATIENT_3_80,engineered_representation,final_26,none,all,PCA_PART_I_PATIENT_3_80,pca,extra_trees,583,145,46,0.08288162499957252,0.5486587608368007,0.3125,0.5360801444845994,0.5569534632034633,0.6758620689655173,0.8181818181818182,0.28125,0.5714285714285714,0.28125,-0.012578616352201255,-0.03125
11,direct,3,ENG_06,engineering__PCA_PART_I_PATIENT_3_90,engineered_representation,final_26,none,all,PCA_PART_I_PATIENT_3_90,pca,extra_trees,583,145,47,0.07083870900169131,0.5486587608368007,0.3125,0.5584208737038926,0.5814694564694565,0.6827586206896552,0.797979797979798,0.375,0.5714285714285714,0.375,0.009762112867091943,0.0625
11,direct,3,ENG_07,engineering__PCA_PART_I_PATIENT_3_95,engineered_representation,final_26,none,all,PCA_PART_I_PATIENT_3_95,pca,extra_trees,583,145,47,0.07050750000053085,0.5486587608368007,0.3125,0.5584208737038926,0.5814694564694565,0.6827586206896552,0.797979797979798,0.375,0.5714285714285714,0.375,0.009762112867091943,0.0625
11,direct,4,ENG_01,engineering__INT_GAIT_X_POSTURAL_STABILITY,engineered_representation,final_26,none,all,INT_GAIT_X_POSTURAL_STABILITY,interaction,extra_trees,583,145,48,0.06759458300075494,0.49328808563852694,0.22580645161290322,0.4911816578483245,0.5592780337941629,0.6413793103448275,0.77,0.1935483870967742,0.7142857142857143,0.1935483870967742,-0.0021064277902024253,-0.03225806451612903
11,direct,4,ENG_02,engineering__INT_MOTOR_X_COGNITION,engineered_representation,final_26,none,all,INT_MOTOR_X_COGNITION,interaction,extra_trees,583,145,48,0.06894329200076754,0.49328808563852694,0.22580645161290322,0.5395073256408547,0.6022887864823349,0.6689655172413793,0.77,0.3225806451612903,0.7142857142857143,0.3225806451612903,0.046219240002327744,0.0967741935483871
11,direct,4,ENG_03,engineering__INT_DURATION_X_MOTOR,engineered_representation,final_26,none,all,INT_DURATION_X_MOTOR,interaction,extra_trees,583,145,48,0.0646014580015617,0.49328808563852694,0.22580645161290322,0.5115918707908695,0.5807834101382489,0.6551724137931034,0.77,0.25806451612903225,0.7142857142857143,0.25806451612903225,0.0183037851523426,0.03225806451612903
11,direct,4,ENG_04,engineering__INT_MOBILITY_X_POSTURAL_STABILITY,engineered_representation,final_26,none,all,INT_MOBILITY_X_POSTURAL_STABILITY,interaction,extra_trees,583,145,48,0.07046704099775525,0.49328808563852694,0.22580645161290322,0.504908296212644,0.5733640552995393,0.6551724137931034,0.78,0.22580645161290322,0.7142857142857143,0.22580645161290322,0.011620210574117051,0.0
11,direct,4,ENG_05,engineering__PCA_PART_I_PATIENT_3_80,engineered_representation,final_26,none,all,PCA_PART_I_PATIENT_3_80,pca,extra_trees,583,145,46,0.06953554199935752,0.49328808563852694,0.22580645161290322,0.48385555538430713,0.5436405529953917,0.6206896551724138,0.73,0.25806451612903225,0.6428571428571429,0.25806451612903225,-0.009432530254219806,0.03225806451612903
11,direct,4,ENG_06,engineering__PCA_PART_I_PATIENT_3_90,engineered_representation,final_26,none,all,PCA_PART_I_PATIENT_3_90,pca,extra_trees,583,145,47,0.06285016599940718,0.49328808563852694,0.22580645161290322,0.4861295198232763,0.546973886328725,0.6275862068965518,0.74,0.25806451612903225,0.6428571428571429,0.25806451612903225,-0.00715856581525065,0.03225806451612903
11,direct,4,ENG_07,engineering__PCA_PART_I_PATIENT_3_95,engineered_representation,final_26,none,all,PCA_PART_I_PATIENT_3_95,pca,extra_trees,583,145,47,0.06405704200005857,0.49328808563852694,0.22580645161290322,0.4861295198232763,0.546973886328725,0.6275862068965518,0.74,0.25806451612903225,0.6428571428571429,0.25806451612903225,-0.00715856581525065,0.03225806451612903
11,stage_1,0,ENG_01,engineering__INT_GAIT_X_POSTURAL_STABILITY,engineered_representation,final_26,none,all,INT_GAIT_X_POSTURAL_STABILITY,interaction,extra_trees,582,146,48,0.0789897499998915,0.6923326308964176,0.5869565217391305,0.672735224974031,0.6717391304347826,0.7191780821917808,0.8,0.5434782608695652,,0.5434782608695652,-0.019597405922386568,-0.0434782608695653
11,stage_1,0,ENG_02,engineering__INT_MOTOR_X_COGNITION,engineered_representation,final_26,none,all,INT_MOTOR_X_COGNITION,interaction,extra_trees,582,146,48,0.06717316600042977,0.6923326308964176,0.5869565217391305,0.6886993603411513,0.6876086956521739,0.7328767123287672,0.81,0.5652173913043478,,0.5652173913043478,-0.003633270555266299,-0.021739130434782705
11,stage_1,0,ENG_03,engineering__INT_DURATION_X_MOTOR,engineered_representation,final_26,none,all,INT_DURATION_X_MOTOR,interaction,extra_trees,582,146,48,0.06518920799862826,0.6923326308964176,0.5869565217391305,0.6787678767876788,0.6767391304347826,0.726027397260274,0.81,0.5434782608695652,,0.5434782608695652,-0.013564754108738808,-0.0434782608695653
11,stage_1,0,ENG_04,engineering__INT_MOBILITY_X_POSTURAL_STABILITY,engineered_representation,final_26,none,all,INT_MOBILITY_X_POSTURAL_STABILITY,interaction,extra_trees,582,146,48,0.06357991699769627,0.6923326308964176,0.5869565217391305,0.6765548170962339,0.6776086956521739,0.7191780821917808,0.79,0.5652173913043478,,0.5652173913043478,-0.015777813800183726,-0.021739130434782705
11,stage_1,0,ENG_05,engineering__PCA_PART_I_PATIENT_3_80,engineered_representation,final_26,none,all,PCA_PART_I_PATIENT_3_80,pca,extra_trees,582,146,46,0.07036470799721428,0.6923326308964176,0.5869565217391305,0.6957520705316591,0.6993478260869566,0.7328767123287672,0.79,0.6086956521739131,,0.6086956521739131,0.0034194396352414946,0.021739130434782594
11,stage_1,0,ENG_06,engineering__PCA_PART_I_PATIENT_3_90,engineered_representation,final_26,none,all,PCA_PART_I_PATIENT_3_90,pca,extra_trees,582,146,47,0.07090879099996528,0.6923326308964176,0.5869565217391305,0.6862239415430905,0.6884782608695652,0.726027397260274,0.79,0.5869565217391305,,0.5869565217391305,-0.00610868935332709,0.0
11,stage_1,0,ENG_07,engineering__PCA_PART_I_PATIENT_3_95,engineered_representation,final_26,none,all,PCA_PART_I_PATIENT_3_95,pca,extra_trees,582,146,47,0.06783579200055101,0.6923326308964176,0.5869565217391305,0.6862239415430905,0.6884782608695652,0.726027397260274,0.79,0.5869565217391305,,0.5869565217391305,-0.00610868935332709,0.0
11,stage_1,1,ENG_01,engineering__INT_GAIT_X_POSTURAL_STABILITY,engineered_representation,final_26,none,all,INT_GAIT_X_POSTURAL_STABILITY,interaction,extra_trees,582,146,47,0.06925537499773782,0.6502083333333333,0.5869565217391305,0.6594266756518584,0.6693478260869565,0.6917808219178082,0.73,0.6086956521739131,,0.6086956521739131,0.009218342318525141,0.021739130434782594
11,stage_1,1,ENG_02,engineering__INT_MOTOR_X_COGNITION,engineered_representation,final_26,none,all,INT_MOTOR_X_COGNITION,interaction,extra_trees,582,146,47,0.0653070829976059,0.6502083333333333,0.5869565217391305,0.6654166666666668,0.6743478260869565,0.6986301369863014,0.74,0.6086956521739131,,0.6086956521739131,0.01520833333333349,0.021739130434782594
11,stage_1,1,ENG_03,engineering__INT_DURATION_X_MOTOR,engineered_representation,final_26,none,all,INT_DURATION_X_MOTOR,interaction,extra_trees,582,146,47,0.07215683300091769,0.6502083333333333,0.5869565217391305,0.6654166666666668,0.6743478260869565,0.6986301369863014,0.74,0.6086956521739131,,0.6086956521739131,0.01520833333333349,0.021739130434782594
11,stage_1,1,ENG_04,engineering__INT_MOBILITY_X_POSTURAL_STABILITY,engineered_representation,final_26,none,all,INT_MOBILITY_X_POSTURAL_STABILITY,interaction,extra_trees,582,146,47,0.06657029100097134,0.6502083333333333,0.5869565217391305,0.6714293190977129,0.6793478260869565,0.7054794520547946,0.75,0.6086956521739131,,0.6086956521739131,0.021220985764379585,0.021739130434782594
11,stage_1,1,ENG_05,engineering__PCA_PART_I_PATIENT_3_80,engineered_representation,final_26,none,all,PCA_PART_I_PATIENT_3_80,pca,extra_trees,582,146,45,0.0674001249972207,0.6502083333333333,0.5869565217391305,0.6680941052075073,0.6734782608695653,0.7054794520547946,0.76,0.5869565217391305,,0.5869565217391305,0.01788577187417406,0.0
11,stage_1,1,ENG_06,engineering__PCA_PART_I_PATIENT_3_90,engineered_representation,final_26,none,all,PCA_PART_I_PATIENT_3_90,pca,extra_trees,582,146,46,0.06476637499872595,0.6502083333333333,0.5869565217391305,0.6774668630338734,0.6843478260869565,0.7123287671232876,0.76,0.6086956521739131,,0.6086956521739131,0.0272585297005401,0.021739130434782594
11,stage_1,1,ENG_07,engineering__PCA_PART_I_PATIENT_3_95,engineered_representation,final_26,none,all,PCA_PART_I_PATIENT_3_95,pca,extra_trees,582,146,46,0.06801724999968428,0.6502083333333333,0.5869565217391305,0.6774668630338734,0.6843478260869565,0.7123287671232876,0.76,0.6086956521739131,,0.6086956521739131,0.0272585297005401,0.021739130434782594
11,stage_1,2,ENG_01,engineering__INT_GAIT_X_POSTURAL_STABILITY,engineered_representation,final_26,none,all,INT_GAIT_X_POSTURAL_STABILITY,interaction,extra_trees,582,146,48,0.06722783299846924,0.686711676348982,0.6170212765957447,0.6925052653207993,0.7035246077799269,0.7191780821917808,0.7474747474747475,0.6595744680851063,,0.6595744680851063,0.005793588971817254,0.04255319148936165
11,stage_1,2,ENG_02,engineering__INT_MOTOR_X_COGNITION,engineered_representation,final_26,none,all,INT_MOTOR_X_COGNITION,interaction,extra_trees,582,146,48,0.06760170900088269,0.686711676348982,0.6170212765957447,0.6986584107327141,0.708575112830432,0.726027397260274,0.7575757575757576,0.6595744680851063,,0.6595744680851063,0.01194673438373206,0.04255319148936165
11,stage_1,2,ENG_03,engineering__INT_DURATION_X_MOTOR,engineered_representation,final_26,none,all,INT_DURATION_X_MOTOR,interaction,extra_trees,582,146,48,0.07394420800119406,0.686711676348982,0.6170212765957447,0.6863747954173486,0.6984741027294219,0.7123287671232876,0.7373737373737373,0.6595744680851063,,0.6595744680851063,-0.0003368809316334209,0.04255319148936165
11,stage_1,2,ENG_04,engineering__INT_MOBILITY_X_POSTURAL_STABILITY,engineered_representation,final_26,none,all,INT_MOBILITY_X_POSTURAL_STABILITY,interaction,extra_trees,582,146,48,0.06979870799841592,0.686711676348982,0.6170212765957447,0.7013093289689034,0.7141629056522674,0.726027397260274,0.7474747474747475,0.6808510638297872,,0.6808510638297872,0.014597652619921409,0.06382978723404253
11,stage_1,2,ENG_05,engineering__PCA_PART_I_PATIENT_3_80,engineered_representation,final_26,none,all,PCA_PART_I_PATIENT_3_80,pca,extra_trees,582,146,46,0.06759395799963386,0.686711676348982,0.6170212765957447,0.6745632678451091,0.6822480120352461,0.7054794520547946,0.7474747474747475,0.6170212765957447,,0.6170212765957447,-0.012148408503872887,0.0
11,stage_1,2,ENG_06,engineering__PCA_PART_I_PATIENT_3_90,engineered_representation,final_26,none,all,PCA_PART_I_PATIENT_3_90,pca,extra_trees,582,146,47,0.07199937499899534,0.686711676348982,0.6170212765957447,0.6863747954173486,0.6984741027294219,0.7123287671232876,0.7373737373737373,0.6595744680851063,,0.6595744680851063,-0.0003368809316334209,0.04255319148936165
11,stage_1,2,ENG_07,engineering__PCA_PART_I_PATIENT_3_95,engineered_representation,final_26,none,all,PCA_PART_I_PATIENT_3_95,pca,extra_trees,582,146,47,0.06775000000197906,0.686711676348982,0.6170212765957447,0.6863747954173486,0.6984741027294219,0.7123287671232876,0.7373737373737373,0.6595744680851063,,0.6595744680851063,-0.0003368809316334209,0.04255319148936165
11,stage_1,3,ENG_01,engineering__INT_GAIT_X_POSTURAL_STABILITY,engineered_representation,final_26,none,all,INT_GAIT_X_POSTURAL_STABILITY,interaction,extra_trees,583,145,48,0.068890749997081,0.6754662840746055,0.5,0.6633825944170773,0.6590909090909092,0.7172413793103448,0.8181818181818182,0.5,,0.5,-0.012083689657528263,0.0
11,stage_1,3,ENG_02,engineering__INT_MOTOR_X_COGNITION,engineered_representation,final_26,none,all,INT_MOTOR_X_COGNITION,interaction,extra_trees,583,145,48,0.0631794170003559,0.6754662840746055,0.5,0.6694026447788417,0.6641414141414141,0.7241379310344828,0.8282828282828283,0.5,,0.5,-0.006063639295763812,0.0
11,stage_1,3,ENG_03,engineering__INT_DURATION_X_MOTOR,engineered_representation,final_26,none,all,INT_DURATION_X_MOTOR,interaction,extra_trees,583,145,48,0.06778050000139046,0.6754662840746055,0.5,0.6574032403240324,0.654040404040404,0.7103448275862069,0.8080808080808081,0.5,,0.5,-0.018063043750573105,0.0
11,stage_1,3,ENG_04,engineering__INT_MOBILITY_X_POSTURAL_STABILITY,engineered_representation,final_26,none,all,INT_MOBILITY_X_POSTURAL_STABILITY,interaction,extra_trees,583,145,48,0.0688423329993384,0.6754662840746055,0.5,0.6633825944170773,0.6590909090909092,0.7172413793103448,0.8181818181818182,0.5,,0.5,-0.012083689657528263,0.0
11,stage_1,3,ENG_05,engineering__PCA_PART_I_PATIENT_3_80,engineered_representation,final_26,none,all,PCA_PART_I_PATIENT_3_80,pca,extra_trees,583,145,46,0.0680662909981038,0.6754662840746055,0.5,0.6859325125398996,0.6800614844093105,0.7379310344827587,0.8383838383838383,0.5217391304347826,,0.5217391304347826,0.010466228465294103,0.021739130434782594
11,stage_1,3,ENG_06,engineering__PCA_PART_I_PATIENT_3_90,engineered_representation,final_26,none,all,PCA_PART_I_PATIENT_3_90,pca,extra_trees,583,145,47,0.06633016599880648,0.6754662840746055,0.5,0.6798029556650247,0.6750109793588055,0.7310344827586207,0.8282828282828283,0.5217391304347826,,0.5217391304347826,0.004336671590419172,0.021739130434782594
11,stage_1,3,ENG_07,engineering__PCA_PART_I_PATIENT_3_95,engineered_representation,final_26,none,all,PCA_PART_I_PATIENT_3_95,pca,extra_trees,583,145,47,0.06901933300105156,0.6754662840746055,0.5,0.6798029556650247,0.6750109793588055,0.7310344827586207,0.8282828282828283,0.5217391304347826,,0.5217391304347826,0.004336671590419172,0.021739130434782594
11,stage_1,4,ENG_01,engineering__INT_GAIT_X_POSTURAL_STABILITY,engineered_representation,final_26,none,all,INT_GAIT_X_POSTURAL_STABILITY,interaction,extra_trees,583,145,48,0.0733511250000447,0.7598953047379948,0.7333333333333333,0.7622825109736104,0.7777777777777778,0.7862068965517242,0.8,0.7555555555555555,,0.7555555555555555,0.002387206235615613,0.022222222222222254
11,stage_1,4,ENG_02,engineering__INT_MOTOR_X_COGNITION,engineered_representation,final_26,none,all,INT_MOTOR_X_COGNITION,interaction,extra_trees,583,145,48,0.06755141699977685,0.7598953047379948,0.7333333333333333,0.7622825109736104,0.7777777777777778,0.7862068965517242,0.8,0.7555555555555555,,0.7555555555555555,0.002387206235615613,0.022222222222222254
11,stage_1,4,ENG_03,engineering__INT_DURATION_X_MOTOR,engineered_representation,final_26,none,all,INT_DURATION_X_MOTOR,interaction,extra_trees,583,145,48,0.06685800000195741,0.7598953047379948,0.7333333333333333,0.7622825109736104,0.7777777777777778,0.7862068965517242,0.8,0.7555555555555555,,0.7555555555555555,0.002387206235615613,0.022222222222222254
11,stage_1,4,ENG_04,engineering__INT_MOBILITY_X_POSTURAL_STABILITY,engineered_representation,final_26,none,all,INT_MOBILITY_X_POSTURAL_STABILITY,interaction,extra_trees,583,145,48,0.07016324999858625,0.7598953047379948,0.7333333333333333,0.7622825109736104,0.7777777777777778,0.7862068965517242,0.8,0.7555555555555555,,0.7555555555555555,0.002387206235615613,0.022222222222222254
11,stage_1,4,ENG_05,engineering__PCA_PART_I_PATIENT_3_80,engineered_representation,final_26,none,all,PCA_PART_I_PATIENT_3_80,pca,extra_trees,583,145,46,0.06992662500124425,0.7598953047379948,0.7333333333333333,0.7451406120760959,0.768888888888889,0.7655172413793103,0.76,0.7777777777777778,,0.7777777777777778,-0.014754692661898883,0.04444444444444451
11,stage_1,4,ENG_06,engineering__PCA_PART_I_PATIENT_3_90,engineered_representation,final_26,none,all,PCA_PART_I_PATIENT_3_90,pca,extra_trees,583,145,47,0.06397933299740544,0.7598953047379948,0.7333333333333333,0.7534013605442177,0.7666666666666666,0.7793103448275862,0.8,0.7333333333333333,,0.7333333333333333,-0.006493944193777135,0.0
11,stage_1,4,ENG_07,engineering__PCA_PART_I_PATIENT_3_95,engineered_representation,final_26,none,all,PCA_PART_I_PATIENT_3_95,pca,extra_trees,583,145,47,0.06922420800037798,0.7598953047379948,0.7333333333333333,0.7534013605442177,0.7666666666666666,0.7793103448275862,0.8,0.7333333333333333,,0.7333333333333333,-0.006493944193777135,0.0
11,stage_2,0,ENG_01,engineering__INT_GAIT_X_POSTURAL_STABILITY,engineered_representation,final_26,none,all,INT_GAIT_X_POSTURAL_STABILITY,interaction,extra_trees,184,46,47,0.06600704099764698,0.5892857142857143,0.75,0.5892857142857143,0.5892857142857143,0.6521739130434783,0.75,0.42857142857142855,,0.75,0.0,0.0
11,stage_2,0,ENG_02,engineering__INT_MOTOR_X_COGNITION,engineered_representation,final_26,none,all,INT_MOTOR_X_COGNITION,interaction,extra_trees,184,46,47,0.07026662499993108,0.5892857142857143,0.75,0.571975916803503,0.5736607142857143,0.6304347826086957,0.71875,0.42857142857142855,,0.71875,-0.017309797482211287,-0.03125
11,stage_2,0,ENG_03,engineering__INT_DURATION_X_MOTOR,engineered_representation,final_26,none,all,INT_DURATION_X_MOTOR,interaction,extra_trees,184,46,47,0.06900704200234031,0.5892857142857143,0.75,0.5892857142857143,0.5892857142857143,0.6521739130434783,0.75,0.42857142857142855,,0.75,0.0,0.0
11,stage_2,0,ENG_04,engineering__INT_MOBILITY_X_POSTURAL_STABILITY,engineered_representation,final_26,none,all,INT_MOBILITY_X_POSTURAL_STABILITY,interaction,extra_trees,184,46,47,0.07153416599976481,0.5892857142857143,0.75,0.5892857142857143,0.5892857142857143,0.6521739130434783,0.75,0.42857142857142855,,0.75,0.0,0.0
11,stage_2,0,ENG_05,engineering__PCA_PART_I_PATIENT_3_80,engineered_representation,final_26,none,all,PCA_PART_I_PATIENT_3_80,pca,extra_trees,184,46,46,0.06951174999994691,0.5892857142857143,0.75,0.6068376068376069,0.6049107142857143,0.6739130434782609,0.78125,0.42857142857142855,,0.78125,0.0175518925518926,0.03125
11,stage_2,0,ENG_06,engineering__PCA_PART_I_PATIENT_3_90,engineered_representation,final_26,none,all,PCA_PART_I_PATIENT_3_90,pca,extra_trees,184,46,46,0.0641653340026096,0.5892857142857143,0.75,0.6068376068376069,0.6049107142857143,0.6739130434782609,0.78125,0.42857142857142855,,0.78125,0.0175518925518926,0.03125
11,stage_2,0,ENG_07,engineering__PCA_PART_I_PATIENT_3_95,engineered_representation,final_26,none,all,PCA_PART_I_PATIENT_3_95,pca,extra_trees,184,46,46,0.06430833299964434,0.5892857142857143,0.75,0.6068376068376069,0.6049107142857143,0.6739130434782609,0.78125,0.42857142857142855,,0.78125,0.0175518925518926,0.03125
11,stage_2,1,ENG_01,engineering__INT_GAIT_X_POSTURAL_STABILITY,engineered_representation,final_26,none,all,INT_GAIT_X_POSTURAL_STABILITY,interaction,extra_trees,184,46,47,0.06667616599952453,0.6645833333333333,0.71875,0.7401129943502824,0.7678571428571428,0.7608695652173914,0.75,0.7857142857142857,,0.75,0.07552966101694913,0.03125
11,stage_2,1,ENG_02,engineering__INT_MOTOR_X_COGNITION,engineered_representation,final_26,none,all,INT_MOTOR_X_COGNITION,interaction,extra_trees,184,46,47,0.0719871660003264,0.6645833333333333,0.71875,0.7125,0.7321428571428572,0.7391304347826086,0.75,0.7142857142857143,,0.75,0.04791666666666672,0.03125
11,stage_2,1,ENG_03,engineering__INT_DURATION_X_MOTOR,engineered_representation,final_26,none,all,INT_DURATION_X_MOTOR,interaction,extra_trees,184,46,47,0.06554229099856457,0.6645833333333333,0.71875,0.7125,0.7321428571428572,0.7391304347826086,0.75,0.7142857142857143,,0.75,0.04791666666666672,0.03125
11,stage_2,1,ENG_04,engineering__INT_MOBILITY_X_POSTURAL_STABILITY,engineered_representation,final_26,none,all,INT_MOBILITY_X_POSTURAL_STABILITY,interaction,extra_trees,184,46,47,0.06839050000053248,0.6645833333333333,0.71875,0.7401129943502824,0.7678571428571428,0.7608695652173914,0.75,0.7857142857142857,,0.75,0.07552966101694913,0.03125
11,stage_2,1,ENG_05,engineering__PCA_PART_I_PATIENT_3_80,engineered_representation,final_26,none,all,PCA_PART_I_PATIENT_3_80,pca,extra_trees,184,46,45,0.06868262499847333,0.6645833333333333,0.71875,0.7125,0.7321428571428572,0.7391304347826086,0.75,0.7142857142857143,,0.75,0.04791666666666672,0.03125
11,stage_2,1,ENG_06,engineering__PCA_PART_I_PATIENT_3_90,engineered_representation,final_26,none,all,PCA_PART_I_PATIENT_3_90,pca,extra_trees,184,46,46,0.07306225000138511,0.6645833333333333,0.71875,0.7526881720430108,0.7633928571428572,0.782608695652174,0.8125,0.7142857142857143,,0.8125,0.08810483870967745,0.09375
11,stage_2,1,ENG_07,engineering__PCA_PART_I_PATIENT_3_95,engineered_representation,final_26,none,all,PCA_PART_I_PATIENT_3_95,pca,extra_trees,184,46,46,0.07263099999909173,0.6645833333333333,0.71875,0.7526881720430108,0.7633928571428572,0.782608695652174,0.8125,0.7142857142857143,,0.8125,0.08810483870967745,0.09375
11,stage_2,2,ENG_01,engineering__INT_GAIT_X_POSTURAL_STABILITY,engineered_representation,final_26,none,all,INT_GAIT_X_POSTURAL_STABILITY,interaction,extra_trees,183,47,46,0.05623841600026935,0.6030799801291604,0.6875,0.6390168970814132,0.6416666666666666,0.6808510638297872,0.75,0.5333333333333333,,0.75,0.03593691695225276,0.0625
11,stage_2,2,ENG_02,engineering__INT_MOTOR_X_COGNITION,engineered_representation,final_26,none,all,INT_MOTOR_X_COGNITION,interaction,extra_trees,183,47,46,0.06422154199754004,0.6030799801291604,0.6875,0.6390168970814132,0.6416666666666666,0.6808510638297872,0.75,0.5333333333333333,,0.75,0.03593691695225276,0.0625
11,stage_2,2,ENG_03,engineering__INT_DURATION_X_MOTOR,engineered_representation,final_26,none,all,INT_DURATION_X_MOTOR,interaction,extra_trees,183,47,46,0.06992133400126477,0.6030799801291604,0.6875,0.6390168970814132,0.6416666666666666,0.6808510638297872,0.75,0.5333333333333333,,0.75,0.03593691695225276,0.0625
11,stage_2,2,ENG_04,engineering__INT_MOBILITY_X_POSTURAL_STABILITY,engineered_representation,final_26,none,all,INT_MOBILITY_X_POSTURAL_STABILITY,interaction,extra_trees,183,47,46,0.06559904200184974,0.6030799801291604,0.6875,0.6209677419354839,0.6260416666666666,0.6595744680851063,0.71875,0.5333333333333333,,0.71875,0.017887761806323454,0.03125
11,stage_2,2,ENG_05,engineering__PCA_PART_I_PATIENT_3_80,engineered_representation,final_26,none,all,PCA_PART_I_PATIENT_3_80,pca,extra_trees,183,47,44,0.060880834000272444,0.6030799801291604,0.6875,0.6497764530551415,0.659375,0.6808510638297872,0.71875,0.6,,0.71875,0.046696472925981114,0.03125
11,stage_2,2,ENG_06,engineering__PCA_PART_I_PATIENT_3_90,engineered_representation,final_26,none,all,PCA_PART_I_PATIENT_3_90,pca,extra_trees,183,47,45,0.06792879199929303,0.6030799801291604,0.6875,0.6585956416464891,0.6770833333333333,0.6808510638297872,0.6875,0.6666666666666666,,0.6875,0.055515661517328674,0.0
11,stage_2,2,ENG_07,engineering__PCA_PART_I_PATIENT_3_95,engineered_representation,final_26,none,all,PCA_PART_I_PATIENT_3_95,pca,extra_trees,183,47,45,0.07120579199909116,0.6030799801291604,0.6875,0.6585956416464891,0.6770833333333333,0.6808510638297872,0.6875,0.6666666666666666,,0.6875,0.055515661517328674,0.0
11,stage_2,3,ENG_01,engineering__INT_GAIT_X_POSTURAL_STABILITY,engineered_representation,final_26,none,all,INT_GAIT_X_POSTURAL_STABILITY,interaction,extra_trees,184,46,47,0.0724016659987683,0.697910447761194,0.875,0.697910447761194,0.6875,0.7608695652173914,0.875,0.5,,0.875,0.0,0.0
11,stage_2,3,ENG_02,engineering__INT_MOTOR_X_COGNITION,engineered_representation,final_26,none,all,INT_MOTOR_X_COGNITION,interaction,extra_trees,184,46,47,0.07313387500107638,0.697910447761194,0.875,0.697910447761194,0.6875,0.7608695652173914,0.875,0.5,,0.875,0.0,0.0
11,stage_2,3,ENG_03,engineering__INT_DURATION_X_MOTOR,engineered_representation,final_26,none,all,INT_DURATION_X_MOTOR,interaction,extra_trees,184,46,47,0.059435374998429324,0.697910447761194,0.875,0.697910447761194,0.6875,0.7608695652173914,0.875,0.5,,0.875,0.0,0.0
11,stage_2,3,ENG_04,engineering__INT_MOBILITY_X_POSTURAL_STABILITY,engineered_representation,final_26,none,all,INT_MOBILITY_X_POSTURAL_STABILITY,interaction,extra_trees,184,46,47,0.057437499999650754,0.697910447761194,0.875,0.697910447761194,0.6875,0.7608695652173914,0.875,0.5,,0.875,0.0,0.0
11,stage_2,3,ENG_05,engineering__PCA_PART_I_PATIENT_3_80,engineered_representation,final_26,none,all,PCA_PART_I_PATIENT_3_80,pca,extra_trees,184,46,46,0.06781758400029503,0.697910447761194,0.875,0.697910447761194,0.6875,0.7608695652173914,0.875,0.5,,0.875,0.0,0.0
11,stage_2,3,ENG_06,engineering__PCA_PART_I_PATIENT_3_90,engineered_representation,final_26,none,all,PCA_PART_I_PATIENT_3_90,pca,extra_trees,184,46,46,0.05775870800061966,0.697910447761194,0.875,0.697910447761194,0.6875,0.7608695652173914,0.875,0.5,,0.875,0.0,0.0
11,stage_2,3,ENG_07,engineering__PCA_PART_I_PATIENT_3_95,engineered_representation,final_26,none,all,PCA_PART_I_PATIENT_3_95,pca,extra_trees,184,46,46,0.05540179099989473,0.697910447761194,0.875,0.697910447761194,0.6875,0.7608695652173914,0.875,0.5,,0.875,0.0,0.0
11,stage_2,4,ENG_01,engineering__INT_GAIT_X_POSTURAL_STABILITY,engineered_representation,final_26,none,all,INT_GAIT_X_POSTURAL_STABILITY,interaction,extra_trees,185,45,47,0.0664840829995228,0.55,0.4838709677419355,0.5248868778280543,0.5633640552995391,0.5333333333333333,0.4838709677419355,0.6428571428571429,,0.4838709677419355,-0.025113122171945723,0.0
11,stage_2,4,ENG_02,engineering__INT_MOTOR_X_COGNITION,engineered_representation,final_26,none,all,INT_MOTOR_X_COGNITION,interaction,extra_trees,185,45,47,0.07071416699909605,0.55,0.4838709677419355,0.55,0.599078341013825,0.5555555555555556,0.4838709677419355,0.7142857142857143,,0.4838709677419355,0.0,0.0
11,stage_2,4,ENG_03,engineering__INT_DURATION_X_MOTOR,engineered_representation,final_26,none,all,INT_DURATION_X_MOTOR,interaction,extra_trees,185,45,47,0.07038712500070687,0.55,0.4838709677419355,0.55,0.599078341013825,0.5555555555555556,0.4838709677419355,0.7142857142857143,,0.4838709677419355,0.0,0.0
11,stage_2,4,ENG_04,engineering__INT_MOBILITY_X_POSTURAL_STABILITY,engineered_representation,final_26,none,all,INT_MOBILITY_X_POSTURAL_STABILITY,interaction,extra_trees,185,45,47,0.05375208300029044,0.55,0.4838709677419355,0.55,0.599078341013825,0.5555555555555556,0.4838709677419355,0.7142857142857143,,0.4838709677419355,0.0,0.0
11,stage_2,4,ENG_05,engineering__PCA_PART_I_PATIENT_3_80,engineered_representation,final_26,none,all,PCA_PART_I_PATIENT_3_80,pca,extra_trees,185,45,46,0.0647188750008354,0.55,0.4838709677419355,0.5639979602243753,0.5956221198156681,0.5777777777777777,0.5483870967741935,0.6428571428571429,,0.5483870967741935,0.013997960224375272,0.06451612903225801
11,stage_2,4,ENG_06,engineering__PCA_PART_I_PATIENT_3_90,engineered_representation,final_26,none,all,PCA_PART_I_PATIENT_3_90,pca,extra_trees,185,45,46,0.057208875001379056,0.55,0.4838709677419355,0.5639979602243753,0.5956221198156681,0.5777777777777777,0.5483870967741935,0.6428571428571429,,0.5483870967741935,0.013997960224375272,0.06451612903225801
11,stage_2,4,ENG_07,engineering__PCA_PART_I_PATIENT_3_95,engineered_representation,final_26,none,all,PCA_PART_I_PATIENT_3_95,pca,extra_trees,185,45,46,0.06734195900207851,0.55,0.4838709677419355,0.5639979602243753,0.5956221198156681,0.5777777777777777,0.5483870967741935,0.6428571428571429,,0.5483870967741935,0.013997960224375272,0.06451612903225801
12,direct,0,ENG_01,engineering__INT_GAIT_X_POSTURAL_STABILITY,engineered_representation,final_26,none,all,INT_GAIT_X_POSTURAL_STABILITY,interaction,extra_trees,582,146,48,0.06703808300153469,0.4678605637657362,0.21875,0.471280915466962,0.527202380952381,0.6027397260273972,0.72,0.21875,0.6428571428571429,0.21875,0.003420351701225788,0.0
12,direct,0,ENG_02,engineering__INT_MOTOR_X_COGNITION,engineered_representation,final_26,none,all,INT_MOTOR_X_COGNITION,interaction,extra_trees,582,146,48,0.0660616659988591,0.4678605637657362,0.21875,0.42428809946664314,0.46541666666666665,0.589041095890411,0.74,0.15625,0.5,0.15625,-0.04357246429909306,-0.0625
12,direct,0,ENG_03,engineering__INT_DURATION_X_MOTOR,engineered_representation,final_26,none,all,INT_DURATION_X_MOTOR,interaction,extra_trees,582,146,48,0.08279004200085183,0.4678605637657362,0.21875,0.41805094130675524,0.45875,0.5753424657534246,0.72,0.15625,0.5,0.15625,-0.04980962245898096,-0.0625
12,direct,0,ENG_04,engineering__INT_MOBILITY_X_POSTURAL_STABILITY,engineered_representation,final_26,none,all,INT_MOBILITY_X_POSTURAL_STABILITY,interaction,extra_trees,582,146,48,0.08244454099985887,0.4678605637657362,0.21875,0.451350822368205,0.5134523809523809,0.589041095890411,0.71,0.1875,0.6428571428571429,0.1875,-0.016509741397531197,-0.03125
12,direct,0,ENG_05,engineering__PCA_PART_I_PATIENT_3_80,engineered_representation,final_26,none,all,PCA_PART_I_PATIENT_3_80,pca,extra_trees,582,146,46,0.06628279200231191,0.4678605637657362,0.21875,0.45128622830919857,0.4996428571428571,0.6027397260273972,0.74,0.1875,0.5714285714285714,0.1875,-0.016574335456537637,-0.03125
12,direct,0,ENG_06,engineering__PCA_PART_I_PATIENT_3_90,engineered_representation,final_26,none,all,PCA_PART_I_PATIENT_3_90,pca,extra_trees,582,146,47,0.07504687500113505,0.4678605637657362,0.21875,0.4451094341804724,0.48291666666666666,0.5958904109589042,0.73,0.21875,0.5,0.21875,-0.02275112958526382,0.0
12,direct,0,ENG_07,engineering__PCA_PART_I_PATIENT_3_95,engineered_representation,final_26,none,all,PCA_PART_I_PATIENT_3_95,pca,extra_trees,582,146,47,0.0741110840026522,0.4678605637657362,0.21875,0.4451094341804724,0.48291666666666666,0.5958904109589042,0.73,0.21875,0.5,0.21875,-0.02275112958526382,0.0
12,direct,1,ENG_01,engineering__INT_GAIT_X_POSTURAL_STABILITY,engineered_representation,final_26,none,all,INT_GAIT_X_POSTURAL_STABILITY,interaction,extra_trees,582,146,48,0.08037229200272122,0.5795173961840628,0.3125,0.5454984278818475,0.5888690476190477,0.6712328767123288,0.78,0.34375,0.6428571428571429,0.34375,-0.03401896830221529,0.03125
12,direct,1,ENG_02,engineering__INT_MOTOR_X_COGNITION,engineered_representation,final_26,none,all,INT_MOTOR_X_COGNITION,interaction,extra_trees,582,146,48,0.0647092920007708,0.5795173961840628,0.3125,0.5814407814407815,0.643154761904762,0.6986301369863014,0.8,0.34375,0.7857142857142857,0.34375,0.001923385256718646,0.03125
12,direct,1,ENG_03,engineering__INT_DURATION_X_MOTOR,engineered_representation,final_26,none,all,INT_DURATION_X_MOTOR,interaction,extra_trees,582,146,48,0.06917266700111213,0.5795173961840628,0.3125,0.5476747818632259,0.615654761904762,0.6712328767123288,0.78,0.28125,0.7857142857142857,0.28125,-0.031842614320836904,-0.03125
12,direct,1,ENG_04,engineering__INT_MOBILITY_X_POSTURAL_STABILITY,engineered_representation,final_26,none,all,INT_MOBILITY_X_POSTURAL_STABILITY,interaction,extra_trees,582,146,48,0.08875895800156286,0.5795173961840628,0.3125,0.541033798576902,0.5989285714285715,0.6643835616438356,0.77,0.3125,0.7142857142857143,0.3125,-0.0384835976071608,0.0
12,direct,1,ENG_05,engineering__PCA_PART_I_PATIENT_3_80,engineered_representation,final_26,none,all,PCA_PART_I_PATIENT_3_80,pca,extra_trees,582,146,46,0.08256708299813909,0.5795173961840628,0.3125,0.5640848958678416,0.6294047619047619,0.684931506849315,0.79,0.3125,0.7857142857142857,0.3125,-0.015432500316221232,0.0
12,direct,1,ENG_06,engineering__PCA_PART_I_PATIENT_3_90,engineered_representation,final_26,none,all,PCA_PART_I_PATIENT_3_90,pca,extra_trees,582,146,47,0.07211358299900894,0.5795173961840628,0.3125,0.5449461091151524,0.5851190476190476,0.678082191780822,0.8,0.3125,0.6428571428571429,0.3125,-0.03457128706891044,0.0
12,direct,1,ENG_07,engineering__PCA_PART_I_PATIENT_3_95,engineered_representation,final_26,none,all,PCA_PART_I_PATIENT_3_95,pca,extra_trees,582,146,47,0.08326666700304486,0.5795173961840628,0.3125,0.5449461091151524,0.5851190476190476,0.678082191780822,0.8,0.3125,0.6428571428571429,0.3125,-0.03457128706891044,0.0
12,direct,2,ENG_01,engineering__INT_GAIT_X_POSTURAL_STABILITY,engineered_representation,final_26,none,all,INT_GAIT_X_POSTURAL_STABILITY,interaction,extra_trees,582,146,47,0.07377516600172385,0.5224466891133558,0.21875,0.5997640088785471,0.6330952380952382,0.7054794520547946,0.81,0.375,0.7142857142857143,0.375,0.0773173197651913,0.15625
12,direct,2,ENG_02,engineering__INT_MOTOR_X_COGNITION,engineered_representation,final_26,none,all,INT_MOTOR_X_COGNITION,interaction,extra_trees,582,146,47,0.07651716699911049,0.5224466891133558,0.21875,0.5705845831473972,0.6122619047619048,0.6917808219178082,0.81,0.3125,0.7142857142857143,0.3125,0.04813789403404145,0.09375
12,direct,2,ENG_03,engineering__INT_DURATION_X_MOTOR,engineered_representation,final_26,none,all,INT_DURATION_X_MOTOR,interaction,extra_trees,582,146,47,0.0825019580006483,0.5224466891133558,0.21875,0.5625205307946425,0.6189880952380952,0.678082191780822,0.79,0.28125,0.7857142857142857,0.28125,0.04007384168128669,0.0625
12,direct,2,ENG_04,engineering__INT_MOBILITY_X_POSTURAL_STABILITY,engineered_representation,final_26,none,all,INT_MOBILITY_X_POSTURAL_STABILITY,interaction,extra_trees,582,146,47,0.086079749999044,0.5224466891133558,0.21875,0.566118579276474,0.6189880952380952,0.678082191780822,0.79,0.28125,0.7857142857142857,0.28125,0.04367189016311823,0.0625
12,direct,2,ENG_05,engineering__PCA_PART_I_PATIENT_3_80,engineered_representation,final_26,none,all,PCA_PART_I_PATIENT_3_80,pca,extra_trees,582,146,45,0.07472174999929848,0.5224466891133558,0.21875,0.5338034710741333,0.5851785714285714,0.6506849315068494,0.76,0.28125,0.7142857142857143,0.28125,0.011356781960777496,0.0625
12,direct,2,ENG_06,engineering__PCA_PART_I_PATIENT_3_90,engineered_representation,final_26,none,all,PCA_PART_I_PATIENT_3_90,pca,extra_trees,582,146,46,0.07042708399967523,0.5224466891133558,0.21875,0.5650035704117164,0.6093452380952381,0.6712328767123288,0.77,0.34375,0.7142857142857143,0.34375,0.04255688129836066,0.125
12,direct,2,ENG_07,engineering__PCA_PART_I_PATIENT_3_95,engineered_representation,final_26,none,all,PCA_PART_I_PATIENT_3_95,pca,extra_trees,582,146,46,0.09311287499804166,0.5224466891133558,0.21875,0.5650035704117164,0.6093452380952381,0.6712328767123288,0.77,0.34375,0.7142857142857143,0.34375,0.04255688129836066,0.125
12,direct,3,ENG_01,engineering__INT_GAIT_X_POSTURAL_STABILITY,engineered_representation,final_26,none,all,INT_GAIT_X_POSTURAL_STABILITY,interaction,extra_trees,583,145,48,0.07920387500053039,0.5310757513939889,0.22580645161290322,0.5516927606048441,0.6308026501574888,0.6689655172413793,0.7676767676767676,0.25806451612903225,0.8666666666666667,0.25806451612903225,0.020617009210855186,0.03225806451612903
12,direct,3,ENG_02,engineering__INT_MOTOR_X_COGNITION,engineered_representation,final_26,none,all,INT_MOTOR_X_COGNITION,interaction,extra_trees,583,145,48,0.0833983749980689,0.5310757513939889,0.22580645161290322,0.5368421052631579,0.6234169653524492,0.6689655172413793,0.7777777777777778,0.22580645161290322,0.8666666666666667,0.22580645161290322,0.005766353869169016,0.0
12,direct,3,ENG_03,engineering__INT_DURATION_X_MOTOR,engineered_representation,final_26,none,all,INT_DURATION_X_MOTOR,interaction,extra_trees,583,145,48,0.08660658299777424,0.5310757513939889,0.22580645161290322,0.5394699546485261,0.6234169653524492,0.6689655172413793,0.7777777777777778,0.22580645161290322,0.8666666666666667,0.22580645161290322,0.008394203254537214,0.0
12,direct,3,ENG_04,engineering__INT_MOBILITY_X_POSTURAL_STABILITY,engineered_representation,final_26,none,all,INT_MOBILITY_X_POSTURAL_STABILITY,interaction,extra_trees,583,145,48,0.08180895900295582,0.5310757513939889,0.22580645161290322,0.503140648929729,0.5951775822743565,0.6413793103448275,0.7575757575757576,0.16129032258064516,0.8666666666666667,0.16129032258064516,-0.027935102464259898,-0.06451612903225806
12,direct,3,ENG_05,engineering__PCA_PART_I_PATIENT_3_80,engineered_representation,final_26,none,all,PCA_PART_I_PATIENT_3_80,pca,extra_trees,583,145,46,0.093460457999754,0.5310757513939889,0.22580645161290322,0.5582610786204446,0.6388400130335614,0.6551724137931034,0.7272727272727273,0.3225806451612903,0.8666666666666667,0.3225806451612903,0.027185327226455724,0.0967741935483871
12,direct,3,ENG_06,engineering__PCA_PART_I_PATIENT_3_90,engineered_representation,final_26,none,all,PCA_PART_I_PATIENT_3_90,pca,extra_trees,583,145,47,0.07650962499974412,0.5310757513939889,0.22580645161290322,0.5558449878052545,0.6388400130335614,0.6551724137931034,0.7272727272727273,0.3225806451612903,0.8666666666666667,0.3225806451612903,0.024769236411265605,0.0967741935483871
12,direct,3,ENG_07,engineering__PCA_PART_I_PATIENT_3_95,engineered_representation,final_26,none,all,PCA_PART_I_PATIENT_3_95,pca,extra_trees,583,145,47,0.0706739999986894,0.5310757513939889,0.22580645161290322,0.5558449878052545,0.6388400130335614,0.6551724137931034,0.7272727272727273,0.3225806451612903,0.8666666666666667,0.3225806451612903,0.024769236411265605,0.0967741935483871
12,direct,4,ENG_01,engineering__INT_GAIT_X_POSTURAL_STABILITY,engineered_representation,final_26,none,all,INT_GAIT_X_POSTURAL_STABILITY,interaction,extra_trees,583,145,48,0.07433045800280524,0.38346253229974164,0.3125,0.39844339104305687,0.4148929773929774,0.5379310344827586,0.6464646464646465,0.3125,0.2857142857142857,0.3125,0.014980858743315228,0.0
12,direct,4,ENG_02,engineering__INT_MOTOR_X_COGNITION,engineered_representation,final_26,none,all,INT_MOTOR_X_COGNITION,interaction,extra_trees,583,145,48,0.07400687499830383,0.38346253229974164,0.3125,0.3681934808285939,0.383958633958634,0.503448275862069,0.6161616161616161,0.25,0.2857142857142857,0.25,-0.015269051471147765,-0.0625
12,direct,4,ENG_03,engineering__INT_DURATION_X_MOTOR,engineered_representation,final_26,none,all,INT_DURATION_X_MOTOR,interaction,extra_trees,583,145,48,0.07099083399953088,0.38346253229974164,0.3125,0.3776558690351794,0.39437530062530063,0.5103448275862069,0.6161616161616161,0.28125,0.2857142857142857,0.28125,-0.005806663264562251,-0.03125
12,direct,4,ENG_04,engineering__INT_MOBILITY_X_POSTURAL_STABILITY,engineered_representation,final_26,none,all,INT_MOBILITY_X_POSTURAL_STABILITY,interaction,extra_trees,583,145,48,0.07306133299789508,0.38346253229974164,0.3125,0.37936884252673725,0.39805796055796056,0.503448275862069,0.5959595959595959,0.3125,0.2857142857142857,0.3125,-0.004093689773004394,0.0
12,direct,4,ENG_05,engineering__PCA_PART_I_PATIENT_3_80,engineered_representation,final_26,none,all,PCA_PART_I_PATIENT_3_80,pca,extra_trees,583,145,46,0.06907037500059232,0.38346253229974164,0.3125,0.3929772702301331,0.438236531986532,0.503448275862069,0.5959595959595959,0.21875,0.5,0.21875,0.009514737930391481,-0.09375
12,direct,4,ENG_06,engineering__PCA_PART_I_PATIENT_3_90,engineered_representation,final_26,none,all,PCA_PART_I_PATIENT_3_90,pca,extra_trees,583,145,47,0.07422920899989549,0.38346253229974164,0.3125,0.425842094413523,0.4825637325637326,0.5379310344827586,0.6262626262626263,0.25,0.5714285714285714,0.25,0.042379562113781355,-0.0625
12,direct,4,ENG_07,engineering__PCA_PART_I_PATIENT_3_95,engineered_representation,final_26,none,all,PCA_PART_I_PATIENT_3_95,pca,extra_trees,583,145,47,0.08393316700312425,0.38346253229974164,0.3125,0.425842094413523,0.4825637325637326,0.5379310344827586,0.6262626262626263,0.25,0.5714285714285714,0.25,0.042379562113781355,-0.0625
12,stage_1,0,ENG_01,engineering__INT_GAIT_X_POSTURAL_STABILITY,engineered_representation,final_26,none,all,INT_GAIT_X_POSTURAL_STABILITY,interaction,extra_trees,582,146,48,0.06320925000181887,0.6989690721649484,0.6304347826086957,0.6958333333333333,0.7060869565217391,0.726027397260274,0.76,0.6521739130434783,,0.6521739130434783,-0.003135738831615109,0.021739130434782594
12,stage_1,0,ENG_02,engineering__INT_MOTOR_X_COGNITION,engineered_representation,final_26,none,all,INT_MOTOR_X_COGNITION,interaction,extra_trees,582,146,48,0.06804566699793213,0.6989690721649484,0.6304347826086957,0.6896998600383599,0.7010869565217391,0.7191780821917808,0.75,0.6521739130434783,,0.6521739130434783,-0.009269212126588489,0.021739130434782594
12,stage_1,0,ENG_03,engineering__INT_DURATION_X_MOTOR,engineered_representation,final_26,none,all,INT_DURATION_X_MOTOR,interaction,extra_trees,582,146,48,0.061002916998404544,0.6989690721649484,0.6304347826086957,0.7019940336002513,0.7110869565217391,0.7328767123287672,0.77,0.6521739130434783,,0.6521739130434783,0.003024961435302842,0.021739130434782594
12,stage_1,0,ENG_04,engineering__INT_MOBILITY_X_POSTURAL_STABILITY,engineered_representation,final_26,none,all,INT_MOBILITY_X_POSTURAL_STABILITY,interaction,extra_trees,582,146,48,0.07206304200008162,0.6989690721649484,0.6304347826086957,0.6835913312693498,0.6960869565217391,0.7123287671232876,0.74,0.6521739130434783,,0.6521739130434783,-0.015377740895598624,0.021739130434782594
12,stage_1,0,ENG_05,engineering__PCA_PART_I_PATIENT_3_80,engineered_representation,final_26,none,all,PCA_PART_I_PATIENT_3_80,pca,extra_trees,582,146,46,0.06839504100207705,0.6989690721649484,0.6304347826086957,0.6835315886862279,0.6893478260869565,0.7191780821917808,0.77,0.6086956521739131,,0.6086956521739131,-0.015437483478720537,-0.021739130434782594
12,stage_1,0,ENG_06,engineering__PCA_PART_I_PATIENT_3_90,engineered_representation,final_26,none,all,PCA_PART_I_PATIENT_3_90,pca,extra_trees,582,146,47,0.0693655420000141,0.6989690721649484,0.6304347826086957,0.708184304649695,0.7160869565217391,0.7397260273972602,0.78,0.6521739130434783,,0.6521739130434783,0.009215232484746538,0.021739130434782594
12,stage_1,0,ENG_07,engineering__PCA_PART_I_PATIENT_3_95,engineered_representation,final_26,none,all,PCA_PART_I_PATIENT_3_95,pca,extra_trees,582,146,47,0.0713850000029197,0.6989690721649484,0.6304347826086957,0.708184304649695,0.7160869565217391,0.7397260273972602,0.78,0.6521739130434783,,0.6521739130434783,0.009215232484746538,0.021739130434782594
12,stage_1,1,ENG_01,engineering__INT_GAIT_X_POSTURAL_STABILITY,engineered_representation,final_26,none,all,INT_GAIT_X_POSTURAL_STABILITY,interaction,extra_trees,582,146,48,0.06927066700154683,0.6886993603411513,0.5652173913043478,0.7019127444659359,0.7043478260869566,0.7397260273972602,0.8,0.6086956521739131,,0.6086956521739131,0.013213384124784566,0.0434782608695653
12,stage_1,1,ENG_02,engineering__INT_MOTOR_X_COGNITION,engineered_representation,final_26,none,all,INT_MOTOR_X_COGNITION,interaction,extra_trees,582,146,48,0.06988404100047774,0.6886993603411513,0.5652173913043478,0.7019127444659359,0.7043478260869566,0.7397260273972602,0.8,0.6086956521739131,,0.6086956521739131,0.013213384124784566,0.0434782608695653
12,stage_1,1,ENG_03,engineering__INT_DURATION_X_MOTOR,engineered_representation,final_26,none,all,INT_DURATION_X_MOTOR,interaction,extra_trees,582,146,48,0.06944199999998091,0.6886993603411513,0.5652173913043478,0.7113545284531124,0.7152173913043478,0.7465753424657534,0.8,0.6304347826086957,,0.6304347826086957,0.02265516811196111,0.0652173913043479
12,stage_1,1,ENG_04,engineering__INT_MOBILITY_X_POSTURAL_STABILITY,engineered_representation,final_26,none,all,INT_MOBILITY_X_POSTURAL_STABILITY,interaction,extra_trees,582,146,48,0.07059779200062621,0.6886993603411513,0.5652173913043478,0.6923326308964176,0.6934782608695653,0.7328767123287672,0.8,0.5869565217391305,,0.5869565217391305,0.003633270555266299,0.021739130434782705
12,stage_1,1,ENG_05,engineering__PCA_PART_I_PATIENT_3_80,engineered_representation,final_26,none,all,PCA_PART_I_PATIENT_3_80,pca,extra_trees,582,146,46,0.07343008300085785,0.6886993603411513,0.5652173913043478,0.7046634957082718,0.7034782608695652,0.7465753424657534,0.82,0.5869565217391305,,0.5869565217391305,0.01596413536712049,0.021739130434782705
12,stage_1,1,ENG_06,engineering__PCA_PART_I_PATIENT_3_90,engineered_representation,final_26,none,all,PCA_PART_I_PATIENT_3_90,pca,extra_trees,582,146,47,0.06951512500017998,0.6886993603411513,0.5652173913043478,0.723888258496785,0.7252173913043478,0.7602739726027398,0.82,0.6304347826086957,,0.6304347826086957,0.03518889815563364,0.0652173913043479
12,stage_1,1,ENG_07,engineering__PCA_PART_I_PATIENT_3_95,engineered_representation,final_26,none,all,PCA_PART_I_PATIENT_3_95,pca,extra_trees,582,146,47,0.07019937500081141,0.6886993603411513,0.5652173913043478,0.723888258496785,0.7252173913043478,0.7602739726027398,0.82,0.6304347826086957,,0.6304347826086957,0.03518889815563364,0.0652173913043479
12,stage_1,2,ENG_01,engineering__INT_GAIT_X_POSTURAL_STABILITY,engineered_representation,final_26,none,all,INT_GAIT_X_POSTURAL_STABILITY,interaction,extra_trees,582,146,47,0.07925287499892875,0.7046634957082718,0.5869565217391305,0.7269526952695269,0.7243478260869565,0.7671232876712328,0.84,0.6086956521739131,,0.6086956521739131,0.02228919956125508,0.021739130434782594
12,stage_1,2,ENG_02,engineering__INT_MOTOR_X_COGNITION,engineered_representation,final_26,none,all,INT_MOTOR_X_COGNITION,interaction,extra_trees,582,146,47,0.06686208300016006,0.7046634957082718,0.5869565217391305,0.7302173913043478,0.7302173913043478,0.7671232876712328,0.83,0.6304347826086957,,0.6304347826086957,0.025553895596076015,0.04347826086956519
12,stage_1,2,ENG_03,engineering__INT_DURATION_X_MOTOR,engineered_representation,final_26,none,all,INT_DURATION_X_MOTOR,interaction,extra_trees,582,146,47,0.0648998329997994,0.7046634957082718,0.5869565217391305,0.7206276310753923,0.7193478260869566,0.7602739726027398,0.83,0.6086956521739131,,0.6086956521739131,0.01596413536712049,0.021739130434782594
12,stage_1,2,ENG_04,engineering__INT_MOBILITY_X_POSTURAL_STABILITY,engineered_representation,final_26,none,all,INT_MOBILITY_X_POSTURAL_STABILITY,interaction,extra_trees,582,146,47,0.07075787500070874,0.7046634957082718,0.5869565217391305,0.7206276310753923,0.7193478260869566,0.7602739726027398,0.83,0.6086956521739131,,0.6086956521739131,0.01596413536712049,0.021739130434782594
12,stage_1,2,ENG_05,engineering__PCA_PART_I_PATIENT_3_80,engineered_representation,final_26,none,all,PCA_PART_I_PATIENT_3_80,pca,extra_trees,582,146,45,0.077207250000356,0.7046634957082718,0.5869565217391305,0.6886993603411513,0.6876086956521739,0.7328767123287672,0.81,0.5652173913043478,,0.5652173913043478,-0.01596413536712049,-0.021739130434782705
12,stage_1,2,ENG_06,engineering__PCA_PART_I_PATIENT_3_90,engineered_representation,final_26,none,all,PCA_PART_I_PATIENT_3_90,pca,extra_trees,582,146,46,0.06653800000276533,0.7046634957082718,0.5869565217391305,0.7019127444659359,0.7043478260869566,0.7397260273972602,0.8,0.6086956521739131,,0.6086956521739131,-0.002750751242335925,0.021739130434782594
12,stage_1,2,ENG_07,engineering__PCA_PART_I_PATIENT_3_95,engineered_representation,final_26,none,all,PCA_PART_I_PATIENT_3_95,pca,extra_trees,582,146,46,0.06640966700069839,0.7046634957082718,0.5869565217391305,0.7019127444659359,0.7043478260869566,0.7397260273972602,0.8,0.6086956521739131,,0.6086956521739131,-0.002750751242335925,0.021739130434782594
12,stage_1,3,ENG_01,engineering__INT_GAIT_X_POSTURAL_STABILITY,engineered_representation,final_26,none,all,INT_GAIT_X_POSTURAL_STABILITY,interaction,extra_trees,583,145,48,0.06733108399930643,0.6794736842105262,0.6304347826086957,0.7041451890034365,0.7091567852437417,0.7379310344827587,0.7878787878787878,0.6304347826086957,,0.6304347826086957,0.024671504792910248,0.0
12,stage_1,3,ENG_02,engineering__INT_MOTOR_X_COGNITION,engineered_representation,final_26,none,all,INT_MOTOR_X_COGNITION,interaction,extra_trees,583,145,48,0.06920795900077792,0.6794736842105262,0.6304347826086957,0.7134234282356712,0.7200263504611331,0.7448275862068966,0.7878787878787878,0.6521739130434783,,0.6521739130434783,0.033949744025144946,0.021739130434782594
12,stage_1,3,ENG_03,engineering__INT_DURATION_X_MOTOR,engineered_representation,final_26,none,all,INT_DURATION_X_MOTOR,interaction,extra_trees,583,145,48,0.07009570800073561,0.6794736842105262,0.6304347826086957,0.7134234282356712,0.7200263504611331,0.7448275862068966,0.7878787878787878,0.6521739130434783,,0.6521739130434783,0.033949744025144946,0.021739130434782594
12,stage_1,3,ENG_04,engineering__INT_MOBILITY_X_POSTURAL_STABILITY,engineered_representation,final_26,none,all,INT_MOBILITY_X_POSTURAL_STABILITY,interaction,extra_trees,583,145,48,0.06993645799957449,0.6794736842105262,0.6304347826086957,0.7289140537364457,0.7359464207290294,0.7586206896551724,0.797979797979798,0.6739130434782609,,0.6739130434782609,0.04944036952591946,0.04347826086956519
12,stage_1,3,ENG_05,engineering__PCA_PART_I_PATIENT_3_80,engineered_representation,final_26,none,all,PCA_PART_I_PATIENT_3_80,pca,extra_trees,583,145,46,0.06654345799688599,0.6794736842105262,0.6304347826086957,0.7037560898947037,0.7157444005270093,0.7310344827586207,0.7575757575757576,0.6739130434782609,,0.6739130434782609,0.0242824056841775,0.04347826086956519
12,stage_1,3,ENG_06,engineering__PCA_PART_I_PATIENT_3_90,engineered_representation,final_26,none,all,PCA_PART_I_PATIENT_3_90,pca,extra_trees,583,145,47,0.07048291599858203,0.6794736842105262,0.6304347826086957,0.718948085284719,0.7316644707949056,0.7448275862068966,0.7676767676767676,0.6956521739130435,,0.6956521739130435,0.039474401074192755,0.06521739130434778
12,stage_1,3,ENG_07,engineering__PCA_PART_I_PATIENT_3_95,engineered_representation,final_26,none,all,PCA_PART_I_PATIENT_3_95,pca,extra_trees,583,145,47,0.07170058399788104,0.6794736842105262,0.6304347826086957,0.718948085284719,0.7316644707949056,0.7448275862068966,0.7676767676767676,0.6956521739130435,,0.6956521739130435,0.039474401074192755,0.06521739130434778
12,stage_1,4,ENG_01,engineering__INT_GAIT_X_POSTURAL_STABILITY,engineered_representation,final_26,none,all,INT_GAIT_X_POSTURAL_STABILITY,interaction,extra_trees,583,145,48,0.06340283300232841,0.6181366459627329,0.6739130434782609,0.6181366459627329,0.6450373298199386,0.6344827586206897,0.6161616161616161,0.6739130434782609,,0.6739130434782609,0.0,0.0
12,stage_1,4,ENG_02,engineering__INT_MOTOR_X_COGNITION,engineered_representation,final_26,none,all,INT_MOTOR_X_COGNITION,interaction,extra_trees,583,145,48,0.06940516699978616,0.6181366459627329,0.6739130434782609,0.6363362760834671,0.6601888449714537,0.6551724137931034,0.6464646464646465,0.6739130434782609,,0.6739130434782609,0.018199630120734223,0.0
12,stage_1,4,ENG_03,engineering__INT_DURATION_X_MOTOR,engineered_representation,final_26,none,all,INT_DURATION_X_MOTOR,interaction,extra_trees,583,145,48,0.0731063749990426,0.6181366459627329,0.6739130434782609,0.6338383838383839,0.6543697848045674,0.6551724137931034,0.6565656565656566,0.6521739130434783,,0.6521739130434783,0.01570173787565099,-0.021739130434782594
12,stage_1,4,ENG_04,engineering__INT_MOBILITY_X_POSTURAL_STABILITY,engineered_representation,final_26,none,all,INT_MOBILITY_X_POSTURAL_STABILITY,interaction,extra_trees,583,145,48,0.07140541699845926,0.6181366459627329,0.6739130434782609,0.6181366459627329,0.6450373298199386,0.6344827586206897,0.6161616161616161,0.6739130434782609,,0.6739130434782609,0.0,0.0
12,stage_1,4,ENG_05,engineering__PCA_PART_I_PATIENT_3_80,engineered_representation,final_26,none,all,PCA_PART_I_PATIENT_3_80,pca,extra_trees,583,145,46,0.06835970799875213,0.6181366459627329,0.6739130434782609,0.6072431781701445,0.628348704435661,0.6275862068965518,0.6262626262626263,0.6304347826086957,,0.6304347826086957,-0.010893467792588374,-0.04347826086956519
12,stage_1,4,ENG_06,engineering__PCA_PART_I_PATIENT_3_90,engineered_representation,final_26,none,all,PCA_PART_I_PATIENT_3_90,pca,extra_trees,583,145,47,0.07499445799840032,0.6181366459627329,0.6739130434782609,0.6181366459627329,0.6450373298199386,0.6344827586206897,0.6161616161616161,0.6739130434782609,,0.6739130434782609,0.0,0.0
12,stage_1,4,ENG_07,engineering__PCA_PART_I_PATIENT_3_95,engineered_representation,final_26,none,all,PCA_PART_I_PATIENT_3_95,pca,extra_trees,583,145,47,0.0734190419971128,0.6181366459627329,0.6739130434782609,0.6181366459627329,0.6450373298199386,0.6344827586206897,0.6161616161616161,0.6739130434782609,,0.6739130434782609,0.0,0.0
12,stage_2,0,ENG_01,engineering__INT_GAIT_X_POSTURAL_STABILITY,engineered_representation,final_26,none,all,INT_GAIT_X_POSTURAL_STABILITY,interaction,extra_trees,184,46,46,0.05415616699974635,0.6166666666666667,0.6875,0.5983564458140729,0.6138392857142857,0.6304347826086957,0.65625,0.5714285714285714,,0.65625,-0.018310220852593817,-0.03125
12,stage_2,0,ENG_02,engineering__INT_MOTOR_X_COGNITION,engineered_representation,final_26,none,all,INT_MOTOR_X_COGNITION,interaction,extra_trees,184,46,46,0.06331733299884945,0.6166666666666667,0.6875,0.5983564458140729,0.6138392857142857,0.6304347826086957,0.65625,0.5714285714285714,,0.65625,-0.018310220852593817,-0.03125
12,stage_2,0,ENG_03,engineering__INT_DURATION_X_MOTOR,engineered_representation,final_26,none,all,INT_DURATION_X_MOTOR,interaction,extra_trees,184,46,46,0.07281729199894471,0.6166666666666667,0.6875,0.5983564458140729,0.6138392857142857,0.6304347826086957,0.65625,0.5714285714285714,,0.65625,-0.018310220852593817,-0.03125
12,stage_2,0,ENG_04,engineering__INT_MOBILITY_X_POSTURAL_STABILITY,engineered_representation,final_26,none,all,INT_MOBILITY_X_POSTURAL_STABILITY,interaction,extra_trees,184,46,46,0.07187900000280933,0.6166666666666667,0.6875,0.5983564458140729,0.6138392857142857,0.6304347826086957,0.65625,0.5714285714285714,,0.65625,-0.018310220852593817,-0.03125
12,stage_2,0,ENG_05,engineering__PCA_PART_I_PATIENT_3_80,engineered_representation,final_26,none,all,PCA_PART_I_PATIENT_3_80,pca,extra_trees,184,46,44,0.055779541999072535,0.6166666666666667,0.6875,0.5801217038539555,0.5982142857142857,0.6086956521739131,0.625,0.5714285714285714,,0.625,-0.036544962812711246,-0.0625
12,stage_2,0,ENG_06,engineering__PCA_PART_I_PATIENT_3_90,engineered_representation,final_26,none,all,PCA_PART_I_PATIENT_3_90,pca,extra_trees,184,46,45,0.07214108300104272,0.6166666666666667,0.6875,0.6166666666666667,0.6294642857142857,0.6521739130434783,0.6875,0.5714285714285714,,0.6875,0.0,0.0
12,stage_2,0,ENG_07,engineering__PCA_PART_I_PATIENT_3_95,engineered_representation,final_26,none,all,PCA_PART_I_PATIENT_3_95,pca,extra_trees,184,46,45,0.05868237499817042,0.6166666666666667,0.6875,0.6166666666666667,0.6294642857142857,0.6521739130434783,0.6875,0.5714285714285714,,0.6875,0.0,0.0
12,stage_2,1,ENG_01,engineering__INT_GAIT_X_POSTURAL_STABILITY,engineered_representation,final_26,none,all,INT_GAIT_X_POSTURAL_STABILITY,interaction,extra_trees,184,46,47,0.058914583998557646,0.8021505376344086,0.84375,0.731934731934732,0.7232142857142857,0.782608695652174,0.875,0.5714285714285714,,0.875,-0.07021580569967656,0.03125
12,stage_2,1,ENG_02,engineering__INT_MOTOR_X_COGNITION,engineered_representation,final_26,none,all,INT_MOTOR_X_COGNITION,interaction,extra_trees,184,46,47,0.06864479199794005,0.8021505376344086,0.84375,0.7116809116809117,0.7075892857142857,0.7608695652173914,0.84375,0.5714285714285714,,0.84375,-0.09046962595349684,0.0
12,stage_2,1,ENG_03,engineering__INT_DURATION_X_MOTOR,engineered_representation,final_26,none,all,INT_DURATION_X_MOTOR,interaction,extra_trees,184,46,47,0.060802832998888334,0.8021505376344086,0.84375,0.7433035714285714,0.7433035714285714,0.782608695652174,0.84375,0.6428571428571429,,0.84375,-0.05884696620583718,0.0
12,stage_2,1,ENG_04,engineering__INT_MOBILITY_X_POSTURAL_STABILITY,engineered_representation,final_26,none,all,INT_MOBILITY_X_POSTURAL_STABILITY,interaction,extra_trees,184,46,47,0.06677795799987507,0.8021505376344086,0.84375,0.7116809116809117,0.7075892857142857,0.7608695652173914,0.84375,0.5714285714285714,,0.84375,-0.09046962595349684,0.0
12,stage_2,1,ENG_05,engineering__PCA_PART_I_PATIENT_3_80,engineered_representation,final_26,none,all,PCA_PART_I_PATIENT_3_80,pca,extra_trees,184,46,45,0.06967154200174264,0.8021505376344086,0.84375,0.7810682178741406,0.7991071428571428,0.8043478260869565,0.8125,0.7857142857142857,,0.8125,-0.021082319760267976,-0.03125
12,stage_2,1,ENG_06,engineering__PCA_PART_I_PATIENT_3_90,engineered_representation,final_26,none,all,PCA_PART_I_PATIENT_3_90,pca,extra_trees,184,46,46,0.07109462500011432,0.8021505376344086,0.84375,0.764102564102564,0.7589285714285714,0.8043478260869565,0.875,0.6428571428571429,,0.875,-0.038047973531844526,0.03125
12,stage_2,1,ENG_07,engineering__PCA_PART_I_PATIENT_3_95,engineered_representation,final_26,none,all,PCA_PART_I_PATIENT_3_95,pca,extra_trees,184,46,46,0.06913124999846332,0.8021505376344086,0.84375,0.764102564102564,0.7589285714285714,0.8043478260869565,0.875,0.6428571428571429,,0.875,-0.038047973531844526,0.03125
12,stage_2,2,ENG_01,engineering__INT_GAIT_X_POSTURAL_STABILITY,engineered_representation,final_26,none,all,INT_GAIT_X_POSTURAL_STABILITY,interaction,extra_trees,184,46,47,0.07115316699855612,0.8021505376344086,0.84375,0.7526881720430108,0.7633928571428572,0.782608695652174,0.8125,0.7142857142857143,,0.8125,-0.04946236559139783,-0.03125
12,stage_2,2,ENG_02,engineering__INT_MOTOR_X_COGNITION,engineered_representation,final_26,none,all,INT_MOTOR_X_COGNITION,interaction,extra_trees,184,46,47,0.06697649999841815,0.8021505376344086,0.84375,0.7526881720430108,0.7633928571428572,0.782608695652174,0.8125,0.7142857142857143,,0.8125,-0.04946236559139783,-0.03125
12,stage_2,2,ENG_03,engineering__INT_DURATION_X_MOTOR,engineered_representation,final_26,none,all,INT_DURATION_X_MOTOR,interaction,extra_trees,184,46,47,0.06851499999902444,0.8021505376344086,0.84375,0.6919642857142857,0.6919642857142857,0.7391304347826086,0.8125,0.5714285714285714,,0.8125,-0.11018625192012288,-0.03125
12,stage_2,2,ENG_04,engineering__INT_MOBILITY_X_POSTURAL_STABILITY,engineered_representation,final_26,none,all,INT_MOBILITY_X_POSTURAL_STABILITY,interaction,extra_trees,184,46,47,0.05726195799798006,0.8021505376344086,0.84375,0.7230432402846196,0.7276785714285714,0.7608695652173914,0.8125,0.6428571428571429,,0.8125,-0.07910729734978894,-0.03125
12,stage_2,2,ENG_05,engineering__PCA_PART_I_PATIENT_3_80,engineered_representation,final_26,none,all,PCA_PART_I_PATIENT_3_80,pca,extra_trees,184,46,45,0.07240675000139163,0.8021505376344086,0.84375,0.7526881720430108,0.7633928571428572,0.782608695652174,0.8125,0.7142857142857143,,0.8125,-0.04946236559139783,-0.03125
12,stage_2,2,ENG_06,engineering__PCA_PART_I_PATIENT_3_90,engineered_representation,final_26,none,all,PCA_PART_I_PATIENT_3_90,pca,extra_trees,184,46,46,0.065155042000697,0.8021505376344086,0.84375,0.7810682178741406,0.7991071428571428,0.8043478260869565,0.8125,0.7857142857142857,,0.8125,-0.021082319760267976,-0.03125
12,stage_2,2,ENG_07,engineering__PCA_PART_I_PATIENT_3_95,engineered_representation,final_26,none,all,PCA_PART_I_PATIENT_3_95,pca,extra_trees,184,46,46,0.07802704099958646,0.8021505376344086,0.84375,0.7810682178741406,0.7991071428571428,0.8043478260869565,0.8125,0.7857142857142857,,0.8125,-0.021082319760267976,-0.03125
12,stage_2,3,ENG_01,engineering__INT_GAIT_X_POSTURAL_STABILITY,engineered_representation,final_26,none,all,INT_GAIT_X_POSTURAL_STABILITY,interaction,extra_trees,184,46,47,0.07803483299721847,0.7261904761904762,0.7096774193548387,0.7061425061425062,0.7387096774193549,0.717391304347826,0.6774193548387096,0.8,,0.6774193548387096,-0.020047970047969987,-0.032258064516129115
12,stage_2,3,ENG_02,engineering__INT_MOTOR_X_COGNITION,engineered_representation,final_26,none,all,INT_MOTOR_X_COGNITION,interaction,extra_trees,184,46,47,0.07238045800113468,0.7261904761904762,0.7096774193548387,0.6805555555555556,0.7053763440860215,0.6956521739130435,0.6774193548387096,0.7333333333333333,,0.6774193548387096,-0.045634920634920584,-0.032258064516129115
12,stage_2,3,ENG_03,engineering__INT_DURATION_X_MOTOR,engineered_representation,final_26,none,all,INT_DURATION_X_MOTOR,interaction,extra_trees,184,46,47,0.06760137500168639,0.7261904761904762,0.7096774193548387,0.6805555555555556,0.7053763440860215,0.6956521739130435,0.6774193548387096,0.7333333333333333,,0.6774193548387096,-0.045634920634920584,-0.032258064516129115
12,stage_2,3,ENG_04,engineering__INT_MOBILITY_X_POSTURAL_STABILITY,engineered_representation,final_26,none,all,INT_MOBILITY_X_POSTURAL_STABILITY,interaction,extra_trees,184,46,47,0.075131292000151,0.7261904761904762,0.7096774193548387,0.7261904761904762,0.7548387096774194,0.7391304347826086,0.7096774193548387,0.8,,0.7096774193548387,0.0,0.0
12,stage_2,3,ENG_05,engineering__PCA_PART_I_PATIENT_3_80,engineered_representation,final_26,none,all,PCA_PART_I_PATIENT_3_80,pca,extra_trees,184,46,45,0.0686044590001984,0.7261904761904762,0.7096774193548387,0.6805555555555556,0.7053763440860215,0.6956521739130435,0.6774193548387096,0.7333333333333333,,0.6774193548387096,-0.045634920634920584,-0.032258064516129115
12,stage_2,3,ENG_06,engineering__PCA_PART_I_PATIENT_3_90,engineered_representation,final_26,none,all,PCA_PART_I_PATIENT_3_90,pca,extra_trees,184,46,46,0.0676143749988114,0.7261904761904762,0.7096774193548387,0.6413255360623782,0.6731182795698925,0.6521739130434783,0.6129032258064516,0.7333333333333333,,0.6129032258064516,-0.08486494012809798,-0.09677419354838712
12,stage_2,3,ENG_07,engineering__PCA_PART_I_PATIENT_3_95,engineered_representation,final_26,none,all,PCA_PART_I_PATIENT_3_95,pca,extra_trees,184,46,46,0.06231470800048555,0.7261904761904762,0.7096774193548387,0.6413255360623782,0.6731182795698925,0.6521739130434783,0.6129032258064516,0.7333333333333333,,0.6129032258064516,-0.08486494012809798,-0.09677419354838712
12,stage_2,4,ENG_01,engineering__INT_GAIT_X_POSTURAL_STABILITY,engineered_representation,final_26,none,all,INT_GAIT_X_POSTURAL_STABILITY,interaction,extra_trees,184,46,47,0.06663675000163494,0.48660714285714285,0.6875,0.5378106821787414,0.5424107142857143,0.5869565217391305,0.65625,0.42857142857142855,,0.65625,0.051203539321598546,-0.03125
12,stage_2,4,ENG_02,engineering__INT_MOTOR_X_COGNITION,engineered_representation,final_26,none,all,INT_MOTOR_X_COGNITION,interaction,extra_trees,184,46,47,0.0714070840003842,0.48660714285714285,0.6875,0.5548387096774194,0.5580357142857143,0.6086956521739131,0.6875,0.42857142857142855,,0.6875,0.06823156682027659,0.0
12,stage_2,4,ENG_03,engineering__INT_DURATION_X_MOTOR,engineered_representation,final_26,none,all,INT_DURATION_X_MOTOR,interaction,extra_trees,184,46,47,0.07073445900095976,0.48660714285714285,0.6875,0.56875,0.578125,0.6086956521739131,0.65625,0.5,,0.65625,0.08214285714285713,-0.03125
12,stage_2,4,ENG_04,engineering__INT_MOBILITY_X_POSTURAL_STABILITY,engineered_representation,final_26,none,all,INT_MOBILITY_X_POSTURAL_STABILITY,interaction,extra_trees,184,46,47,0.07235450000007404,0.48660714285714285,0.6875,0.5378106821787414,0.5424107142857143,0.5869565217391305,0.65625,0.42857142857142855,,0.65625,0.051203539321598546,-0.03125
12,stage_2,4,ENG_05,engineering__PCA_PART_I_PATIENT_3_80,engineered_representation,final_26,none,all,PCA_PART_I_PATIENT_3_80,pca,extra_trees,184,46,45,0.06982766699729837,0.48660714285714285,0.6875,0.5379464285714286,0.5379464285714286,0.6086956521739131,0.71875,0.35714285714285715,,0.71875,0.051339285714285754,0.03125
12,stage_2,4,ENG_06,engineering__PCA_PART_I_PATIENT_3_90,engineered_representation,final_26,none,all,PCA_PART_I_PATIENT_3_90,pca,extra_trees,184,46,46,0.07032500000059372,0.48660714285714285,0.6875,0.5216201423097975,0.5223214285714286,0.5869565217391305,0.6875,0.35714285714285715,,0.6875,0.035012999452654625,0.0
12,stage_2,4,ENG_07,engineering__PCA_PART_I_PATIENT_3_95,engineered_representation,final_26,none,all,PCA_PART_I_PATIENT_3_95,pca,extra_trees,184,46,46,0.0595934170014516,0.48660714285714285,0.6875,0.5216201423097975,0.5223214285714286,0.5869565217391305,0.6875,0.35714285714285715,,0.6875,0.035012999452654625,0.0
13,direct,0,ENG_01,engineering__INT_GAIT_X_POSTURAL_STABILITY,engineered_representation,final_26,none,all,INT_GAIT_X_POSTURAL_STABILITY,interaction,extra_trees,582,146,48,0.06766795799921965,0.5039172209903917,0.28125,0.5320879400177912,0.5960119047619048,0.6438356164383562,0.73,0.34375,0.7142857142857143,0.34375,0.028170719027399538,0.0625
13,direct,0,ENG_02,engineering__INT_MOTOR_X_COGNITION,engineered_representation,final_26,none,all,INT_MOTOR_X_COGNITION,interaction,extra_trees,582,146,48,0.0713804170009098,0.5039172209903917,0.28125,0.5112619406737053,0.5517261904761904,0.636986301369863,0.74,0.34375,0.5714285714285714,0.34375,0.0073447196833136275,0.0625
13,direct,0,ENG_03,engineering__INT_DURATION_X_MOTOR,engineered_representation,final_26,none,all,INT_DURATION_X_MOTOR,interaction,extra_trees,582,146,48,0.07300329200006672,0.5039172209903917,0.28125,0.4947044636303261,0.5480357142857143,0.6164383561643836,0.72,0.28125,0.6428571428571429,0.28125,-0.009212757360065604,0.0
13,direct,0,ENG_04,engineering__INT_MOBILITY_X_POSTURAL_STABILITY,engineered_representation,final_26,none,all,INT_MOBILITY_X_POSTURAL_STABILITY,interaction,extra_trees,582,146,48,0.07915795799999614,0.5039172209903917,0.28125,0.5022265316382963,0.5483928571428571,0.6301369863013698,0.73,0.34375,0.5714285714285714,0.34375,-0.0016906893520953759,0.0625
13,direct,0,ENG_05,engineering__PCA_PART_I_PATIENT_3_80,engineered_representation,final_26,none,all,PCA_PART_I_PATIENT_3_80,pca,extra_trees,582,146,46,0.06936195799789857,0.5039172209903917,0.28125,0.4692598850877227,0.5238690476190476,0.5958904109589042,0.71,0.21875,0.6428571428571429,0.21875,-0.034657335902669006,-0.0625
13,direct,0,ENG_06,engineering__PCA_PART_I_PATIENT_3_90,engineered_representation,final_26,none,all,PCA_PART_I_PATIENT_3_90,pca,extra_trees,582,146,47,0.06439004099956946,0.5039172209903917,0.28125,0.4739364188873305,0.5439285714285714,0.6095890410958904,0.73,0.1875,0.7142857142857143,0.1875,-0.0299808021030612,-0.09375
13,direct,0,ENG_07,engineering__PCA_PART_I_PATIENT_3_95,engineered_representation,final_26,none,all,PCA_PART_I_PATIENT_3_95,pca,extra_trees,582,146,47,0.07768737500009593,0.5039172209903917,0.28125,0.4739364188873305,0.5439285714285714,0.6095890410958904,0.73,0.1875,0.7142857142857143,0.1875,-0.0299808021030612,-0.09375
13,direct,1,ENG_01,engineering__INT_GAIT_X_POSTURAL_STABILITY,engineered_representation,final_26,none,all,INT_GAIT_X_POSTURAL_STABILITY,interaction,extra_trees,582,146,48,0.06914137499916251,0.5329837658490343,0.3125,0.5137314184933233,0.5642857142857144,0.6643835616438356,0.8,0.25,0.6428571428571429,0.25,-0.01925234735571102,-0.0625
13,direct,1,ENG_02,engineering__INT_MOTOR_X_COGNITION,engineered_representation,final_26,none,all,INT_MOTOR_X_COGNITION,interaction,extra_trees,582,146,48,0.07946291700136499,0.5329837658490343,0.3125,0.5207475311102253,0.5579761904761905,0.6643835616438356,0.79,0.3125,0.5714285714285714,0.3125,-0.012236234738808971,0.0
13,direct,1,ENG_03,engineering__INT_DURATION_X_MOTOR,engineered_representation,final_26,none,all,INT_DURATION_X_MOTOR,interaction,extra_trees,582,146,48,0.07405354199727299,0.5329837658490343,0.3125,0.4954048661365735,0.5371428571428571,0.6506849315068494,0.79,0.25,0.5714285714285714,0.25,-0.03757889971246081,-0.0625
13,direct,1,ENG_04,engineering__INT_MOBILITY_X_POSTURAL_STABILITY,engineered_representation,final_26,none,all,INT_MOBILITY_X_POSTURAL_STABILITY,interaction,extra_trees,582,146,48,0.06991808399834554,0.5329837658490343,0.3125,0.5095238095238096,0.5613690476190477,0.6438356164383562,0.76,0.28125,0.6428571428571429,0.28125,-0.023459956325224685,-0.03125
13,direct,1,ENG_05,engineering__PCA_PART_I_PATIENT_3_80,engineered_representation,final_26,none,all,PCA_PART_I_PATIENT_3_80,pca,extra_trees,582,146,46,0.13690862500152434,0.5329837658490343,0.3125,0.5078600138891812,0.5580357142857143,0.636986301369863,0.75,0.28125,0.6428571428571429,0.28125,-0.025123751959853058,-0.03125
13,direct,1,ENG_06,engineering__PCA_PART_I_PATIENT_3_90,engineered_representation,final_26,none,all,PCA_PART_I_PATIENT_3_90,pca,extra_trees,582,146,47,0.06769016600082978,0.5329837658490343,0.3125,0.5058544461326027,0.5576190476190477,0.6506849315068494,0.78,0.25,0.6428571428571429,0.25,-0.02712931971643162,-0.0625
13,direct,1,ENG_07,engineering__PCA_PART_I_PATIENT_3_95,engineered_representation,final_26,none,all,PCA_PART_I_PATIENT_3_95,pca,extra_trees,582,146,47,0.07089520799854654,0.5329837658490343,0.3125,0.5058544461326027,0.5576190476190477,0.6506849315068494,0.78,0.25,0.6428571428571429,0.25,-0.02712931971643162,-0.0625
13,direct,2,ENG_01,engineering__INT_GAIT_X_POSTURAL_STABILITY,engineered_representation,final_26,none,all,INT_GAIT_X_POSTURAL_STABILITY,interaction,extra_trees,582,146,47,0.07917341700158431,0.4647040351703564,0.1875,0.49522029077714397,0.5409301346801346,0.6164383561643836,0.7373737373737373,0.21875,0.6666666666666666,0.21875,0.030516255606787557,0.03125
13,direct,2,ENG_02,engineering__INT_MOTOR_X_COGNITION,engineered_representation,final_26,none,all,INT_MOTOR_X_COGNITION,interaction,extra_trees,582,146,47,0.07997766599874012,0.4647040351703564,0.1875,0.4810644919725912,0.530513468013468,0.6095890410958904,0.7373737373737373,0.1875,0.6666666666666666,0.1875,0.016360456802234802,0.0
13,direct,2,ENG_03,engineering__INT_DURATION_X_MOTOR,engineered_representation,final_26,none,all,INT_DURATION_X_MOTOR,interaction,extra_trees,582,146,47,0.06575370799691882,0.4647040351703564,0.1875,0.50087684336389,0.5409301346801346,0.6164383561643836,0.7373737373737373,0.21875,0.6666666666666666,0.21875,0.036172808193533634,0.03125
13,direct,2,ENG_04,engineering__INT_MOBILITY_X_POSTURAL_STABILITY,engineered_representation,final_26,none,all,INT_MOBILITY_X_POSTURAL_STABILITY,interaction,extra_trees,582,146,47,0.06696116700186394,0.4647040351703564,0.1875,0.480348886086591,0.515340909090909,0.6027397260273972,0.7272727272727273,0.21875,0.6,0.21875,0.015644850916234576,0.03125
13,direct,2,ENG_05,engineering__PCA_PART_I_PATIENT_3_80,engineered_representation,final_26,none,all,PCA_PART_I_PATIENT_3_80,pca,extra_trees,582,146,45,0.07116779200077872,0.4647040351703564,0.1875,0.45384615384615384,0.5046085858585858,0.6095890410958904,0.7575757575757576,0.15625,0.6,0.15625,-0.010857881324202567,-0.03125
13,direct,2,ENG_06,engineering__PCA_PART_I_PATIENT_3_90,engineered_representation,final_26,none,all,PCA_PART_I_PATIENT_3_90,pca,extra_trees,582,146,46,0.08461233299749438,0.4647040351703564,0.1875,0.44734189972285204,0.4941919191919191,0.6027397260273972,0.7575757575757576,0.125,0.6,0.125,-0.017362135447504368,-0.0625
13,direct,2,ENG_07,engineering__PCA_PART_I_PATIENT_3_95,engineered_representation,final_26,none,all,PCA_PART_I_PATIENT_3_95,pca,extra_trees,582,146,46,0.07290875000035157,0.4647040351703564,0.1875,0.44734189972285204,0.4941919191919191,0.6027397260273972,0.7575757575757576,0.125,0.6,0.125,-0.017362135447504368,-0.0625
13,direct,3,ENG_01,engineering__INT_GAIT_X_POSTURAL_STABILITY,engineered_representation,final_26,none,all,INT_GAIT_X_POSTURAL_STABILITY,interaction,extra_trees,583,145,48,0.09583570899849292,0.5503602047643499,0.34375,0.5779641244735327,0.6357473544973544,0.6827586206896552,0.7777777777777778,0.34375,0.7857142857142857,0.34375,0.027603919709182856,0.0
13,direct,3,ENG_02,engineering__INT_MOTOR_X_COGNITION,engineered_representation,final_26,none,all,INT_MOTOR_X_COGNITION,interaction,extra_trees,583,145,48,0.08367754200298805,0.5503602047643499,0.34375,0.5585174275895926,0.6182810245310245,0.6758620689655173,0.7878787878787878,0.28125,0.7857142857142857,0.28125,0.008157222825242672,-0.0625
13,direct,3,ENG_03,engineering__INT_DURATION_X_MOTOR,engineered_representation,final_26,none,all,INT_DURATION_X_MOTOR,interaction,extra_trees,583,145,48,0.07971816700228374,0.5503602047643499,0.34375,0.5559939348221974,0.6182810245310245,0.6758620689655173,0.7878787878787878,0.28125,0.7857142857142857,0.28125,0.005633730057847508,-0.0625
13,direct,3,ENG_04,engineering__INT_MOBILITY_X_POSTURAL_STABILITY,engineered_representation,final_26,none,all,INT_MOBILITY_X_POSTURAL_STABILITY,interaction,extra_trees,583,145,48,0.07460683299723314,0.5503602047643499,0.34375,0.5559404723810584,0.6048881673881673,0.6758620689655173,0.7878787878787878,0.3125,0.7142857142857143,0.3125,0.00558026761670849,-0.03125
13,direct,3,ENG_05,engineering__PCA_PART_I_PATIENT_3_80,engineered_representation,final_26,none,all,PCA_PART_I_PATIENT_3_80,pca,extra_trees,583,145,46,0.0838404169990099,0.5503602047643499,0.34375,0.5447496947496947,0.5944715007215007,0.6689655172413793,0.7878787878787878,0.28125,0.7142857142857143,0.28125,-0.005610510014655179,-0.0625
13,direct,3,ENG_06,engineering__PCA_PART_I_PATIENT_3_90,engineered_representation,final_26,none,all,PCA_PART_I_PATIENT_3_90,pca,extra_trees,583,145,47,0.07244183299917495,0.5503602047643499,0.34375,0.5518585200557685,0.6015211640211641,0.6689655172413793,0.7777777777777778,0.3125,0.7142857142857143,0.3125,0.0014983152914186393,-0.03125
13,direct,3,ENG_07,engineering__PCA_PART_I_PATIENT_3_95,engineered_representation,final_26,none,all,PCA_PART_I_PATIENT_3_95,pca,extra_trees,583,145,47,0.07380212499992922,0.5503602047643499,0.34375,0.5518585200557685,0.6015211640211641,0.6689655172413793,0.7777777777777778,0.3125,0.7142857142857143,0.3125,0.0014983152914186393,-0.03125
13,direct,4,ENG_01,engineering__INT_GAIT_X_POSTURAL_STABILITY,engineered_representation,final_26,none,all,INT_GAIT_X_POSTURAL_STABILITY,interaction,extra_trees,583,145,48,0.08503162499982864,0.49539149645081854,0.2903225806451613,0.47691257368676726,0.5172503840245776,0.593103448275862,0.69,0.2903225806451613,0.5714285714285714,0.2903225806451613,-0.018478922764051275,0.0
13,direct,4,ENG_02,engineering__INT_MOTOR_X_COGNITION,engineered_representation,final_26,none,all,INT_MOTOR_X_COGNITION,interaction,extra_trees,583,145,48,0.08386120900104288,0.49539149645081854,0.2903225806451613,0.4654682395119553,0.5001075268817204,0.6,0.71,0.2903225806451613,0.5,0.2903225806451613,-0.02992325693886322,0.0
13,direct,4,ENG_03,engineering__INT_DURATION_X_MOTOR,engineered_representation,final_26,none,all,INT_DURATION_X_MOTOR,interaction,extra_trees,583,145,48,0.08288762499796576,0.49539149645081854,0.2903225806451613,0.456468763845813,0.47963133640552996,0.6,0.72,0.2903225806451613,0.42857142857142855,0.2903225806451613,-0.03892273260500556,0.0
13,direct,4,ENG_04,engineering__INT_MOBILITY_X_POSTURAL_STABILITY,engineered_representation,final_26,none,all,INT_MOBILITY_X_POSTURAL_STABILITY,interaction,extra_trees,583,145,48,0.07361000000310014,0.49539149645081854,0.2903225806451613,0.4414550446122169,0.46963133640552995,0.5793103448275863,0.69,0.2903225806451613,0.42857142857142855,0.2903225806451613,-0.05393645183860163,0.0
13,direct,4,ENG_05,engineering__PCA_PART_I_PATIENT_3_80,engineered_representation,final_26,none,all,PCA_PART_I_PATIENT_3_80,pca,extra_trees,583,145,46,0.07469870800196077,0.49539149645081854,0.2903225806451613,0.4818228366615463,0.5280030721966206,0.6,0.69,0.3225806451612903,0.5714285714285714,0.3225806451612903,-0.013568659789272242,0.032258064516129004
13,direct,4,ENG_06,engineering__PCA_PART_I_PATIENT_3_90,engineered_representation,final_26,none,all,PCA_PART_I_PATIENT_3_90,pca,extra_trees,583,145,47,0.0851846250006929,0.49539149645081854,0.2903225806451613,0.45818713450292403,0.49268817204301074,0.6,0.72,0.25806451612903225,0.5,0.25806451612903225,-0.037204361947894504,-0.03225806451612906
13,direct,4,ENG_07,engineering__PCA_PART_I_PATIENT_3_95,engineered_representation,final_26,none,all,PCA_PART_I_PATIENT_3_95,pca,extra_trees,583,145,47,0.08214862499880837,0.49539149645081854,0.2903225806451613,0.45818713450292403,0.49268817204301074,0.6,0.72,0.25806451612903225,0.5,0.25806451612903225,-0.037204361947894504,-0.03225806451612906
13,stage_1,0,ENG_01,engineering__INT_GAIT_X_POSTURAL_STABILITY,engineered_representation,final_26,none,all,INT_GAIT_X_POSTURAL_STABILITY,interaction,extra_trees,582,146,48,0.08175829200263252,0.7355072463768115,0.782608695652174,0.7271028037383178,0.7504347826086957,0.7465753424657534,0.74,0.7608695652173914,,0.7608695652173914,-0.008404442638493714,-0.021739130434782594
13,stage_1,0,ENG_02,engineering__INT_MOTOR_X_COGNITION,engineered_representation,final_26,none,all,INT_MOTOR_X_COGNITION,interaction,extra_trees,582,146,48,0.0687032919995545,0.7355072463768115,0.782608695652174,0.7271028037383178,0.7504347826086957,0.7465753424657534,0.74,0.7608695652173914,,0.7608695652173914,-0.008404442638493714,-0.021739130434782594
13,stage_1,0,ENG_03,engineering__INT_DURATION_X_MOTOR,engineered_representation,final_26,none,all,INT_DURATION_X_MOTOR,interaction,extra_trees,582,146,48,0.07222891700075706,0.7355072463768115,0.782608695652174,0.7271028037383178,0.7504347826086957,0.7465753424657534,0.74,0.7608695652173914,,0.7608695652173914,-0.008404442638493714,-0.021739130434782594
13,stage_1,0,ENG_04,engineering__INT_MOBILITY_X_POSTURAL_STABILITY,engineered_representation,final_26,none,all,INT_MOBILITY_X_POSTURAL_STABILITY,interaction,extra_trees,582,146,48,0.07612954200158129,0.7355072463768115,0.782608695652174,0.7334144856968958,0.7554347826086957,0.7534246575342466,0.75,0.7608695652173914,,0.7608695652173914,-0.002092760679915706,-0.021739130434782594
13,stage_1,0,ENG_05,engineering__PCA_PART_I_PATIENT_3_80,engineered_representation,final_26,none,all,PCA_PART_I_PATIENT_3_80,pca,extra_trees,582,146,46,0.07139658400046756,0.7355072463768115,0.782608695652174,0.7248790425261014,0.7445652173913043,0.7465753424657534,0.75,0.7391304347826086,,0.7391304347826086,-0.010628203850710172,-0.0434782608695653
13,stage_1,0,ENG_06,engineering__PCA_PART_I_PATIENT_3_90,engineered_representation,final_26,none,all,PCA_PART_I_PATIENT_3_90,pca,extra_trees,582,146,47,0.06809675000113202,0.7355072463768115,0.782608695652174,0.7248790425261014,0.7445652173913043,0.7465753424657534,0.75,0.7391304347826086,,0.7391304347826086,-0.010628203850710172,-0.0434782608695653
13,stage_1,0,ENG_07,engineering__PCA_PART_I_PATIENT_3_95,engineered_representation,final_26,none,all,PCA_PART_I_PATIENT_3_95,pca,extra_trees,582,146,47,0.06735208399913972,0.7355072463768115,0.782608695652174,0.7248790425261014,0.7445652173913043,0.7465753424657534,0.75,0.7391304347826086,,0.7391304347826086,-0.010628203850710172,-0.0434782608695653
13,stage_1,1,ENG_01,engineering__INT_GAIT_X_POSTURAL_STABILITY,engineered_representation,final_26,none,all,INT_GAIT_X_POSTURAL_STABILITY,interaction,extra_trees,582,146,48,0.06831662499826052,0.7019940336002513,0.6521739130434783,0.7269569863745659,0.7310869565217392,0.7602739726027398,0.81,0.6521739130434783,,0.6521739130434783,0.024962952774314595,0.0
13,stage_1,1,ENG_02,engineering__INT_MOTOR_X_COGNITION,engineered_representation,final_26,none,all,INT_MOTOR_X_COGNITION,interaction,extra_trees,582,146,48,0.07090829200024018,0.7019940336002513,0.6521739130434783,0.7144065556436691,0.7210869565217392,0.7465753424657534,0.79,0.6521739130434783,,0.6521739130434783,0.012412522043417806,0.0
13,stage_1,1,ENG_03,engineering__INT_DURATION_X_MOTOR,engineered_representation,final_26,none,all,INT_DURATION_X_MOTOR,interaction,extra_trees,582,146,48,0.07385562499985099,0.7019940336002513,0.6521739130434783,0.7361819727891157,0.7419565217391304,0.7671232876712328,0.81,0.6739130434782609,,0.6739130434782609,0.034187939188864425,0.021739130434782594
13,stage_1,1,ENG_04,engineering__INT_MOBILITY_X_POSTURAL_STABILITY,engineered_representation,final_26,none,all,INT_MOBILITY_X_POSTURAL_STABILITY,interaction,extra_trees,582,146,48,0.07785354199950234,0.7019940336002513,0.6521739130434783,0.7235430254576057,0.7319565217391304,0.7534246575342466,0.79,0.6739130434782609,,0.6739130434782609,0.021548991857354483,0.021739130434782594
13,stage_1,1,ENG_05,engineering__PCA_PART_I_PATIENT_3_80,engineered_representation,final_26,none,all,PCA_PART_I_PATIENT_3_80,pca,extra_trees,582,146,46,0.0668287499975122,0.7019940336002513,0.6521739130434783,0.7110416666666667,0.7219565217391304,0.7397260273972602,0.77,0.6739130434782609,,0.6739130434782609,0.009047633066415428,0.021739130434782594
13,stage_1,1,ENG_06,engineering__PCA_PART_I_PATIENT_3_90,engineered_representation,final_26,none,all,PCA_PART_I_PATIENT_3_90,pca,extra_trees,582,146,47,0.06679254200207652,0.7019940336002513,0.6521739130434783,0.6958333333333333,0.7060869565217391,0.726027397260274,0.76,0.6521739130434783,,0.6521739130434783,-0.006160700266917951,0.0
13,stage_1,1,ENG_07,engineering__PCA_PART_I_PATIENT_3_95,engineered_representation,final_26,none,all,PCA_PART_I_PATIENT_3_95,pca,extra_trees,582,146,47,0.06209866700010025,0.7019940336002513,0.6521739130434783,0.6958333333333333,0.7060869565217391,0.726027397260274,0.76,0.6521739130434783,,0.6521739130434783,-0.006160700266917951,0.0
13,stage_1,2,ENG_01,engineering__INT_GAIT_X_POSTURAL_STABILITY,engineered_representation,final_26,none,all,INT_GAIT_X_POSTURAL_STABILITY,interaction,extra_trees,582,146,47,0.07388283299951581,0.6313907006101409,0.5319148936170213,0.637219138250066,0.6396948205458843,0.678082191780822,0.7474747474747475,0.5319148936170213,,0.5319148936170213,0.0058284376399251325,0.0
13,stage_1,2,ENG_02,engineering__INT_MOTOR_X_COGNITION,engineered_representation,final_26,none,all,INT_MOTOR_X_COGNITION,interaction,extra_trees,582,146,47,0.0758569579993491,0.6313907006101409,0.5319148936170213,0.6313907006101409,0.6346443154953794,0.6712328767123288,0.7373737373737373,0.5319148936170213,,0.5319148936170213,0.0,0.0
13,stage_1,2,ENG_03,engineering__INT_DURATION_X_MOTOR,engineered_representation,final_26,none,all,INT_DURATION_X_MOTOR,interaction,extra_trees,582,146,47,0.07247791600093478,0.6313907006101409,0.5319148936170213,0.6313907006101409,0.6346443154953794,0.6712328767123288,0.7373737373737373,0.5319148936170213,,0.5319148936170213,0.0,0.0
13,stage_1,2,ENG_04,engineering__INT_MOBILITY_X_POSTURAL_STABILITY,engineered_representation,final_26,none,all,INT_MOBILITY_X_POSTURAL_STABILITY,interaction,extra_trees,582,146,47,0.06908670799748506,0.6313907006101409,0.5319148936170213,0.6313907006101409,0.6346443154953794,0.6712328767123288,0.7373737373737373,0.5319148936170213,,0.5319148936170213,0.0,0.0
13,stage_1,2,ENG_05,engineering__PCA_PART_I_PATIENT_3_80,engineered_representation,final_26,none,all,PCA_PART_I_PATIENT_3_80,pca,extra_trees,582,146,45,0.06792279199726181,0.6313907006101409,0.5319148936170213,0.6645471546887524,0.66548463356974,0.7054794520547946,0.7777777777777778,0.5531914893617021,,0.5531914893617021,0.03315645407861145,0.021276595744680882
13,stage_1,2,ENG_06,engineering__PCA_PART_I_PATIENT_3_90,engineered_representation,final_26,none,all,PCA_PART_I_PATIENT_3_90,pca,extra_trees,582,146,46,0.07373945799918147,0.6313907006101409,0.5319148936170213,0.6645471546887524,0.66548463356974,0.7054794520547946,0.7777777777777778,0.5531914893617021,,0.5531914893617021,0.03315645407861145,0.021276595744680882
13,stage_1,2,ENG_07,engineering__PCA_PART_I_PATIENT_3_95,engineered_representation,final_26,none,all,PCA_PART_I_PATIENT_3_95,pca,extra_trees,582,146,46,0.07243725000080303,0.6313907006101409,0.5319148936170213,0.6645471546887524,0.66548463356974,0.7054794520547946,0.7777777777777778,0.5531914893617021,,0.5531914893617021,0.03315645407861145,0.021276595744680882
13,stage_1,3,ENG_01,engineering__INT_GAIT_X_POSTURAL_STABILITY,engineered_representation,final_26,none,all,INT_GAIT_X_POSTURAL_STABILITY,interaction,extra_trees,583,145,48,0.07271245800075121,0.7041451890034365,0.6304347826086957,0.6975186649099693,0.6975186649099693,0.7379310344827587,0.8080808080808081,0.5869565217391305,,0.5869565217391305,-0.006626524093467201,-0.04347826086956519
13,stage_1,3,ENG_02,engineering__INT_MOTOR_X_COGNITION,engineered_representation,final_26,none,all,INT_MOTOR_X_COGNITION,interaction,extra_trees,583,145,48,0.06378462499924353,0.7041451890034365,0.6304347826086957,0.7009335649153279,0.7033377250768555,0.7379310344827587,0.797979797979798,0.6086956521739131,,0.6086956521739131,-0.0032116240881086,-0.021739130434782594
13,stage_1,3,ENG_03,engineering__INT_DURATION_X_MOTOR,engineered_representation,final_26,none,all,INT_DURATION_X_MOTOR,interaction,extra_trees,583,145,48,0.0658945830000448,0.7041451890034365,0.6304347826086957,0.70716663937558,0.7083882301273605,0.7448275862068966,0.8080808080808081,0.6086956521739131,,0.6086956521739131,0.0030214503721435193,-0.021739130434782594
13,stage_1,3,ENG_04,engineering__INT_MOBILITY_X_POSTURAL_STABILITY,engineered_representation,final_26,none,all,INT_MOBILITY_X_POSTURAL_STABILITY,interaction,extra_trees,583,145,48,0.07280904199797078,0.7041451890034365,0.6304347826086957,0.6947368421052631,0.6982872200263505,0.7310344827586207,0.7878787878787878,0.6086956521739131,,0.6086956521739131,-0.009408346898173381,-0.021739130434782594
13,stage_1,3,ENG_05,engineering__PCA_PART_I_PATIENT_3_80,engineered_representation,final_26,none,all,PCA_PART_I_PATIENT_3_80,pca,extra_trees,583,145,46,0.06967150000127731,0.7041451890034365,0.6304347826086957,0.7324142422926618,0.7351778656126482,0.7655172413793103,0.8181818181818182,0.6521739130434783,,0.6521739130434783,0.028269053289225354,0.021739130434782594
13,stage_1,3,ENG_06,engineering__PCA_PART_I_PATIENT_3_90,engineered_representation,final_26,none,all,PCA_PART_I_PATIENT_3_90,pca,extra_trees,583,145,47,0.07012070799828507,0.7041451890034365,0.6304347826086957,0.7134234282356712,0.7200263504611331,0.7448275862068966,0.7878787878787878,0.6521739130434783,,0.6521739130434783,0.009278239232234697,0.021739130434782594
13,stage_1,3,ENG_07,engineering__PCA_PART_I_PATIENT_3_95,engineered_representation,final_26,none,all,PCA_PART_I_PATIENT_3_95,pca,extra_trees,583,145,47,0.07290041700252914,0.7041451890034365,0.6304347826086957,0.7134234282356712,0.7200263504611331,0.7448275862068966,0.7878787878787878,0.6521739130434783,,0.6521739130434783,0.009278239232234697,0.021739130434782594
13,stage_1,4,ENG_01,engineering__INT_GAIT_X_POSTURAL_STABILITY,engineered_representation,final_26,none,all,INT_GAIT_X_POSTURAL_STABILITY,interaction,extra_trees,583,145,48,0.07207233300141525,0.6609268707482994,0.6,0.6642105263157895,0.6761111111111111,0.696551724137931,0.73,0.6222222222222222,,0.6222222222222222,0.003283655567490107,0.022222222222222254
13,stage_1,4,ENG_02,engineering__INT_MOTOR_X_COGNITION,engineered_representation,final_26,none,all,INT_MOTOR_X_COGNITION,interaction,extra_trees,583,145,48,0.06576499999937369,0.6609268707482994,0.6,0.6642105263157895,0.6761111111111111,0.696551724137931,0.73,0.6222222222222222,,0.6222222222222222,0.003283655567490107,0.022222222222222254
13,stage_1,4,ENG_03,engineering__INT_DURATION_X_MOTOR,engineered_representation,final_26,none,all,INT_DURATION_X_MOTOR,interaction,extra_trees,583,145,48,0.07042399999772897,0.6609268707482994,0.6,0.6489473684210527,0.6599999999999999,0.6827586206896552,0.72,0.6,,0.6,-0.01197950232724665,0.0
13,stage_1,4,ENG_04,engineering__INT_MOBILITY_X_POSTURAL_STABILITY,engineered_representation,final_26,none,all,INT_MOBILITY_X_POSTURAL_STABILITY,interaction,extra_trees,583,145,48,0.07205529199927696,0.6609268707482994,0.6,0.6609268707482994,0.6699999999999999,0.696551724137931,0.74,0.6,,0.6,0.0,0.0
13,stage_1,4,ENG_05,engineering__PCA_PART_I_PATIENT_3_80,engineered_representation,final_26,none,all,PCA_PART_I_PATIENT_3_80,pca,extra_trees,583,145,46,0.06759904099817504,0.6609268707482994,0.6,0.6359703007317985,0.6427777777777778,0.6758620689655173,0.73,0.5555555555555556,,0.5555555555555556,-0.024956570016500867,-0.0444444444444444
13,stage_1,4,ENG_06,engineering__PCA_PART_I_PATIENT_3_90,engineered_representation,final_26,none,all,PCA_PART_I_PATIENT_3_90,pca,extra_trees,583,145,47,0.07049329199799104,0.6609268707482994,0.6,0.651460926232573,0.6588888888888889,0.6896551724137931,0.74,0.5777777777777777,,0.5777777777777777,-0.009465944515726354,-0.022222222222222254
13,stage_1,4,ENG_07,engineering__PCA_PART_I_PATIENT_3_95,engineered_representation,final_26,none,all,PCA_PART_I_PATIENT_3_95,pca,extra_trees,583,145,47,0.07050220900055137,0.6609268707482994,0.6,0.651460926232573,0.6588888888888889,0.6896551724137931,0.74,0.5777777777777777,,0.5777777777777777,-0.009465944515726354,-0.022222222222222254
13,stage_2,0,ENG_01,engineering__INT_GAIT_X_POSTURAL_STABILITY,engineered_representation,final_26,none,all,INT_GAIT_X_POSTURAL_STABILITY,interaction,extra_trees,184,46,46,0.059948041998723056,0.6267748478701826,0.65625,0.6080200501253132,0.6339285714285714,0.6304347826086957,0.625,0.6428571428571429,,0.625,-0.018754797744869323,-0.03125
13,stage_2,0,ENG_02,engineering__INT_MOTOR_X_COGNITION,engineered_representation,final_26,none,all,INT_MOTOR_X_COGNITION,interaction,extra_trees,184,46,46,0.06418483300149092,0.6267748478701826,0.65625,0.5801217038539555,0.5982142857142857,0.6086956521739131,0.625,0.5714285714285714,,0.625,-0.04665314401622711,-0.03125
13,stage_2,0,ENG_03,engineering__INT_DURATION_X_MOTOR,engineered_representation,final_26,none,all,INT_DURATION_X_MOTOR,interaction,extra_trees,184,46,46,0.06747529200220015,0.6267748478701826,0.65625,0.5801217038539555,0.5982142857142857,0.6086956521739131,0.625,0.5714285714285714,,0.625,-0.04665314401622711,-0.03125
13,stage_2,0,ENG_04,engineering__INT_MOBILITY_X_POSTURAL_STABILITY,engineered_representation,final_26,none,all,INT_MOBILITY_X_POSTURAL_STABILITY,interaction,extra_trees,184,46,46,0.05576966700027697,0.6267748478701826,0.65625,0.5892857142857143,0.6183035714285714,0.6086956521739131,0.59375,0.6428571428571429,,0.59375,-0.03748913358446826,-0.0625
13,stage_2,0,ENG_05,engineering__PCA_PART_I_PATIENT_3_80,engineered_representation,final_26,none,all,PCA_PART_I_PATIENT_3_80,pca,extra_trees,184,46,45,0.06440183399899979,0.6267748478701826,0.65625,0.5801217038539555,0.5982142857142857,0.6086956521739131,0.625,0.5714285714285714,,0.625,-0.04665314401622711,-0.03125
13,stage_2,0,ENG_06,engineering__PCA_PART_I_PATIENT_3_90,engineered_representation,final_26,none,all,PCA_PART_I_PATIENT_3_90,pca,extra_trees,184,46,45,0.052021416999195935,0.6267748478701826,0.65625,0.5801217038539555,0.5982142857142857,0.6086956521739131,0.625,0.5714285714285714,,0.625,-0.04665314401622711,-0.03125
13,stage_2,0,ENG_07,engineering__PCA_PART_I_PATIENT_3_95,engineered_representation,final_26,none,all,PCA_PART_I_PATIENT_3_95,pca,extra_trees,184,46,45,0.05738904199824901,0.6267748478701826,0.65625,0.5801217038539555,0.5982142857142857,0.6086956521739131,0.625,0.5714285714285714,,0.625,-0.04665314401622711,-0.03125
13,stage_2,1,ENG_01,engineering__INT_GAIT_X_POSTURAL_STABILITY,engineered_representation,final_26,none,all,INT_GAIT_X_POSTURAL_STABILITY,interaction,extra_trees,184,46,47,0.06683662499926868,0.5864621893178212,0.6875,0.5208333333333333,0.5267857142857143,0.5652173913043478,0.625,0.42857142857142855,,0.625,-0.06562885598448798,-0.0625
13,stage_2,1,ENG_02,engineering__INT_MOTOR_X_COGNITION,engineered_representation,final_26,none,all,INT_MOTOR_X_COGNITION,interaction,extra_trees,184,46,47,0.056454833000316285,0.5864621893178212,0.6875,0.5864621893178212,0.59375,0.6304347826086957,0.6875,0.5,,0.6875,0.0,0.0
13,stage_2,1,ENG_03,engineering__INT_DURATION_X_MOTOR,engineered_representation,final_26,none,all,INT_DURATION_X_MOTOR,interaction,extra_trees,184,46,47,0.061051540997141274,0.5864621893178212,0.6875,0.5548387096774194,0.5580357142857143,0.6086956521739131,0.6875,0.42857142857142855,,0.6875,-0.0316234796404018,0.0
13,stage_2,1,ENG_04,engineering__INT_MOBILITY_X_POSTURAL_STABILITY,engineered_representation,final_26,none,all,INT_MOBILITY_X_POSTURAL_STABILITY,interaction,extra_trees,184,46,47,0.05612370800008648,0.5864621893178212,0.6875,0.56875,0.578125,0.6086956521739131,0.65625,0.5,,0.65625,-0.01771218931782126,-0.03125
13,stage_2,1,ENG_05,engineering__PCA_PART_I_PATIENT_3_80,engineered_representation,final_26,none,all,PCA_PART_I_PATIENT_3_80,pca,extra_trees,184,46,45,0.05649229200207628,0.5864621893178212,0.6875,0.5378106821787414,0.5424107142857143,0.5869565217391305,0.65625,0.42857142857142855,,0.65625,-0.04865150713907984,-0.03125
13,stage_2,1,ENG_06,engineering__PCA_PART_I_PATIENT_3_90,engineered_representation,final_26,none,all,PCA_PART_I_PATIENT_3_90,pca,extra_trees,184,46,46,0.05546870799662429,0.5864621893178212,0.6875,0.6166666666666667,0.6294642857142857,0.6521739130434783,0.6875,0.5714285714285714,,0.6875,0.03020447734884546,0.0
13,stage_2,1,ENG_07,engineering__PCA_PART_I_PATIENT_3_95,engineered_representation,final_26,none,all,PCA_PART_I_PATIENT_3_95,pca,extra_trees,184,46,46,0.05355625000083819,0.5864621893178212,0.6875,0.6166666666666667,0.6294642857142857,0.6521739130434783,0.6875,0.5714285714285714,,0.6875,0.03020447734884546,0.0
13,stage_2,2,ENG_01,engineering__INT_GAIT_X_POSTURAL_STABILITY,engineered_representation,final_26,none,all,INT_GAIT_X_POSTURAL_STABILITY,interaction,extra_trees,183,47,47,0.05383895799968741,0.6439393939393939,0.8125,0.6683467741935484,0.675,0.7021276595744681,0.75,0.6,,0.75,0.024407380254154454,-0.0625
13,stage_2,2,ENG_02,engineering__INT_MOTOR_X_COGNITION,engineered_representation,final_26,none,all,INT_MOTOR_X_COGNITION,interaction,extra_trees,183,47,47,0.059463584002514835,0.6439393939393939,0.8125,0.6871479774705581,0.690625,0.723404255319149,0.78125,0.6,,0.78125,0.04320858353116419,-0.03125
13,stage_2,2,ENG_03,engineering__INT_DURATION_X_MOTOR,engineered_representation,final_26,none,all,INT_DURATION_X_MOTOR,interaction,extra_trees,183,47,47,0.05764133399861748,0.6439393939393939,0.8125,0.6683467741935484,0.675,0.7021276595744681,0.75,0.6,,0.75,0.024407380254154454,-0.0625
13,stage_2,2,ENG_04,engineering__INT_MOBILITY_X_POSTURAL_STABILITY,engineered_representation,final_26,none,all,INT_MOBILITY_X_POSTURAL_STABILITY,interaction,extra_trees,183,47,47,0.059205374996963656,0.6439393939393939,0.8125,0.6683467741935484,0.675,0.7021276595744681,0.75,0.6,,0.75,0.024407380254154454,-0.0625
13,stage_2,2,ENG_05,engineering__PCA_PART_I_PATIENT_3_80,engineered_representation,final_26,none,all,PCA_PART_I_PATIENT_3_80,pca,extra_trees,183,47,45,0.070958750002319,0.6439393939393939,0.8125,0.6948051948051948,0.6885416666666666,0.7446808510638298,0.84375,0.5333333333333333,,0.84375,0.050865800865800836,0.03125
13,stage_2,2,ENG_06,engineering__PCA_PART_I_PATIENT_3_90,engineered_representation,final_26,none,all,PCA_PART_I_PATIENT_3_90,pca,extra_trees,183,47,46,0.0714347910034121,0.6439393939393939,0.8125,0.7157258064516129,0.7239583333333333,0.7446808510638298,0.78125,0.6666666666666666,,0.78125,0.07178641251221896,-0.03125
13,stage_2,2,ENG_07,engineering__PCA_PART_I_PATIENT_3_95,engineered_representation,final_26,none,all,PCA_PART_I_PATIENT_3_95,pca,extra_trees,183,47,46,0.0719173329998739,0.6439393939393939,0.8125,0.7157258064516129,0.7239583333333333,0.7446808510638298,0.78125,0.6666666666666666,,0.78125,0.07178641251221896,-0.03125
13,stage_2,3,ENG_01,engineering__INT_GAIT_X_POSTURAL_STABILITY,engineered_representation,final_26,none,all,INT_GAIT_X_POSTURAL_STABILITY,interaction,extra_trees,184,46,47,0.0701520000002347,0.6592592592592592,0.8125,0.640625,0.640625,0.6956521739130435,0.78125,0.5,,0.78125,-0.01863425925925921,-0.03125
13,stage_2,3,ENG_02,engineering__INT_MOTOR_X_COGNITION,engineered_representation,final_26,none,all,INT_MOTOR_X_COGNITION,interaction,extra_trees,184,46,47,0.08221966700148187,0.6592592592592592,0.8125,0.6726874657909141,0.6763392857142857,0.717391304347826,0.78125,0.5714285714285714,,0.78125,0.013428206531654885,-0.03125
13,stage_2,3,ENG_03,engineering__INT_DURATION_X_MOTOR,engineered_representation,final_26,none,all,INT_DURATION_X_MOTOR,interaction,extra_trees,184,46,47,0.06368345800001407,0.6592592592592592,0.8125,0.6223316912972086,0.625,0.6739130434782609,0.75,0.5,,0.75,-0.036927567962050656,-0.0625
13,stage_2,3,ENG_04,engineering__INT_MOBILITY_X_POSTURAL_STABILITY,engineered_representation,final_26,none,all,INT_MOBILITY_X_POSTURAL_STABILITY,interaction,extra_trees,184,46,47,0.07475295800031745,0.6592592592592592,0.8125,0.640625,0.640625,0.6956521739130435,0.78125,0.5,,0.78125,-0.01863425925925921,-0.03125
13,stage_2,3,ENG_05,engineering__PCA_PART_I_PATIENT_3_80,engineered_representation,final_26,none,all,PCA_PART_I_PATIENT_3_80,pca,extra_trees,184,46,46,0.0721822500017879,0.6592592592592592,0.8125,0.6726874657909141,0.6763392857142857,0.717391304347826,0.78125,0.5714285714285714,,0.78125,0.013428206531654885,-0.03125
13,stage_2,3,ENG_06,engineering__PCA_PART_I_PATIENT_3_90,engineered_representation,final_26,none,all,PCA_PART_I_PATIENT_3_90,pca,extra_trees,184,46,46,0.07276504199762712,0.6592592592592592,0.8125,0.6726874657909141,0.6763392857142857,0.717391304347826,0.78125,0.5714285714285714,,0.78125,0.013428206531654885,-0.03125
13,stage_2,3,ENG_07,engineering__PCA_PART_I_PATIENT_3_95,engineered_representation,final_26,none,all,PCA_PART_I_PATIENT_3_95,pca,extra_trees,184,46,46,0.06720470899745123,0.6592592592592592,0.8125,0.6726874657909141,0.6763392857142857,0.717391304347826,0.78125,0.5714285714285714,,0.78125,0.013428206531654885,-0.03125
13,stage_2,4,ENG_01,engineering__INT_GAIT_X_POSTURAL_STABILITY,engineered_representation,final_26,none,all,INT_GAIT_X_POSTURAL_STABILITY,interaction,extra_trees,185,45,47,0.07181391699850792,0.6,0.7096774193548387,0.6801530891197376,0.6923963133640554,0.7111111111111111,0.7419354838709677,0.6428571428571429,,0.7419354838709677,0.08015308911973762,0.032258064516129004
13,stage_2,4,ENG_02,engineering__INT_MOTOR_X_COGNITION,engineered_representation,final_26,none,all,INT_MOTOR_X_COGNITION,interaction,extra_trees,185,45,47,0.06942766700012726,0.6,0.7096774193548387,0.6801530891197376,0.6923963133640554,0.7111111111111111,0.7419354838709677,0.6428571428571429,,0.7419354838709677,0.08015308911973762,0.032258064516129004
13,stage_2,4,ENG_03,engineering__INT_DURATION_X_MOTOR,engineered_representation,final_26,none,all,INT_DURATION_X_MOTOR,interaction,extra_trees,185,45,47,0.06810841700280434,0.6,0.7096774193548387,0.6801530891197376,0.6923963133640554,0.7111111111111111,0.7419354838709677,0.6428571428571429,,0.7419354838709677,0.08015308911973762,0.032258064516129004
13,stage_2,4,ENG_04,engineering__INT_MOBILITY_X_POSTURAL_STABILITY,engineered_representation,final_26,none,all,INT_MOBILITY_X_POSTURAL_STABILITY,interaction,extra_trees,185,45,47,0.06928633300049114,0.6,0.7096774193548387,0.6605603448275862,0.6762672811059909,0.6888888888888889,0.7096774193548387,0.6428571428571429,,0.7096774193548387,0.06056034482758621,0.0
13,stage_2,4,ENG_05,engineering__PCA_PART_I_PATIENT_3_80,engineered_representation,final_26,none,all,PCA_PART_I_PATIENT_3_80,pca,extra_trees,185,45,46,0.0665895409983932,0.6,0.7096774193548387,0.6184284906726965,0.6209677419354839,0.6666666666666666,0.7419354838709677,0.5,,0.7419354838709677,0.018428490672696474,0.032258064516129004
13,stage_2,4,ENG_06,engineering__PCA_PART_I_PATIENT_3_90,engineered_representation,final_26,none,all,PCA_PART_I_PATIENT_3_90,pca,extra_trees,185,45,46,0.06805537499894854,0.6,0.7096774193548387,0.6184284906726965,0.6209677419354839,0.6666666666666666,0.7419354838709677,0.5,,0.7419354838709677,0.018428490672696474,0.032258064516129004
13,stage_2,4,ENG_07,engineering__PCA_PART_I_PATIENT_3_95,engineered_representation,final_26,none,all,PCA_PART_I_PATIENT_3_95,pca,extra_trees,185,45,46,0.06780512499972247,0.6,0.7096774193548387,0.6184284906726965,0.6209677419354839,0.6666666666666666,0.7419354838709677,0.5,,0.7419354838709677,0.018428490672696474,0.032258064516129004
14,direct,0,ENG_01,engineering__INT_GAIT_X_POSTURAL_STABILITY,engineered_representation,final_26,none,all,INT_GAIT_X_POSTURAL_STABILITY,interaction,extra_trees,582,146,47,0.07662391600024421,0.46641521596027874,0.1875,0.4894631065173701,0.5338095238095238,0.6438356164383562,0.78,0.25,0.5714285714285714,0.25,0.023047890557091333,0.0625
14,direct,0,ENG_02,engineering__INT_MOTOR_X_COGNITION,engineered_representation,final_26,none,all,INT_MOTOR_X_COGNITION,interaction,extra_trees,582,146,47,0.07010124999942491,0.46641521596027874,0.1875,0.4949565434193343,0.5371428571428571,0.6506849315068494,0.79,0.25,0.5714285714285714,0.25,0.028541327459055577,0.0625
14,direct,0,ENG_03,engineering__INT_DURATION_X_MOTOR,engineered_representation,final_26,none,all,INT_DURATION_X_MOTOR,interaction,extra_trees,582,146,47,0.06345879099899321,0.46641521596027874,0.1875,0.4821384945302533,0.5401190476190476,0.6438356164383562,0.79,0.1875,0.6428571428571429,0.1875,0.015723278569974575,0.0
14,direct,0,ENG_04,engineering__INT_MOBILITY_X_POSTURAL_STABILITY,engineered_representation,final_26,none,all,INT_MOBILITY_X_POSTURAL_STABILITY,interaction,extra_trees,582,146,47,0.0692990829993505,0.46641521596027874,0.1875,0.48211136306374397,0.5267261904761905,0.6438356164383562,0.79,0.21875,0.5714285714285714,0.21875,0.01569614710346523,0.03125
14,direct,0,ENG_05,engineering__PCA_PART_I_PATIENT_3_80,engineered_representation,final_26,none,all,PCA_PART_I_PATIENT_3_80,pca,extra_trees,582,146,45,0.0684436250012368,0.46641521596027874,0.1875,0.4446420780105293,0.49547619047619046,0.6232876712328768,0.79,0.125,0.5714285714285714,0.125,-0.021773137949749444,-0.0625
14,direct,0,ENG_06,engineering__PCA_PART_I_PATIENT_3_90,engineered_representation,final_26,none,all,PCA_PART_I_PATIENT_3_90,pca,extra_trees,582,146,46,0.07491720899997745,0.46641521596027874,0.1875,0.4765574568388115,0.5200595238095238,0.6301369863013698,0.77,0.21875,0.5714285714285714,0.21875,0.010142240878532771,0.03125
14,direct,0,ENG_07,engineering__PCA_PART_I_PATIENT_3_95,engineered_representation,final_26,none,all,PCA_PART_I_PATIENT_3_95,pca,extra_trees,582,146,46,0.0723062500001106,0.46641521596027874,0.1875,0.4765574568388115,0.5200595238095238,0.6301369863013698,0.77,0.21875,0.5714285714285714,0.21875,0.010142240878532771,0.03125
14,direct,1,ENG_01,engineering__INT_GAIT_X_POSTURAL_STABILITY,engineered_representation,final_26,none,all,INT_GAIT_X_POSTURAL_STABILITY,interaction,extra_trees,582,146,47,0.06932608300121501,0.5332365897337649,0.25,0.5163861521620142,0.5948809523809523,0.6301369863013698,0.74,0.1875,0.8571428571428571,0.1875,-0.016850437571750643,-0.0625
14,direct,1,ENG_02,engineering__INT_MOTOR_X_COGNITION,engineered_representation,final_26,none,all,INT_MOTOR_X_COGNITION,interaction,extra_trees,582,146,47,0.06609424999987823,0.5332365897337649,0.25,0.49210088922130807,0.5811309523809524,0.6164383561643836,0.73,0.15625,0.8571428571428571,0.15625,-0.041135700512456796,-0.09375
14,direct,1,ENG_03,engineering__INT_DURATION_X_MOTOR,engineered_representation,final_26,none,all,INT_DURATION_X_MOTOR,interaction,extra_trees,582,146,47,0.07286350000140374,0.5332365897337649,0.25,0.5014704882360941,0.5844642857142857,0.6232876712328768,0.74,0.15625,0.8571428571428571,0.15625,-0.031766101497670785,-0.09375
14,direct,1,ENG_04,engineering__INT_MOBILITY_X_POSTURAL_STABILITY,engineered_representation,final_26,none,all,INT_MOBILITY_X_POSTURAL_STABILITY,interaction,extra_trees,582,146,47,0.07289008299994748,0.5332365897337649,0.25,0.5157331387216444,0.6019642857142857,0.6301369863013698,0.73,0.21875,0.8571428571428571,0.21875,-0.017503451012120474,-0.03125
14,direct,1,ENG_05,engineering__PCA_PART_I_PATIENT_3_80,engineered_representation,final_26,none,all,PCA_PART_I_PATIENT_3_80,pca,extra_trees,582,146,45,0.06811508399914601,0.5332365897337649,0.25,0.4894117647058824,0.5882142857142857,0.6164383561643836,0.72,0.1875,0.8571428571428571,0.1875,-0.043824825027882486,-0.0625
14,direct,1,ENG_06,engineering__PCA_PART_I_PATIENT_3_90,engineered_representation,final_26,none,all,PCA_PART_I_PATIENT_3_90,pca,extra_trees,582,146,46,0.06487299999935203,0.5332365897337649,0.25,0.5168073161970951,0.605297619047619,0.636986301369863,0.74,0.21875,0.8571428571428571,0.21875,-0.016429273536669786,-0.03125
14,direct,1,ENG_07,engineering__PCA_PART_I_PATIENT_3_95,engineered_representation,final_26,none,all,PCA_PART_I_PATIENT_3_95,pca,extra_trees,582,146,46,0.07105087500167429,0.5332365897337649,0.25,0.5168073161970951,0.605297619047619,0.636986301369863,0.74,0.21875,0.8571428571428571,0.21875,-0.016429273536669786,-0.03125
14,direct,2,ENG_01,engineering__INT_GAIT_X_POSTURAL_STABILITY,engineered_representation,final_26,none,all,INT_GAIT_X_POSTURAL_STABILITY,interaction,extra_trees,582,146,47,0.08178516599946306,0.43326637194139267,0.21875,0.4049923376384939,0.4287878787878788,0.5273972602739726,0.6363636363636364,0.25,0.4,0.25,-0.028274034302898765,0.03125
14,direct,2,ENG_02,engineering__INT_MOTOR_X_COGNITION,engineered_representation,final_26,none,all,INT_MOTOR_X_COGNITION,interaction,extra_trees,582,146,47,0.0701770409978053,0.43326637194139267,0.21875,0.41452648475120385,0.43920454545454546,0.5342465753424658,0.6363636363636364,0.28125,0.4,0.28125,-0.01873988719018882,0.0625
14,direct,2,ENG_03,engineering__INT_DURATION_X_MOTOR,engineered_representation,final_26,none,all,INT_DURATION_X_MOTOR,interaction,extra_trees,582,146,47,0.07015041700287838,0.43326637194139267,0.21875,0.41919594157568035,0.44625420875420874,0.5342465753424658,0.6262626262626263,0.3125,0.4,0.3125,-0.014070430365712316,0.09375
14,direct,2,ENG_04,engineering__INT_MOBILITY_X_POSTURAL_STABILITY,engineered_representation,final_26,none,all,INT_MOBILITY_X_POSTURAL_STABILITY,interaction,extra_trees,582,146,47,0.0716731249995064,0.43326637194139267,0.21875,0.43592972160177523,0.4634048821548822,0.5547945205479452,0.6464646464646465,0.34375,0.4,0.34375,0.0026633496603825635,0.125
14,direct,2,ENG_05,engineering__PCA_PART_I_PATIENT_3_80,engineered_representation,final_26,none,all,PCA_PART_I_PATIENT_3_80,pca,extra_trees,582,146,45,0.08637658299994655,0.43326637194139267,0.21875,0.40027728263022383,0.42510521885521885,0.5342465753424658,0.6565656565656566,0.21875,0.4,0.21875,-0.03298908931116884,0.0
14,direct,2,ENG_06,engineering__PCA_PART_I_PATIENT_3_90,engineered_representation,final_26,none,all,PCA_PART_I_PATIENT_3_90,pca,extra_trees,582,146,46,0.07184595800208626,0.43326637194139267,0.21875,0.43039950062421967,0.46142676767676766,0.541095890410959,0.6363636363636364,0.28125,0.4666666666666667,0.28125,-0.002866871317173003,0.0625
14,direct,2,ENG_07,engineering__PCA_PART_I_PATIENT_3_95,engineered_representation,final_26,none,all,PCA_PART_I_PATIENT_3_95,pca,extra_trees,582,146,46,0.06715720899956068,0.43326637194139267,0.21875,0.43039950062421967,0.46142676767676766,0.541095890410959,0.6363636363636364,0.28125,0.4666666666666667,0.28125,-0.002866871317173003,0.0625
14,direct,3,ENG_01,engineering__INT_GAIT_X_POSTURAL_STABILITY,engineered_representation,final_26,none,all,INT_GAIT_X_POSTURAL_STABILITY,interaction,extra_trees,583,145,47,0.0711801249999553,0.593287037037037,0.34375,0.539021164021164,0.5773208273208273,0.6482758620689655,0.7676767676767676,0.25,0.7142857142857143,0.25,-0.054265873015873045,-0.09375
14,direct,3,ENG_02,engineering__INT_MOTOR_X_COGNITION,engineered_representation,final_26,none,all,INT_MOTOR_X_COGNITION,interaction,extra_trees,583,145,47,0.08265066699823365,0.593287037037037,0.34375,0.5456937865314828,0.5877374939874941,0.6551724137931034,0.7676767676767676,0.28125,0.7142857142857143,0.28125,-0.047593250505554185,-0.0625
14,direct,3,ENG_03,engineering__INT_DURATION_X_MOTOR,engineered_representation,final_26,none,all,INT_DURATION_X_MOTOR,interaction,extra_trees,583,145,47,0.06806483299806132,0.593287037037037,0.34375,0.530947897049592,0.5736381673881673,0.6551724137931034,0.7878787878787878,0.21875,0.7142857142857143,0.21875,-0.062339139987445,-0.125
14,direct,3,ENG_04,engineering__INT_MOBILITY_X_POSTURAL_STABILITY,engineered_representation,final_26,none,all,INT_MOBILITY_X_POSTURAL_STABILITY,interaction,extra_trees,583,145,47,0.06977933400048641,0.593287037037037,0.34375,0.5453246349798074,0.5974476911976913,0.6620689655172414,0.7878787878787878,0.21875,0.7857142857142857,0.21875,-0.04796240205722957,-0.125
14,direct,3,ENG_05,engineering__PCA_PART_I_PATIENT_3_80,engineered_representation,final_26,none,all,PCA_PART_I_PATIENT_3_80,pca,extra_trees,583,145,45,0.07787595799891278,0.593287037037037,0.34375,0.5175489625751406,0.5601701539201539,0.6275862068965518,0.7474747474747475,0.21875,0.7142857142857143,0.21875,-0.0757380744618964,-0.125
14,direct,3,ENG_06,engineering__PCA_PART_I_PATIENT_3_90,engineered_representation,final_26,none,all,PCA_PART_I_PATIENT_3_90,pca,extra_trees,583,145,46,0.0698347500001546,0.593287037037037,0.34375,0.523425897184881,0.5568783068783069,0.6482758620689655,0.7777777777777778,0.25,0.6428571428571429,0.25,-0.06986113985215603,-0.09375
14,direct,3,ENG_07,engineering__PCA_PART_I_PATIENT_3_95,engineered_representation,final_26,none,all,PCA_PART_I_PATIENT_3_95,pca,extra_trees,583,145,46,0.06603487499887706,0.593287037037037,0.34375,0.523425897184881,0.5568783068783069,0.6482758620689655,0.7777777777777778,0.25,0.6428571428571429,0.25,-0.06986113985215603,-0.09375
14,direct,4,ENG_01,engineering__INT_GAIT_X_POSTURAL_STABILITY,engineered_representation,final_26,none,all,INT_GAIT_X_POSTURAL_STABILITY,interaction,extra_trees,583,145,47,0.08144133399764542,0.5079075795314177,0.2903225806451613,0.5179358989264814,0.6091551459293395,0.6137931034482759,0.68,0.2903225806451613,0.8571428571428571,0.2903225806451613,0.010028319395063656,0.0
14,direct,4,ENG_02,engineering__INT_MOTOR_X_COGNITION,engineered_representation,final_26,none,all,INT_MOTOR_X_COGNITION,interaction,extra_trees,583,145,47,0.06335649999891757,0.5079075795314177,0.2903225806451613,0.533094384707288,0.6273271889400922,0.6206896551724138,0.67,0.3548387096774194,0.8571428571428571,0.3548387096774194,0.02518680517587024,0.06451612903225806
14,direct,4,ENG_03,engineering__INT_DURATION_X_MOTOR,engineered_representation,final_26,none,all,INT_DURATION_X_MOTOR,interaction,extra_trees,583,145,47,0.0676506670024537,0.5079075795314177,0.2903225806451613,0.5227334480572412,0.6165745007680492,0.6137931034482759,0.67,0.3225806451612903,0.8571428571428571,0.3225806451612903,0.01482586852582346,0.032258064516129004
14,direct,4,ENG_04,engineering__INT_MOBILITY_X_POSTURAL_STABILITY,engineered_representation,final_26,none,all,INT_MOBILITY_X_POSTURAL_STABILITY,interaction,extra_trees,583,145,47,0.08045191699784482,0.5079075795314177,0.2903225806451613,0.5348643476303051,0.6176036866359448,0.6275862068965518,0.68,0.3870967741935484,0.7857142857142857,0.3870967741935484,0.026956768098887363,0.09677419354838707
14,direct,4,ENG_05,engineering__PCA_PART_I_PATIENT_3_80,engineered_representation,final_26,none,all,PCA_PART_I_PATIENT_3_80,pca,extra_trees,583,145,45,0.07274991700251121,0.5079075795314177,0.2903225806451613,0.4983549891720806,0.5812596006144393,0.6137931034482759,0.7,0.25806451612903225,0.7857142857142857,0.25806451612903225,-0.009552590359337143,-0.03225806451612906
14,direct,4,ENG_06,engineering__PCA_PART_I_PATIENT_3_90,engineered_representation,final_26,none,all,PCA_PART_I_PATIENT_3_90,pca,extra_trees,583,145,46,0.06976766699881409,0.5079075795314177,0.2903225806451613,0.5027450354326867,0.5984024577572965,0.6068965517241379,0.68,0.25806451612903225,0.8571428571428571,0.25806451612903225,-0.00516254409873107,-0.03225806451612906
14,direct,4,ENG_07,engineering__PCA_PART_I_PATIENT_3_95,engineered_representation,final_26,none,all,PCA_PART_I_PATIENT_3_95,pca,extra_trees,583,145,46,0.07283420800013118,0.5079075795314177,0.2903225806451613,0.5027450354326867,0.5984024577572965,0.6068965517241379,0.68,0.25806451612903225,0.8571428571428571,0.25806451612903225,-0.00516254409873107,-0.03225806451612906
14,stage_1,0,ENG_01,engineering__INT_GAIT_X_POSTURAL_STABILITY,engineered_representation,final_26,none,all,INT_GAIT_X_POSTURAL_STABILITY,interaction,extra_trees,582,146,47,0.0675531660017441,0.7081104446966013,0.6086956521739131,0.6886993603411513,0.6876086956521739,0.7328767123287672,0.81,0.5652173913043478,,0.5652173913043478,-0.019411084355450026,-0.0434782608695653
14,stage_1,0,ENG_02,engineering__INT_MOTOR_X_COGNITION,engineered_representation,final_26,none,all,INT_MOTOR_X_COGNITION,interaction,extra_trees,582,146,47,0.06979037500059349,0.7081104446966013,0.6086956521739131,0.6862239415430905,0.6884782608695652,0.726027397260274,0.79,0.5869565217391305,,0.5869565217391305,-0.021886503153510817,-0.021739130434782594
14,stage_1,0,ENG_03,engineering__INT_DURATION_X_MOTOR,engineered_representation,final_26,none,all,INT_DURATION_X_MOTOR,interaction,extra_trees,582,146,47,0.06597754199901829,0.7081104446966013,0.6086956521739131,0.6923326308964176,0.6934782608695653,0.7328767123287672,0.8,0.5869565217391305,,0.5869565217391305,-0.015777813800183726,-0.021739130434782594
14,stage_1,0,ENG_04,engineering__INT_MOBILITY_X_POSTURAL_STABILITY,engineered_representation,final_26,none,all,INT_MOBILITY_X_POSTURAL_STABILITY,interaction,extra_trees,582,146,47,0.06443158399997628,0.7081104446966013,0.6086956521739131,0.6667391304347826,0.6667391304347826,0.7123287671232876,0.79,0.5434782608695652,,0.5434782608695652,-0.041371314261818726,-0.0652173913043479
14,stage_1,0,ENG_05,engineering__PCA_PART_I_PATIENT_3_80,engineered_representation,final_26,none,all,PCA_PART_I_PATIENT_3_80,pca,extra_trees,582,146,45,0.06375879099869053,0.7081104446966013,0.6086956521739131,0.6862239415430905,0.6884782608695652,0.726027397260274,0.79,0.5869565217391305,,0.5869565217391305,-0.021886503153510817,-0.021739130434782594
14,stage_1,0,ENG_06,engineering__PCA_PART_I_PATIENT_3_90,engineered_representation,final_26,none,all,PCA_PART_I_PATIENT_3_90,pca,extra_trees,582,146,46,0.07006162499965285,0.7081104446966013,0.6086956521739131,0.682608695652174,0.682608695652174,0.726027397260274,0.8,0.5652173913043478,,0.5652173913043478,-0.02550174904442737,-0.0434782608695653
14,stage_1,0,ENG_07,engineering__PCA_PART_I_PATIENT_3_95,engineered_representation,final_26,none,all,PCA_PART_I_PATIENT_3_95,pca,extra_trees,582,146,46,0.06494004200067138,0.7081104446966013,0.6086956521739131,0.682608695652174,0.682608695652174,0.726027397260274,0.8,0.5652173913043478,,0.5652173913043478,-0.02550174904442737,-0.0434782608695653
14,stage_1,1,ENG_01,engineering__INT_GAIT_X_POSTURAL_STABILITY,engineered_representation,final_26,none,all,INT_GAIT_X_POSTURAL_STABILITY,interaction,extra_trees,582,146,47,0.07275204200050212,0.692825583841784,0.6304347826086957,0.6594266756518584,0.6693478260869565,0.6917808219178082,0.73,0.6086956521739131,,0.6086956521739131,-0.033398908189925636,-0.021739130434782594
14,stage_1,1,ENG_02,engineering__INT_MOTOR_X_COGNITION,engineered_representation,final_26,none,all,INT_MOTOR_X_COGNITION,interaction,extra_trees,582,146,47,0.06754041600288474,0.692825583841784,0.6304347826086957,0.6594266756518584,0.6693478260869565,0.6917808219178082,0.73,0.6086956521739131,,0.6086956521739131,-0.033398908189925636,-0.021739130434782594
14,stage_1,1,ENG_03,engineering__INT_DURATION_X_MOTOR,engineered_representation,final_26,none,all,INT_DURATION_X_MOTOR,interaction,extra_trees,582,146,47,0.06411554200167302,0.692825583841784,0.6304347826086957,0.6534571723426212,0.6643478260869565,0.684931506849315,0.72,0.6086956521739131,,0.6086956521739131,-0.039368411499162814,-0.021739130434782594
14,stage_1,1,ENG_04,engineering__INT_MOBILITY_X_POSTURAL_STABILITY,engineered_representation,final_26,none,all,INT_MOBILITY_X_POSTURAL_STABILITY,interaction,extra_trees,582,146,47,0.07374887500191107,0.692825583841784,0.6304347826086957,0.6594266756518584,0.6693478260869565,0.6917808219178082,0.73,0.6086956521739131,,0.6086956521739131,-0.033398908189925636,-0.021739130434782594
14,stage_1,1,ENG_05,engineering__PCA_PART_I_PATIENT_3_80,engineered_representation,final_26,none,all,PCA_PART_I_PATIENT_3_80,pca,extra_trees,582,146,45,0.07293504200060852,0.692825583841784,0.6304347826086957,0.6745632678451091,0.6852173913043478,0.7054794520547946,0.74,0.6304347826086957,,0.6304347826086957,-0.018262315996674938,0.0
14,stage_1,1,ENG_06,engineering__PCA_PART_I_PATIENT_3_90,engineered_representation,final_26,none,all,PCA_PART_I_PATIENT_3_90,pca,extra_trees,582,146,46,0.07270804200015846,0.692825583841784,0.6304347826086957,0.6654166666666668,0.6743478260869565,0.6986301369863014,0.74,0.6086956521739131,,0.6086956521739131,-0.027408917175117287,-0.021739130434782594
14,stage_1,1,ENG_07,engineering__PCA_PART_I_PATIENT_3_95,engineered_representation,final_26,none,all,PCA_PART_I_PATIENT_3_95,pca,extra_trees,582,146,46,0.07601420799983316,0.692825583841784,0.6304347826086957,0.6654166666666668,0.6743478260869565,0.6986301369863014,0.74,0.6086956521739131,,0.6086956521739131,-0.027408917175117287,-0.021739130434782594
14,stage_1,2,ENG_01,engineering__INT_GAIT_X_POSTURAL_STABILITY,engineered_representation,final_26,none,all,INT_GAIT_X_POSTURAL_STABILITY,interaction,extra_trees,582,146,47,0.06893591699918034,0.6385956049507451,0.6170212765957447,0.6499500499500499,0.6681710724263916,0.6712328767123288,0.6767676767676768,0.6595744680851063,,0.6595744680851063,0.011354444999304825,0.04255319148936165
14,stage_1,2,ENG_02,engineering__INT_MOTOR_X_COGNITION,engineered_representation,final_26,none,all,INT_MOTOR_X_COGNITION,interaction,extra_trees,582,146,47,0.06912662499962607,0.6385956049507451,0.6170212765957447,0.6385956049507451,0.6519449817322158,0.6643835616438356,0.6868686868686869,0.6170212765957447,,0.6170212765957447,0.0,0.0
14,stage_1,2,ENG_03,engineering__INT_DURATION_X_MOTOR,engineered_representation,final_26,none,all,INT_DURATION_X_MOTOR,interaction,extra_trees,582,146,47,0.0710384999983944,0.6385956049507451,0.6170212765957447,0.6559883691783226,0.6732215774768966,0.678082191780822,0.6868686868686869,0.6595744680851063,,0.6595744680851063,0.017392764227577517,0.04255319148936165
14,stage_1,2,ENG_04,engineering__INT_MOBILITY_X_POSTURAL_STABILITY,engineered_representation,final_26,none,all,INT_MOBILITY_X_POSTURAL_STABILITY,interaction,extra_trees,582,146,47,0.07534854100231314,0.6385956049507451,0.6170212765957447,0.6680980045466027,0.6833225875779068,0.6917808219178082,0.7070707070707071,0.6595744680851063,,0.6595744680851063,0.029502399595857653,0.04255319148936165
14,stage_1,2,ENG_05,engineering__PCA_PART_I_PATIENT_3_80,engineered_representation,final_26,none,all,PCA_PART_I_PATIENT_3_80,pca,extra_trees,582,146,45,0.13603199999852222,0.6385956049507451,0.6170212765957447,0.6385956049507451,0.6519449817322158,0.6643835616438356,0.6868686868686869,0.6170212765957447,,0.6170212765957447,0.0,0.0
14,stage_1,2,ENG_06,engineering__PCA_PART_I_PATIENT_3_90,engineered_representation,final_26,none,all,PCA_PART_I_PATIENT_3_90,pca,extra_trees,582,146,46,0.08379516700006207,0.6385956049507451,0.6170212765957447,0.6439201632571798,0.6631205673758864,0.6643835616438356,0.6666666666666666,0.6595744680851063,,0.6595744680851063,0.005324558306434746,0.04255319148936165
14,stage_1,2,ENG_07,engineering__PCA_PART_I_PATIENT_3_95,engineered_representation,final_26,none,all,PCA_PART_I_PATIENT_3_95,pca,extra_trees,582,146,46,0.0823783750020084,0.6385956049507451,0.6170212765957447,0.6439201632571798,0.6631205673758864,0.6643835616438356,0.6666666666666666,0.6595744680851063,,0.6595744680851063,0.005324558306434746,0.04255319148936165
14,stage_1,3,ENG_01,engineering__INT_GAIT_X_POSTURAL_STABILITY,engineered_representation,final_26,none,all,INT_GAIT_X_POSTURAL_STABILITY,interaction,extra_trees,583,145,47,0.08161183299671393,0.7063456345634563,0.5652173913043478,0.70716663937558,0.7083882301273605,0.7448275862068966,0.8080808080808081,0.6086956521739131,,0.6086956521739131,0.0008210048121236602,0.0434782608695653
14,stage_1,3,ENG_02,engineering__INT_MOTOR_X_COGNITION,engineered_representation,final_26,none,all,INT_MOTOR_X_COGNITION,interaction,extra_trees,583,145,47,0.07154179200006183,0.7063456345634563,0.5652173913043478,0.6851932262266609,0.6874176548089592,0.7241379310344828,0.7878787878787878,0.5869565217391305,,0.5869565217391305,-0.021152408336795436,0.021739130434782705
14,stage_1,3,ENG_03,engineering__INT_DURATION_X_MOTOR,engineered_representation,final_26,none,all,INT_DURATION_X_MOTOR,interaction,extra_trees,583,145,47,0.07317200000034063,0.7063456345634563,0.5652173913043478,0.6913378090715572,0.6924681598594642,0.7310344827586207,0.797979797979798,0.5869565217391305,,0.5869565217391305,-0.015007825491899163,0.021739130434782705
14,stage_1,3,ENG_04,engineering__INT_MOBILITY_X_POSTURAL_STABILITY,engineered_representation,final_26,none,all,INT_MOBILITY_X_POSTURAL_STABILITY,interaction,extra_trees,583,145,47,0.06914704199880362,0.7063456345634563,0.5652173913043478,0.6790823211875843,0.6823671497584541,0.7172413793103448,0.7777777777777778,0.5869565217391305,,0.5869565217391305,-0.027263313375872067,0.021739130434782705
14,stage_1,3,ENG_05,engineering__PCA_PART_I_PATIENT_3_80,engineered_representation,final_26,none,all,PCA_PART_I_PATIENT_3_80,pca,extra_trees,583,145,45,0.06697791699843947,0.7063456345634563,0.5652173913043478,0.6938888888888889,0.691699604743083,0.7379310344827587,0.8181818181818182,0.5652173913043478,,0.5652173913043478,-0.012456745674567449,0.0
14,stage_1,3,ENG_06,engineering__PCA_PART_I_PATIENT_3_90,engineered_representation,final_26,none,all,PCA_PART_I_PATIENT_3_90,pca,extra_trees,583,145,46,0.07159320799837587,0.7063456345634563,0.5652173913043478,0.71,0.7076196750109793,0.7517241379310344,0.8282828282828283,0.5869565217391305,,0.5869565217391305,0.0036543654365436273,0.021739130434782705
14,stage_1,3,ENG_07,engineering__PCA_PART_I_PATIENT_3_95,engineered_representation,final_26,none,all,PCA_PART_I_PATIENT_3_95,pca,extra_trees,583,145,46,0.06794245799756027,0.7063456345634563,0.5652173913043478,0.71,0.7076196750109793,0.7517241379310344,0.8282828282828283,0.5869565217391305,,0.5869565217391305,0.0036543654365436273,0.021739130434782705
14,stage_1,4,ENG_01,engineering__INT_GAIT_X_POSTURAL_STABILITY,engineered_representation,final_26,none,all,INT_GAIT_X_POSTURAL_STABILITY,interaction,extra_trees,583,145,47,0.06661924999934854,0.682415519399249,0.6666666666666666,0.6728876127973749,0.6944444444444444,0.696551724137931,0.7,0.6888888888888889,,0.6888888888888889,-0.009527906601874192,0.022222222222222254
14,stage_1,4,ENG_02,engineering__INT_MOTOR_X_COGNITION,engineered_representation,final_26,none,all,INT_MOTOR_X_COGNITION,interaction,extra_trees,583,145,47,0.07228629200108116,0.682415519399249,0.6666666666666666,0.6545694155811242,0.6794444444444445,0.6758620689655173,0.67,0.6888888888888889,,0.6888888888888889,-0.0278461038181248,0.022222222222222254
14,stage_1,4,ENG_03,engineering__INT_DURATION_X_MOTOR,engineered_representation,final_26,none,all,INT_DURATION_X_MOTOR,interaction,extra_trees,583,145,47,0.06877299999905517,0.682415519399249,0.6666666666666666,0.6580188679245282,0.6783333333333332,0.6827586206896552,0.69,0.6666666666666666,,0.6666666666666666,-0.02439665147472081,0.0
14,stage_1,4,ENG_04,engineering__INT_MOBILITY_X_POSTURAL_STABILITY,engineered_representation,final_26,none,all,INT_MOBILITY_X_POSTURAL_STABILITY,interaction,extra_trees,583,145,47,0.07015862499974901,0.682415519399249,0.6666666666666666,0.6728876127973749,0.6944444444444444,0.696551724137931,0.7,0.6888888888888889,,0.6888888888888889,-0.009527906601874192,0.022222222222222254
14,stage_1,4,ENG_05,engineering__PCA_PART_I_PATIENT_3_80,engineered_representation,final_26,none,all,PCA_PART_I_PATIENT_3_80,pca,extra_trees,583,145,45,0.0688462090001849,0.682415519399249,0.6666666666666666,0.6851736972704714,0.7044444444444444,0.7103448275862069,0.72,0.6888888888888889,,0.6888888888888889,0.002758177871222345,0.022222222222222254
14,stage_1,4,ENG_06,engineering__PCA_PART_I_PATIENT_3_90,engineered_representation,final_26,none,all,PCA_PART_I_PATIENT_3_90,pca,extra_trees,583,145,46,0.06760591700003715,0.682415519399249,0.6666666666666666,0.6885640945046885,0.7033333333333334,0.7172413793103448,0.74,0.6666666666666666,,0.6666666666666666,0.006148575105439424,0.0
14,stage_1,4,ENG_07,engineering__PCA_PART_I_PATIENT_3_95,engineered_representation,final_26,none,all,PCA_PART_I_PATIENT_3_95,pca,extra_trees,583,145,46,0.06957083299857914,0.682415519399249,0.6666666666666666,0.6885640945046885,0.7033333333333334,0.7172413793103448,0.74,0.6666666666666666,,0.6666666666666666,0.006148575105439424,0.0
14,stage_2,0,ENG_01,engineering__INT_GAIT_X_POSTURAL_STABILITY,engineered_representation,final_26,none,all,INT_GAIT_X_POSTURAL_STABILITY,interaction,extra_trees,184,46,47,0.052965999999287305,0.6166666666666667,0.6875,0.6351136964569011,0.6450892857142857,0.6739130434782609,0.71875,0.5714285714285714,,0.71875,0.01844702979023438,0.03125
14,stage_2,0,ENG_02,engineering__INT_MOTOR_X_COGNITION,engineered_representation,final_26,none,all,INT_MOTOR_X_COGNITION,interaction,extra_trees,184,46,47,0.05837954199887463,0.6166666666666667,0.6875,0.6351136964569011,0.6450892857142857,0.6739130434782609,0.71875,0.5714285714285714,,0.71875,0.01844702979023438,0.03125
14,stage_2,0,ENG_03,engineering__INT_DURATION_X_MOTOR,engineered_representation,final_26,none,all,INT_DURATION_X_MOTOR,interaction,extra_trees,184,46,47,0.05841237500135321,0.6166666666666667,0.6875,0.6351136964569011,0.6450892857142857,0.6739130434782609,0.71875,0.5714285714285714,,0.71875,0.01844702979023438,0.03125
14,stage_2,0,ENG_04,engineering__INT_MOBILITY_X_POSTURAL_STABILITY,engineered_representation,final_26,none,all,INT_MOBILITY_X_POSTURAL_STABILITY,interaction,extra_trees,184,46,47,0.1484177499987709,0.6166666666666667,0.6875,0.6351136964569011,0.6450892857142857,0.6739130434782609,0.71875,0.5714285714285714,,0.71875,0.01844702979023438,0.03125
14,stage_2,0,ENG_05,engineering__PCA_PART_I_PATIENT_3_80,engineered_representation,final_26,none,all,PCA_PART_I_PATIENT_3_80,pca,extra_trees,184,46,45,0.06091537500105915,0.6166666666666667,0.6875,0.6351136964569011,0.6450892857142857,0.6739130434782609,0.71875,0.5714285714285714,,0.71875,0.01844702979023438,0.03125
14,stage_2,0,ENG_06,engineering__PCA_PART_I_PATIENT_3_90,engineered_representation,final_26,none,all,PCA_PART_I_PATIENT_3_90,pca,extra_trees,184,46,46,0.059237334000499686,0.6166666666666667,0.6875,0.6351136964569011,0.6450892857142857,0.6739130434782609,0.71875,0.5714285714285714,,0.71875,0.01844702979023438,0.03125
14,stage_2,0,ENG_07,engineering__PCA_PART_I_PATIENT_3_95,engineered_representation,final_26,none,all,PCA_PART_I_PATIENT_3_95,pca,extra_trees,184,46,46,0.056679833000089275,0.6166666666666667,0.6875,0.6351136964569011,0.6450892857142857,0.6739130434782609,0.71875,0.5714285714285714,,0.71875,0.01844702979023438,0.03125
14,stage_2,1,ENG_01,engineering__INT_GAIT_X_POSTURAL_STABILITY,engineered_representation,final_26,none,all,INT_GAIT_X_POSTURAL_STABILITY,interaction,extra_trees,184,46,46,0.0701951659975748,0.700250626566416,0.6875,0.700250626566416,0.7366071428571428,0.717391304347826,0.6875,0.7857142857142857,,0.6875,0.0,0.0
14,stage_2,1,ENG_02,engineering__INT_MOTOR_X_COGNITION,engineered_representation,final_26,none,all,INT_MOTOR_X_COGNITION,interaction,extra_trees,184,46,46,0.06466733400156954,0.700250626566416,0.6875,0.7061425061425062,0.7566964285714286,0.717391304347826,0.65625,0.8571428571428571,,0.65625,0.005891879576090164,-0.03125
14,stage_2,1,ENG_03,engineering__INT_DURATION_X_MOTOR,engineered_representation,final_26,none,all,INT_DURATION_X_MOTOR,interaction,extra_trees,184,46,46,0.05704737500127521,0.700250626566416,0.6875,0.7061425061425062,0.7566964285714286,0.717391304347826,0.65625,0.8571428571428571,,0.65625,0.005891879576090164,-0.03125
14,stage_2,1,ENG_04,engineering__INT_MOBILITY_X_POSTURAL_STABILITY,engineered_representation,final_26,none,all,INT_MOBILITY_X_POSTURAL_STABILITY,interaction,extra_trees,184,46,46,0.0571450419993198,0.700250626566416,0.6875,0.7061425061425062,0.7566964285714286,0.717391304347826,0.65625,0.8571428571428571,,0.65625,0.005891879576090164,-0.03125
14,stage_2,1,ENG_05,engineering__PCA_PART_I_PATIENT_3_80,engineered_representation,final_26,none,all,PCA_PART_I_PATIENT_3_80,pca,extra_trees,184,46,45,0.06756558299821336,0.700250626566416,0.6875,0.7061425061425062,0.7566964285714286,0.717391304347826,0.65625,0.8571428571428571,,0.65625,0.005891879576090164,-0.03125
14,stage_2,1,ENG_06,engineering__PCA_PART_I_PATIENT_3_90,engineered_representation,final_26,none,all,PCA_PART_I_PATIENT_3_90,pca,extra_trees,184,46,45,0.06745612500162679,0.700250626566416,0.6875,0.7061425061425062,0.7566964285714286,0.717391304347826,0.65625,0.8571428571428571,,0.65625,0.005891879576090164,-0.03125
14,stage_2,1,ENG_07,engineering__PCA_PART_I_PATIENT_3_95,engineered_representation,final_26,none,all,PCA_PART_I_PATIENT_3_95,pca,extra_trees,184,46,45,0.07113520900020376,0.700250626566416,0.6875,0.7061425061425062,0.7566964285714286,0.717391304347826,0.65625,0.8571428571428571,,0.65625,0.005891879576090164,-0.03125
14,stage_2,2,ENG_01,engineering__INT_GAIT_X_POSTURAL_STABILITY,engineered_representation,final_26,none,all,INT_GAIT_X_POSTURAL_STABILITY,interaction,extra_trees,183,47,47,0.06829350000043632,0.5908858166922683,0.71875,0.5761273209549072,0.575,0.6382978723404256,0.75,0.4,,0.75,-0.0147584957373611,0.03125
14,stage_2,2,ENG_02,engineering__INT_MOTOR_X_COGNITION,engineered_representation,final_26,none,all,INT_MOTOR_X_COGNITION,interaction,extra_trees,183,47,47,0.06915575000311946,0.5908858166922683,0.71875,0.5761273209549072,0.575,0.6382978723404256,0.75,0.4,,0.75,-0.0147584957373611,0.03125
14,stage_2,2,ENG_03,engineering__INT_DURATION_X_MOTOR,engineered_representation,final_26,none,all,INT_DURATION_X_MOTOR,interaction,extra_trees,183,47,47,0.05792758299867273,0.5908858166922683,0.71875,0.5908858166922683,0.5927083333333334,0.6382978723404256,0.71875,0.4666666666666667,,0.71875,0.0,0.0
14,stage_2,2,ENG_04,engineering__INT_MOBILITY_X_POSTURAL_STABILITY,engineered_representation,final_26,none,all,INT_MOBILITY_X_POSTURAL_STABILITY,interaction,extra_trees,183,47,47,0.05731204200128559,0.5908858166922683,0.71875,0.559375,0.559375,0.6170212765957447,0.71875,0.4,,0.71875,-0.031510816692268295,0.0
14,stage_2,2,ENG_05,engineering__PCA_PART_I_PATIENT_3_80,engineered_representation,final_26,none,all,PCA_PART_I_PATIENT_3_80,pca,extra_trees,183,47,45,0.06371129200124415,0.5908858166922683,0.71875,0.5563835072031793,0.5614583333333334,0.5957446808510638,0.65625,0.4666666666666667,,0.65625,-0.034502309489088945,-0.0625
14,stage_2,2,ENG_06,engineering__PCA_PART_I_PATIENT_3_90,engineered_representation,final_26,none,all,PCA_PART_I_PATIENT_3_90,pca,extra_trees,183,47,46,0.06766520800010767,0.5908858166922683,0.71875,0.5908858166922683,0.5927083333333334,0.6382978723404256,0.71875,0.4666666666666667,,0.71875,0.0,0.0
14,stage_2,2,ENG_07,engineering__PCA_PART_I_PATIENT_3_95,engineered_representation,final_26,none,all,PCA_PART_I_PATIENT_3_95,pca,extra_trees,183,47,46,0.06542041600187076,0.5908858166922683,0.71875,0.5908858166922683,0.5927083333333334,0.6382978723404256,0.71875,0.4666666666666667,,0.71875,0.0,0.0
14,stage_2,3,ENG_01,engineering__INT_GAIT_X_POSTURAL_STABILITY,engineered_representation,final_26,none,all,INT_GAIT_X_POSTURAL_STABILITY,interaction,extra_trees,184,46,47,0.06877337499827263,0.6592592592592592,0.8125,0.640625,0.640625,0.6956521739130435,0.78125,0.5,,0.78125,-0.01863425925925921,-0.03125
14,stage_2,3,ENG_02,engineering__INT_MOTOR_X_COGNITION,engineered_representation,final_26,none,all,INT_MOTOR_X_COGNITION,interaction,extra_trees,184,46,47,0.05813879199922667,0.6592592592592592,0.8125,0.6592592592592592,0.65625,0.717391304347826,0.8125,0.5,,0.8125,0.0,0.0
14,stage_2,3,ENG_03,engineering__INT_DURATION_X_MOTOR,engineered_representation,final_26,none,all,INT_DURATION_X_MOTOR,interaction,extra_trees,184,46,47,0.06081429099867819,0.6592592592592592,0.8125,0.7230432402846196,0.7276785714285714,0.7608695652173914,0.8125,0.6428571428571429,,0.8125,0.06378398102536043,0.0
14,stage_2,3,ENG_04,engineering__INT_MOBILITY_X_POSTURAL_STABILITY,engineered_representation,final_26,none,all,INT_MOBILITY_X_POSTURAL_STABILITY,interaction,extra_trees,184,46,47,0.0714994999980263,0.6592592592592592,0.8125,0.7324167107350608,0.7477678571428572,0.7608695652173914,0.78125,0.7142857142857143,,0.78125,0.07315745147580155,-0.03125
14,stage_2,3,ENG_05,engineering__PCA_PART_I_PATIENT_3_80,engineered_representation,final_26,none,all,PCA_PART_I_PATIENT_3_80,pca,extra_trees,184,46,46,0.06634929199935868,0.6592592592592592,0.8125,0.7032258064516128,0.7120535714285714,0.7391304347826086,0.78125,0.6428571428571429,,0.78125,0.0439665471923536,-0.03125
14,stage_2,3,ENG_06,engineering__PCA_PART_I_PATIENT_3_90,engineered_representation,final_26,none,all,PCA_PART_I_PATIENT_3_90,pca,extra_trees,184,46,46,0.05542458300260478,0.6592592592592592,0.8125,0.7032258064516128,0.7120535714285714,0.7391304347826086,0.78125,0.6428571428571429,,0.78125,0.0439665471923536,-0.03125
14,stage_2,3,ENG_07,engineering__PCA_PART_I_PATIENT_3_95,engineered_representation,final_26,none,all,PCA_PART_I_PATIENT_3_95,pca,extra_trees,184,46,46,0.05573287500010338,0.6592592592592592,0.8125,0.7032258064516128,0.7120535714285714,0.7391304347826086,0.78125,0.6428571428571429,,0.78125,0.0439665471923536,-0.03125
14,stage_2,4,ENG_01,engineering__INT_GAIT_X_POSTURAL_STABILITY,engineered_representation,final_26,none,all,INT_GAIT_X_POSTURAL_STABILITY,interaction,extra_trees,185,45,47,0.06993512500048382,0.7163865546218487,0.7096774193548387,0.709051724137931,0.728110599078341,0.7333333333333333,0.7419354838709677,0.7142857142857143,,0.7419354838709677,-0.007334830483917698,0.032258064516129004
14,stage_2,4,ENG_02,engineering__INT_MOTOR_X_COGNITION,engineered_representation,final_26,none,all,INT_MOTOR_X_COGNITION,interaction,extra_trees,185,45,47,0.06554412500190665,0.7163865546218487,0.7096774193548387,0.709051724137931,0.728110599078341,0.7333333333333333,0.7419354838709677,0.7142857142857143,,0.7419354838709677,-0.007334830483917698,0.032258064516129004
14,stage_2,4,ENG_03,engineering__INT_DURATION_X_MOTOR,engineered_representation,final_26,none,all,INT_DURATION_X_MOTOR,interaction,extra_trees,185,45,47,0.057976042000518646,0.7163865546218487,0.7096774193548387,0.7163865546218487,0.7476958525345623,0.7333333333333333,0.7096774193548387,0.7857142857142857,,0.7096774193548387,0.0,0.0
14,stage_2,4,ENG_04,engineering__INT_MOBILITY_X_POSTURAL_STABILITY,engineered_representation,final_26,none,all,INT_MOBILITY_X_POSTURAL_STABILITY,interaction,extra_trees,185,45,47,0.06984883400218678,0.7163865546218487,0.7096774193548387,0.6889952153110048,0.7119815668202765,0.7111111111111111,0.7096774193548387,0.7142857142857143,,0.7096774193548387,-0.02739133931084392,0.0
14,stage_2,4,ENG_05,engineering__PCA_PART_I_PATIENT_3_80,engineered_representation,final_26,none,all,PCA_PART_I_PATIENT_3_80,pca,extra_trees,185,45,46,0.05632466700262739,0.7163865546218487,0.7096774193548387,0.7428571428571429,0.7834101382488479,0.7555555555555555,0.7096774193548387,0.8571428571428571,,0.7096774193548387,0.026470588235294135,0.0
14,stage_2,4,ENG_06,engineering__PCA_PART_I_PATIENT_3_90,engineered_representation,final_26,none,all,PCA_PART_I_PATIENT_3_90,pca,extra_trees,185,45,46,0.0693722500000149,0.7163865546218487,0.7096774193548387,0.7428571428571429,0.7834101382488479,0.7555555555555555,0.7096774193548387,0.8571428571428571,,0.7096774193548387,0.026470588235294135,0.0
14,stage_2,4,ENG_07,engineering__PCA_PART_I_PATIENT_3_95,engineered_representation,final_26,none,all,PCA_PART_I_PATIENT_3_95,pca,extra_trees,185,45,46,0.05913750000036089,0.7163865546218487,0.7096774193548387,0.7428571428571429,0.7834101382488479,0.7555555555555555,0.7096774193548387,0.8571428571428571,,0.7096774193548387,0.026470588235294135,0.0
15,direct,0,ENG_01,engineering__INT_GAIT_X_POSTURAL_STABILITY,engineered_representation,final_26,none,all,INT_GAIT_X_POSTURAL_STABILITY,interaction,extra_trees,582,146,48,0.07045199999993201,0.5142226866364797,0.28125,0.5313323349141638,0.5542261904761905,0.6712328767123288,0.81,0.28125,0.5714285714285714,0.28125,0.01710964827768402,0.0
15,direct,0,ENG_02,engineering__INT_MOTOR_X_COGNITION,engineered_representation,final_26,none,all,INT_MOTOR_X_COGNITION,interaction,extra_trees,582,146,48,0.06994470800054842,0.5142226866364797,0.28125,0.5063180827886711,0.5367261904761904,0.6643835616438356,0.82,0.21875,0.5714285714285714,0.21875,-0.007904603847808667,-0.0625
15,direct,0,ENG_03,engineering__INT_DURATION_X_MOTOR,engineered_representation,final_26,none,all,INT_DURATION_X_MOTOR,interaction,extra_trees,582,146,48,0.0820611250019283,0.5142226866364797,0.28125,0.5048105576841209,0.5333928571428571,0.6575342465753424,0.81,0.21875,0.5714285714285714,0.21875,-0.009412128952358878,-0.0625
15,direct,0,ENG_04,engineering__INT_MOBILITY_X_POSTURAL_STABILITY,engineered_representation,final_26,none,all,INT_MOBILITY_X_POSTURAL_STABILITY,interaction,extra_trees,582,146,48,0.07870249999905354,0.5142226866364797,0.28125,0.5347002361927735,0.5613095238095238,0.6712328767123288,0.8,0.3125,0.5714285714285714,0.3125,0.020477549556293773,0.03125
15,direct,0,ENG_05,engineering__PCA_PART_I_PATIENT_3_80,engineered_representation,final_26,none,all,PCA_PART_I_PATIENT_3_80,pca,extra_trees,582,146,46,0.0726219169991964,0.5142226866364797,0.28125,0.4919936438088253,0.5233928571428571,0.636986301369863,0.78,0.21875,0.5714285714285714,0.21875,-0.02222904282765442,-0.0625
15,direct,0,ENG_06,engineering__PCA_PART_I_PATIENT_3_90,engineered_representation,final_26,none,all,PCA_PART_I_PATIENT_3_90,pca,extra_trees,582,146,47,0.07864737500131014,0.5142226866364797,0.28125,0.5138124923603472,0.5505357142857142,0.6506849315068494,0.79,0.21875,0.6428571428571429,0.21875,-0.0004101942761325361,-0.0625
15,direct,0,ENG_07,engineering__PCA_PART_I_PATIENT_3_95,engineered_representation,final_26,none,all,PCA_PART_I_PATIENT_3_95,pca,extra_trees,582,146,47,0.07681199999933597,0.5142226866364797,0.28125,0.5138124923603472,0.5505357142857142,0.6506849315068494,0.79,0.21875,0.6428571428571429,0.21875,-0.0004101942761325361,-0.0625
15,direct,1,ENG_01,engineering__INT_GAIT_X_POSTURAL_STABILITY,engineered_representation,final_26,none,all,INT_GAIT_X_POSTURAL_STABILITY,interaction,extra_trees,582,146,48,0.08383862499977113,0.43402777777777773,0.21875,0.44633699633699636,0.4661904761904762,0.589041095890411,0.72,0.25,0.42857142857142855,0.25,0.012309218559218627,0.03125
15,direct,1,ENG_02,engineering__INT_MOTOR_X_COGNITION,engineered_representation,final_26,none,all,INT_MOTOR_X_COGNITION,interaction,extra_trees,582,146,48,0.08183091700266232,0.43402777777777773,0.21875,0.4700951172155361,0.4903571428571429,0.6095890410958904,0.73,0.3125,0.42857142857142855,0.3125,0.03606733943775836,0.09375
15,direct,1,ENG_03,engineering__INT_DURATION_X_MOTOR,engineered_representation,final_26,none,all,INT_DURATION_X_MOTOR,interaction,extra_trees,582,146,48,0.07810208299997612,0.43402777777777773,0.21875,0.43402777777777773,0.4557738095238095,0.5821917808219178,0.72,0.21875,0.42857142857142855,0.21875,0.0,0.0
15,direct,1,ENG_04,engineering__INT_MOBILITY_X_POSTURAL_STABILITY,engineered_representation,final_26,none,all,INT_MOBILITY_X_POSTURAL_STABILITY,interaction,extra_trees,582,146,48,0.08710879100181046,0.43402777777777773,0.21875,0.4427503419650016,0.4661904761904762,0.589041095890411,0.72,0.25,0.42857142857142855,0.25,0.008722564187223891,0.03125
15,direct,1,ENG_05,engineering__PCA_PART_I_PATIENT_3_80,engineered_representation,final_26,none,all,PCA_PART_I_PATIENT_3_80,pca,extra_trees,582,146,46,0.07753083299758146,0.43402777777777773,0.21875,0.46325486899257395,0.5033928571428571,0.5958904109589042,0.72,0.21875,0.5714285714285714,0.21875,0.02922709121479622,0.0
15,direct,1,ENG_06,engineering__PCA_PART_I_PATIENT_3_90,engineered_representation,final_26,none,all,PCA_PART_I_PATIENT_3_90,pca,extra_trees,582,146,47,0.07720162499754224,0.43402777777777773,0.21875,0.4355358199583505,0.4591071428571429,0.589041095890411,0.73,0.21875,0.42857142857142855,0.21875,0.0015080421805727662,0.0
15,direct,1,ENG_07,engineering__PCA_PART_I_PATIENT_3_95,engineered_representation,final_26,none,all,PCA_PART_I_PATIENT_3_95,pca,extra_trees,582,146,47,0.08152541700110305,0.43402777777777773,0.21875,0.4355358199583505,0.4591071428571429,0.589041095890411,0.73,0.21875,0.42857142857142855,0.21875,0.0015080421805727662,0.0
15,direct,2,ENG_01,engineering__INT_GAIT_X_POSTURAL_STABILITY,engineered_representation,final_26,none,all,INT_GAIT_X_POSTURAL_STABILITY,interaction,extra_trees,582,146,48,0.06911074999879929,0.572505221888772,0.41935483870967744,0.5659722222222222,0.5931182795698925,0.6712328767123288,0.76,0.41935483870967744,0.6,0.41935483870967744,-0.006532999666549744,0.0
15,direct,2,ENG_02,engineering__INT_MOTOR_X_COGNITION,engineered_representation,final_26,none,all,INT_MOTOR_X_COGNITION,interaction,extra_trees,582,146,48,0.07962545800182852,0.572505221888772,0.41935483870967744,0.5516808100215771,0.586415770609319,0.6643835616438356,0.77,0.3225806451612903,0.6666666666666666,0.3225806451612903,-0.02082441186719486,-0.09677419354838712
15,direct,2,ENG_03,engineering__INT_DURATION_X_MOTOR,engineered_representation,final_26,none,all,INT_DURATION_X_MOTOR,interaction,extra_trees,582,146,48,0.08028320900120889,0.572505221888772,0.41935483870967744,0.5311230258598679,0.5616129032258065,0.636986301369863,0.73,0.3548387096774194,0.6,0.3548387096774194,-0.04138219602890403,-0.06451612903225806
15,direct,2,ENG_04,engineering__INT_MOBILITY_X_POSTURAL_STABILITY,engineered_representation,final_26,none,all,INT_MOBILITY_X_POSTURAL_STABILITY,interaction,extra_trees,582,146,48,0.07309095900200191,0.572505221888772,0.41935483870967744,0.58276740237691,0.6308960573476702,0.6712328767123288,0.74,0.41935483870967744,0.7333333333333333,0.41935483870967744,0.010262180488138095,0.0
15,direct,2,ENG_05,engineering__PCA_PART_I_PATIENT_3_80,engineered_representation,final_26,none,all,PCA_PART_I_PATIENT_3_80,pca,extra_trees,582,146,46,0.07759574999727192,0.572505221888772,0.41935483870967744,0.541109827861189,0.5905017921146953,0.6575342465753424,0.75,0.3548387096774194,0.6666666666666666,0.3548387096774194,-0.03139539402758296,-0.06451612903225806
15,direct,2,ENG_06,engineering__PCA_PART_I_PATIENT_3_90,engineered_representation,final_26,none,all,PCA_PART_I_PATIENT_3_90,pca,extra_trees,582,146,47,0.07432649999827845,0.572505221888772,0.41935483870967744,0.5354553492484527,0.5675268817204301,0.6643835616438356,0.78,0.3225806451612903,0.6,0.3225806451612903,-0.037049872640319226,-0.09677419354838712
15,direct,2,ENG_07,engineering__PCA_PART_I_PATIENT_3_95,engineered_representation,final_26,none,all,PCA_PART_I_PATIENT_3_95,pca,extra_trees,582,146,47,0.08096062500044354,0.572505221888772,0.41935483870967744,0.5354553492484527,0.5675268817204301,0.6643835616438356,0.78,0.3225806451612903,0.6,0.3225806451612903,-0.037049872640319226,-0.09677419354838712
15,direct,3,ENG_01,engineering__INT_GAIT_X_POSTURAL_STABILITY,engineered_representation,final_26,none,all,INT_GAIT_X_POSTURAL_STABILITY,interaction,extra_trees,583,145,48,0.0734848750034871,0.5180344478216818,0.3125,0.4912982705520019,0.5641684704184704,0.6068965517241379,0.696969696969697,0.28125,0.7142857142857143,0.28125,-0.026736177269679917,-0.03125
15,direct,3,ENG_02,engineering__INT_MOTOR_X_COGNITION,engineered_representation,final_26,none,all,INT_MOTOR_X_COGNITION,interaction,extra_trees,583,145,48,0.07403154199710116,0.5180344478216818,0.3125,0.4929364086059956,0.5641684704184704,0.6068965517241379,0.696969696969697,0.28125,0.7142857142857143,0.28125,-0.025098039215686263,-0.03125
15,direct,3,ENG_03,engineering__INT_DURATION_X_MOTOR,engineered_representation,final_26,none,all,INT_DURATION_X_MOTOR,interaction,extra_trees,583,145,48,0.07356383300066227,0.5180344478216818,0.3125,0.494949494949495,0.5675354737854738,0.6137931034482759,0.7070707070707071,0.28125,0.7142857142857143,0.28125,-0.02308495287218687,-0.03125
15,direct,3,ENG_04,engineering__INT_MOBILITY_X_POSTURAL_STABILITY,engineered_representation,final_26,none,all,INT_MOBILITY_X_POSTURAL_STABILITY,interaction,extra_trees,583,145,48,0.08056070800012094,0.5180344478216818,0.3125,0.4965477255886909,0.5675354737854738,0.6137931034482759,0.7070707070707071,0.28125,0.7142857142857143,0.28125,-0.021486722232990918,-0.03125
15,direct,3,ENG_05,engineering__PCA_PART_I_PATIENT_3_80,engineered_representation,final_26,none,all,PCA_PART_I_PATIENT_3_80,pca,extra_trees,583,145,46,0.08130870899913134,0.5180344478216818,0.3125,0.5468677913571492,0.6256463443963444,0.6620689655172414,0.7474747474747475,0.34375,0.7857142857142857,0.34375,0.028833343535467404,0.03125
15,direct,3,ENG_06,engineering__PCA_PART_I_PATIENT_3_90,engineered_representation,final_26,none,all,PCA_PART_I_PATIENT_3_90,pca,extra_trees,583,145,47,0.07372987499911687,0.5180344478216818,0.3125,0.507792130585068,0.5813191438191438,0.6275862068965518,0.7171717171717171,0.3125,0.7142857142857143,0.3125,-0.01024231723661384,0.0
15,direct,3,ENG_07,engineering__PCA_PART_I_PATIENT_3_95,engineered_representation,final_26,none,all,PCA_PART_I_PATIENT_3_95,pca,extra_trees,583,145,47,0.0706272080024064,0.5180344478216818,0.3125,0.507792130585068,0.5813191438191438,0.6275862068965518,0.7171717171717171,0.3125,0.7142857142857143,0.3125,-0.01024231723661384,0.0
15,direct,4,ENG_01,engineering__INT_GAIT_X_POSTURAL_STABILITY,engineered_representation,final_26,none,all,INT_GAIT_X_POSTURAL_STABILITY,interaction,extra_trees,583,145,47,0.07275825000033365,0.4686951199510356,0.34375,0.47774447774447776,0.5172558922558923,0.593103448275862,0.6767676767676768,0.375,0.5,0.375,0.009049357793442181,0.03125
15,direct,4,ENG_02,engineering__INT_MOTOR_X_COGNITION,engineered_representation,final_26,none,all,INT_MOTOR_X_COGNITION,interaction,extra_trees,583,145,47,0.06773549999707029,0.4686951199510356,0.34375,0.4623852061056284,0.4934463684463685,0.5862068965517241,0.6767676767676768,0.375,0.42857142857142855,0.375,-0.006309913845407189,0.03125
15,direct,4,ENG_03,engineering__INT_DURATION_X_MOTOR,engineered_representation,final_26,none,all,INT_DURATION_X_MOTOR,interaction,extra_trees,583,145,47,0.08137383299981593,0.4686951199510356,0.34375,0.4619851983375212,0.4934463684463685,0.5862068965517241,0.6767676767676768,0.375,0.42857142857142855,0.375,-0.006709921613514358,0.03125
15,direct,4,ENG_04,engineering__INT_MOBILITY_X_POSTURAL_STABILITY,engineered_representation,final_26,none,all,INT_MOBILITY_X_POSTURAL_STABILITY,interaction,extra_trees,583,145,47,0.07838870900013717,0.4686951199510356,0.34375,0.46719061083576907,0.5068392255892257,0.5862068965517241,0.6767676767676768,0.34375,0.5,0.34375,-0.0015045091152665058,0.0
15,direct,4,ENG_05,engineering__PCA_PART_I_PATIENT_3_80,engineered_representation,final_26,none,all,PCA_PART_I_PATIENT_3_80,pca,extra_trees,583,145,45,0.06303170799947111,0.4686951199510356,0.34375,0.48068830394411793,0.5206228956228957,0.6,0.6868686868686869,0.375,0.5,0.375,0.011993183993082357,0.03125
15,direct,4,ENG_06,engineering__PCA_PART_I_PATIENT_3_90,engineered_representation,final_26,none,all,PCA_PART_I_PATIENT_3_90,pca,extra_trees,583,145,46,0.06920804100082023,0.4686951199510356,0.34375,0.47275767248407474,0.5098905723905723,0.6068965517241379,0.7171717171717171,0.3125,0.5,0.3125,0.004062552533039165,-0.03125
15,direct,4,ENG_07,engineering__PCA_PART_I_PATIENT_3_95,engineered_representation,final_26,none,all,PCA_PART_I_PATIENT_3_95,pca,extra_trees,583,145,46,0.06617558299694792,0.4686951199510356,0.34375,0.47275767248407474,0.5098905723905723,0.6068965517241379,0.7171717171717171,0.3125,0.5,0.3125,0.004062552533039165,-0.03125
15,stage_1,0,ENG_01,engineering__INT_GAIT_X_POSTURAL_STABILITY,engineered_representation,final_26,none,all,INT_GAIT_X_POSTURAL_STABILITY,interaction,extra_trees,582,146,48,0.06668616699971608,0.631623212783852,0.45652173913043476,0.6466446644664466,0.645,0.6986301369863014,0.79,0.5,,0.5,0.015021451682594611,0.043478260869565244
15,stage_1,0,ENG_02,engineering__INT_MOTOR_X_COGNITION,engineered_representation,final_26,none,all,INT_MOTOR_X_COGNITION,interaction,extra_trees,582,146,48,0.06602437499896041,0.631623212783852,0.45652173913043476,0.6567710896069106,0.6558695652173914,0.7054794520547946,0.79,0.5217391304347826,,0.5217391304347826,0.025147876823058524,0.06521739130434784
15,stage_1,0,ENG_03,engineering__INT_DURATION_X_MOTOR,engineered_representation,final_26,none,all,INT_DURATION_X_MOTOR,interaction,extra_trees,582,146,48,0.07129866700051934,0.631623212783852,0.45652173913043476,0.6667391304347826,0.6667391304347826,0.7123287671232876,0.79,0.5434782608695652,,0.5434782608695652,0.035115917650930584,0.08695652173913043
15,stage_1,0,ENG_04,engineering__INT_MOBILITY_X_POSTURAL_STABILITY,engineered_representation,final_26,none,all,INT_MOBILITY_X_POSTURAL_STABILITY,interaction,extra_trees,582,146,48,0.0631855000028736,0.631623212783852,0.45652173913043476,0.6584224598930482,0.655,0.7123287671232876,0.81,0.5,,0.5,0.026799247109196123,0.043478260869565244
15,stage_1,0,ENG_05,engineering__PCA_PART_I_PATIENT_3_80,engineered_representation,final_26,none,all,PCA_PART_I_PATIENT_3_80,pca,extra_trees,582,146,46,0.07558383300056448,0.631623212783852,0.45652173913043476,0.625891265597148,0.6232608695652174,0.684931506849315,0.79,0.45652173913043476,,0.45652173913043476,-0.005731947186704001,0.0
15,stage_1,0,ENG_06,engineering__PCA_PART_I_PATIENT_3_90,engineered_representation,final_26,none,all,PCA_PART_I_PATIENT_3_90,pca,extra_trees,582,146,47,0.072688250002102,0.631623212783852,0.45652173913043476,0.6201915093817457,0.6182608695652174,0.678082191780822,0.78,0.45652173913043476,,0.45652173913043476,-0.011431703402106308,0.0
15,stage_1,0,ENG_07,engineering__PCA_PART_I_PATIENT_3_95,engineered_representation,final_26,none,all,PCA_PART_I_PATIENT_3_95,pca,extra_trees,582,146,47,0.06548462499995367,0.631623212783852,0.45652173913043476,0.6201915093817457,0.6182608695652174,0.678082191780822,0.78,0.45652173913043476,,0.45652173913043476,-0.011431703402106308,0.0
15,stage_1,1,ENG_01,engineering__INT_GAIT_X_POSTURAL_STABILITY,engineered_representation,final_26,none,all,INT_GAIT_X_POSTURAL_STABILITY,interaction,extra_trees,582,146,48,0.06859941700167838,0.6217816547713455,0.5217391304347826,0.6217816547713455,0.6258695652173913,0.6643835616438356,0.73,0.5217391304347826,,0.5217391304347826,0.0,0.0
15,stage_1,1,ENG_02,engineering__INT_MOTOR_X_COGNITION,engineered_representation,final_26,none,all,INT_MOTOR_X_COGNITION,interaction,extra_trees,582,146,48,0.06589091699788696,0.6217816547713455,0.5217391304347826,0.6313907006101409,0.6367391304347826,0.6712328767123288,0.73,0.5434782608695652,,0.5434782608695652,0.009609045838795405,0.021739130434782594
15,stage_1,1,ENG_03,engineering__INT_DURATION_X_MOTOR,engineered_representation,final_26,none,all,INT_DURATION_X_MOTOR,interaction,extra_trees,582,146,48,0.07204362499760464,0.6217816547713455,0.5217391304347826,0.6160319798022302,0.6208695652173912,0.6575342465753424,0.72,0.5217391304347826,,0.5217391304347826,-0.00574967496911527,0.0
15,stage_1,1,ENG_04,engineering__INT_MOBILITY_X_POSTURAL_STABILITY,engineered_representation,final_26,none,all,INT_MOBILITY_X_POSTURAL_STABILITY,interaction,extra_trees,582,146,48,0.06361741699947743,0.6217816547713455,0.5217391304347826,0.6255822473439054,0.6317391304347826,0.6643835616438356,0.72,0.5434782608695652,,0.5434782608695652,0.0038005925725599354,0.021739130434782594
15,stage_1,1,ENG_05,engineering__PCA_PART_I_PATIENT_3_80,engineered_representation,final_26,none,all,PCA_PART_I_PATIENT_3_80,pca,extra_trees,582,146,46,0.0676568339986261,0.6217816547713455,0.5217391304347826,0.6526566217287867,0.6576086956521738,0.6917808219178082,0.75,0.5652173913043478,,0.5652173913043478,0.030874966957441186,0.04347826086956519
15,stage_1,1,ENG_06,engineering__PCA_PART_I_PATIENT_3_90,engineered_representation,final_26,none,all,PCA_PART_I_PATIENT_3_90,pca,extra_trees,582,146,47,0.06820362500002375,0.6217816547713455,0.5217391304347826,0.6160319798022302,0.6208695652173912,0.6575342465753424,0.72,0.5217391304347826,,0.5217391304347826,-0.00574967496911527,0.0
15,stage_1,1,ENG_07,engineering__PCA_PART_I_PATIENT_3_95,engineered_representation,final_26,none,all,PCA_PART_I_PATIENT_3_95,pca,extra_trees,582,146,47,0.07391391700002714,0.6217816547713455,0.5217391304347826,0.6160319798022302,0.6208695652173912,0.6575342465753424,0.72,0.5217391304347826,,0.5217391304347826,-0.00574967496911527,0.0
15,stage_1,2,ENG_01,engineering__INT_GAIT_X_POSTURAL_STABILITY,engineered_representation,final_26,none,all,INT_GAIT_X_POSTURAL_STABILITY,interaction,extra_trees,582,146,48,0.06690037500084145,0.708184304649695,0.6521739130434783,0.7113545284531124,0.7152173913043478,0.7465753424657534,0.8,0.6304347826086957,,0.6304347826086957,0.0031702238034174712,-0.021739130434782594
15,stage_1,2,ENG_02,engineering__INT_MOTOR_X_COGNITION,engineered_representation,final_26,none,all,INT_MOTOR_X_COGNITION,interaction,extra_trees,582,146,48,0.06854970800122828,0.708184304649695,0.6521739130434783,0.708184304649695,0.7160869565217391,0.7397260273972602,0.78,0.6521739130434783,,0.6521739130434783,0.0,0.0
15,stage_1,2,ENG_03,engineering__INT_DURATION_X_MOTOR,engineered_representation,final_26,none,all,INT_DURATION_X_MOTOR,interaction,extra_trees,582,146,48,0.06564233300014166,0.708184304649695,0.6521739130434783,0.6989690721649484,0.7052173913043478,0.7328767123287672,0.78,0.6304347826086957,,0.6304347826086957,-0.009215232484746538,-0.021739130434782594
15,stage_1,2,ENG_04,engineering__INT_MOBILITY_X_POSTURAL_STABILITY,engineered_representation,final_26,none,all,INT_MOBILITY_X_POSTURAL_STABILITY,interaction,extra_trees,582,146,48,0.06797012500101118,0.708184304649695,0.6521739130434783,0.7019940336002513,0.7110869565217391,0.7328767123287672,0.77,0.6521739130434783,,0.6521739130434783,-0.006190271049443696,0.0
15,stage_1,2,ENG_05,engineering__PCA_PART_I_PATIENT_3_80,engineered_representation,final_26,none,all,PCA_PART_I_PATIENT_3_80,pca,extra_trees,582,146,46,0.06637254200177267,0.708184304649695,0.6521739130434783,0.7051445578231292,0.7102173913043479,0.7397260273972602,0.79,0.6304347826086957,,0.6304347826086957,-0.0030397468265657146,-0.021739130434782594
15,stage_1,2,ENG_06,engineering__PCA_PART_I_PATIENT_3_90,engineered_representation,final_26,none,all,PCA_PART_I_PATIENT_3_90,pca,extra_trees,582,146,47,0.06781824999779928,0.708184304649695,0.6521739130434783,0.6774668630338734,0.6843478260869565,0.7123287671232876,0.76,0.6086956521739131,,0.6086956521739131,-0.030717441615821572,-0.04347826086956519
15,stage_1,2,ENG_07,engineering__PCA_PART_I_PATIENT_3_95,engineered_representation,final_26,none,all,PCA_PART_I_PATIENT_3_95,pca,extra_trees,582,146,47,0.07553583300250466,0.708184304649695,0.6521739130434783,0.6774668630338734,0.6843478260869565,0.7123287671232876,0.76,0.6086956521739131,,0.6086956521739131,-0.030717441615821572,-0.04347826086956519
15,stage_1,3,ENG_01,engineering__INT_GAIT_X_POSTURAL_STABILITY,engineered_representation,final_26,none,all,INT_GAIT_X_POSTURAL_STABILITY,interaction,extra_trees,583,145,48,0.07038954200106673,0.7685971685971686,0.8043478260869565,0.7621000820344545,0.7860122968818621,0.7793103448275862,0.7676767676767676,0.8043478260869565,,0.8043478260869565,-0.006497086562714194,0.0
15,stage_1,3,ENG_02,engineering__INT_MOTOR_X_COGNITION,engineered_representation,final_26,none,all,INT_MOTOR_X_COGNITION,interaction,extra_trees,583,145,48,0.07345216699832235,0.7685971685971686,0.8043478260869565,0.7621000820344545,0.7860122968818621,0.7793103448275862,0.7676767676767676,0.8043478260869565,,0.8043478260869565,-0.006497086562714194,0.0
15,stage_1,3,ENG_03,engineering__INT_DURATION_X_MOTOR,engineered_representation,final_26,none,all,INT_DURATION_X_MOTOR,interaction,extra_trees,583,145,48,0.06554629099991871,0.7685971685971686,0.8043478260869565,0.7621000820344545,0.7860122968818621,0.7793103448275862,0.7676767676767676,0.8043478260869565,,0.8043478260869565,-0.006497086562714194,0.0
15,stage_1,3,ENG_04,engineering__INT_MOBILITY_X_POSTURAL_STABILITY,engineered_representation,final_26,none,all,INT_MOBILITY_X_POSTURAL_STABILITY,interaction,extra_trees,583,145,48,0.06861362500058021,0.7685971685971686,0.8043478260869565,0.7491859991859993,0.775911286780852,0.7655172413793103,0.7474747474747475,0.8043478260869565,,0.8043478260869565,-0.019411169411169382,0.0
15,stage_1,3,ENG_05,engineering__PCA_PART_I_PATIENT_3_80,engineered_representation,final_26,none,all,PCA_PART_I_PATIENT_3_80,pca,extra_trees,583,145,46,0.08167666699955589,0.7685971685971686,0.8043478260869565,0.7556304580971349,0.780961791831357,0.7724137931034483,0.7575757575757576,0.8043478260869565,,0.8043478260869565,-0.012966710500033729,0.0
15,stage_1,3,ENG_06,engineering__PCA_PART_I_PATIENT_3_90,engineered_representation,final_26,none,all,PCA_PART_I_PATIENT_3_90,pca,extra_trees,583,145,47,0.07213016699824948,0.7685971685971686,0.8043478260869565,0.7556304580971349,0.780961791831357,0.7724137931034483,0.7575757575757576,0.8043478260869565,,0.8043478260869565,-0.012966710500033729,0.0
15,stage_1,3,ENG_07,engineering__PCA_PART_I_PATIENT_3_95,engineered_representation,final_26,none,all,PCA_PART_I_PATIENT_3_95,pca,extra_trees,583,145,47,0.07017012500000419,0.7685971685971686,0.8043478260869565,0.7556304580971349,0.780961791831357,0.7724137931034483,0.7575757575757576,0.8043478260869565,,0.8043478260869565,-0.012966710500033729,0.0
15,stage_1,4,ENG_01,engineering__INT_GAIT_X_POSTURAL_STABILITY,engineered_representation,final_26,none,all,INT_GAIT_X_POSTURAL_STABILITY,interaction,extra_trees,583,145,47,0.07288662499922793,0.6489473684210527,0.5869565217391305,0.6461762109963138,0.6578831796223101,0.6758620689655173,0.7070707070707071,0.6086956521739131,,0.6086956521739131,-0.0027711574247388793,0.021739130434782594
15,stage_1,4,ENG_02,engineering__INT_MOTOR_X_COGNITION,engineered_representation,final_26,none,all,INT_MOTOR_X_COGNITION,interaction,extra_trees,583,145,47,0.06953158299802453,0.6489473684210527,0.5869565217391305,0.6370463078848561,0.6470136144049188,0.6689655172413793,0.7070707070707071,0.5869565217391305,,0.5869565217391305,-0.011901060536196661,0.0
15,stage_1,4,ENG_03,engineering__INT_DURATION_X_MOTOR,engineered_representation,final_26,none,all,INT_DURATION_X_MOTOR,interaction,extra_trees,583,145,47,0.06800733300042339,0.6489473684210527,0.5869565217391305,0.6370463078848561,0.6470136144049188,0.6689655172413793,0.7070707070707071,0.5869565217391305,,0.5869565217391305,-0.011901060536196661,0.0
15,stage_1,4,ENG_04,engineering__INT_MOBILITY_X_POSTURAL_STABILITY,engineered_representation,final_26,none,all,INT_MOBILITY_X_POSTURAL_STABILITY,interaction,extra_trees,583,145,47,0.06968625000081374,0.6489473684210527,0.5869565217391305,0.6370463078848561,0.6470136144049188,0.6689655172413793,0.7070707070707071,0.5869565217391305,,0.5869565217391305,-0.011901060536196661,0.0
15,stage_1,4,ENG_05,engineering__PCA_PART_I_PATIENT_3_80,engineered_representation,final_26,none,all,PCA_PART_I_PATIENT_3_80,pca,extra_trees,583,145,45,0.06552595799803385,0.6489473684210527,0.5869565217391305,0.6401985111662531,0.652832674571805,0.6689655172413793,0.696969696969697,0.6086956521739131,,0.6086956521739131,-0.008748857254799569,0.021739130434782594
15,stage_1,4,ENG_06,engineering__PCA_PART_I_PATIENT_3_90,engineered_representation,final_26,none,all,PCA_PART_I_PATIENT_3_90,pca,extra_trees,583,145,46,0.0704502920016239,0.6489473684210527,0.5869565217391305,0.6609268707482994,0.667215634606939,0.696551724137931,0.7474747474747475,0.5869565217391305,,0.5869565217391305,0.01197950232724665,0.0
15,stage_1,4,ENG_07,engineering__PCA_PART_I_PATIENT_3_95,engineered_representation,final_26,none,all,PCA_PART_I_PATIENT_3_95,pca,extra_trees,583,145,46,0.06762854199769208,0.6489473684210527,0.5869565217391305,0.6609268707482994,0.667215634606939,0.696551724137931,0.7474747474747475,0.5869565217391305,,0.5869565217391305,0.01197950232724665,0.0
15,stage_2,0,ENG_01,engineering__INT_GAIT_X_POSTURAL_STABILITY,engineered_representation,final_26,none,all,INT_GAIT_X_POSTURAL_STABILITY,interaction,extra_trees,184,46,47,0.06511391700041713,0.731934731934732,0.875,0.731934731934732,0.7232142857142857,0.782608695652174,0.875,0.5714285714285714,,0.875,0.0,0.0
15,stage_2,0,ENG_02,engineering__INT_MOTOR_X_COGNITION,engineered_representation,final_26,none,all,INT_MOTOR_X_COGNITION,interaction,extra_trees,184,46,47,0.06697504100156948,0.731934731934732,0.875,0.731934731934732,0.7232142857142857,0.782608695652174,0.875,0.5714285714285714,,0.875,0.0,0.0
15,stage_2,0,ENG_03,engineering__INT_DURATION_X_MOTOR,engineered_representation,final_26,none,all,INT_DURATION_X_MOTOR,interaction,extra_trees,184,46,47,0.07388254200122901,0.731934731934732,0.875,0.731934731934732,0.7232142857142857,0.782608695652174,0.875,0.5714285714285714,,0.875,0.0,0.0
15,stage_2,0,ENG_04,engineering__INT_MOBILITY_X_POSTURAL_STABILITY,engineered_representation,final_26,none,all,INT_MOBILITY_X_POSTURAL_STABILITY,interaction,extra_trees,184,46,47,0.06999604199882015,0.731934731934732,0.875,0.731934731934732,0.7232142857142857,0.782608695652174,0.875,0.5714285714285714,,0.875,0.0,0.0
15,stage_2,0,ENG_05,engineering__PCA_PART_I_PATIENT_3_80,engineered_representation,final_26,none,all,PCA_PART_I_PATIENT_3_80,pca,extra_trees,184,46,45,0.06962612499773968,0.731934731934732,0.875,0.731934731934732,0.7232142857142857,0.782608695652174,0.875,0.5714285714285714,,0.875,0.0,0.0
15,stage_2,0,ENG_06,engineering__PCA_PART_I_PATIENT_3_90,engineered_representation,final_26,none,all,PCA_PART_I_PATIENT_3_90,pca,extra_trees,184,46,46,0.06873470799837378,0.731934731934732,0.875,0.7528358208955224,0.7388392857142857,0.8043478260869565,0.90625,0.5714285714285714,,0.90625,0.02090108896079035,0.03125
15,stage_2,0,ENG_07,engineering__PCA_PART_I_PATIENT_3_95,engineered_representation,final_26,none,all,PCA_PART_I_PATIENT_3_95,pca,extra_trees,184,46,46,0.06466100000034203,0.731934731934732,0.875,0.7528358208955224,0.7388392857142857,0.8043478260869565,0.90625,0.5714285714285714,,0.90625,0.02090108896079035,0.03125
15,stage_2,1,ENG_01,engineering__INT_GAIT_X_POSTURAL_STABILITY,engineered_representation,final_26,none,all,INT_GAIT_X_POSTURAL_STABILITY,interaction,extra_trees,184,46,47,0.054627375000563916,0.5710955710955711,0.78125,0.5379464285714286,0.5379464285714286,0.6086956521739131,0.71875,0.35714285714285715,,0.71875,-0.03314914252414247,-0.0625
15,stage_2,1,ENG_02,engineering__INT_MOTOR_X_COGNITION,engineered_representation,final_26,none,all,INT_MOTOR_X_COGNITION,interaction,extra_trees,184,46,47,0.06672275000164518,0.5710955710955711,0.78125,0.5379464285714286,0.5379464285714286,0.6086956521739131,0.71875,0.35714285714285715,,0.71875,-0.03314914252414247,-0.0625
15,stage_2,1,ENG_03,engineering__INT_DURATION_X_MOTOR,engineered_representation,final_26,none,all,INT_DURATION_X_MOTOR,interaction,extra_trees,184,46,47,0.06954158299777191,0.5710955710955711,0.78125,0.5379464285714286,0.5379464285714286,0.6086956521739131,0.71875,0.35714285714285715,,0.71875,-0.03314914252414247,-0.0625
15,stage_2,1,ENG_04,engineering__INT_MOBILITY_X_POSTURAL_STABILITY,engineered_representation,final_26,none,all,INT_MOBILITY_X_POSTURAL_STABILITY,interaction,extra_trees,184,46,47,0.0630237080004008,0.5710955710955711,0.78125,0.5892857142857143,0.5892857142857143,0.6521739130434783,0.75,0.42857142857142855,,0.75,0.018190143190143226,-0.03125
15,stage_2,1,ENG_05,engineering__PCA_PART_I_PATIENT_3_80,engineered_representation,final_26,none,all,PCA_PART_I_PATIENT_3_80,pca,extra_trees,184,46,46,0.06724525000026915,0.5710955710955711,0.78125,0.5379464285714286,0.5379464285714286,0.6086956521739131,0.71875,0.35714285714285715,,0.71875,-0.03314914252414247,-0.0625
15,stage_2,1,ENG_06,engineering__PCA_PART_I_PATIENT_3_90,engineered_representation,final_26,none,all,PCA_PART_I_PATIENT_3_90,pca,extra_trees,184,46,46,0.07479354199676891,0.5710955710955711,0.78125,0.5379464285714286,0.5379464285714286,0.6086956521739131,0.71875,0.35714285714285715,,0.71875,-0.03314914252414247,-0.0625
15,stage_2,1,ENG_07,engineering__PCA_PART_I_PATIENT_3_95,engineered_representation,final_26,none,all,PCA_PART_I_PATIENT_3_95,pca,extra_trees,184,46,46,0.05871179099995061,0.5710955710955711,0.78125,0.5379464285714286,0.5379464285714286,0.6086956521739131,0.71875,0.35714285714285715,,0.71875,-0.03314914252414247,-0.0625
15,stage_2,2,ENG_01,engineering__INT_GAIT_X_POSTURAL_STABILITY,engineered_representation,final_26,none,all,INT_GAIT_X_POSTURAL_STABILITY,interaction,extra_trees,184,46,47,0.07177395899998373,0.7032258064516128,0.8064516129032258,0.7604166666666667,0.7698924731182795,0.782608695652174,0.8064516129032258,0.7333333333333333,,0.8064516129032258,0.05719086021505393,0.0
15,stage_2,2,ENG_02,engineering__INT_MOTOR_X_COGNITION,engineered_representation,final_26,none,all,INT_MOTOR_X_COGNITION,interaction,extra_trees,184,46,47,0.07076279200191493,0.7032258064516128,0.8064516129032258,0.7032258064516128,0.7032258064516128,0.7391304347826086,0.8064516129032258,0.6,,0.8064516129032258,0.0,0.0
15,stage_2,2,ENG_03,engineering__INT_DURATION_X_MOTOR,engineered_representation,final_26,none,all,INT_DURATION_X_MOTOR,interaction,extra_trees,184,46,47,0.06588875000306871,0.7032258064516128,0.8064516129032258,0.7604166666666667,0.7698924731182795,0.782608695652174,0.8064516129032258,0.7333333333333333,,0.8064516129032258,0.05719086021505393,0.0
15,stage_2,2,ENG_04,engineering__INT_MOBILITY_X_POSTURAL_STABILITY,engineered_representation,final_26,none,all,INT_MOBILITY_X_POSTURAL_STABILITY,interaction,extra_trees,184,46,47,0.070331791001081,0.7032258064516128,0.8064516129032258,0.7604166666666667,0.7698924731182795,0.782608695652174,0.8064516129032258,0.7333333333333333,,0.8064516129032258,0.05719086021505393,0.0
15,stage_2,2,ENG_05,engineering__PCA_PART_I_PATIENT_3_80,engineered_representation,final_26,none,all,PCA_PART_I_PATIENT_3_80,pca,extra_trees,184,46,46,0.06469216699770186,0.7032258064516128,0.8064516129032258,0.7032258064516128,0.7032258064516128,0.7391304347826086,0.8064516129032258,0.6,,0.8064516129032258,0.0,0.0
15,stage_2,2,ENG_06,engineering__PCA_PART_I_PATIENT_3_90,engineered_representation,final_26,none,all,PCA_PART_I_PATIENT_3_90,pca,extra_trees,184,46,46,0.07188929100084351,0.7032258064516128,0.8064516129032258,0.7032258064516128,0.7032258064516128,0.7391304347826086,0.8064516129032258,0.6,,0.8064516129032258,0.0,0.0
15,stage_2,2,ENG_07,engineering__PCA_PART_I_PATIENT_3_95,engineered_representation,final_26,none,all,PCA_PART_I_PATIENT_3_95,pca,extra_trees,184,46,46,0.06623958299678634,0.7032258064516128,0.8064516129032258,0.7032258064516128,0.7032258064516128,0.7391304347826086,0.8064516129032258,0.6,,0.8064516129032258,0.0,0.0
15,stage_2,3,ENG_01,engineering__INT_GAIT_X_POSTURAL_STABILITY,engineered_representation,final_26,none,all,INT_GAIT_X_POSTURAL_STABILITY,interaction,extra_trees,184,46,47,0.06529429200236336,0.601923076923077,0.53125,0.5964912280701754,0.6383928571428572,0.6086956521739131,0.5625,0.7142857142857143,,0.5625,-0.0054318488529016,0.03125
15,stage_2,3,ENG_02,engineering__INT_MOTOR_X_COGNITION,engineered_representation,final_26,none,all,INT_MOTOR_X_COGNITION,interaction,extra_trees,184,46,47,0.0644405410021136,0.601923076923077,0.53125,0.6157248157248157,0.6540178571428572,0.6304347826086957,0.59375,0.7142857142857143,,0.59375,0.013801738801738739,0.0625
15,stage_2,3,ENG_03,engineering__INT_DURATION_X_MOTOR,engineered_representation,final_26,none,all,INT_DURATION_X_MOTOR,interaction,extra_trees,184,46,47,0.07413995800015982,0.601923076923077,0.53125,0.5964912280701754,0.6383928571428572,0.6086956521739131,0.5625,0.7142857142857143,,0.5625,-0.0054318488529016,0.03125
15,stage_2,3,ENG_04,engineering__INT_MOBILITY_X_POSTURAL_STABILITY,engineered_representation,final_26,none,all,INT_MOBILITY_X_POSTURAL_STABILITY,interaction,extra_trees,184,46,47,0.07453245799842989,0.601923076923077,0.53125,0.6157248157248157,0.6540178571428572,0.6304347826086957,0.59375,0.7142857142857143,,0.59375,0.013801738801738739,0.0625
15,stage_2,3,ENG_05,engineering__PCA_PART_I_PATIENT_3_80,engineered_representation,final_26,none,all,PCA_PART_I_PATIENT_3_80,pca,extra_trees,184,46,45,0.06783158300095238,0.601923076923077,0.53125,0.5964912280701754,0.6383928571428572,0.6086956521739131,0.5625,0.7142857142857143,,0.5625,-0.0054318488529016,0.03125
15,stage_2,3,ENG_06,engineering__PCA_PART_I_PATIENT_3_90,engineered_representation,final_26,none,all,PCA_PART_I_PATIENT_3_90,pca,extra_trees,184,46,46,0.07262624999930267,0.601923076923077,0.53125,0.5516569200779727,0.5870535714285714,0.5652173913043478,0.53125,0.6428571428571429,,0.53125,-0.05026615684510427,0.0
15,stage_2,3,ENG_07,engineering__PCA_PART_I_PATIENT_3_95,engineered_representation,final_26,none,all,PCA_PART_I_PATIENT_3_95,pca,extra_trees,184,46,46,0.07464624999920488,0.601923076923077,0.53125,0.5516569200779727,0.5870535714285714,0.5652173913043478,0.53125,0.6428571428571429,,0.53125,-0.05026615684510427,0.0
15,stage_2,4,ENG_01,engineering__INT_GAIT_X_POSTURAL_STABILITY,engineered_representation,final_26,none,all,INT_GAIT_X_POSTURAL_STABILITY,interaction,extra_trees,184,46,47,0.07508387499910896,0.6247086247086246,0.8125,0.6068376068376069,0.6049107142857143,0.6739130434782609,0.78125,0.42857142857142855,,0.78125,-0.017871017871017747,-0.03125
15,stage_2,4,ENG_02,engineering__INT_MOTOR_X_COGNITION,engineered_representation,final_26,none,all,INT_MOTOR_X_COGNITION,interaction,extra_trees,184,46,47,0.06727033399874927,0.6247086247086246,0.8125,0.6247086247086246,0.6205357142857143,0.6956521739130435,0.8125,0.42857142857142855,,0.8125,0.0,0.0
15,stage_2,4,ENG_03,engineering__INT_DURATION_X_MOTOR,engineered_representation,final_26,none,all,INT_DURATION_X_MOTOR,interaction,extra_trees,184,46,47,0.06034558299870696,0.6247086247086246,0.8125,0.6247086247086246,0.6205357142857143,0.6956521739130435,0.8125,0.42857142857142855,,0.8125,0.0,0.0
15,stage_2,4,ENG_04,engineering__INT_MOBILITY_X_POSTURAL_STABILITY,engineered_representation,final_26,none,all,INT_MOBILITY_X_POSTURAL_STABILITY,interaction,extra_trees,184,46,47,0.07656283400137909,0.6247086247086246,0.8125,0.6592592592592592,0.65625,0.717391304347826,0.8125,0.5,,0.8125,0.03455063455063456,0.0
15,stage_2,4,ENG_05,engineering__PCA_PART_I_PATIENT_3_80,engineered_representation,final_26,none,all,PCA_PART_I_PATIENT_3_80,pca,extra_trees,184,46,45,0.07420883299710113,0.6247086247086246,0.8125,0.6247086247086246,0.6205357142857143,0.6956521739130435,0.8125,0.42857142857142855,,0.8125,0.0,0.0
15,stage_2,4,ENG_06,engineering__PCA_PART_I_PATIENT_3_90,engineered_representation,final_26,none,all,PCA_PART_I_PATIENT_3_90,pca,extra_trees,184,46,46,0.06821791699985624,0.6247086247086246,0.8125,0.6247086247086246,0.6205357142857143,0.6956521739130435,0.8125,0.42857142857142855,,0.8125,0.0,0.0
15,stage_2,4,ENG_07,engineering__PCA_PART_I_PATIENT_3_95,engineered_representation,final_26,none,all,PCA_PART_I_PATIENT_3_95,pca,extra_trees,184,46,46,0.07199491599749308,0.6247086247086246,0.8125,0.6247086247086246,0.6205357142857143,0.6956521739130435,0.8125,0.42857142857142855,,0.8125,0.0,0.0
16,direct,0,ENG_01,engineering__INT_GAIT_X_POSTURAL_STABILITY,engineered_representation,final_26,none,all,INT_GAIT_X_POSTURAL_STABILITY,interaction,extra_trees,582,146,47,0.07782199999928707,0.47450883316417886,0.15625,0.5271860121626193,0.5542261904761905,0.6712328767123288,0.81,0.28125,0.5714285714285714,0.28125,0.05267717899844043,0.125
16,direct,0,ENG_02,engineering__INT_MOTOR_X_COGNITION,engineered_representation,final_26,none,all,INT_MOTOR_X_COGNITION,interaction,extra_trees,582,146,47,0.07319700000152807,0.47450883316417886,0.15625,0.5336443542934415,0.5575595238095238,0.678082191780822,0.82,0.28125,0.5714285714285714,0.28125,0.059135521129262625,0.125
16,direct,0,ENG_03,engineering__INT_DURATION_X_MOTOR,engineered_representation,final_26,none,all,INT_DURATION_X_MOTOR,interaction,extra_trees,582,146,47,0.07006633399942075,0.47450883316417886,0.15625,0.5262230144583085,0.5508928571428572,0.6643835616438356,0.8,0.28125,0.5714285714285714,0.28125,0.05171418129412969,0.125
16,direct,0,ENG_04,engineering__INT_MOBILITY_X_POSTURAL_STABILITY,engineered_representation,final_26,none,all,INT_MOBILITY_X_POSTURAL_STABILITY,interaction,extra_trees,582,146,47,0.08107604199904017,0.47450883316417886,0.15625,0.5390891622931544,0.574702380952381,0.6712328767123288,0.8,0.28125,0.6428571428571429,0.28125,0.06458032912897554,0.125
16,direct,0,ENG_05,engineering__PCA_PART_I_PATIENT_3_80,engineered_representation,final_26,none,all,PCA_PART_I_PATIENT_3_80,pca,extra_trees,582,146,45,0.07157254100093269,0.47450883316417886,0.15625,0.49592692808773214,0.543452380952381,0.6506849315068494,0.8,0.1875,0.6428571428571429,0.1875,0.021418094923553288,0.03125
16,direct,0,ENG_06,engineering__PCA_PART_I_PATIENT_3_90,engineered_representation,final_26,none,all,PCA_PART_I_PATIENT_3_90,pca,extra_trees,582,146,46,0.06674479199864436,0.47450883316417886,0.15625,0.4920087551666499,0.5267261904761905,0.6438356164383562,0.79,0.21875,0.5714285714285714,0.21875,0.017499922002471024,0.0625
16,direct,0,ENG_07,engineering__PCA_PART_I_PATIENT_3_95,engineered_representation,final_26,none,all,PCA_PART_I_PATIENT_3_95,pca,extra_trees,582,146,46,0.07383566699718358,0.47450883316417886,0.15625,0.4920087551666499,0.5267261904761905,0.6438356164383562,0.79,0.21875,0.5714285714285714,0.21875,0.017499922002471024,0.0625
16,direct,1,ENG_01,engineering__INT_GAIT_X_POSTURAL_STABILITY,engineered_representation,final_26,none,all,INT_GAIT_X_POSTURAL_STABILITY,interaction,extra_trees,582,146,47,0.07016745900182286,0.476923076923077,0.1875,0.5245958032335741,0.6190476190476191,0.6506849315068494,0.75,0.25,0.8571428571428571,0.25,0.04767272631049713,0.0625
16,direct,1,ENG_02,engineering__INT_MOTOR_X_COGNITION,engineered_representation,final_26,none,all,INT_MOTOR_X_COGNITION,interaction,extra_trees,582,146,47,0.08059529200181714,0.476923076923077,0.1875,0.49926779313876085,0.5885714285714285,0.6301369863013698,0.73,0.25,0.7857142857142857,0.25,0.022344716215683846,0.0625
16,direct,1,ENG_03,engineering__INT_DURATION_X_MOTOR,engineered_representation,final_26,none,all,INT_DURATION_X_MOTOR,interaction,extra_trees,582,146,47,0.07354529199801618,0.476923076923077,0.1875,0.4629587948122909,0.5439285714285714,0.6095890410958904,0.73,0.1875,0.7142857142857143,0.1875,-0.013964282110786097,0.0
16,direct,1,ENG_04,engineering__INT_MOBILITY_X_POSTURAL_STABILITY,engineered_representation,final_26,none,all,INT_MOBILITY_X_POSTURAL_STABILITY,interaction,extra_trees,582,146,47,0.07603183299943339,0.476923076923077,0.1875,0.48691622103386817,0.5781547619047619,0.6232876712328768,0.73,0.21875,0.7857142857142857,0.21875,0.009993144110791163,0.03125
16,direct,1,ENG_05,engineering__PCA_PART_I_PATIENT_3_80,engineered_representation,final_26,none,all,PCA_PART_I_PATIENT_3_80,pca,extra_trees,582,146,45,0.07675150000068243,0.476923076923077,0.1875,0.5446704566201421,0.6398809523809524,0.6643835616438356,0.75,0.3125,0.8571428571428571,0.3125,0.06774737969706512,0.125
16,direct,1,ENG_06,engineering__PCA_PART_I_PATIENT_3_90,engineered_representation,final_26,none,all,PCA_PART_I_PATIENT_3_90,pca,extra_trees,582,146,46,0.08233454099899973,0.476923076923077,0.1875,0.49355183668909164,0.5814880952380953,0.6301369863013698,0.74,0.21875,0.7857142857142857,0.21875,0.016628759766014634,0.03125
16,direct,1,ENG_07,engineering__PCA_PART_I_PATIENT_3_95,engineered_representation,final_26,none,all,PCA_PART_I_PATIENT_3_95,pca,extra_trees,582,146,46,0.07548174999828916,0.476923076923077,0.1875,0.49355183668909164,0.5814880952380953,0.6301369863013698,0.74,0.21875,0.7857142857142857,0.21875,0.016628759766014634,0.03125
16,direct,2,ENG_01,engineering__INT_GAIT_X_POSTURAL_STABILITY,engineered_representation,final_26,none,all,INT_GAIT_X_POSTURAL_STABILITY,interaction,extra_trees,582,146,47,0.07604037500277627,0.4032544868610442,0.12903225806451613,0.36816674230178287,0.4052329749103943,0.5,0.62,0.12903225806451613,0.4666666666666667,0.12903225806451613,-0.035087744559261336,0.0
16,direct,2,ENG_02,engineering__INT_MOTOR_X_COGNITION,engineered_representation,final_26,none,all,INT_MOTOR_X_COGNITION,interaction,extra_trees,582,146,47,0.06972795799811138,0.4032544868610442,0.12903225806451613,0.3729514565580139,0.4052329749103943,0.5,0.62,0.12903225806451613,0.4666666666666667,0.12903225806451613,-0.030303030303030276,0.0
16,direct,2,ENG_03,engineering__INT_DURATION_X_MOTOR,engineered_representation,final_26,none,all,INT_DURATION_X_MOTOR,interaction,extra_trees,582,146,47,0.07108991700079059,0.4032544868610442,0.12903225806451613,0.41929469361609645,0.4563799283154122,0.5205479452054794,0.61,0.22580645161290322,0.5333333333333333,0.22580645161290322,0.016040206755052244,0.0967741935483871
16,direct,2,ENG_04,engineering__INT_MOBILITY_X_POSTURAL_STABILITY,engineered_representation,final_26,none,all,INT_MOBILITY_X_POSTURAL_STABILITY,interaction,extra_trees,582,146,47,0.07850491600038367,0.4032544868610442,0.12903225806451613,0.36672058004751434,0.39043010752688173,0.4931506849315068,0.61,0.16129032258064516,0.4,0.16129032258064516,-0.03653390681352986,0.03225806451612903
16,direct,2,ENG_05,engineering__PCA_PART_I_PATIENT_3_80,engineered_representation,final_26,none,all,PCA_PART_I_PATIENT_3_80,pca,extra_trees,582,146,45,0.0727419170034409,0.4032544868610442,0.12903225806451613,0.4374623166074898,0.47971326164874556,0.5684931506849316,0.68,0.22580645161290322,0.5333333333333333,0.22580645161290322,0.034207829746445595,0.0967741935483871
16,direct,2,ENG_06,engineering__PCA_PART_I_PATIENT_3_90,engineered_representation,final_26,none,all,PCA_PART_I_PATIENT_3_90,pca,extra_trees,582,146,46,0.07578037500206847,0.4032544868610442,0.12903225806451613,0.40540668871971003,0.433405017921147,0.5273972602739726,0.64,0.1935483870967742,0.4666666666666667,0.1935483870967742,0.0021522018586658254,0.06451612903225806
16,direct,2,ENG_07,engineering__PCA_PART_I_PATIENT_3_95,engineered_representation,final_26,none,all,PCA_PART_I_PATIENT_3_95,pca,extra_trees,582,146,46,0.07860516700020526,0.4032544868610442,0.12903225806451613,0.40540668871971003,0.433405017921147,0.5273972602739726,0.64,0.1935483870967742,0.4666666666666667,0.1935483870967742,0.0021522018586658254,0.06451612903225806
16,direct,3,ENG_01,engineering__INT_GAIT_X_POSTURAL_STABILITY,engineered_representation,final_26,none,all,INT_GAIT_X_POSTURAL_STABILITY,interaction,extra_trees,583,145,47,0.08127575000253273,0.4983726882031967,0.25,0.5139452449797277,0.5535113035113035,0.6413793103448275,0.7676767676767676,0.25,0.6428571428571429,0.25,0.015572556776531021,0.0
16,direct,3,ENG_02,engineering__INT_MOTOR_X_COGNITION,engineered_representation,final_26,none,all,INT_MOTOR_X_COGNITION,interaction,extra_trees,583,145,47,0.06975645899728988,0.4983726882031967,0.25,0.5025369085519461,0.5430946368446369,0.6344827586206897,0.7676767676767676,0.21875,0.6428571428571429,0.21875,0.0041642203487494145,-0.03125
16,direct,3,ENG_03,engineering__INT_DURATION_X_MOTOR,engineered_representation,final_26,none,all,INT_DURATION_X_MOTOR,interaction,extra_trees,583,145,47,0.07287112500125659,0.4983726882031967,0.25,0.49961615751089433,0.533068783068783,0.6413793103448275,0.7777777777777778,0.25,0.5714285714285714,0.25,0.0012434693076976422,0.0
16,direct,3,ENG_04,engineering__INT_MOBILITY_X_POSTURAL_STABILITY,engineered_representation,final_26,none,all,INT_MOBILITY_X_POSTURAL_STABILITY,interaction,extra_trees,583,145,47,0.07820895799886785,0.4983726882031967,0.25,0.5116362334407446,0.5535113035113035,0.6413793103448275,0.7676767676767676,0.25,0.6428571428571429,0.25,0.013263545237547913,0.0
16,direct,3,ENG_05,engineering__PCA_PART_I_PATIENT_3_80,engineered_representation,final_26,none,all,PCA_PART_I_PATIENT_3_80,pca,extra_trees,583,145,45,0.07046920799984946,0.4983726882031967,0.25,0.4939788840403321,0.5260191197691197,0.6413793103448275,0.7878787878787878,0.21875,0.5714285714285714,0.21875,-0.004393804162864612,-0.03125
16,direct,3,ENG_06,engineering__PCA_PART_I_PATIENT_3_90,engineered_representation,final_26,none,all,PCA_PART_I_PATIENT_3_90,pca,extra_trees,583,145,46,0.07684095799777424,0.4983726882031967,0.25,0.4907407407407407,0.5226521164021164,0.6344827586206897,0.7777777777777778,0.21875,0.5714285714285714,0.21875,-0.00763194746245599,-0.03125
16,direct,3,ENG_07,engineering__PCA_PART_I_PATIENT_3_95,engineered_representation,final_26,none,all,PCA_PART_I_PATIENT_3_95,pca,extra_trees,583,145,46,0.07076720799886971,0.4983726882031967,0.25,0.4907407407407407,0.5226521164021164,0.6344827586206897,0.7777777777777778,0.21875,0.5714285714285714,0.21875,-0.00763194746245599,-0.03125
16,direct,4,ENG_01,engineering__INT_GAIT_X_POSTURAL_STABILITY,engineered_representation,final_26,none,all,INT_GAIT_X_POSTURAL_STABILITY,interaction,extra_trees,583,145,47,0.07438654200086603,0.5495086923658352,0.25,0.5560379293561396,0.6417748917748919,0.696551724137931,0.8181818181818182,0.25,0.8571428571428571,0.25,0.006529236990304388,0.0
16,direct,4,ENG_02,engineering__INT_MOTOR_X_COGNITION,engineered_representation,final_26,none,all,INT_MOTOR_X_COGNITION,interaction,extra_trees,583,145,47,0.06552562499928172,0.5495086923658352,0.25,0.567075436640654,0.648824555074555,0.696551724137931,0.8080808080808081,0.28125,0.8571428571428571,0.28125,0.017566744274818746,0.03125
16,direct,4,ENG_03,engineering__INT_DURATION_X_MOTOR,engineered_representation,final_26,none,all,INT_DURATION_X_MOTOR,interaction,extra_trees,583,145,47,0.0724520420008048,0.5495086923658352,0.25,0.5176844840057275,0.5837391774891776,0.6758620689655173,0.8181818181818182,0.21875,0.7142857142857143,0.21875,-0.031824208360107686,-0.03125
16,direct,4,ENG_04,engineering__INT_MOBILITY_X_POSTURAL_STABILITY,engineered_representation,final_26,none,all,INT_MOBILITY_X_POSTURAL_STABILITY,interaction,extra_trees,583,145,47,0.06833900000128779,0.5495086923658352,0.25,0.5804666795940792,0.6592412217412217,0.7034482758620689,0.8080808080808081,0.3125,0.8571428571428571,0.3125,0.030957987228243944,0.0625
16,direct,4,ENG_05,engineering__PCA_PART_I_PATIENT_3_80,engineered_representation,final_26,none,all,PCA_PART_I_PATIENT_3_80,pca,extra_trees,583,145,45,0.06623795800260268,0.5495086923658352,0.25,0.5420962199312714,0.6210167147667147,0.7103448275862069,0.8585858585858586,0.21875,0.7857142857142857,0.21875,-0.007412472434563777,-0.03125
16,direct,4,ENG_06,engineering__PCA_PART_I_PATIENT_3_90,engineered_representation,final_26,none,all,PCA_PART_I_PATIENT_3_90,pca,extra_trees,583,145,46,0.06859908399928827,0.5495086923658352,0.25,0.5773053407409475,0.6418500481000481,0.7241379310344828,0.8585858585858586,0.28125,0.7857142857142857,0.28125,0.02779664837511231,0.03125
16,direct,4,ENG_07,engineering__PCA_PART_I_PATIENT_3_95,engineered_representation,final_26,none,all,PCA_PART_I_PATIENT_3_95,pca,extra_trees,583,145,46,0.0718721250013914,0.5495086923658352,0.25,0.5773053407409475,0.6418500481000481,0.7241379310344828,0.8585858585858586,0.28125,0.7857142857142857,0.28125,0.02779664837511231,0.03125
16,stage_1,0,ENG_01,engineering__INT_GAIT_X_POSTURAL_STABILITY,engineered_representation,final_26,none,all,INT_GAIT_X_POSTURAL_STABILITY,interaction,extra_trees,582,146,47,0.06700391699996544,0.6984782608695652,0.5869565217391305,0.6948294829482948,0.6926086956521739,0.7397260273972602,0.82,0.5652173913043478,,0.5652173913043478,-0.0036487779212703852,-0.021739130434782705
16,stage_1,0,ENG_02,engineering__INT_MOTOR_X_COGNITION,engineered_representation,final_26,none,all,INT_MOTOR_X_COGNITION,interaction,extra_trees,582,146,47,0.07411379100085469,0.6984782608695652,0.5869565217391305,0.7010018265345658,0.6976086956521739,0.7465753424657534,0.83,0.5652173913043478,,0.5652173913043478,0.00252356566500056,-0.021739130434782705
16,stage_1,0,ENG_03,engineering__INT_DURATION_X_MOTOR,engineered_representation,final_26,none,all,INT_DURATION_X_MOTOR,interaction,extra_trees,582,146,47,0.07794729200031725,0.6984782608695652,0.5869565217391305,0.6948294829482948,0.6926086956521739,0.7397260273972602,0.82,0.5652173913043478,,0.5652173913043478,-0.0036487779212703852,-0.021739130434782705
16,stage_1,0,ENG_04,engineering__INT_MOBILITY_X_POSTURAL_STABILITY,engineered_representation,final_26,none,all,INT_MOBILITY_X_POSTURAL_STABILITY,interaction,extra_trees,582,146,47,0.06957737499760697,0.6984782608695652,0.5869565217391305,0.6787678767876788,0.6767391304347826,0.726027397260274,0.81,0.5434782608695652,,0.5434782608695652,-0.019710384081886412,-0.0434782608695653
16,stage_1,0,ENG_05,engineering__PCA_PART_I_PATIENT_3_80,engineered_representation,final_26,none,all,PCA_PART_I_PATIENT_3_80,pca,extra_trees,582,146,45,0.06819704100053059,0.6984782608695652,0.5869565217391305,0.6948294829482948,0.6926086956521739,0.7397260273972602,0.82,0.5652173913043478,,0.5652173913043478,-0.0036487779212703852,-0.021739130434782705
16,stage_1,0,ENG_06,engineering__PCA_PART_I_PATIENT_3_90,engineered_representation,final_26,none,all,PCA_PART_I_PATIENT_3_90,pca,extra_trees,582,146,46,0.07148629200310097,0.6984782608695652,0.5869565217391305,0.6948294829482948,0.6926086956521739,0.7397260273972602,0.82,0.5652173913043478,,0.5652173913043478,-0.0036487779212703852,-0.021739130434782705
16,stage_1,0,ENG_07,engineering__PCA_PART_I_PATIENT_3_95,engineered_representation,final_26,none,all,PCA_PART_I_PATIENT_3_95,pca,extra_trees,582,146,46,0.07509349999963888,0.6984782608695652,0.5869565217391305,0.6948294829482948,0.6926086956521739,0.7397260273972602,0.82,0.5652173913043478,,0.5652173913043478,-0.0036487779212703852,-0.021739130434782705
16,stage_1,1,ENG_01,engineering__INT_GAIT_X_POSTURAL_STABILITY,engineered_representation,final_26,none,all,INT_GAIT_X_POSTURAL_STABILITY,interaction,extra_trees,582,146,47,0.07136479200198664,0.6986584107327141,0.6739130434782609,0.7311783960720131,0.7495652173913043,0.7534246575342466,0.76,0.7391304347826086,,0.7391304347826086,0.03251998533929901,0.06521739130434778
16,stage_1,1,ENG_02,engineering__INT_MOTOR_X_COGNITION,engineered_representation,final_26,none,all,INT_MOTOR_X_COGNITION,interaction,extra_trees,582,146,47,0.06442925000010291,0.6986584107327141,0.6739130434782609,0.7137254901960784,0.7278260869565217,0.7397260273972602,0.76,0.6956521739130435,,0.6956521739130435,0.015067079463364386,0.021739130434782594
16,stage_1,1,ENG_03,engineering__INT_DURATION_X_MOTOR,engineered_representation,final_26,none,all,INT_DURATION_X_MOTOR,interaction,extra_trees,582,146,47,0.06815991700204904,0.6986584107327141,0.6739130434782609,0.7287925696594427,0.7436956521739131,0.7534246575342466,0.77,0.717391304347826,,0.717391304347826,0.03013415892672866,0.04347826086956519
16,stage_1,1,ENG_04,engineering__INT_MOBILITY_X_POSTURAL_STABILITY,engineered_representation,final_26,none,all,INT_MOBILITY_X_POSTURAL_STABILITY,interaction,extra_trees,582,146,47,0.0833470830002625,0.6986584107327141,0.6739130434782609,0.7225047516309653,0.738695652173913,0.7465753424657534,0.76,0.717391304347826,,0.717391304347826,0.023846340898251217,0.04347826086956519
16,stage_1,1,ENG_05,engineering__PCA_PART_I_PATIENT_3_80,engineered_representation,final_26,none,all,PCA_PART_I_PATIENT_3_80,pca,extra_trees,582,146,45,0.07273945799897774,0.6986584107327141,0.6739130434782609,0.7162438625204582,0.7336956521739131,0.7397260273972602,0.75,0.717391304347826,,0.717391304347826,0.017585451787744177,0.04347826086956519
16,stage_1,1,ENG_06,engineering__PCA_PART_I_PATIENT_3_90,engineered_representation,final_26,none,all,PCA_PART_I_PATIENT_3_90,pca,extra_trees,582,146,46,0.06885941599830403,0.6986584107327141,0.6739130434782609,0.7225047516309653,0.738695652173913,0.7465753424657534,0.76,0.717391304347826,,0.717391304347826,0.023846340898251217,0.04347826086956519
16,stage_1,1,ENG_07,engineering__PCA_PART_I_PATIENT_3_95,engineered_representation,final_26,none,all,PCA_PART_I_PATIENT_3_95,pca,extra_trees,582,146,46,0.07768541599944001,0.6986584107327141,0.6739130434782609,0.7225047516309653,0.738695652173913,0.7465753424657534,0.76,0.717391304347826,,0.717391304347826,0.023846340898251217,0.04347826086956519
16,stage_1,2,ENG_01,engineering__INT_GAIT_X_POSTURAL_STABILITY,engineered_representation,final_26,none,all,INT_GAIT_X_POSTURAL_STABILITY,interaction,extra_trees,582,146,47,0.07000949999928707,0.5875070632352186,0.5217391304347826,0.5795908057590301,0.5917391304347825,0.6095890410958904,0.64,0.5434782608695652,,0.5434782608695652,-0.007916257476188515,0.021739130434782594
16,stage_1,2,ENG_02,engineering__INT_MOTOR_X_COGNITION,engineered_representation,final_26,none,all,INT_MOTOR_X_COGNITION,interaction,extra_trees,582,146,47,0.0796711660004803,0.5875070632352186,0.5217391304347826,0.5943420055569588,0.6076086956521739,0.6232876712328768,0.65,0.5652173913043478,,0.5652173913043478,0.0068349423217402006,0.04347826086956519
16,stage_1,2,ENG_03,engineering__INT_DURATION_X_MOTOR,engineered_representation,final_26,none,all,INT_DURATION_X_MOTOR,interaction,extra_trees,582,146,47,0.07101554199834936,0.5875070632352186,0.5217391304347826,0.5857846797073316,0.6034782608695652,0.6095890410958904,0.62,0.5869565217391305,,0.5869565217391305,-0.0017223835278870059,0.0652173913043479
16,stage_1,2,ENG_04,engineering__INT_MOBILITY_X_POSTURAL_STABILITY,engineered_representation,final_26,none,all,INT_MOBILITY_X_POSTURAL_STABILITY,interaction,extra_trees,582,146,47,0.07370083299974794,0.5875070632352186,0.5217391304347826,0.5705011158449991,0.5808695652173913,0.6027397260273972,0.64,0.5217391304347826,,0.5217391304347826,-0.017005947390219545,0.0
16,stage_1,2,ENG_05,engineering__PCA_PART_I_PATIENT_3_80,engineered_representation,final_26,none,all,PCA_PART_I_PATIENT_3_80,pca,extra_trees,582,146,45,0.06966445799844223,0.5875070632352186,0.5217391304347826,0.5974331979746328,0.6134782608695653,0.6232876712328768,0.64,0.5869565217391305,,0.5869565217391305,0.009926134739414172,0.0652173913043479
16,stage_1,2,ENG_06,engineering__PCA_PART_I_PATIENT_3_90,engineered_representation,final_26,none,all,PCA_PART_I_PATIENT_3_90,pca,extra_trees,582,146,46,0.07772062499861931,0.5875070632352186,0.5217391304347826,0.5853114221951714,0.5967391304347827,0.6164383561643836,0.65,0.5434782608695652,,0.5434782608695652,-0.0021956410400472137,0.021739130434782594
16,stage_1,2,ENG_07,engineering__PCA_PART_I_PATIENT_3_95,engineered_representation,final_26,none,all,PCA_PART_I_PATIENT_3_95,pca,extra_trees,582,146,46,0.06690575000175158,0.5875070632352186,0.5217391304347826,0.5853114221951714,0.5967391304347827,0.6164383561643836,0.65,0.5434782608695652,,0.5434782608695652,-0.0021956410400472137,0.021739130434782594
16,stage_1,3,ENG_01,engineering__INT_GAIT_X_POSTURAL_STABILITY,engineered_representation,final_26,none,all,INT_GAIT_X_POSTURAL_STABILITY,interaction,extra_trees,583,145,47,0.06847924999965471,0.6514617921627817,0.5,0.6514617921627817,0.648989898989899,0.7034482758620689,0.797979797979798,0.5,,0.5,0.0,0.0
16,stage_1,3,ENG_02,engineering__INT_MOTOR_X_COGNITION,engineered_representation,final_26,none,all,INT_MOTOR_X_COGNITION,interaction,extra_trees,583,145,47,0.07015795899860677,0.6514617921627817,0.5,0.6556960627312386,0.6548089591567852,0.7034482758620689,0.7878787878787878,0.5217391304347826,,0.5217391304347826,0.004234270568456933,0.021739130434782594
16,stage_1,3,ENG_03,engineering__INT_DURATION_X_MOTOR,engineered_representation,final_26,none,all,INT_DURATION_X_MOTOR,interaction,extra_trees,583,145,47,0.0670277499993972,0.6514617921627817,0.5,0.6616666666666666,0.6598594642072904,0.7103448275862069,0.797979797979798,0.5217391304347826,,0.5217391304347826,0.010204874503884964,0.021739130434782594
16,stage_1,3,ENG_04,engineering__INT_MOBILITY_X_POSTURAL_STABILITY,engineered_representation,final_26,none,all,INT_MOBILITY_X_POSTURAL_STABILITY,interaction,extra_trees,583,145,47,0.07125499999892781,0.6514617921627817,0.5,0.6556960627312386,0.6548089591567852,0.7034482758620689,0.7878787878787878,0.5217391304347826,,0.5217391304347826,0.004234270568456933,0.021739130434782594
16,stage_1,3,ENG_05,engineering__PCA_PART_I_PATIENT_3_80,engineered_representation,final_26,none,all,PCA_PART_I_PATIENT_3_80,pca,extra_trees,583,145,45,0.07014779200108023,0.6514617921627817,0.5,0.6656785243741765,0.6656785243741765,0.7103448275862069,0.7878787878787878,0.5434782608695652,,0.5434782608695652,0.014216732211394856,0.04347826086956519
16,stage_1,3,ENG_06,engineering__PCA_PART_I_PATIENT_3_90,engineered_representation,final_26,none,all,PCA_PART_I_PATIENT_3_90,pca,extra_trees,583,145,46,0.0756444169965107,0.6514617921627817,0.5,0.6596801484635118,0.6606280193236715,0.7034482758620689,0.7777777777777778,0.5434782608695652,,0.5434782608695652,0.00821835630073009,0.04347826086956519
16,stage_1,3,ENG_07,engineering__PCA_PART_I_PATIENT_3_95,engineered_representation,final_26,none,all,PCA_PART_I_PATIENT_3_95,pca,extra_trees,583,145,46,0.07185441700130468,0.6514617921627817,0.5,0.6596801484635118,0.6606280193236715,0.7034482758620689,0.7777777777777778,0.5434782608695652,,0.5434782608695652,0.00821835630073009,0.04347826086956519
16,stage_1,4,ENG_01,engineering__INT_GAIT_X_POSTURAL_STABILITY,engineered_representation,final_26,none,all,INT_GAIT_X_POSTURAL_STABILITY,interaction,extra_trees,583,145,47,0.07381375000113621,0.8043184885290149,0.7608695652173914,0.8043184885290149,0.809727711901625,0.8275862068965517,0.8585858585858586,0.7608695652173914,,0.7608695652173914,0.0,0.0
16,stage_1,4,ENG_02,engineering__INT_MOTOR_X_COGNITION,engineered_representation,final_26,none,all,INT_MOTOR_X_COGNITION,interaction,extra_trees,583,145,47,0.06797079200259759,0.8043184885290149,0.7608695652173914,0.8111159357359965,0.81477821695213,0.8344827586206897,0.8686868686868687,0.7608695652173914,,0.7608695652173914,0.0067974472069816105,0.0
16,stage_1,4,ENG_03,engineering__INT_DURATION_X_MOTOR,engineered_representation,final_26,none,all,INT_DURATION_X_MOTOR,interaction,extra_trees,583,145,47,0.06367083299846854,0.8043184885290149,0.7608695652173914,0.7975730240549828,0.8046772068511199,0.8206896551724138,0.8484848484848485,0.7608695652173914,,0.7608695652173914,-0.006745464474032126,0.0
16,stage_1,4,ENG_04,engineering__INT_MOBILITY_X_POSTURAL_STABILITY,engineered_representation,final_26,none,all,INT_MOBILITY_X_POSTURAL_STABILITY,interaction,extra_trees,583,145,47,0.0648676249984419,0.8043184885290149,0.7608695652173914,0.7953755970473295,0.7988581466842336,0.8206896551724138,0.8585858585858586,0.7391304347826086,,0.7391304347826086,-0.008942891481685367,-0.021739130434782705
16,stage_1,4,ENG_05,engineering__PCA_PART_I_PATIENT_3_80,engineered_representation,final_26,none,all,PCA_PART_I_PATIENT_3_80,pca,extra_trees,583,145,45,0.06710112499786192,0.8043184885290149,0.7608695652173914,0.8043184885290149,0.809727711901625,0.8275862068965517,0.8585858585858586,0.7608695652173914,,0.7608695652173914,0.0,0.0
16,stage_1,4,ENG_06,engineering__PCA_PART_I_PATIENT_3_90,engineered_representation,final_26,none,all,PCA_PART_I_PATIENT_3_90,pca,extra_trees,583,145,46,0.07118954199904692,0.8043184885290149,0.7608695652173914,0.7975730240549828,0.8046772068511199,0.8206896551724138,0.8484848484848485,0.7608695652173914,,0.7608695652173914,-0.006745464474032126,0.0
16,stage_1,4,ENG_07,engineering__PCA_PART_I_PATIENT_3_95,engineered_representation,final_26,none,all,PCA_PART_I_PATIENT_3_95,pca,extra_trees,583,145,46,0.06387187499785796,0.8043184885290149,0.7608695652173914,0.7975730240549828,0.8046772068511199,0.8206896551724138,0.8484848484848485,0.7608695652173914,,0.7608695652173914,-0.006745464474032126,0.0
16,stage_2,0,ENG_01,engineering__INT_GAIT_X_POSTURAL_STABILITY,engineered_representation,final_26,none,all,INT_GAIT_X_POSTURAL_STABILITY,interaction,extra_trees,184,46,46,0.0542537090004771,0.6043010752688172,0.71875,0.5892857142857143,0.5892857142857143,0.6521739130434783,0.75,0.42857142857142855,,0.75,-0.015015360983102854,0.03125
16,stage_2,0,ENG_02,engineering__INT_MOTOR_X_COGNITION,engineered_representation,final_26,none,all,INT_MOTOR_X_COGNITION,interaction,extra_trees,184,46,46,0.061413250001351116,0.6043010752688172,0.71875,0.6068376068376069,0.6049107142857143,0.6739130434782609,0.78125,0.42857142857142855,,0.78125,0.002536531568789746,0.0625
16,stage_2,0,ENG_03,engineering__INT_DURATION_X_MOTOR,engineered_representation,final_26,none,all,INT_DURATION_X_MOTOR,interaction,extra_trees,184,46,46,0.06430029200055287,0.6043010752688172,0.71875,0.5892857142857143,0.5892857142857143,0.6521739130434783,0.75,0.42857142857142855,,0.75,-0.015015360983102854,0.03125
16,stage_2,0,ENG_04,engineering__INT_MOBILITY_X_POSTURAL_STABILITY,engineered_representation,final_26,none,all,INT_MOBILITY_X_POSTURAL_STABILITY,interaction,extra_trees,184,46,46,0.05790474999957951,0.6043010752688172,0.71875,0.6068376068376069,0.6049107142857143,0.6739130434782609,0.78125,0.42857142857142855,,0.78125,0.002536531568789746,0.0625
16,stage_2,0,ENG_05,engineering__PCA_PART_I_PATIENT_3_80,engineered_representation,final_26,none,all,PCA_PART_I_PATIENT_3_80,pca,extra_trees,184,46,44,0.06861129199751304,0.6043010752688172,0.71875,0.6223316912972086,0.625,0.6739130434782609,0.75,0.5,,0.75,0.0180306160283914,0.03125
16,stage_2,0,ENG_06,engineering__PCA_PART_I_PATIENT_3_90,engineered_representation,final_26,none,all,PCA_PART_I_PATIENT_3_90,pca,extra_trees,184,46,45,0.0555712500026857,0.6043010752688172,0.71875,0.6043010752688172,0.609375,0.6521739130434783,0.71875,0.5,,0.71875,0.0,0.0
16,stage_2,0,ENG_07,engineering__PCA_PART_I_PATIENT_3_95,engineered_representation,final_26,none,all,PCA_PART_I_PATIENT_3_95,pca,extra_trees,184,46,45,0.055333416999928886,0.6043010752688172,0.71875,0.6043010752688172,0.609375,0.6521739130434783,0.71875,0.5,,0.71875,0.0,0.0
16,stage_2,1,ENG_01,engineering__INT_GAIT_X_POSTURAL_STABILITY,engineered_representation,final_26,none,all,INT_GAIT_X_POSTURAL_STABILITY,interaction,extra_trees,184,46,47,0.06727308300105506,0.6461538461538461,0.5625,0.6157248157248157,0.6540178571428572,0.6304347826086957,0.59375,0.7142857142857143,,0.59375,-0.030429030429030335,0.03125
16,stage_2,1,ENG_02,engineering__INT_MOTOR_X_COGNITION,engineered_representation,final_26,none,all,INT_MOTOR_X_COGNITION,interaction,extra_trees,184,46,47,0.06484820800324087,0.6461538461538461,0.5625,0.5705159705159706,0.6026785714285714,0.5869565217391305,0.5625,0.6428571428571429,,0.5625,-0.0756378756378755,0.0
16,stage_2,1,ENG_03,engineering__INT_DURATION_X_MOTOR,engineered_representation,final_26,none,all,INT_DURATION_X_MOTOR,interaction,extra_trees,184,46,47,0.06777149999834364,0.6461538461538461,0.5625,0.621673923560716,0.6741071428571428,0.6304347826086957,0.5625,0.7857142857142857,,0.5625,-0.024479922593130032,0.0
16,stage_2,1,ENG_04,engineering__INT_MOBILITY_X_POSTURAL_STABILITY,engineered_representation,final_26,none,all,INT_MOBILITY_X_POSTURAL_STABILITY,interaction,extra_trees,184,46,47,0.05633004199989955,0.6461538461538461,0.5625,0.5705159705159706,0.6026785714285714,0.5869565217391305,0.5625,0.6428571428571429,,0.5625,-0.0756378756378755,0.0
16,stage_2,1,ENG_05,engineering__PCA_PART_I_PATIENT_3_80,engineered_representation,final_26,none,all,PCA_PART_I_PATIENT_3_80,pca,extra_trees,184,46,45,0.06579491699812934,0.6461538461538461,0.5625,0.6349206349206349,0.6696428571428572,0.6521739130434783,0.625,0.7142857142857143,,0.625,-0.011233211233211193,0.0625
16,stage_2,1,ENG_06,engineering__PCA_PART_I_PATIENT_3_90,engineered_representation,final_26,none,all,PCA_PART_I_PATIENT_3_90,pca,extra_trees,184,46,46,0.055114040998887504,0.6461538461538461,0.5625,0.6661828737300435,0.7254464285714286,0.6739130434782609,0.59375,0.8571428571428571,,0.59375,0.0200290275761974,0.03125
16,stage_2,1,ENG_07,engineering__PCA_PART_I_PATIENT_3_95,engineered_representation,final_26,none,all,PCA_PART_I_PATIENT_3_95,pca,extra_trees,184,46,46,0.06250575000012759,0.6461538461538461,0.5625,0.6661828737300435,0.7254464285714286,0.6739130434782609,0.59375,0.8571428571428571,,0.59375,0.0200290275761974,0.03125
16,stage_2,2,ENG_01,engineering__INT_GAIT_X_POSTURAL_STABILITY,engineered_representation,final_26,none,all,INT_GAIT_X_POSTURAL_STABILITY,interaction,extra_trees,184,46,47,0.0693251250013418,0.5544159544159544,0.7741935483870968,0.6043010752688172,0.6043010752688172,0.6521739130434783,0.7419354838709677,0.4666666666666667,,0.7419354838709677,0.049885120852862785,-0.032258064516129004
16,stage_2,2,ENG_02,engineering__INT_MOTOR_X_COGNITION,engineered_representation,final_26,none,all,INT_MOTOR_X_COGNITION,interaction,extra_trees,184,46,47,0.05765600000086124,0.5544159544159544,0.7741935483870968,0.5379464285714286,0.5376344086021505,0.6086956521739131,0.7419354838709677,0.3333333333333333,,0.7419354838709677,-0.016469525844525768,-0.032258064516129004
16,stage_2,2,ENG_03,engineering__INT_DURATION_X_MOTOR,engineered_representation,final_26,none,all,INT_DURATION_X_MOTOR,interaction,extra_trees,184,46,47,0.06883695799842826,0.5544159544159544,0.7741935483870968,0.6223316912972086,0.6204301075268817,0.6739130434782609,0.7741935483870968,0.4666666666666667,,0.7741935483870968,0.06791573688125419,0.0
16,stage_2,2,ENG_04,engineering__INT_MOBILITY_X_POSTURAL_STABILITY,engineered_representation,final_26,none,all,INT_MOBILITY_X_POSTURAL_STABILITY,interaction,extra_trees,184,46,47,0.05511979199945927,0.5544159544159544,0.7741935483870968,0.5892857142857143,0.5870967741935484,0.6521739130434783,0.7741935483870968,0.4,,0.7741935483870968,0.03486975986975993,0.0
16,stage_2,2,ENG_05,engineering__PCA_PART_I_PATIENT_3_80,engineered_representation,final_26,none,all,PCA_PART_I_PATIENT_3_80,pca,extra_trees,184,46,46,0.05539349999889964,0.5544159544159544,0.7741935483870968,0.6043010752688172,0.6043010752688172,0.6521739130434783,0.7419354838709677,0.4666666666666667,,0.7419354838709677,0.049885120852862785,-0.032258064516129004
16,stage_2,2,ENG_06,engineering__PCA_PART_I_PATIENT_3_90,engineered_representation,final_26,none,all,PCA_PART_I_PATIENT_3_90,pca,extra_trees,184,46,46,0.06785108400072204,0.5544159544159544,0.7741935483870968,0.6043010752688172,0.6043010752688172,0.6521739130434783,0.7419354838709677,0.4666666666666667,,0.7419354838709677,0.049885120852862785,-0.032258064516129004
16,stage_2,2,ENG_07,engineering__PCA_PART_I_PATIENT_3_95,engineered_representation,final_26,none,all,PCA_PART_I_PATIENT_3_95,pca,extra_trees,184,46,46,0.05698904100063373,0.5544159544159544,0.7741935483870968,0.6043010752688172,0.6043010752688172,0.6521739130434783,0.7419354838709677,0.4666666666666667,,0.7419354838709677,0.049885120852862785,-0.032258064516129004
16,stage_2,3,ENG_01,engineering__INT_GAIT_X_POSTURAL_STABILITY,engineered_representation,final_26,none,all,INT_GAIT_X_POSTURAL_STABILITY,interaction,extra_trees,184,46,47,0.05695029200069257,0.6726874657909141,0.78125,0.6837652035959809,0.6964285714285714,0.717391304347826,0.75,0.6428571428571429,,0.75,0.011077737805066823,-0.03125
16,stage_2,3,ENG_02,engineering__INT_MOTOR_X_COGNITION,engineered_representation,final_26,none,all,INT_MOTOR_X_COGNITION,interaction,extra_trees,184,46,47,0.05735224999807542,0.6726874657909141,0.78125,0.7032258064516128,0.7120535714285714,0.7391304347826086,0.78125,0.6428571428571429,,0.78125,0.030538340660698715,0.0
16,stage_2,3,ENG_03,engineering__INT_DURATION_X_MOTOR,engineered_representation,final_26,none,all,INT_DURATION_X_MOTOR,interaction,extra_trees,184,46,47,0.055516791999252746,0.6726874657909141,0.78125,0.6537634408602151,0.6607142857142857,0.6956521739130435,0.75,0.5714285714285714,,0.75,-0.018924024930699,-0.03125
16,stage_2,3,ENG_04,engineering__INT_MOBILITY_X_POSTURAL_STABILITY,engineered_representation,final_26,none,all,INT_MOBILITY_X_POSTURAL_STABILITY,interaction,extra_trees,184,46,47,0.061909083000500686,0.6726874657909141,0.78125,0.6837652035959809,0.6964285714285714,0.717391304347826,0.75,0.6428571428571429,,0.75,0.011077737805066823,-0.03125
16,stage_2,3,ENG_05,engineering__PCA_PART_I_PATIENT_3_80,engineered_representation,final_26,none,all,PCA_PART_I_PATIENT_3_80,pca,extra_trees,184,46,46,0.058234083000570536,0.6726874657909141,0.78125,0.7032258064516128,0.7120535714285714,0.7391304347826086,0.78125,0.6428571428571429,,0.78125,0.030538340660698715,0.0
16,stage_2,3,ENG_06,engineering__PCA_PART_I_PATIENT_3_90,engineered_representation,final_26,none,all,PCA_PART_I_PATIENT_3_90,pca,extra_trees,184,46,46,0.05506658400190645,0.6726874657909141,0.78125,0.7032258064516128,0.7120535714285714,0.7391304347826086,0.78125,0.6428571428571429,,0.78125,0.030538340660698715,0.0
16,stage_2,3,ENG_07,engineering__PCA_PART_I_PATIENT_3_95,engineered_representation,final_26,none,all,PCA_PART_I_PATIENT_3_95,pca,extra_trees,184,46,46,0.05906841699834331,0.6726874657909141,0.78125,0.7032258064516128,0.7120535714285714,0.7391304347826086,0.78125,0.6428571428571429,,0.78125,0.030538340660698715,0.0
16,stage_2,4,ENG_01,engineering__INT_GAIT_X_POSTURAL_STABILITY,engineered_representation,final_26,none,all,INT_GAIT_X_POSTURAL_STABILITY,interaction,extra_trees,184,46,47,0.05502324999906705,0.6413255360623782,0.59375,0.5964912280701754,0.6383928571428572,0.6086956521739131,0.5625,0.7142857142857143,,0.5625,-0.04483430799220278,-0.03125
16,stage_2,4,ENG_02,engineering__INT_MOTOR_X_COGNITION,engineered_representation,final_26,none,all,INT_MOTOR_X_COGNITION,interaction,extra_trees,184,46,47,0.06843912499971339,0.6413255360623782,0.59375,0.6157248157248157,0.6540178571428572,0.6304347826086957,0.59375,0.7142857142857143,,0.59375,-0.025600720337562444,0.0
16,stage_2,4,ENG_03,engineering__INT_DURATION_X_MOTOR,engineered_representation,final_26,none,all,INT_DURATION_X_MOTOR,interaction,extra_trees,184,46,47,0.06666366699937498,0.6413255360623782,0.59375,0.6413255360623782,0.6897321428571428,0.6521739130434783,0.59375,0.7857142857142857,,0.59375,0.0,0.0
16,stage_2,4,ENG_04,engineering__INT_MOBILITY_X_POSTURAL_STABILITY,engineered_representation,final_26,none,all,INT_MOBILITY_X_POSTURAL_STABILITY,interaction,extra_trees,184,46,47,0.05814162499882514,0.6413255360623782,0.59375,0.6413255360623782,0.6897321428571428,0.6521739130434783,0.59375,0.7857142857142857,,0.59375,0.0,0.0
16,stage_2,4,ENG_05,engineering__PCA_PART_I_PATIENT_3_80,engineered_representation,final_26,none,all,PCA_PART_I_PATIENT_3_80,pca,extra_trees,184,46,46,0.05770745799964061,0.6413255360623782,0.59375,0.6413255360623782,0.6897321428571428,0.6521739130434783,0.59375,0.7857142857142857,,0.59375,0.0,0.0
16,stage_2,4,ENG_06,engineering__PCA_PART_I_PATIENT_3_90,engineered_representation,final_26,none,all,PCA_PART_I_PATIENT_3_90,pca,extra_trees,184,46,46,0.05623587499940186,0.6413255360623782,0.59375,0.6413255360623782,0.6897321428571428,0.6521739130434783,0.59375,0.7857142857142857,,0.59375,0.0,0.0
16,stage_2,4,ENG_07,engineering__PCA_PART_I_PATIENT_3_95,engineered_representation,final_26,none,all,PCA_PART_I_PATIENT_3_95,pca,extra_trees,184,46,46,0.058201084000756964,0.6413255360623782,0.59375,0.6413255360623782,0.6897321428571428,0.6521739130434783,0.59375,0.7857142857142857,,0.59375,0.0,0.0
17,direct,0,ENG_01,engineering__INT_GAIT_X_POSTURAL_STABILITY,engineered_representation,final_26,none,all,INT_GAIT_X_POSTURAL_STABILITY,interaction,extra_trees,582,146,48,0.07067762500082608,0.5017102027411307,0.3125,0.45830100136718027,0.4795238095238095,0.6164383561643836,0.76,0.25,0.42857142857142855,0.25,-0.04340920137395038,-0.0625
17,direct,0,ENG_02,engineering__INT_MOTOR_X_COGNITION,engineered_representation,final_26,none,all,INT_MOTOR_X_COGNITION,interaction,extra_trees,582,146,48,0.0800266250007553,0.5017102027411307,0.3125,0.47069219440353455,0.4899404761904762,0.6232876712328768,0.76,0.28125,0.42857142857142855,0.28125,-0.031018008337596104,-0.03125
17,direct,0,ENG_03,engineering__INT_DURATION_X_MOTOR,engineered_representation,final_26,none,all,INT_DURATION_X_MOTOR,interaction,extra_trees,582,146,48,0.07095058299819357,0.5017102027411307,0.3125,0.4460470085470085,0.45571428571428574,0.6095890410958904,0.76,0.25,0.35714285714285715,0.25,-0.055663194194122134,-0.0625
17,direct,0,ENG_04,engineering__INT_MOBILITY_X_POSTURAL_STABILITY,engineered_representation,final_26,none,all,INT_MOBILITY_X_POSTURAL_STABILITY,interaction,extra_trees,582,146,48,0.07841650000045775,0.5017102027411307,0.3125,0.4770219198790627,0.5033333333333333,0.6232876712328768,0.76,0.25,0.5,0.25,-0.02468828286206798,-0.0625
17,direct,0,ENG_05,engineering__PCA_PART_I_PATIENT_3_80,engineered_representation,final_26,none,all,PCA_PART_I_PATIENT_3_80,pca,extra_trees,582,146,46,0.067714499997237,0.5017102027411307,0.3125,0.5066865455859763,0.5275,0.6438356164383562,0.77,0.3125,0.5,0.3125,0.004976342844845605,0.0
17,direct,0,ENG_06,engineering__PCA_PART_I_PATIENT_3_90,engineered_representation,final_26,none,all,PCA_PART_I_PATIENT_3_90,pca,extra_trees,582,146,47,0.07364083399806987,0.5017102027411307,0.3125,0.5203236850295673,0.54125,0.6575342465753424,0.78,0.34375,0.5,0.34375,0.018613482288436622,0.03125
17,direct,0,ENG_07,engineering__PCA_PART_I_PATIENT_3_95,engineered_representation,final_26,none,all,PCA_PART_I_PATIENT_3_95,pca,extra_trees,582,146,47,0.07340958300119382,0.5017102027411307,0.3125,0.5203236850295673,0.54125,0.6575342465753424,0.78,0.34375,0.5,0.34375,0.018613482288436622,0.03125
17,direct,1,ENG_01,engineering__INT_GAIT_X_POSTURAL_STABILITY,engineered_representation,final_26,none,all,INT_GAIT_X_POSTURAL_STABILITY,interaction,extra_trees,582,146,48,0.06865466700037359,0.4856310803891449,0.3125,0.4533788777691217,0.49041666666666667,0.5821917808219178,0.69,0.28125,0.5,0.28125,-0.03225220262002315,-0.03125
17,direct,1,ENG_02,engineering__INT_MOTOR_X_COGNITION,engineered_representation,final_26,none,all,INT_MOTOR_X_COGNITION,interaction,extra_trees,582,146,48,0.06811979200210772,0.4856310803891449,0.3125,0.4533788777691217,0.49041666666666667,0.5821917808219178,0.69,0.28125,0.5,0.28125,-0.03225220262002315,-0.03125
17,direct,1,ENG_03,engineering__INT_DURATION_X_MOTOR,engineered_representation,final_26,none,all,INT_DURATION_X_MOTOR,interaction,extra_trees,582,146,48,0.06962966699938988,0.4856310803891449,0.3125,0.4520674520674521,0.49041666666666667,0.5821917808219178,0.69,0.28125,0.5,0.28125,-0.033563628321692796,-0.03125
17,direct,1,ENG_04,engineering__INT_MOBILITY_X_POSTURAL_STABILITY,engineered_representation,final_26,none,all,INT_MOBILITY_X_POSTURAL_STABILITY,interaction,extra_trees,582,146,48,0.06856870900082868,0.4856310803891449,0.3125,0.46060911725742576,0.4970833333333333,0.5958904109589042,0.71,0.28125,0.5,0.28125,-0.025021963131719116,-0.03125
17,direct,1,ENG_05,engineering__PCA_PART_I_PATIENT_3_80,engineered_representation,final_26,none,all,PCA_PART_I_PATIENT_3_80,pca,extra_trees,582,146,46,0.0786952080015908,0.4856310803891449,0.3125,0.4269240856180274,0.4561904761904762,0.5684931506849316,0.69,0.25,0.42857142857142855,0.25,-0.05870699477111746,-0.0625
17,direct,1,ENG_06,engineering__PCA_PART_I_PATIENT_3_90,engineered_representation,final_26,none,all,PCA_PART_I_PATIENT_3_90,pca,extra_trees,582,146,47,0.07794445799663663,0.4856310803891449,0.3125,0.45842075492135076,0.4970833333333333,0.5958904109589042,0.71,0.28125,0.5,0.28125,-0.027210325467794116,-0.03125
17,direct,1,ENG_07,engineering__PCA_PART_I_PATIENT_3_95,engineered_representation,final_26,none,all,PCA_PART_I_PATIENT_3_95,pca,extra_trees,582,146,47,0.08054366699798265,0.4856310803891449,0.3125,0.45842075492135076,0.4970833333333333,0.5958904109589042,0.71,0.28125,0.5,0.28125,-0.027210325467794116,-0.03125
17,direct,2,ENG_01,engineering__INT_GAIT_X_POSTURAL_STABILITY,engineered_representation,final_26,none,all,INT_GAIT_X_POSTURAL_STABILITY,interaction,extra_trees,582,146,48,0.08132558299985249,0.4415900863269284,0.16129032258064516,0.5069413823973491,0.5304659498207885,0.6575342465753424,0.8,0.25806451612903225,0.5333333333333333,0.25806451612903225,0.06535129607042067,0.0967741935483871
17,direct,2,ENG_02,engineering__INT_MOTOR_X_COGNITION,engineered_representation,final_26,none,all,INT_MOTOR_X_COGNITION,interaction,extra_trees,582,146,48,0.08172420800110558,0.4415900863269284,0.16129032258064516,0.4774358974358974,0.5170967741935484,0.636986301369863,0.79,0.16129032258064516,0.6,0.16129032258064516,0.035845811108969006,0.0
17,direct,2,ENG_03,engineering__INT_DURATION_X_MOTOR,engineered_representation,final_26,none,all,INT_DURATION_X_MOTOR,interaction,extra_trees,582,146,48,0.08300749999762047,0.4415900863269284,0.16129032258064516,0.4953896522024106,0.5278494623655914,0.6438356164383562,0.79,0.1935483870967742,0.6,0.1935483870967742,0.05379956587548218,0.03225806451612903
17,direct,2,ENG_04,engineering__INT_MOBILITY_X_POSTURAL_STABILITY,engineered_representation,final_26,none,all,INT_MOBILITY_X_POSTURAL_STABILITY,interaction,extra_trees,582,146,48,0.0851998750003986,0.4415900863269284,0.16129032258064516,0.4919688109161793,0.5245161290322581,0.636986301369863,0.78,0.1935483870967742,0.6,0.1935483870967742,0.050378724589250856,0.03225806451612903
17,direct,2,ENG_05,engineering__PCA_PART_I_PATIENT_3_80,engineered_representation,final_26,none,all,PCA_PART_I_PATIENT_3_80,pca,extra_trees,582,146,46,0.07961083299960592,0.4415900863269284,0.16129032258064516,0.4799719351958158,0.5170967741935484,0.636986301369863,0.79,0.16129032258064516,0.6,0.16129032258064516,0.0383818488688874,0.0
17,direct,2,ENG_06,engineering__PCA_PART_I_PATIENT_3_90,engineered_representation,final_26,none,all,PCA_PART_I_PATIENT_3_90,pca,extra_trees,582,146,47,0.07686537499830592,0.4415900863269284,0.16129032258064516,0.4607160277046141,0.4948745519713262,0.6301369863013698,0.79,0.16129032258064516,0.5333333333333333,0.16129032258064516,0.019125941377685696,0.0
17,direct,2,ENG_07,engineering__PCA_PART_I_PATIENT_3_95,engineered_representation,final_26,none,all,PCA_PART_I_PATIENT_3_95,pca,extra_trees,582,146,47,0.08193170800223015,0.4415900863269284,0.16129032258064516,0.4607160277046141,0.4948745519713262,0.6301369863013698,0.79,0.16129032258064516,0.5333333333333333,0.16129032258064516,0.019125941377685696,0.0
17,direct,3,ENG_01,engineering__INT_GAIT_X_POSTURAL_STABILITY,engineered_representation,final_26,none,all,INT_GAIT_X_POSTURAL_STABILITY,interaction,extra_trees,583,145,47,0.07931683300193981,0.4628012110654888,0.21875,0.5114918089220987,0.5776364838864839,0.6344827586206897,0.7373737373737373,0.28125,0.7142857142857143,0.28125,0.04869059785660984,0.0625
17,direct,3,ENG_02,engineering__INT_MOTOR_X_COGNITION,engineered_representation,final_26,none,all,INT_MOTOR_X_COGNITION,interaction,extra_trees,583,145,47,0.0851755840012629,0.4628012110654888,0.21875,0.48888474140433824,0.5568031505531505,0.6206896551724138,0.7373737373737373,0.21875,0.7142857142857143,0.21875,0.026083530338849414,0.0
17,direct,3,ENG_03,engineering__INT_DURATION_X_MOTOR,engineered_representation,final_26,none,all,INT_DURATION_X_MOTOR,interaction,extra_trees,583,145,47,0.08341683300022851,0.4628012110654888,0.21875,0.4908401698570444,0.5568031505531505,0.6206896551724138,0.7373737373737373,0.21875,0.7142857142857143,0.21875,0.028038958791555546,0.0
17,direct,3,ENG_04,engineering__INT_MOBILITY_X_POSTURAL_STABILITY,engineered_representation,final_26,none,all,INT_MOBILITY_X_POSTURAL_STABILITY,interaction,extra_trees,583,145,47,0.0788685000006808,0.4628012110654888,0.21875,0.5510900463746621,0.6256463443963444,0.6620689655172414,0.7474747474747475,0.34375,0.7857142857142857,0.34375,0.08828883530917325,0.125
17,direct,3,ENG_05,engineering__PCA_PART_I_PATIENT_3_80,engineered_representation,final_26,none,all,PCA_PART_I_PATIENT_3_80,pca,extra_trees,583,145,45,0.08243829099956201,0.4628012110654888,0.21875,0.46592011944755507,0.5259439634439634,0.6137931034482759,0.7474747474747475,0.1875,0.6428571428571429,0.1875,0.0031189083820662433,-0.03125
17,direct,3,ENG_06,engineering__PCA_PART_I_PATIENT_3_90,engineered_representation,final_26,none,all,PCA_PART_I_PATIENT_3_90,pca,extra_trees,583,145,46,0.07968650000111666,0.4628012110654888,0.21875,0.498530304740103,0.5672198172198172,0.6275862068965518,0.7373737373737373,0.25,0.7142857142857143,0.25,0.03572909367461419,0.03125
17,direct,3,ENG_07,engineering__PCA_PART_I_PATIENT_3_95,engineered_representation,final_26,none,all,PCA_PART_I_PATIENT_3_95,pca,extra_trees,583,145,46,0.07380895800088183,0.4628012110654888,0.21875,0.498530304740103,0.5672198172198172,0.6275862068965518,0.7373737373737373,0.25,0.7142857142857143,0.25,0.03572909367461419,0.03125
17,direct,4,ENG_01,engineering__INT_GAIT_X_POSTURAL_STABILITY,engineered_representation,final_26,none,all,INT_GAIT_X_POSTURAL_STABILITY,interaction,extra_trees,583,145,48,0.07069908300036332,0.5182494843511792,0.21875,0.5483736067928507,0.6246242183742184,0.6758620689655173,0.797979797979798,0.21875,0.8571428571428571,0.21875,0.030124122441671508,0.0
17,direct,4,ENG_02,engineering__INT_MOTOR_X_COGNITION,engineered_representation,final_26,none,all,INT_MOTOR_X_COGNITION,interaction,extra_trees,583,145,48,0.07175204200029839,0.5182494843511792,0.21875,0.5326145552560647,0.6108405483405482,0.6620689655172414,0.7878787878787878,0.1875,0.8571428571428571,0.1875,0.01436507090488548,-0.03125
17,direct,4,ENG_03,engineering__INT_DURATION_X_MOTOR,engineered_representation,final_26,none,all,INT_DURATION_X_MOTOR,interaction,extra_trees,583,145,48,0.07905887499873643,0.5182494843511792,0.21875,0.5376180416136326,0.6145232082732083,0.6551724137931034,0.7676767676767676,0.21875,0.8571428571428571,0.21875,0.019368557262453345,0.0
17,direct,4,ENG_04,engineering__INT_MOBILITY_X_POSTURAL_STABILITY,engineered_representation,final_26,none,all,INT_MOBILITY_X_POSTURAL_STABILITY,interaction,extra_trees,583,145,48,0.0669972499999858,0.5182494843511792,0.21875,0.5413004957046408,0.6178902116402116,0.6620689655172414,0.7777777777777778,0.21875,0.8571428571428571,0.21875,0.023051011353461548,0.0
17,direct,4,ENG_05,engineering__PCA_PART_I_PATIENT_3_80,engineered_representation,final_26,none,all,PCA_PART_I_PATIENT_3_80,pca,extra_trees,583,145,46,0.07259779200103367,0.5182494843511792,0.21875,0.5192551877685203,0.6007395382395382,0.6413793103448275,0.7575757575757576,0.1875,0.8571428571428571,0.1875,0.001005703417341075,-0.03125
17,direct,4,ENG_06,engineering__PCA_PART_I_PATIENT_3_90,engineered_representation,final_26,none,all,PCA_PART_I_PATIENT_3_90,pca,extra_trees,583,145,47,0.06358762499803561,0.5182494843511792,0.21875,0.513372970417644,0.5936898749398749,0.6413793103448275,0.7676767676767676,0.15625,0.8571428571428571,0.15625,-0.004876513933535276,-0.0625
17,direct,4,ENG_07,engineering__PCA_PART_I_PATIENT_3_95,engineered_representation,final_26,none,all,PCA_PART_I_PATIENT_3_95,pca,extra_trees,583,145,47,0.06621804099995643,0.5182494843511792,0.21875,0.513372970417644,0.5936898749398749,0.6413793103448275,0.7676767676767676,0.15625,0.8571428571428571,0.15625,-0.004876513933535276,-0.0625
17,stage_1,0,ENG_01,engineering__INT_GAIT_X_POSTURAL_STABILITY,engineered_representation,final_26,none,all,INT_GAIT_X_POSTURAL_STABILITY,interaction,extra_trees,582,146,48,0.0644499590016494,0.6667391304347826,0.5434782608695652,0.6886993603411513,0.6876086956521739,0.7328767123287672,0.81,0.5652173913043478,,0.5652173913043478,0.0219602299063687,0.021739130434782594
17,stage_1,0,ENG_02,engineering__INT_MOTOR_X_COGNITION,engineered_representation,final_26,none,all,INT_MOTOR_X_COGNITION,interaction,extra_trees,582,146,48,0.0687383750009758,0.6667391304347826,0.5434782608695652,0.6787678767876788,0.6767391304347826,0.726027397260274,0.81,0.5434782608695652,,0.5434782608695652,0.012028746352896191,0.0
17,stage_1,0,ENG_03,engineering__INT_DURATION_X_MOTOR,engineered_representation,final_26,none,all,INT_DURATION_X_MOTOR,interaction,extra_trees,582,146,48,0.07434587500029011,0.6667391304347826,0.5434782608695652,0.672735224974031,0.6717391304347826,0.7191780821917808,0.8,0.5434782608695652,,0.5434782608695652,0.005996094539248431,0.0
17,stage_1,0,ENG_04,engineering__INT_MOBILITY_X_POSTURAL_STABILITY,engineered_representation,final_26,none,all,INT_MOBILITY_X_POSTURAL_STABILITY,interaction,extra_trees,582,146,48,0.07012454099822207,0.6667391304347826,0.5434782608695652,0.6886993603411513,0.6876086956521739,0.7328767123287672,0.81,0.5652173913043478,,0.5652173913043478,0.0219602299063687,0.021739130434782594
17,stage_1,0,ENG_05,engineering__PCA_PART_I_PATIENT_3_80,engineered_representation,final_26,none,all,PCA_PART_I_PATIENT_3_80,pca,extra_trees,582,146,46,0.07074975000068662,0.6667391304347826,0.5434782608695652,0.7019127444659359,0.7043478260869566,0.7397260273972602,0.8,0.6086956521739131,,0.6086956521739131,0.035173614031153266,0.0652173913043479
17,stage_1,0,ENG_06,engineering__PCA_PART_I_PATIENT_3_90,engineered_representation,final_26,none,all,PCA_PART_I_PATIENT_3_90,pca,extra_trees,582,146,47,0.067923750000773,0.6667391304347826,0.5434782608695652,0.6667391304347826,0.6667391304347826,0.7123287671232876,0.79,0.5434782608695652,,0.5434782608695652,0.0,0.0
17,stage_1,0,ENG_07,engineering__PCA_PART_I_PATIENT_3_95,engineered_representation,final_26,none,all,PCA_PART_I_PATIENT_3_95,pca,extra_trees,582,146,47,0.06876204099899041,0.6667391304347826,0.5434782608695652,0.6667391304347826,0.6667391304347826,0.7123287671232876,0.79,0.5434782608695652,,0.5434782608695652,0.0,0.0
17,stage_1,1,ENG_01,engineering__INT_GAIT_X_POSTURAL_STABILITY,engineered_representation,final_26,none,all,INT_GAIT_X_POSTURAL_STABILITY,interaction,extra_trees,582,146,48,0.06846683399999165,0.6585884353741496,0.5652173913043478,0.6714293190977129,0.6793478260869565,0.7054794520547946,0.75,0.6086956521739131,,0.6086956521739131,0.01284088372356329,0.0434782608695653
17,stage_1,1,ENG_02,engineering__INT_MOTOR_X_COGNITION,engineered_representation,final_26,none,all,INT_MOTOR_X_COGNITION,interaction,extra_trees,582,146,48,0.06876700000066194,0.6585884353741496,0.5652173913043478,0.6745632678451091,0.6852173913043478,0.7054794520547946,0.74,0.6304347826086957,,0.6304347826086957,0.015974832470959544,0.0652173913043479
17,stage_1,1,ENG_03,engineering__INT_DURATION_X_MOTOR,engineered_representation,final_26,none,all,INT_DURATION_X_MOTOR,interaction,extra_trees,582,146,48,0.0696851249995234,0.6585884353741496,0.5652173913043478,0.6745632678451091,0.6852173913043478,0.7054794520547946,0.74,0.6304347826086957,,0.6304347826086957,0.015974832470959544,0.0652173913043479
17,stage_1,1,ENG_04,engineering__INT_MOBILITY_X_POSTURAL_STABILITY,engineered_representation,final_26,none,all,INT_MOBILITY_X_POSTURAL_STABILITY,interaction,extra_trees,582,146,48,0.06785645799755002,0.6585884353741496,0.5652173913043478,0.6714402618657938,0.6860869565217391,0.6986301369863014,0.72,0.6521739130434783,,0.6521739130434783,0.01285182649164418,0.08695652173913049
17,stage_1,1,ENG_05,engineering__PCA_PART_I_PATIENT_3_80,engineered_representation,final_26,none,all,PCA_PART_I_PATIENT_3_80,pca,extra_trees,582,146,46,0.06820533299833187,0.6585884353741496,0.5652173913043478,0.635650623885918,0.6493478260869565,0.6643835616438356,0.69,0.6086956521739131,,0.6086956521739131,-0.022937811488231596,0.0434782608695653
17,stage_1,1,ENG_06,engineering__PCA_PART_I_PATIENT_3_90,engineered_representation,final_26,none,all,PCA_PART_I_PATIENT_3_90,pca,extra_trees,582,146,47,0.06957866700031445,0.6585884353741496,0.5652173913043478,0.6561469618464437,0.6634782608695653,0.6917808219178082,0.74,0.5869565217391305,,0.5869565217391305,-0.002441473527705851,0.021739130434782705
17,stage_1,1,ENG_07,engineering__PCA_PART_I_PATIENT_3_95,engineered_representation,final_26,none,all,PCA_PART_I_PATIENT_3_95,pca,extra_trees,582,146,47,0.06418666699755704,0.6585884353741496,0.5652173913043478,0.6561469618464437,0.6634782608695653,0.6917808219178082,0.74,0.5869565217391305,,0.5869565217391305,-0.002441473527705851,0.021739130434782705
17,stage_1,2,ENG_01,engineering__INT_GAIT_X_POSTURAL_STABILITY,engineered_representation,final_26,none,all,INT_GAIT_X_POSTURAL_STABILITY,interaction,extra_trees,582,146,48,0.07455245800156263,0.682608695652174,0.5652173913043478,0.664367816091954,0.6599999999999999,0.7191780821917808,0.82,0.5,,0.5,-0.018240879560219914,-0.06521739130434778
17,stage_1,2,ENG_02,engineering__INT_MOTOR_X_COGNITION,engineered_representation,final_26,none,all,INT_MOTOR_X_COGNITION,interaction,extra_trees,582,146,48,0.06222691600123653,0.682608695652174,0.5652173913043478,0.6597897129866439,0.6541304347826087,0.7191780821917808,0.83,0.4782608695652174,,0.4782608695652174,-0.022818982665530063,-0.08695652173913038
17,stage_1,2,ENG_03,engineering__INT_DURATION_X_MOTOR,engineered_representation,final_26,none,all,INT_DURATION_X_MOTOR,interaction,extra_trees,582,146,48,0.0730963329988299,0.682608695652174,0.5652173913043478,0.664367816091954,0.6599999999999999,0.7191780821917808,0.82,0.5,,0.5,-0.018240879560219914,-0.06521739130434778
17,stage_1,2,ENG_04,engineering__INT_MOBILITY_X_POSTURAL_STABILITY,engineered_representation,final_26,none,all,INT_MOBILITY_X_POSTURAL_STABILITY,interaction,extra_trees,582,146,48,0.06846362500073155,0.682608695652174,0.5652173913043478,0.6538722059155566,0.6491304347826087,0.7123287671232876,0.82,0.4782608695652174,,0.4782608695652174,-0.028736489736617354,-0.08695652173913038
17,stage_1,2,ENG_05,engineering__PCA_PART_I_PATIENT_3_80,engineered_representation,final_26,none,all,PCA_PART_I_PATIENT_3_80,pca,extra_trees,582,146,46,0.06765712500055088,0.682608695652174,0.5652173913043478,0.6686776996734378,0.6658695652173914,0.7191780821917808,0.81,0.5217391304347826,,0.5217391304347826,-0.01393099597873615,-0.04347826086956519
17,stage_1,2,ENG_06,engineering__PCA_PART_I_PATIENT_3_90,engineered_representation,final_26,none,all,PCA_PART_I_PATIENT_3_90,pca,extra_trees,582,146,47,0.07775308399868663,0.682608695652174,0.5652173913043478,0.6525156362428738,0.65,0.7054794520547946,0.8,0.5,,0.5,-0.030093059409300182,-0.06521739130434778
17,stage_1,2,ENG_07,engineering__PCA_PART_I_PATIENT_3_95,engineered_representation,final_26,none,all,PCA_PART_I_PATIENT_3_95,pca,extra_trees,582,146,47,0.06486216700068326,0.682608695652174,0.5652173913043478,0.6525156362428738,0.65,0.7054794520547946,0.8,0.5,,0.5,-0.030093059409300182,-0.06521739130434778
17,stage_1,3,ENG_01,engineering__INT_GAIT_X_POSTURAL_STABILITY,engineered_representation,final_26,none,all,INT_GAIT_X_POSTURAL_STABILITY,interaction,extra_trees,583,145,47,0.06805058299869415,0.7214578682311407,0.717391304347826,0.6947368421052631,0.7048748353096179,0.7241379310344828,0.7575757575757576,0.6521739130434783,,0.6521739130434783,-0.026721026125877567,-0.06521739130434778
17,stage_1,3,ENG_02,engineering__INT_MOTOR_X_COGNITION,engineered_representation,final_26,none,all,INT_MOTOR_X_COGNITION,interaction,extra_trees,583,145,47,0.06676187499761,0.7214578682311407,0.717391304347826,0.6885640945046885,0.699824330259113,0.7172413793103448,0.7474747474747475,0.6521739130434783,,0.6521739130434783,-0.03289377372645219,-0.06521739130434778
17,stage_1,3,ENG_03,engineering__INT_DURATION_X_MOTOR,engineered_representation,final_26,none,all,INT_DURATION_X_MOTOR,interaction,extra_trees,583,145,47,0.06335075000242796,0.7214578682311407,0.717391304347826,0.682415519399249,0.6947738252086078,0.7103448275862069,0.7373737373737373,0.6521739130434783,,0.6521739130434783,-0.039042348831891616,-0.06521739130434778
17,stage_1,3,ENG_04,engineering__INT_MOBILITY_X_POSTURAL_STABILITY,engineered_representation,final_26,none,all,INT_MOBILITY_X_POSTURAL_STABILITY,interaction,extra_trees,583,145,47,0.06650262499897508,0.7214578682311407,0.717391304347826,0.6947368421052631,0.7048748353096179,0.7241379310344828,0.7575757575757576,0.6521739130434783,,0.6521739130434783,-0.026721026125877567,-0.06521739130434778
17,stage_1,3,ENG_05,engineering__PCA_PART_I_PATIENT_3_80,engineered_representation,final_26,none,all,PCA_PART_I_PATIENT_3_80,pca,extra_trees,583,145,45,0.0648088749985618,0.7214578682311407,0.717391304347826,0.7126616604088444,0.7266139657444005,0.7379310344827587,0.7575757575757576,0.6956521739130435,,0.6956521739130435,-0.008796207822296287,-0.021739130434782594
17,stage_1,3,ENG_06,engineering__PCA_PART_I_PATIENT_3_90,engineered_representation,final_26,none,all,PCA_PART_I_PATIENT_3_90,pca,extra_trees,583,145,46,0.08450066599834827,0.7214578682311407,0.717391304347826,0.6975385899040467,0.7106938954765042,0.7241379310344828,0.7474747474747475,0.6739130434782609,,0.6739130434782609,-0.02391927832709395,-0.04347826086956519
17,stage_1,3,ENG_07,engineering__PCA_PART_I_PATIENT_3_95,engineered_representation,final_26,none,all,PCA_PART_I_PATIENT_3_95,pca,extra_trees,583,145,46,0.08385137499863049,0.7214578682311407,0.717391304347826,0.6975385899040467,0.7106938954765042,0.7241379310344828,0.7474747474747475,0.6739130434782609,,0.6739130434782609,-0.02391927832709395,-0.04347826086956519
17,stage_1,4,ENG_01,engineering__INT_GAIT_X_POSTURAL_STABILITY,engineered_representation,final_26,none,all,INT_GAIT_X_POSTURAL_STABILITY,interaction,extra_trees,583,145,48,0.08178825000140932,0.6979328027348966,0.6304347826086957,0.682442177234122,0.6881862099253404,0.7172413793103448,0.7676767676767676,0.6086956521739131,,0.6086956521739131,-0.015490625500774513,-0.021739130434782594
17,stage_1,4,ENG_02,engineering__INT_MOTOR_X_COGNITION,engineered_representation,final_26,none,all,INT_MOTOR_X_COGNITION,interaction,extra_trees,583,145,48,0.07381100000202423,0.6979328027348966,0.6304347826086957,0.6730025773195876,0.6773166447079491,0.7103448275862069,0.7676767676767676,0.5869565217391305,,0.5869565217391305,-0.024930225415308982,-0.04347826086956519
17,stage_1,4,ENG_03,engineering__INT_DURATION_X_MOTOR,engineered_representation,final_26,none,all,INT_DURATION_X_MOTOR,interaction,extra_trees,583,145,48,0.06367841699830024,0.6979328027348966,0.6304347826086957,0.682442177234122,0.6881862099253404,0.7172413793103448,0.7676767676767676,0.6086956521739131,,0.6086956521739131,-0.015490625500774513,-0.021739130434782594
17,stage_1,4,ENG_04,engineering__INT_MOBILITY_X_POSTURAL_STABILITY,engineered_representation,final_26,none,all,INT_MOBILITY_X_POSTURAL_STABILITY,interaction,extra_trees,583,145,48,0.07019412500085309,0.6979328027348966,0.6304347826086957,0.6763392857142857,0.6831357048748353,0.7103448275862069,0.7575757575757576,0.6086956521739131,,0.6086956521739131,-0.021593517020610853,-0.021739130434782594
17,stage_1,4,ENG_05,engineering__PCA_PART_I_PATIENT_3_80,engineered_representation,final_26,none,all,PCA_PART_I_PATIENT_3_80,pca,extra_trees,583,145,46,0.07112170800246531,0.6979328027348966,0.6304347826086957,0.6730025773195876,0.6773166447079491,0.7103448275862069,0.7676767676767676,0.5869565217391305,,0.5869565217391305,-0.024930225415308982,-0.04347826086956519
17,stage_1,4,ENG_06,engineering__PCA_PART_I_PATIENT_3_90,engineered_representation,final_26,none,all,PCA_PART_I_PATIENT_3_90,pca,extra_trees,583,145,47,0.06922599999961676,0.6979328027348966,0.6304347826086957,0.6790823211875843,0.6823671497584541,0.7172413793103448,0.7777777777777778,0.5869565217391305,,0.5869565217391305,-0.01885048154731228,-0.04347826086956519
17,stage_1,4,ENG_07,engineering__PCA_PART_I_PATIENT_3_95,engineered_representation,final_26,none,all,PCA_PART_I_PATIENT_3_95,pca,extra_trees,583,145,47,0.06911795899941353,0.6979328027348966,0.6304347826086957,0.6790823211875843,0.6823671497584541,0.7172413793103448,0.7777777777777778,0.5869565217391305,,0.5869565217391305,-0.01885048154731228,-0.04347826086956519
17,stage_2,0,ENG_01,engineering__INT_GAIT_X_POSTURAL_STABILITY,engineered_representation,final_26,none,all,INT_GAIT_X_POSTURAL_STABILITY,interaction,extra_trees,184,46,47,0.06172604200037313,0.6617647058823529,0.875,0.697910447761194,0.6875,0.7608695652173914,0.875,0.5,,0.875,0.03614574187884112,0.0
17,stage_2,0,ENG_02,engineering__INT_MOTOR_X_COGNITION,engineered_representation,final_26,none,all,INT_MOTOR_X_COGNITION,interaction,extra_trees,184,46,47,0.055828958000347484,0.6617647058823529,0.875,0.6617647058823529,0.6517857142857143,0.7391304347826086,0.875,0.42857142857142855,,0.875,0.0,0.0
17,stage_2,0,ENG_03,engineering__INT_DURATION_X_MOTOR,engineered_representation,final_26,none,all,INT_DURATION_X_MOTOR,interaction,extra_trees,184,46,47,0.07020624999859137,0.6617647058823529,0.875,0.697910447761194,0.6875,0.7608695652173914,0.875,0.5,,0.875,0.03614574187884112,0.0
17,stage_2,0,ENG_04,engineering__INT_MOBILITY_X_POSTURAL_STABILITY,engineered_representation,final_26,none,all,INT_MOBILITY_X_POSTURAL_STABILITY,interaction,extra_trees,184,46,47,0.07065287500154227,0.6617647058823529,0.875,0.6429850746268657,0.6361607142857143,0.717391304347826,0.84375,0.42857142857142855,,0.84375,-0.018779631255487206,-0.03125
17,stage_2,0,ENG_05,engineering__PCA_PART_I_PATIENT_3_80,engineered_representation,final_26,none,all,PCA_PART_I_PATIENT_3_80,pca,extra_trees,184,46,45,0.07113816700075404,0.6617647058823529,0.875,0.6231884057971014,0.6160714285714286,0.717391304347826,0.875,0.35714285714285715,,0.875,-0.03857630008525148,0.0
17,stage_2,0,ENG_06,engineering__PCA_PART_I_PATIENT_3_90,engineered_representation,final_26,none,all,PCA_PART_I_PATIENT_3_90,pca,extra_trees,184,46,46,0.06801700000141864,0.6617647058823529,0.875,0.6429850746268657,0.6361607142857143,0.717391304347826,0.84375,0.42857142857142855,,0.84375,-0.018779631255487206,-0.03125
17,stage_2,0,ENG_07,engineering__PCA_PART_I_PATIENT_3_95,engineered_representation,final_26,none,all,PCA_PART_I_PATIENT_3_95,pca,extra_trees,184,46,46,0.06733741700008977,0.6617647058823529,0.875,0.6429850746268657,0.6361607142857143,0.717391304347826,0.84375,0.42857142857142855,,0.84375,-0.018779631255487206,-0.03125
17,stage_2,1,ENG_01,engineering__INT_GAIT_X_POSTURAL_STABILITY,engineered_representation,final_26,none,all,INT_GAIT_X_POSTURAL_STABILITY,interaction,extra_trees,184,46,47,0.06516308299978846,0.5548387096774194,0.6875,0.6043010752688172,0.609375,0.6521739130434783,0.71875,0.5,,0.71875,0.04946236559139772,0.03125
17,stage_2,1,ENG_02,engineering__INT_MOTOR_X_COGNITION,engineered_representation,final_26,none,all,INT_MOTOR_X_COGNITION,interaction,extra_trees,184,46,47,0.06573616700188722,0.5548387096774194,0.6875,0.6223316912972086,0.625,0.6739130434782609,0.75,0.5,,0.75,0.06749298161978912,0.0625
17,stage_2,1,ENG_03,engineering__INT_DURATION_X_MOTOR,engineered_representation,final_26,none,all,INT_DURATION_X_MOTOR,interaction,extra_trees,184,46,47,0.07236033399749431,0.5548387096774194,0.6875,0.6043010752688172,0.609375,0.6521739130434783,0.71875,0.5,,0.71875,0.04946236559139772,0.03125
17,stage_2,1,ENG_04,engineering__INT_MOBILITY_X_POSTURAL_STABILITY,engineered_representation,final_26,none,all,INT_MOBILITY_X_POSTURAL_STABILITY,interaction,extra_trees,184,46,47,0.06818445899989456,0.5548387096774194,0.6875,0.6223316912972086,0.625,0.6739130434782609,0.75,0.5,,0.75,0.06749298161978912,0.0625
17,stage_2,1,ENG_05,engineering__PCA_PART_I_PATIENT_3_80,engineered_representation,final_26,none,all,PCA_PART_I_PATIENT_3_80,pca,extra_trees,184,46,45,0.07272662500326987,0.5548387096774194,0.6875,0.5892857142857143,0.5892857142857143,0.6521739130434783,0.75,0.42857142857142855,,0.75,0.03444700460829486,0.0625
17,stage_2,1,ENG_06,engineering__PCA_PART_I_PATIENT_3_90,engineered_representation,final_26,none,all,PCA_PART_I_PATIENT_3_90,pca,extra_trees,184,46,46,0.06830141599857598,0.5548387096774194,0.6875,0.5548387096774194,0.5580357142857143,0.6086956521739131,0.6875,0.42857142857142855,,0.6875,0.0,0.0
17,stage_2,1,ENG_07,engineering__PCA_PART_I_PATIENT_3_95,engineered_representation,final_26,none,all,PCA_PART_I_PATIENT_3_95,pca,extra_trees,184,46,46,0.06560991599690169,0.5548387096774194,0.6875,0.5548387096774194,0.5580357142857143,0.6086956521739131,0.6875,0.42857142857142855,,0.6875,0.0,0.0
17,stage_2,2,ENG_01,engineering__INT_GAIT_X_POSTURAL_STABILITY,engineered_representation,final_26,none,all,INT_GAIT_X_POSTURAL_STABILITY,interaction,extra_trees,184,46,47,0.06873804099814151,0.6537634408602151,0.7741935483870968,0.5864621893178212,0.5881720430107527,0.6304347826086957,0.7096774193548387,0.4666666666666667,,0.7096774193548387,-0.06730125154239386,-0.06451612903225801
17,stage_2,2,ENG_02,engineering__INT_MOTOR_X_COGNITION,engineered_representation,final_26,none,all,INT_MOTOR_X_COGNITION,interaction,extra_trees,184,46,47,0.05746779200126184,0.6537634408602151,0.7741935483870968,0.5548387096774194,0.5548387096774194,0.6086956521739131,0.7096774193548387,0.4,,0.7096774193548387,-0.09892473118279566,-0.06451612903225801
17,stage_2,2,ENG_03,engineering__INT_DURATION_X_MOTOR,engineered_representation,final_26,none,all,INT_DURATION_X_MOTOR,interaction,extra_trees,184,46,47,0.06092929100123001,0.6537634408602151,0.7741935483870968,0.6166666666666667,0.6215053763440861,0.6521739130434783,0.7096774193548387,0.5333333333333333,,0.7096774193548387,-0.0370967741935484,-0.06451612903225801
17,stage_2,2,ENG_04,engineering__INT_MOBILITY_X_POSTURAL_STABILITY,engineered_representation,final_26,none,all,INT_MOBILITY_X_POSTURAL_STABILITY,interaction,extra_trees,184,46,47,0.06704695799999172,0.6537634408602151,0.7741935483870968,0.5864621893178212,0.5881720430107527,0.6304347826086957,0.7096774193548387,0.4666666666666667,,0.7096774193548387,-0.06730125154239386,-0.06451612903225801
17,stage_2,2,ENG_05,engineering__PCA_PART_I_PATIENT_3_80,engineered_representation,final_26,none,all,PCA_PART_I_PATIENT_3_80,pca,extra_trees,184,46,45,0.07230991599863046,0.6537634408602151,0.7741935483870968,0.6166666666666667,0.6215053763440861,0.6521739130434783,0.7096774193548387,0.5333333333333333,,0.7096774193548387,-0.0370967741935484,-0.06451612903225801
17,stage_2,2,ENG_06,engineering__PCA_PART_I_PATIENT_3_90,engineered_representation,final_26,none,all,PCA_PART_I_PATIENT_3_90,pca,extra_trees,184,46,46,0.057050415998674,0.6537634408602151,0.7741935483870968,0.6645833333333333,0.6709677419354838,0.6956521739130435,0.7419354838709677,0.6,,0.7419354838709677,0.010819892473118209,-0.032258064516129004
17,stage_2,2,ENG_07,engineering__PCA_PART_I_PATIENT_3_95,engineered_representation,final_26,none,all,PCA_PART_I_PATIENT_3_95,pca,extra_trees,184,46,46,0.06795762500041747,0.6537634408602151,0.7741935483870968,0.6645833333333333,0.6709677419354838,0.6956521739130435,0.7419354838709677,0.6,,0.7419354838709677,0.010819892473118209,-0.032258064516129004
17,stage_2,3,ENG_01,engineering__INT_GAIT_X_POSTURAL_STABILITY,engineered_representation,final_26,none,all,INT_GAIT_X_POSTURAL_STABILITY,interaction,extra_trees,184,46,47,0.06535295799767482,0.6456086286594761,0.6875,0.6166666666666667,0.6294642857142857,0.6521739130434783,0.6875,0.5714285714285714,,0.6875,-0.028941961992809406,0.0
17,stage_2,3,ENG_02,engineering__INT_MOTOR_X_COGNITION,engineered_representation,final_26,none,all,INT_MOTOR_X_COGNITION,interaction,extra_trees,184,46,47,0.07229845899928478,0.6456086286594761,0.6875,0.5864621893178212,0.59375,0.6304347826086957,0.6875,0.5,,0.6875,-0.059146439341654866,0.0
17,stage_2,3,ENG_03,engineering__INT_DURATION_X_MOTOR,engineered_representation,final_26,none,all,INT_DURATION_X_MOTOR,interaction,extra_trees,184,46,47,0.0741420830017887,0.6456086286594761,0.6875,0.56875,0.578125,0.6086956521739131,0.65625,0.5,,0.65625,-0.07685862865947612,-0.03125
17,stage_2,3,ENG_04,engineering__INT_MOBILITY_X_POSTURAL_STABILITY,engineered_representation,final_26,none,all,INT_MOBILITY_X_POSTURAL_STABILITY,interaction,extra_trees,184,46,47,0.06850279200079967,0.6456086286594761,0.6875,0.5864621893178212,0.59375,0.6304347826086957,0.6875,0.5,,0.6875,-0.059146439341654866,0.0
17,stage_2,3,ENG_05,engineering__PCA_PART_I_PATIENT_3_80,engineered_representation,final_26,none,all,PCA_PART_I_PATIENT_3_80,pca,extra_trees,184,46,45,0.055714165999233956,0.6456086286594761,0.6875,0.6645833333333333,0.6808035714285714,0.6956521739130435,0.71875,0.6428571428571429,,0.71875,0.0189747046738572,0.03125
17,stage_2,3,ENG_06,engineering__PCA_PART_I_PATIENT_3_90,engineered_representation,final_26,none,all,PCA_PART_I_PATIENT_3_90,pca,extra_trees,184,46,46,0.060935042001801776,0.6456086286594761,0.6875,0.6645833333333333,0.6808035714285714,0.6956521739130435,0.71875,0.6428571428571429,,0.71875,0.0189747046738572,0.03125
17,stage_2,3,ENG_07,engineering__PCA_PART_I_PATIENT_3_95,engineered_representation,final_26,none,all,PCA_PART_I_PATIENT_3_95,pca,extra_trees,184,46,46,0.061523333002696745,0.6456086286594761,0.6875,0.6645833333333333,0.6808035714285714,0.6956521739130435,0.71875,0.6428571428571429,,0.71875,0.0189747046738572,0.03125
17,stage_2,4,ENG_01,engineering__INT_GAIT_X_POSTURAL_STABILITY,engineered_representation,final_26,none,all,INT_GAIT_X_POSTURAL_STABILITY,interaction,extra_trees,184,46,47,0.07622912499937229,0.7463659147869675,0.71875,0.7200811359026369,0.7522321428571428,0.7391304347826086,0.71875,0.7857142857142857,,0.71875,-0.026284778884330562,0.0
17,stage_2,4,ENG_02,engineering__INT_MOTOR_X_COGNITION,engineered_representation,final_26,none,all,INT_MOTOR_X_COGNITION,interaction,extra_trees,184,46,47,0.06724566599950776,0.7463659147869675,0.71875,0.7200811359026369,0.7522321428571428,0.7391304347826086,0.71875,0.7857142857142857,,0.71875,-0.026284778884330562,0.0
17,stage_2,4,ENG_03,engineering__INT_DURATION_X_MOTOR,engineered_representation,final_26,none,all,INT_DURATION_X_MOTOR,interaction,extra_trees,184,46,47,0.05635074999736389,0.7463659147869675,0.71875,0.700250626566416,0.7366071428571428,0.717391304347826,0.6875,0.7857142857142857,,0.6875,-0.04611528822055144,-0.03125
17,stage_2,4,ENG_04,engineering__INT_MOBILITY_X_POSTURAL_STABILITY,engineered_representation,final_26,none,all,INT_MOBILITY_X_POSTURAL_STABILITY,interaction,extra_trees,184,46,47,0.06808287500098231,0.7463659147869675,0.71875,0.700250626566416,0.7366071428571428,0.717391304347826,0.6875,0.7857142857142857,,0.6875,-0.04611528822055144,-0.03125
17,stage_2,4,ENG_05,engineering__PCA_PART_I_PATIENT_3_80,engineered_representation,final_26,none,all,PCA_PART_I_PATIENT_3_80,pca,extra_trees,184,46,46,0.056623707998369355,0.7463659147869675,0.71875,0.7463659147869675,0.7879464285714286,0.7608695652173914,0.71875,0.8571428571428571,,0.71875,0.0,0.0
17,stage_2,4,ENG_06,engineering__PCA_PART_I_PATIENT_3_90,engineered_representation,final_26,none,all,PCA_PART_I_PATIENT_3_90,pca,extra_trees,184,46,46,0.06391266599894152,0.7463659147869675,0.71875,0.7463659147869675,0.7879464285714286,0.7608695652173914,0.71875,0.8571428571428571,,0.71875,0.0,0.0
17,stage_2,4,ENG_07,engineering__PCA_PART_I_PATIENT_3_95,engineered_representation,final_26,none,all,PCA_PART_I_PATIENT_3_95,pca,extra_trees,184,46,46,0.053403666002850514,0.7463659147869675,0.71875,0.7463659147869675,0.7879464285714286,0.7608695652173914,0.71875,0.8571428571428571,,0.71875,0.0,0.0
18,direct,0,ENG_01,engineering__INT_GAIT_X_POSTURAL_STABILITY,engineered_representation,final_26,none,all,INT_GAIT_X_POSTURAL_STABILITY,interaction,extra_trees,582,146,48,0.0822770410013618,0.4060775032959432,0.15625,0.4487399770904925,0.48625,0.6027397260273972,0.74,0.21875,0.5,0.21875,0.042662473794549294,0.0625
18,direct,0,ENG_02,engineering__INT_MOTOR_X_COGNITION,engineered_representation,final_26,none,all,INT_MOTOR_X_COGNITION,interaction,extra_trees,582,146,48,0.07996891700167907,0.4060775032959432,0.15625,0.44152046783625726,0.4795833333333333,0.589041095890411,0.72,0.21875,0.5,0.21875,0.03544296454031404,0.0625
18,direct,0,ENG_03,engineering__INT_DURATION_X_MOTOR,engineered_representation,final_26,none,all,INT_DURATION_X_MOTOR,interaction,extra_trees,582,146,48,0.06985608299874002,0.4060775032959432,0.15625,0.45485839554449575,0.4895833333333333,0.6095890410958904,0.75,0.21875,0.5,0.21875,0.04878089224855253,0.0625
18,direct,0,ENG_04,engineering__INT_MOBILITY_X_POSTURAL_STABILITY,engineered_representation,final_26,none,all,INT_MOBILITY_X_POSTURAL_STABILITY,interaction,extra_trees,582,146,48,0.0720636670012027,0.4060775032959432,0.15625,0.4534244420035085,0.4895833333333333,0.6095890410958904,0.75,0.21875,0.5,0.21875,0.04734693870756529,0.0625
18,direct,0,ENG_05,engineering__PCA_PART_I_PATIENT_3_80,engineered_representation,final_26,none,all,PCA_PART_I_PATIENT_3_80,pca,extra_trees,582,146,46,0.06808137500047451,0.4060775032959432,0.15625,0.4012430243707275,0.4483333333333333,0.5684931506849316,0.72,0.125,0.5,0.125,-0.004834478925215713,-0.03125
18,direct,0,ENG_06,engineering__PCA_PART_I_PATIENT_3_90,engineered_representation,final_26,none,all,PCA_PART_I_PATIENT_3_90,pca,extra_trees,582,146,47,0.06744858399906661,0.4060775032959432,0.15625,0.40973885475603683,0.455,0.5821917808219178,0.74,0.125,0.5,0.125,0.0036613514600936092,-0.03125
18,direct,0,ENG_07,engineering__PCA_PART_I_PATIENT_3_95,engineered_representation,final_26,none,all,PCA_PART_I_PATIENT_3_95,pca,extra_trees,582,146,47,0.08769112499794574,0.4060775032959432,0.15625,0.40973885475603683,0.455,0.5821917808219178,0.74,0.125,0.5,0.125,0.0036613514600936092,-0.03125
18,direct,1,ENG_01,engineering__INT_GAIT_X_POSTURAL_STABILITY,engineered_representation,final_26,none,all,INT_GAIT_X_POSTURAL_STABILITY,interaction,extra_trees,582,146,47,0.0818928339976992,0.5244982958550798,0.3125,0.48146911788421215,0.5200595238095238,0.6301369863013698,0.77,0.21875,0.5714285714285714,0.21875,-0.04302917797086764,-0.09375
18,direct,1,ENG_02,engineering__INT_MOTOR_X_COGNITION,engineered_representation,final_26,none,all,INT_MOTOR_X_COGNITION,interaction,extra_trees,582,146,47,0.08406008299789391,0.5244982958550798,0.3125,0.45545443514136635,0.5025595238095238,0.6232876712328768,0.78,0.15625,0.5714285714285714,0.15625,-0.06904386071371343,-0.15625
18,direct,1,ENG_03,engineering__INT_DURATION_X_MOTOR,engineered_representation,final_26,none,all,INT_DURATION_X_MOTOR,interaction,extra_trees,582,146,47,0.08381775000088965,0.5244982958550798,0.3125,0.4642449260405917,0.49583333333333335,0.636986301369863,0.8,0.1875,0.5,0.1875,-0.06025336981448809,-0.125
18,direct,1,ENG_04,engineering__INT_MOBILITY_X_POSTURAL_STABILITY,engineered_representation,final_26,none,all,INT_MOBILITY_X_POSTURAL_STABILITY,interaction,extra_trees,582,146,47,0.07930333399781375,0.5244982958550798,0.3125,0.4291490884594333,0.4683333333333333,0.6095890410958904,0.78,0.125,0.5,0.125,-0.0953492073956465,-0.1875
18,direct,1,ENG_05,engineering__PCA_PART_I_PATIENT_3_80,engineered_representation,final_26,none,all,PCA_PART_I_PATIENT_3_80,pca,extra_trees,582,146,45,0.06615508399772807,0.5244982958550798,0.3125,0.48354306896888105,0.5233928571428571,0.636986301369863,0.78,0.21875,0.5714285714285714,0.21875,-0.04095522688619874,-0.09375
18,direct,1,ENG_06,engineering__PCA_PART_I_PATIENT_3_90,engineered_representation,final_26,none,all,PCA_PART_I_PATIENT_3_90,pca,extra_trees,582,146,46,0.08396395800082246,0.5244982958550798,0.3125,0.541959560385021,0.5817857142857142,0.6712328767123288,0.79,0.3125,0.6428571428571429,0.3125,0.017461264529941234,0.0
18,direct,1,ENG_07,engineering__PCA_PART_I_PATIENT_3_95,engineered_representation,final_26,none,all,PCA_PART_I_PATIENT_3_95,pca,extra_trees,582,146,46,0.08134979199894588,0.5244982958550798,0.3125,0.541959560385021,0.5817857142857142,0.6712328767123288,0.79,0.3125,0.6428571428571429,0.3125,0.017461264529941234,0.0
18,direct,2,ENG_01,engineering__INT_GAIT_X_POSTURAL_STABILITY,engineered_representation,final_26,none,all,INT_GAIT_X_POSTURAL_STABILITY,interaction,extra_trees,582,146,48,0.07402529200044228,0.5252063916428403,0.2903225806451613,0.5114397943708462,0.5763799283154122,0.6506849315068494,0.77,0.22580645161290322,0.7333333333333333,0.22580645161290322,-0.013766597271994141,-0.06451612903225809
18,direct,2,ENG_02,engineering__INT_MOTOR_X_COGNITION,engineered_representation,final_26,none,all,INT_MOTOR_X_COGNITION,interaction,extra_trees,582,146,48,0.09089354199750233,0.5252063916428403,0.2903225806451613,0.5138085178041089,0.5730465949820789,0.6438356164383562,0.76,0.22580645161290322,0.7333333333333333,0.22580645161290322,-0.011397873838731476,-0.06451612903225809
18,direct,2,ENG_03,engineering__INT_DURATION_X_MOTOR,engineered_representation,final_26,none,all,INT_DURATION_X_MOTOR,interaction,extra_trees,582,146,48,0.08578820799812092,0.5252063916428403,0.2903225806451613,0.506577324139364,0.55415770609319,0.6438356164383562,0.77,0.22580645161290322,0.6666666666666666,0.22580645161290322,-0.01862906750347637,-0.06451612903225809
18,direct,2,ENG_04,engineering__INT_MOBILITY_X_POSTURAL_STABILITY,engineered_representation,final_26,none,all,INT_MOBILITY_X_POSTURAL_STABILITY,interaction,extra_trees,582,146,48,0.06884541699764668,0.5252063916428403,0.2903225806451613,0.5095392808117597,0.5730465949820789,0.6438356164383562,0.76,0.22580645161290322,0.7333333333333333,0.22580645161290322,-0.015667110831080633,-0.06451612903225809
18,direct,2,ENG_05,engineering__PCA_PART_I_PATIENT_3_80,engineered_representation,final_26,none,all,PCA_PART_I_PATIENT_3_80,pca,extra_trees,582,146,46,0.08594587500192574,0.5252063916428403,0.2903225806451613,0.5153585364293481,0.5763799283154122,0.6506849315068494,0.77,0.22580645161290322,0.7333333333333333,0.22580645161290322,-0.009847855213492185,-0.06451612903225809
18,direct,2,ENG_06,engineering__PCA_PART_I_PATIENT_3_90,engineered_representation,final_26,none,all,PCA_PART_I_PATIENT_3_90,pca,extra_trees,582,146,47,0.07307841700094286,0.5252063916428403,0.2903225806451613,0.5246592913259579,0.5993548387096774,0.6438356164383562,0.74,0.25806451612903225,0.8,0.25806451612903225,-0.0005471003168824318,-0.03225806451612906
18,direct,2,ENG_07,engineering__PCA_PART_I_PATIENT_3_95,engineered_representation,final_26,none,all,PCA_PART_I_PATIENT_3_95,pca,extra_trees,582,146,47,0.08668212499833317,0.5252063916428403,0.2903225806451613,0.5246592913259579,0.5993548387096774,0.6438356164383562,0.74,0.25806451612903225,0.8,0.25806451612903225,-0.0005471003168824318,-0.03225806451612906
18,direct,3,ENG_01,engineering__INT_GAIT_X_POSTURAL_STABILITY,engineered_representation,final_26,none,all,INT_GAIT_X_POSTURAL_STABILITY,interaction,extra_trees,583,145,48,0.09050454199677915,0.4542740468755362,0.28125,0.45220757548667434,0.5158429533429533,0.593103448275862,0.7171717171717171,0.1875,0.6428571428571429,0.1875,-0.0020664713888618458,-0.09375
18,direct,3,ENG_02,engineering__INT_MOTOR_X_COGNITION,engineered_representation,final_26,none,all,INT_MOTOR_X_COGNITION,interaction,extra_trees,583,145,48,0.08032824999827426,0.4542740468755362,0.28125,0.45814061054579097,0.5091841029341029,0.6068965517241379,0.7373737373737373,0.21875,0.5714285714285714,0.21875,0.0038665636702547856,-0.0625
18,direct,3,ENG_03,engineering__INT_DURATION_X_MOTOR,engineered_representation,final_26,none,all,INT_DURATION_X_MOTOR,interaction,extra_trees,583,145,48,0.07020508300047368,0.4542740468755362,0.28125,0.46542555722795326,0.52625962000962,0.6,0.7171717171717171,0.21875,0.6428571428571429,0.21875,0.011151510352417071,-0.0625
18,direct,3,ENG_04,engineering__INT_MOBILITY_X_POSTURAL_STABILITY,engineered_representation,final_26,none,all,INT_MOBILITY_X_POSTURAL_STABILITY,interaction,extra_trees,583,145,48,0.08204808300069999,0.4542740468755362,0.28125,0.4640112062356761,0.52625962000962,0.6,0.7171717171717171,0.21875,0.6428571428571429,0.21875,0.009737159360139913,-0.0625
18,direct,3,ENG_05,engineering__PCA_PART_I_PATIENT_3_80,engineered_representation,final_26,none,all,PCA_PART_I_PATIENT_3_80,pca,extra_trees,583,145,46,0.06959920799999963,0.4542740468755362,0.28125,0.4705023626620206,0.5199164261664261,0.6,0.7070707070707071,0.28125,0.5714285714285714,0.28125,0.016228315786484426,0.0
18,direct,3,ENG_06,engineering__PCA_PART_I_PATIENT_3_90,engineered_representation,final_26,none,all,PCA_PART_I_PATIENT_3_90,pca,extra_trees,583,145,47,0.0787257080010022,0.4542740468755362,0.28125,0.47462487090699224,0.5333092833092833,0.6,0.7070707070707071,0.25,0.6428571428571429,0.25,0.02035082403145605,-0.03125
18,direct,3,ENG_07,engineering__PCA_PART_I_PATIENT_3_95,engineered_representation,final_26,none,all,PCA_PART_I_PATIENT_3_95,pca,extra_trees,583,145,47,0.07120112499978859,0.4542740468755362,0.28125,0.47462487090699224,0.5333092833092833,0.6,0.7070707070707071,0.25,0.6428571428571429,0.25,0.02035082403145605,-0.03125
18,direct,4,ENG_01,engineering__INT_GAIT_X_POSTURAL_STABILITY,engineered_representation,final_26,none,all,INT_GAIT_X_POSTURAL_STABILITY,interaction,extra_trees,583,145,48,0.06704387499848963,0.523026755970617,0.1875,0.5119516679800368,0.6044221981721981,0.6344827586206897,0.7373737373737373,0.21875,0.8571428571428571,0.21875,-0.011075087990580212,0.03125
18,direct,4,ENG_02,engineering__INT_MOTOR_X_COGNITION,engineered_representation,final_26,none,all,INT_MOTOR_X_COGNITION,interaction,extra_trees,583,145,48,0.06907958300143946,0.523026755970617,0.1875,0.5462775528565001,0.6453823953823954,0.6620689655172414,0.7575757575757576,0.25,0.9285714285714286,0.25,0.023250796885883163,0.0625
18,direct,4,ENG_03,engineering__INT_DURATION_X_MOTOR,engineered_representation,final_26,none,all,INT_DURATION_X_MOTOR,interaction,extra_trees,583,145,48,0.07001174999822979,0.523026755970617,0.1875,0.5048545734083106,0.6007395382395382,0.6413793103448275,0.7575757575757576,0.1875,0.8571428571428571,0.1875,-0.01817218256230635,0.0
18,direct,4,ENG_04,engineering__INT_MOBILITY_X_POSTURAL_STABILITY,engineered_representation,final_26,none,all,INT_MOBILITY_X_POSTURAL_STABILITY,interaction,extra_trees,583,145,48,0.06757154200022342,0.523026755970617,0.1875,0.52208853238265,0.6248647186147186,0.6344827586206897,0.7272727272727273,0.21875,0.9285714285714286,0.21875,-0.0009382235879670242,0.03125
18,direct,4,ENG_05,engineering__PCA_PART_I_PATIENT_3_80,engineered_representation,final_26,none,all,PCA_PART_I_PATIENT_3_80,pca,extra_trees,583,145,46,0.0679855829985172,0.523026755970617,0.1875,0.5329327554504859,0.6349657287157288,0.6551724137931034,0.7575757575757576,0.21875,0.9285714285714286,0.21875,0.009905999479868921,0.03125
18,direct,4,ENG_06,engineering__PCA_PART_I_PATIENT_3_90,engineered_representation,final_26,none,all,PCA_PART_I_PATIENT_3_90,pca,extra_trees,583,145,47,0.06804670799829182,0.523026755970617,0.1875,0.51349487785658,0.6178150553150553,0.6344827586206897,0.7373737373737373,0.1875,0.9285714285714286,0.1875,-0.009531878114036996,0.0
18,direct,4,ENG_07,engineering__PCA_PART_I_PATIENT_3_95,engineered_representation,final_26,none,all,PCA_PART_I_PATIENT_3_95,pca,extra_trees,583,145,47,0.06754229199941619,0.523026755970617,0.1875,0.51349487785658,0.6178150553150553,0.6344827586206897,0.7373737373737373,0.1875,0.9285714285714286,0.1875,-0.009531878114036996,0.0
18,stage_1,0,ENG_01,engineering__INT_GAIT_X_POSTURAL_STABILITY,engineered_representation,final_26,none,all,INT_GAIT_X_POSTURAL_STABILITY,interaction,extra_trees,582,146,48,0.06310024999766028,0.6467494214180518,0.5652173913043478,0.6594266756518584,0.6693478260869565,0.6917808219178082,0.73,0.6086956521739131,,0.6086956521739131,0.012677254233806612,0.0434782608695653
18,stage_1,0,ENG_02,engineering__INT_MOTOR_X_COGNITION,engineered_representation,final_26,none,all,INT_MOTOR_X_COGNITION,interaction,extra_trees,582,146,48,0.0697896249985206,0.6467494214180518,0.5652173913043478,0.6442900834586076,0.6534782608695653,0.678082191780822,0.72,0.5869565217391305,,0.5869565217391305,-0.0024593379594441966,0.021739130434782705
18,stage_1,0,ENG_03,engineering__INT_DURATION_X_MOTOR,engineered_representation,final_26,none,all,INT_DURATION_X_MOTOR,interaction,extra_trees,582,146,48,0.07219591700049932,0.6467494214180518,0.5652173913043478,0.6594266756518584,0.6693478260869565,0.6917808219178082,0.73,0.6086956521739131,,0.6086956521739131,0.012677254233806612,0.0434782608695653
18,stage_1,0,ENG_04,engineering__INT_MOBILITY_X_POSTURAL_STABILITY,engineered_representation,final_26,none,all,INT_MOBILITY_X_POSTURAL_STABILITY,interaction,extra_trees,582,146,48,0.07021416700081318,0.6467494214180518,0.5652173913043478,0.6408646045951746,0.6476086956521738,0.678082191780822,0.73,0.5652173913043478,,0.5652173913043478,-0.005884816822877226,0.0
18,stage_1,0,ENG_05,engineering__PCA_PART_I_PATIENT_3_80,engineered_representation,final_26,none,all,PCA_PART_I_PATIENT_3_80,pca,extra_trees,582,146,46,0.06751654199979384,0.6467494214180518,0.5652173913043478,0.6594266756518584,0.6693478260869565,0.6917808219178082,0.73,0.6086956521739131,,0.6086956521739131,0.012677254233806612,0.0434782608695653
18,stage_1,0,ENG_06,engineering__PCA_PART_I_PATIENT_3_90,engineered_representation,final_26,none,all,PCA_PART_I_PATIENT_3_90,pca,extra_trees,582,146,47,0.06587395899987314,0.6467494214180518,0.5652173913043478,0.6467494214180518,0.6526086956521739,0.684931506849315,0.74,0.5652173913043478,,0.5652173913043478,0.0,0.0
18,stage_1,0,ENG_07,engineering__PCA_PART_I_PATIENT_3_95,engineered_representation,final_26,none,all,PCA_PART_I_PATIENT_3_95,pca,extra_trees,582,146,47,0.06716354099989985,0.6467494214180518,0.5652173913043478,0.6467494214180518,0.6526086956521739,0.684931506849315,0.74,0.5652173913043478,,0.5652173913043478,0.0,0.0
18,stage_1,1,ENG_01,engineering__INT_GAIT_X_POSTURAL_STABILITY,engineered_representation,final_26,none,all,INT_GAIT_X_POSTURAL_STABILITY,interaction,extra_trees,582,146,47,0.07279187499807449,0.6680941052075073,0.5869565217391305,0.6538722059155566,0.6491304347826087,0.7123287671232876,0.82,0.4782608695652174,,0.4782608695652174,-0.014221899291950724,-0.10869565217391308
18,stage_1,1,ENG_02,engineering__INT_MOTOR_X_COGNITION,engineered_representation,final_26,none,all,INT_MOTOR_X_COGNITION,interaction,extra_trees,582,146,47,0.07430379200013704,0.6680941052075073,0.5869565217391305,0.6305830583058306,0.6291304347826088,0.684931506849315,0.78,0.4782608695652174,,0.4782608695652174,-0.037511046901676726,-0.10869565217391308
18,stage_1,1,ENG_03,engineering__INT_DURATION_X_MOTOR,engineered_representation,final_26,none,all,INT_DURATION_X_MOTOR,interaction,extra_trees,582,146,47,0.06772816700322437,0.6680941052075073,0.5869565217391305,0.6627062706270628,0.6608695652173913,0.7123287671232876,0.8,0.5217391304347826,,0.5217391304347826,-0.0053878345804445615,-0.0652173913043479
18,stage_1,1,ENG_04,engineering__INT_MOBILITY_X_POSTURAL_STABILITY,engineered_representation,final_26,none,all,INT_MOBILITY_X_POSTURAL_STABILITY,interaction,extra_trees,582,146,47,0.06952075000299374,0.6680941052075073,0.5869565217391305,0.6408069542397901,0.64,0.6917808219178082,0.78,0.5,,0.5,-0.027287150967717277,-0.08695652173913049
18,stage_1,1,ENG_05,engineering__PCA_PART_I_PATIENT_3_80,engineered_representation,final_26,none,all,PCA_PART_I_PATIENT_3_80,pca,extra_trees,582,146,45,0.06916158300009556,0.6680941052075073,0.5869565217391305,0.6363535728123098,0.6341304347826087,0.6917808219178082,0.79,0.4782608695652174,,0.4782608695652174,-0.031740532395197585,-0.10869565217391308
18,stage_1,1,ENG_06,engineering__PCA_PART_I_PATIENT_3_90,engineered_representation,final_26,none,all,PCA_PART_I_PATIENT_3_90,pca,extra_trees,582,146,46,0.08257100000264472,0.6680941052075073,0.5869565217391305,0.7010018265345658,0.6976086956521739,0.7465753424657534,0.83,0.5652173913043478,,0.5652173913043478,0.03290772132705844,-0.021739130434782705
18,stage_1,1,ENG_07,engineering__PCA_PART_I_PATIENT_3_95,engineered_representation,final_26,none,all,PCA_PART_I_PATIENT_3_95,pca,extra_trees,582,146,46,0.06348220899963053,0.6680941052075073,0.5869565217391305,0.7010018265345658,0.6976086956521739,0.7465753424657534,0.83,0.5652173913043478,,0.5652173913043478,0.03290772132705844,-0.021739130434782705
18,stage_1,2,ENG_01,engineering__INT_GAIT_X_POSTURAL_STABILITY,engineered_representation,final_26,none,all,INT_GAIT_X_POSTURAL_STABILITY,interaction,extra_trees,582,146,48,0.07692483400023775,0.6957520705316591,0.6086956521739131,0.6774668630338734,0.6843478260869565,0.7123287671232876,0.76,0.6086956521739131,,0.6086956521739131,-0.018285207497785727,0.0
18,stage_1,2,ENG_02,engineering__INT_MOTOR_X_COGNITION,engineered_representation,final_26,none,all,INT_MOTOR_X_COGNITION,interaction,extra_trees,582,146,48,0.06959558300150093,0.6957520705316591,0.6086956521739131,0.692825583841784,0.7002173913043479,0.726027397260274,0.77,0.6304347826086957,,0.6304347826086957,-0.002926486689875052,0.021739130434782594
18,stage_1,2,ENG_03,engineering__INT_DURATION_X_MOTOR,engineered_representation,final_26,none,all,INT_DURATION_X_MOTOR,interaction,extra_trees,582,146,48,0.06286470900158747,0.6957520705316591,0.6086956521739131,0.686711676348982,0.6952173913043478,0.7191780821917808,0.76,0.6304347826086957,,0.6304347826086957,-0.009040394182677103,0.021739130434782594
18,stage_1,2,ENG_04,engineering__INT_MOBILITY_X_POSTURAL_STABILITY,engineered_representation,final_26,none,all,INT_MOBILITY_X_POSTURAL_STABILITY,interaction,extra_trees,582,146,48,0.07057583399728173,0.6957520705316591,0.6086956521739131,0.6774668630338734,0.6843478260869565,0.7123287671232876,0.76,0.6086956521739131,,0.6086956521739131,-0.018285207497785727,0.0
18,stage_1,2,ENG_05,engineering__PCA_PART_I_PATIENT_3_80,engineered_representation,final_26,none,all,PCA_PART_I_PATIENT_3_80,pca,extra_trees,582,146,46,0.06819799999720999,0.6957520705316591,0.6086956521739131,0.6989690721649484,0.7052173913043478,0.7328767123287672,0.78,0.6304347826086957,,0.6304347826086957,0.003217001633289307,0.021739130434782594
18,stage_1,2,ENG_06,engineering__PCA_PART_I_PATIENT_3_90,engineered_representation,final_26,none,all,PCA_PART_I_PATIENT_3_90,pca,extra_trees,582,146,47,0.06502570799784735,0.6957520705316591,0.6086956521739131,0.7113545284531124,0.7152173913043478,0.7465753424657534,0.8,0.6304347826086957,,0.6304347826086957,0.015602457921453317,0.021739130434782594
18,stage_1,2,ENG_07,engineering__PCA_PART_I_PATIENT_3_95,engineered_representation,final_26,none,all,PCA_PART_I_PATIENT_3_95,pca,extra_trees,582,146,47,0.0672725000003993,0.6957520705316591,0.6086956521739131,0.7113545284531124,0.7152173913043478,0.7465753424657534,0.8,0.6304347826086957,,0.6304347826086957,0.015602457921453317,0.021739130434782594
18,stage_1,3,ENG_01,engineering__INT_GAIT_X_POSTURAL_STABILITY,engineered_representation,final_26,none,all,INT_GAIT_X_POSTURAL_STABILITY,interaction,extra_trees,583,145,48,0.07317733299714746,0.6672924488944514,0.6304347826086957,0.6581801037246582,0.6679841897233202,0.6896551724137931,0.7272727272727273,0.6086956521739131,,0.6086956521739131,-0.009112345169793201,-0.021739130434782594
18,stage_1,3,ENG_02,engineering__INT_MOTOR_X_COGNITION,engineered_representation,final_26,none,all,INT_MOTOR_X_COGNITION,interaction,extra_trees,583,145,48,0.0695407500024885,0.6672924488944514,0.6304347826086957,0.6581801037246582,0.6679841897233202,0.6896551724137931,0.7272727272727273,0.6086956521739131,,0.6086956521739131,-0.009112345169793201,-0.021739130434782594
18,stage_1,3,ENG_03,engineering__INT_DURATION_X_MOTOR,engineered_representation,final_26,none,all,INT_DURATION_X_MOTOR,interaction,extra_trees,583,145,48,0.06901220800136798,0.6672924488944514,0.6304347826086957,0.6581801037246582,0.6679841897233202,0.6896551724137931,0.7272727272727273,0.6086956521739131,,0.6086956521739131,-0.009112345169793201,-0.021739130434782594
18,stage_1,3,ENG_04,engineering__INT_MOBILITY_X_POSTURAL_STABILITY,engineered_representation,final_26,none,all,INT_MOBILITY_X_POSTURAL_STABILITY,interaction,extra_trees,583,145,48,0.06896925000182819,0.6672924488944514,0.6304347826086957,0.6581801037246582,0.6679841897233202,0.6896551724137931,0.7272727272727273,0.6086956521739131,,0.6086956521739131,-0.009112345169793201,-0.021739130434782594
18,stage_1,3,ENG_05,engineering__PCA_PART_I_PATIENT_3_80,engineered_representation,final_26,none,all,PCA_PART_I_PATIENT_3_80,pca,extra_trees,583,145,46,0.06622804200014798,0.6672924488944514,0.6304347826086957,0.6521693783896538,0.6629336846728151,0.6827586206896552,0.7171717171717171,0.6086956521739131,,0.6086956521739131,-0.015123070504797553,-0.021739130434782594
18,stage_1,3,ENG_06,engineering__PCA_PART_I_PATIENT_3_90,engineered_representation,final_26,none,all,PCA_PART_I_PATIENT_3_90,pca,extra_trees,583,145,47,0.06514879200040014,0.6672924488944514,0.6304347826086957,0.6370463078848561,0.6470136144049188,0.6689655172413793,0.7070707070707071,0.5869565217391305,,0.5869565217391305,-0.03024614100959533,-0.04347826086956519
18,stage_1,3,ENG_07,engineering__PCA_PART_I_PATIENT_3_95,engineered_representation,final_26,none,all,PCA_PART_I_PATIENT_3_95,pca,extra_trees,583,145,47,0.06547674999819719,0.6672924488944514,0.6304347826086957,0.6370463078848561,0.6470136144049188,0.6689655172413793,0.7070707070707071,0.5869565217391305,,0.5869565217391305,-0.03024614100959533,-0.04347826086956519
18,stage_1,4,ENG_01,engineering__INT_GAIT_X_POSTURAL_STABILITY,engineered_representation,final_26,none,all,INT_GAIT_X_POSTURAL_STABILITY,interaction,extra_trees,583,145,48,0.06934429199827719,0.6975385899040467,0.6739130434782609,0.6975385899040467,0.7106938954765042,0.7241379310344828,0.7474747474747475,0.6739130434782609,,0.6739130434782609,0.0,0.0
18,stage_1,4,ENG_02,engineering__INT_MOTOR_X_COGNITION,engineered_representation,final_26,none,all,INT_MOTOR_X_COGNITION,interaction,extra_trees,583,145,48,0.07380395799918915,0.6975385899040467,0.6739130434782609,0.7064015367841753,0.7215634606938954,0.7310344827586207,0.7474747474747475,0.6956521739130435,,0.6956521739130435,0.008862946880128564,0.021739130434782594
18,stage_1,4,ENG_03,engineering__INT_DURATION_X_MOTOR,engineered_representation,final_26,none,all,INT_DURATION_X_MOTOR,interaction,extra_trees,583,145,48,0.07104900000194903,0.6975385899040467,0.6739130434782609,0.6947368421052631,0.7048748353096179,0.7241379310344828,0.7575757575757576,0.6521739130434783,,0.6521739130434783,-0.002801747798783616,-0.021739130434782594
18,stage_1,4,ENG_04,engineering__INT_MOBILITY_X_POSTURAL_STABILITY,engineered_representation,final_26,none,all,INT_MOBILITY_X_POSTURAL_STABILITY,interaction,extra_trees,583,145,48,0.06920866599830333,0.6975385899040467,0.6739130434782609,0.7037560898947037,0.7157444005270093,0.7310344827586207,0.7575757575757576,0.6739130434782609,,0.6739130434782609,0.006217499990657016,0.0
18,stage_1,4,ENG_05,engineering__PCA_PART_I_PATIENT_3_80,engineered_representation,final_26,none,all,PCA_PART_I_PATIENT_3_80,pca,extra_trees,583,145,46,0.06436329200005275,0.6975385899040467,0.6739130434782609,0.6975385899040467,0.7106938954765042,0.7241379310344828,0.7474747474747475,0.6739130434782609,,0.6739130434782609,0.0,0.0
18,stage_1,4,ENG_06,engineering__PCA_PART_I_PATIENT_3_90,engineered_representation,final_26,none,all,PCA_PART_I_PATIENT_3_90,pca,extra_trees,583,145,47,0.06768450000163284,0.6975385899040467,0.6739130434782609,0.718948085284719,0.7316644707949056,0.7448275862068966,0.7676767676767676,0.6956521739130435,,0.6956521739130435,0.021409495380672272,0.021739130434782594
18,stage_1,4,ENG_07,engineering__PCA_PART_I_PATIENT_3_95,engineered_representation,final_26,none,all,PCA_PART_I_PATIENT_3_95,pca,extra_trees,583,145,47,0.0676345419997233,0.6975385899040467,0.6739130434782609,0.718948085284719,0.7316644707949056,0.7448275862068966,0.7676767676767676,0.6956521739130435,,0.6956521739130435,0.021409495380672272,0.021739130434782594
18,stage_2,0,ENG_01,engineering__INT_GAIT_X_POSTURAL_STABILITY,engineered_representation,final_26,none,all,INT_GAIT_X_POSTURAL_STABILITY,interaction,extra_trees,184,46,47,0.05352395799855003,0.5208333333333333,0.625,0.5208333333333333,0.5267857142857143,0.5652173913043478,0.625,0.42857142857142855,,0.625,0.0,0.0
18,stage_2,0,ENG_02,engineering__INT_MOTOR_X_COGNITION,engineered_representation,final_26,none,all,INT_MOTOR_X_COGNITION,interaction,extra_trees,184,46,47,0.053402916997583816,0.5208333333333333,0.625,0.5378106821787414,0.5424107142857143,0.5869565217391305,0.65625,0.42857142857142855,,0.65625,0.016977348845408136,0.03125
18,stage_2,0,ENG_03,engineering__INT_DURATION_X_MOTOR,engineered_representation,final_26,none,all,INT_DURATION_X_MOTOR,interaction,extra_trees,184,46,47,0.05164229100046214,0.5208333333333333,0.625,0.5378106821787414,0.5424107142857143,0.5869565217391305,0.65625,0.42857142857142855,,0.65625,0.016977348845408136,0.03125
18,stage_2,0,ENG_04,engineering__INT_MOBILITY_X_POSTURAL_STABILITY,engineered_representation,final_26,none,all,INT_MOBILITY_X_POSTURAL_STABILITY,interaction,extra_trees,184,46,47,0.059012792000430636,0.5208333333333333,0.625,0.5378106821787414,0.5424107142857143,0.5869565217391305,0.65625,0.42857142857142855,,0.65625,0.016977348845408136,0.03125
18,stage_2,0,ENG_05,engineering__PCA_PART_I_PATIENT_3_80,engineered_representation,final_26,none,all,PCA_PART_I_PATIENT_3_80,pca,extra_trees,184,46,45,0.055936832999577746,0.5208333333333333,0.625,0.5511042629686698,0.5625,0.5869565217391305,0.625,0.5,,0.625,0.030270929635336508,0.0
18,stage_2,0,ENG_06,engineering__PCA_PART_I_PATIENT_3_90,engineered_representation,final_26,none,all,PCA_PART_I_PATIENT_3_90,pca,extra_trees,184,46,46,0.058683166000264464,0.5208333333333333,0.625,0.56875,0.578125,0.6086956521739131,0.65625,0.5,,0.65625,0.04791666666666672,0.03125
18,stage_2,0,ENG_07,engineering__PCA_PART_I_PATIENT_3_95,engineered_representation,final_26,none,all,PCA_PART_I_PATIENT_3_95,pca,extra_trees,184,46,46,0.056503333002183354,0.5208333333333333,0.625,0.56875,0.578125,0.6086956521739131,0.65625,0.5,,0.65625,0.04791666666666672,0.03125
18,stage_2,1,ENG_01,engineering__INT_GAIT_X_POSTURAL_STABILITY,engineered_representation,final_26,none,all,INT_GAIT_X_POSTURAL_STABILITY,interaction,extra_trees,184,46,47,0.06753125000250293,0.7116809116809117,0.84375,0.764102564102564,0.7589285714285714,0.8043478260869565,0.875,0.6428571428571429,,0.875,0.05242165242165231,0.03125
18,stage_2,1,ENG_02,engineering__INT_MOTOR_X_COGNITION,engineered_representation,final_26,none,all,INT_MOTOR_X_COGNITION,interaction,extra_trees,184,46,47,0.058138833002885804,0.7116809116809117,0.84375,0.731934731934732,0.7232142857142857,0.782608695652174,0.875,0.5714285714285714,,0.875,0.020253820253820276,0.03125
18,stage_2,1,ENG_03,engineering__INT_DURATION_X_MOTOR,engineered_representation,final_26,none,all,INT_DURATION_X_MOTOR,interaction,extra_trees,184,46,47,0.05720987499807961,0.7116809116809117,0.84375,0.764102564102564,0.7589285714285714,0.8043478260869565,0.875,0.6428571428571429,,0.875,0.05242165242165231,0.03125
18,stage_2,1,ENG_04,engineering__INT_MOBILITY_X_POSTURAL_STABILITY,engineered_representation,final_26,none,all,INT_MOBILITY_X_POSTURAL_STABILITY,interaction,extra_trees,184,46,47,0.07021937500030617,0.7116809116809117,0.84375,0.764102564102564,0.7589285714285714,0.8043478260869565,0.875,0.6428571428571429,,0.875,0.05242165242165231,0.03125
18,stage_2,1,ENG_05,engineering__PCA_PART_I_PATIENT_3_80,engineered_representation,final_26,none,all,PCA_PART_I_PATIENT_3_80,pca,extra_trees,184,46,45,0.06687174999751733,0.7116809116809117,0.84375,0.6919642857142857,0.6919642857142857,0.7391304347826086,0.8125,0.5714285714285714,,0.8125,-0.019716625966626045,-0.03125
18,stage_2,1,ENG_06,engineering__PCA_PART_I_PATIENT_3_90,engineered_representation,final_26,none,all,PCA_PART_I_PATIENT_3_90,pca,extra_trees,184,46,46,0.05849204200058011,0.7116809116809117,0.84375,0.7230432402846196,0.7276785714285714,0.7608695652173914,0.8125,0.6428571428571429,,0.8125,0.011362328603707894,-0.03125
18,stage_2,1,ENG_07,engineering__PCA_PART_I_PATIENT_3_95,engineered_representation,final_26,none,all,PCA_PART_I_PATIENT_3_95,pca,extra_trees,184,46,46,0.05463670900280704,0.7116809116809117,0.84375,0.7230432402846196,0.7276785714285714,0.7608695652173914,0.8125,0.6428571428571429,,0.8125,0.011362328603707894,-0.03125
18,stage_2,2,ENG_01,engineering__INT_GAIT_X_POSTURAL_STABILITY,engineered_representation,final_26,none,all,INT_GAIT_X_POSTURAL_STABILITY,interaction,extra_trees,184,46,47,0.06736887500301236,0.6267748478701826,0.6774193548387096,0.6267748478701826,0.6387096774193548,0.6521739130434783,0.6774193548387096,0.6,,0.6774193548387096,0.0,0.0
18,stage_2,2,ENG_02,engineering__INT_MOTOR_X_COGNITION,engineered_representation,final_26,none,all,INT_MOTOR_X_COGNITION,interaction,extra_trees,184,46,47,0.06960937500116415,0.6267748478701826,0.6774193548387096,0.6267748478701826,0.6387096774193548,0.6521739130434783,0.6774193548387096,0.6,,0.6774193548387096,0.0,0.0
18,stage_2,2,ENG_03,engineering__INT_DURATION_X_MOTOR,engineered_representation,final_26,none,all,INT_DURATION_X_MOTOR,interaction,extra_trees,184,46,47,0.06808808300047531,0.6267748478701826,0.6774193548387096,0.6267748478701826,0.6387096774193548,0.6521739130434783,0.6774193548387096,0.6,,0.6774193548387096,0.0,0.0
18,stage_2,2,ENG_04,engineering__INT_MOBILITY_X_POSTURAL_STABILITY,engineered_representation,final_26,none,all,INT_MOBILITY_X_POSTURAL_STABILITY,interaction,extra_trees,184,46,47,0.0696695410006214,0.6267748478701826,0.6774193548387096,0.6267748478701826,0.6387096774193548,0.6521739130434783,0.6774193548387096,0.6,,0.6774193548387096,0.0,0.0
18,stage_2,2,ENG_05,engineering__PCA_PART_I_PATIENT_3_80,engineered_representation,final_26,none,all,PCA_PART_I_PATIENT_3_80,pca,extra_trees,184,46,45,0.06779208299849415,0.6267748478701826,0.6774193548387096,0.6734279918864097,0.6881720430107527,0.6956521739130435,0.7096774193548387,0.6666666666666666,,0.7096774193548387,0.04665314401622711,0.032258064516129115
18,stage_2,2,ENG_06,engineering__PCA_PART_I_PATIENT_3_90,engineered_representation,final_26,none,all,PCA_PART_I_PATIENT_3_90,pca,extra_trees,184,46,46,0.06871904199942946,0.6267748478701826,0.6774193548387096,0.6541353383458646,0.6720430107526881,0.6739130434782609,0.6774193548387096,0.6666666666666666,,0.6774193548387096,0.02736049047568201,0.0
18,stage_2,2,ENG_07,engineering__PCA_PART_I_PATIENT_3_95,engineered_representation,final_26,none,all,PCA_PART_I_PATIENT_3_95,pca,extra_trees,184,46,46,0.07073624999975436,0.6267748478701826,0.6774193548387096,0.6541353383458646,0.6720430107526881,0.6739130434782609,0.6774193548387096,0.6666666666666666,,0.6774193548387096,0.02736049047568201,0.0
18,stage_2,3,ENG_01,engineering__INT_GAIT_X_POSTURAL_STABILITY,engineered_representation,final_26,none,all,INT_GAIT_X_POSTURAL_STABILITY,interaction,extra_trees,184,46,47,0.06863404199975776,0.6734279918864097,0.6875,0.6645833333333333,0.6808035714285714,0.6956521739130435,0.71875,0.6428571428571429,,0.71875,-0.008844658553076368,0.03125
18,stage_2,3,ENG_02,engineering__INT_MOTOR_X_COGNITION,engineered_representation,final_26,none,all,INT_MOTOR_X_COGNITION,interaction,extra_trees,184,46,47,0.06925445800152374,0.6734279918864097,0.6875,0.6645833333333333,0.6808035714285714,0.6956521739130435,0.71875,0.6428571428571429,,0.71875,-0.008844658553076368,0.03125
18,stage_2,3,ENG_03,engineering__INT_DURATION_X_MOTOR,engineered_representation,final_26,none,all,INT_DURATION_X_MOTOR,interaction,extra_trees,184,46,47,0.0670906669984106,0.6734279918864097,0.6875,0.6456086286594761,0.6651785714285714,0.6739130434782609,0.6875,0.6428571428571429,,0.6875,-0.02781936322693357,0.0
18,stage_2,3,ENG_04,engineering__INT_MOBILITY_X_POSTURAL_STABILITY,engineered_representation,final_26,none,all,INT_MOBILITY_X_POSTURAL_STABILITY,interaction,extra_trees,184,46,47,0.057900125000742264,0.6734279918864097,0.6875,0.6456086286594761,0.6651785714285714,0.6739130434782609,0.6875,0.6428571428571429,,0.6875,-0.02781936322693357,0.0
18,stage_2,3,ENG_05,engineering__PCA_PART_I_PATIENT_3_80,engineered_representation,final_26,none,all,PCA_PART_I_PATIENT_3_80,pca,extra_trees,184,46,46,0.05882629199913936,0.6734279918864097,0.6875,0.5983564458140729,0.6138392857142857,0.6304347826086957,0.65625,0.5714285714285714,,0.65625,-0.07507154607233679,-0.03125
18,stage_2,3,ENG_06,engineering__PCA_PART_I_PATIENT_3_90,engineered_representation,final_26,none,all,PCA_PART_I_PATIENT_3_90,pca,extra_trees,184,46,46,0.05756608299998334,0.6734279918864097,0.6875,0.5983564458140729,0.6138392857142857,0.6304347826086957,0.65625,0.5714285714285714,,0.65625,-0.07507154607233679,-0.03125
18,stage_2,3,ENG_07,engineering__PCA_PART_I_PATIENT_3_95,engineered_representation,final_26,none,all,PCA_PART_I_PATIENT_3_95,pca,extra_trees,184,46,46,0.06836745799955679,0.6734279918864097,0.6875,0.5983564458140729,0.6138392857142857,0.6304347826086957,0.65625,0.5714285714285714,,0.65625,-0.07507154607233679,-0.03125
18,stage_2,4,ENG_01,engineering__INT_GAIT_X_POSTURAL_STABILITY,engineered_representation,final_26,none,all,INT_GAIT_X_POSTURAL_STABILITY,interaction,extra_trees,184,46,46,0.06818479200228467,0.6861598440545809,0.625,0.6805555555555556,0.7209821428571428,0.6956521739130435,0.65625,0.7857142857142857,,0.65625,-0.005604288499025278,0.03125
18,stage_2,4,ENG_02,engineering__INT_MOTOR_X_COGNITION,engineered_representation,final_26,none,all,INT_MOTOR_X_COGNITION,interaction,extra_trees,184,46,46,0.05808420900211786,0.6861598440545809,0.625,0.6734279918864097,0.7008928571428572,0.6956521739130435,0.6875,0.7142857142857143,,0.6875,-0.012731852168171187,0.0625
18,stage_2,4,ENG_03,engineering__INT_DURATION_X_MOTOR,engineered_representation,final_26,none,all,INT_DURATION_X_MOTOR,interaction,extra_trees,184,46,46,0.05768700000044191,0.6861598440545809,0.625,0.6541353383458646,0.6852678571428572,0.6739130434782609,0.65625,0.7142857142857143,,0.65625,-0.03202450570871629,0.03125
18,stage_2,4,ENG_04,engineering__INT_MOBILITY_X_POSTURAL_STABILITY,engineered_representation,final_26,none,all,INT_MOBILITY_X_POSTURAL_STABILITY,interaction,extra_trees,184,46,46,0.0644927910034312,0.6861598440545809,0.625,0.700250626566416,0.7366071428571428,0.717391304347826,0.6875,0.7857142857142857,,0.6875,0.014090782511835154,0.0625
18,stage_2,4,ENG_05,engineering__PCA_PART_I_PATIENT_3_80,engineered_representation,final_26,none,all,PCA_PART_I_PATIENT_3_80,pca,extra_trees,184,46,44,0.053718916002253536,0.6861598440545809,0.625,0.6805555555555556,0.7209821428571428,0.6956521739130435,0.65625,0.7857142857142857,,0.65625,-0.005604288499025278,0.03125
18,stage_2,4,ENG_06,engineering__PCA_PART_I_PATIENT_3_90,engineered_representation,final_26,none,all,PCA_PART_I_PATIENT_3_90,pca,extra_trees,184,46,45,0.054561250002734596,0.6861598440545809,0.625,0.6461538461538461,0.7098214285714286,0.6521739130434783,0.5625,0.8571428571428571,,0.5625,-0.04000599790073478,-0.0625
18,stage_2,4,ENG_07,engineering__PCA_PART_I_PATIENT_3_95,engineered_representation,final_26,none,all,PCA_PART_I_PATIENT_3_95,pca,extra_trees,184,46,45,0.05186099999991711,0.6861598440545809,0.625,0.6461538461538461,0.7098214285714286,0.6521739130434783,0.5625,0.8571428571428571,,0.5625,-0.04000599790073478,-0.0625
19,direct,0,ENG_01,engineering__INT_GAIT_X_POSTURAL_STABILITY,engineered_representation,final_26,none,all,INT_GAIT_X_POSTURAL_STABILITY,interaction,extra_trees,582,146,48,0.07281754200084833,0.45711966615054106,0.28125,0.4448539265612437,0.46279761904761907,0.6095890410958904,0.75,0.28125,0.35714285714285715,0.28125,-0.012265739589297386,0.0
19,direct,0,ENG_02,engineering__INT_MOTOR_X_COGNITION,engineered_representation,final_26,none,all,INT_MOTOR_X_COGNITION,interaction,extra_trees,582,146,48,0.07447245799994562,0.45711966615054106,0.28125,0.4448539265612437,0.46279761904761907,0.6095890410958904,0.75,0.28125,0.35714285714285715,0.28125,-0.012265739589297386,0.0
19,direct,0,ENG_03,engineering__INT_DURATION_X_MOTOR,engineered_representation,final_26,none,all,INT_DURATION_X_MOTOR,interaction,extra_trees,582,146,48,0.06848812500174972,0.45711966615054106,0.28125,0.4439318513432324,0.46321428571428575,0.5958904109589042,0.72,0.3125,0.35714285714285715,0.3125,-0.013187814807308684,0.03125
19,direct,0,ENG_04,engineering__INT_MOBILITY_X_POSTURAL_STABILITY,engineered_representation,final_26,none,all,INT_MOBILITY_X_POSTURAL_STABILITY,interaction,extra_trees,582,146,48,0.07180074999996577,0.45711966615054106,0.28125,0.4566764850270005,0.48327380952380955,0.6095890410958904,0.74,0.28125,0.42857142857142855,0.28125,-0.00044318112354058137,0.0
19,direct,0,ENG_05,engineering__PCA_PART_I_PATIENT_3_80,engineered_representation,final_26,none,all,PCA_PART_I_PATIENT_3_80,pca,extra_trees,582,146,46,0.06631091599774663,0.45711966615054106,0.28125,0.43682983682983684,0.47583333333333333,0.5958904109589042,0.74,0.1875,0.5,0.1875,-0.020289829320704222,-0.09375
19,direct,0,ENG_06,engineering__PCA_PART_I_PATIENT_3_90,engineered_representation,final_26,none,all,PCA_PART_I_PATIENT_3_90,pca,extra_trees,582,146,47,0.06721004199789604,0.45711966615054106,0.28125,0.4285154837932281,0.4591071428571429,0.589041095890411,0.73,0.21875,0.42857142857142855,0.21875,-0.028604182357312935,-0.0625
19,direct,0,ENG_07,engineering__PCA_PART_I_PATIENT_3_95,engineered_representation,final_26,none,all,PCA_PART_I_PATIENT_3_95,pca,extra_trees,582,146,47,0.06773020899709081,0.45711966615054106,0.28125,0.4285154837932281,0.4591071428571429,0.589041095890411,0.73,0.21875,0.42857142857142855,0.21875,-0.028604182357312935,-0.0625
19,direct,1,ENG_01,engineering__INT_GAIT_X_POSTURAL_STABILITY,engineered_representation,final_26,none,all,INT_GAIT_X_POSTURAL_STABILITY,interaction,extra_trees,582,146,47,0.06895733300189022,0.48562087124660275,0.3125,0.5212347565288741,0.5658928571428571,0.636986301369863,0.72,0.40625,0.5714285714285714,0.40625,0.03561388528227133,0.09375
19,direct,1,ENG_02,engineering__INT_MOTOR_X_COGNITION,engineered_representation,final_26,none,all,INT_MOTOR_X_COGNITION,interaction,extra_trees,582,146,47,0.06902258399713901,0.48562087124660275,0.3125,0.5601050948861208,0.6075595238095238,0.6643835616438356,0.72,0.53125,0.5714285714285714,0.53125,0.07448422363951807,0.21875
19,direct,1,ENG_03,engineering__INT_DURATION_X_MOTOR,engineered_representation,final_26,none,all,INT_DURATION_X_MOTOR,interaction,extra_trees,582,146,47,0.06887187499887659,0.48562087124660275,0.3125,0.5353301062256287,0.5733333333333334,0.6506849315068494,0.72,0.5,0.5,0.5,0.04970923497902596,0.1875
19,direct,1,ENG_04,engineering__INT_MOBILITY_X_POSTURAL_STABILITY,engineered_representation,final_26,none,all,INT_MOBILITY_X_POSTURAL_STABILITY,interaction,extra_trees,582,146,47,0.06887216700124554,0.48562087124660275,0.3125,0.5285062445609991,0.5767261904761904,0.6301369863013698,0.69,0.46875,0.5714285714285714,0.46875,0.0428853733143964,0.15625
19,direct,1,ENG_05,engineering__PCA_PART_I_PATIENT_3_80,engineered_representation,final_26,none,all,PCA_PART_I_PATIENT_3_80,pca,extra_trees,582,146,45,0.07475333300317288,0.48562087124660275,0.3125,0.5251585640253702,0.5797023809523809,0.6232876712328768,0.69,0.40625,0.6428571428571429,0.40625,0.03953769277876745,0.09375
19,direct,1,ENG_06,engineering__PCA_PART_I_PATIENT_3_90,engineered_representation,final_26,none,all,PCA_PART_I_PATIENT_3_90,pca,extra_trees,582,146,46,0.08146595799917122,0.48562087124660275,0.3125,0.5094688827421364,0.5454166666666667,0.636986301369863,0.73,0.40625,0.5,0.40625,0.023848011495533672,0.09375
19,direct,1,ENG_07,engineering__PCA_PART_I_PATIENT_3_95,engineered_representation,final_26,none,all,PCA_PART_I_PATIENT_3_95,pca,extra_trees,582,146,46,0.07844579199809232,0.48562087124660275,0.3125,0.5094688827421364,0.5454166666666667,0.636986301369863,0.73,0.40625,0.5,0.40625,0.023848011495533672,0.09375
19,direct,2,ENG_01,engineering__INT_GAIT_X_POSTURAL_STABILITY,engineered_representation,final_26,none,all,INT_GAIT_X_POSTURAL_STABILITY,interaction,extra_trees,582,146,48,0.07113291700079571,0.540449838480814,0.3125,0.5533839257977189,0.6472853535353535,0.6506849315068494,0.7272727272727273,0.28125,0.9333333333333333,0.28125,0.01293408731690493,-0.03125
19,direct,2,ENG_02,engineering__INT_MOTOR_X_COGNITION,engineered_representation,final_26,none,all,INT_MOTOR_X_COGNITION,interaction,extra_trees,582,146,48,0.08337287500035018,0.540449838480814,0.3125,0.5358120403651512,0.6216961279461279,0.636986301369863,0.7171717171717171,0.28125,0.8666666666666667,0.28125,-0.0046377981156627834,-0.03125
19,direct,2,ENG_03,engineering__INT_DURATION_X_MOTOR,engineered_representation,final_26,none,all,INT_DURATION_X_MOTOR,interaction,extra_trees,582,146,48,0.07403458299813792,0.540449838480814,0.3125,0.5360897739845109,0.6335016835016835,0.636986301369863,0.7171717171717171,0.25,0.9333333333333333,0.25,-0.0043600644963031066,-0.0625
19,direct,2,ENG_04,engineering__INT_MOBILITY_X_POSTURAL_STABILITY,engineered_representation,final_26,none,all,INT_MOBILITY_X_POSTURAL_STABILITY,interaction,extra_trees,582,146,48,0.070108166000864,0.540449838480814,0.3125,0.5559572364355456,0.6472853535353535,0.6506849315068494,0.7272727272727273,0.28125,0.9333333333333333,0.28125,0.015507397954731661,-0.03125
19,direct,2,ENG_05,engineering__PCA_PART_I_PATIENT_3_80,engineered_representation,final_26,none,all,PCA_PART_I_PATIENT_3_80,pca,extra_trees,582,146,46,0.07819020800161525,0.540449838480814,0.3125,0.5207011579560599,0.6109638047138047,0.6438356164383562,0.7474747474747475,0.21875,0.8666666666666667,0.21875,-0.019748680524754092,-0.09375
19,direct,2,ENG_06,engineering__PCA_PART_I_PATIENT_3_90,engineered_representation,final_26,none,all,PCA_PART_I_PATIENT_3_90,pca,extra_trees,582,146,47,0.09226508299980196,0.540449838480814,0.3125,0.5361748800172447,0.6216961279461279,0.636986301369863,0.7171717171717171,0.28125,0.8666666666666667,0.28125,-0.0042749584635692894,-0.03125
19,direct,2,ENG_07,engineering__PCA_PART_I_PATIENT_3_95,engineered_representation,final_26,none,all,PCA_PART_I_PATIENT_3_95,pca,extra_trees,582,146,47,0.09074537500055158,0.540449838480814,0.3125,0.5361748800172447,0.6216961279461279,0.636986301369863,0.7171717171717171,0.28125,0.8666666666666667,0.28125,-0.0042749584635692894,-0.03125
19,direct,3,ENG_01,engineering__INT_GAIT_X_POSTURAL_STABILITY,engineered_representation,final_26,none,all,INT_GAIT_X_POSTURAL_STABILITY,interaction,extra_trees,583,145,48,0.08616633400015417,0.46069802960879497,0.3125,0.48794352657390405,0.5099657287157288,0.6344827586206897,0.7575757575757576,0.34375,0.42857142857142855,0.34375,0.027245496965109084,0.03125
19,direct,3,ENG_02,engineering__INT_MOTOR_X_COGNITION,engineered_representation,final_26,none,all,INT_MOTOR_X_COGNITION,interaction,extra_trees,583,145,48,0.08344916699934402,0.46069802960879497,0.3125,0.4514132925897632,0.46234668109668114,0.6206896551724138,0.7575757575757576,0.34375,0.2857142857142857,0.34375,-0.009284737019031764,0.03125
19,direct,3,ENG_03,engineering__INT_DURATION_X_MOTOR,engineered_representation,final_26,none,all,INT_DURATION_X_MOTOR,interaction,extra_trees,583,145,48,0.0856225000025006,0.46069802960879497,0.3125,0.4838797130463797,0.5062830687830687,0.6413793103448275,0.7777777777777778,0.3125,0.42857142857142855,0.3125,0.023181683437584755,0.0
19,direct,3,ENG_04,engineering__INT_MOBILITY_X_POSTURAL_STABILITY,engineered_representation,final_26,none,all,INT_MOBILITY_X_POSTURAL_STABILITY,interaction,extra_trees,583,145,48,0.09226708399728523,0.46069802960879497,0.3125,0.5141956650908058,0.5341660654160655,0.6551724137931034,0.7676767676767676,0.40625,0.42857142857142855,0.40625,0.053497635482010863,0.09375
19,direct,3,ENG_05,engineering__PCA_PART_I_PATIENT_3_80,engineered_representation,final_26,none,all,PCA_PART_I_PATIENT_3_80,pca,extra_trees,583,145,46,0.07359991599878413,0.46069802960879497,0.3125,0.4362860556408943,0.4415133477633478,0.6068965517241379,0.7575757575757576,0.28125,0.2857142857142857,0.28125,-0.02441197396790068,-0.03125
19,direct,3,ENG_06,engineering__PCA_PART_I_PATIENT_3_90,engineered_representation,final_26,none,all,PCA_PART_I_PATIENT_3_90,pca,extra_trees,583,145,47,0.08235812500061002,0.46069802960879497,0.3125,0.43635353994281756,0.4451960076960077,0.6,0.7373737373737373,0.3125,0.2857142857142857,0.3125,-0.02434448966597741,0.0
19,direct,3,ENG_07,engineering__PCA_PART_I_PATIENT_3_95,engineered_representation,final_26,none,all,PCA_PART_I_PATIENT_3_95,pca,extra_trees,583,145,47,0.08081112500076415,0.46069802960879497,0.3125,0.43635353994281756,0.4451960076960077,0.6,0.7373737373737373,0.3125,0.2857142857142857,0.3125,-0.02434448966597741,0.0
19,direct,4,ENG_01,engineering__INT_GAIT_X_POSTURAL_STABILITY,engineered_representation,final_26,none,all,INT_GAIT_X_POSTURAL_STABILITY,interaction,extra_trees,583,145,48,0.08413070899769082,0.4365112644912039,0.25806451612903225,0.41971801346801346,0.46118279569892473,0.5655172413793104,0.69,0.1935483870967742,0.5,0.1935483870967742,-0.01679325102319046,-0.06451612903225806
19,direct,4,ENG_02,engineering__INT_MOTOR_X_COGNITION,engineered_representation,final_26,none,all,INT_MOTOR_X_COGNITION,interaction,extra_trees,583,145,48,0.08473700000104145,0.4365112644912039,0.25806451612903225,0.44113475177304967,0.4793548387096774,0.5724137931034483,0.68,0.25806451612903225,0.5,0.25806451612903225,0.004623487281845751,0.0
19,direct,4,ENG_03,engineering__INT_DURATION_X_MOTOR,engineered_representation,final_26,none,all,INT_DURATION_X_MOTOR,interaction,extra_trees,583,145,48,0.07860066699868185,0.4365112644912039,0.25806451612903225,0.4473863118185964,0.48677419354838714,0.5724137931034483,0.67,0.2903225806451613,0.5,0.2903225806451613,0.010875047327392473,0.03225806451612906
19,direct,4,ENG_04,engineering__INT_MOBILITY_X_POSTURAL_STABILITY,engineered_representation,final_26,none,all,INT_MOBILITY_X_POSTURAL_STABILITY,interaction,extra_trees,583,145,48,0.08369995899920468,0.4365112644912039,0.25806451612903225,0.42212424604268084,0.46118279569892473,0.5655172413793104,0.69,0.1935483870967742,0.5,0.1935483870967742,-0.014387018448523081,-0.06451612903225806
19,direct,4,ENG_05,engineering__PCA_PART_I_PATIENT_3_80,engineered_representation,final_26,none,all,PCA_PART_I_PATIENT_3_80,pca,extra_trees,583,145,46,0.08144724999874597,0.4365112644912039,0.25806451612903225,0.4125676143220003,0.4545161290322581,0.5517241379310345,0.67,0.1935483870967742,0.5,0.1935483870967742,-0.023943650169203634,-0.06451612903225806
19,direct,4,ENG_06,engineering__PCA_PART_I_PATIENT_3_90,engineered_representation,final_26,none,all,PCA_PART_I_PATIENT_3_90,pca,extra_trees,583,145,47,0.08473066700025811,0.4365112644912039,0.25806451612903225,0.4579141363787425,0.49752688172043014,0.5793103448275863,0.67,0.3225806451612903,0.5,0.3225806451612903,0.021402871887538588,0.06451612903225806
19,direct,4,ENG_07,engineering__PCA_PART_I_PATIENT_3_95,engineered_representation,final_26,none,all,PCA_PART_I_PATIENT_3_95,pca,extra_trees,583,145,47,0.069992041997466,0.4365112644912039,0.25806451612903225,0.4579141363787425,0.49752688172043014,0.5793103448275863,0.67,0.3225806451612903,0.5,0.3225806451612903,0.021402871887538588,0.06451612903225806
19,stage_1,0,ENG_01,engineering__INT_GAIT_X_POSTURAL_STABILITY,engineered_representation,final_26,none,all,INT_GAIT_X_POSTURAL_STABILITY,interaction,extra_trees,582,146,48,0.06752516699998523,0.6430697278911565,0.5434782608695652,0.635,0.635,0.684931506849315,0.77,0.5,,0.5,-0.008069727891156453,-0.04347826086956519
19,stage_1,0,ENG_02,engineering__INT_MOTOR_X_COGNITION,engineered_representation,final_26,none,all,INT_MOTOR_X_COGNITION,interaction,extra_trees,582,146,48,0.0669562910006789,0.6430697278911565,0.5434782608695652,0.635,0.635,0.684931506849315,0.77,0.5,,0.5,-0.008069727891156453,-0.04347826086956519
19,stage_1,0,ENG_03,engineering__INT_DURATION_X_MOTOR,engineered_representation,final_26,none,all,INT_DURATION_X_MOTOR,interaction,extra_trees,582,146,48,0.06880220899984124,0.6430697278911565,0.5434782608695652,0.6548463356973995,0.6567391304347826,0.6986301369863014,0.77,0.5434782608695652,,0.5434782608695652,0.011776607806243011,0.0
19,stage_1,0,ENG_04,engineering__INT_MOBILITY_X_POSTURAL_STABILITY,engineered_representation,final_26,none,all,INT_MOBILITY_X_POSTURAL_STABILITY,interaction,extra_trees,582,146,48,0.0693238330022723,0.6430697278911565,0.5434782608695652,0.6449991894958664,0.6458695652173914,0.6917808219178082,0.77,0.5217391304347826,,0.5217391304347826,0.00192946160470997,-0.021739130434782594
19,stage_1,0,ENG_05,engineering__PCA_PART_I_PATIENT_3_80,engineered_representation,final_26,none,all,PCA_PART_I_PATIENT_3_80,pca,extra_trees,582,146,46,0.07732004200079245,0.6430697278911565,0.5434782608695652,0.635,0.635,0.684931506849315,0.77,0.5,,0.5,-0.008069727891156453,-0.04347826086956519
19,stage_1,0,ENG_06,engineering__PCA_PART_I_PATIENT_3_90,engineered_representation,final_26,none,all,PCA_PART_I_PATIENT_3_90,pca,extra_trees,582,146,47,0.06685870900037116,0.6430697278911565,0.5434782608695652,0.6234687298517085,0.625,0.6712328767123288,0.75,0.5,,0.5,-0.019600998039447926,-0.04347826086956519
19,stage_1,0,ENG_07,engineering__PCA_PART_I_PATIENT_3_95,engineered_representation,final_26,none,all,PCA_PART_I_PATIENT_3_95,pca,extra_trees,582,146,47,0.06845287499891128,0.6430697278911565,0.5434782608695652,0.6234687298517085,0.625,0.6712328767123288,0.75,0.5,,0.5,-0.019600998039447926,-0.04347826086956519
19,stage_1,1,ENG_01,engineering__INT_GAIT_X_POSTURAL_STABILITY,engineered_representation,final_26,none,all,INT_GAIT_X_POSTURAL_STABILITY,interaction,extra_trees,582,146,47,0.062289249999594176,0.6951362363127069,0.6956521739130435,0.6863747954173486,0.7019565217391304,0.7123287671232876,0.73,0.6739130434782609,,0.6739130434782609,-0.008761440895358352,-0.021739130434782594
19,stage_1,1,ENG_02,engineering__INT_MOTOR_X_COGNITION,engineered_representation,final_26,none,all,INT_MOTOR_X_COGNITION,interaction,extra_trees,582,146,47,0.07067008300145972,0.6951362363127069,0.6956521739130435,0.6863747954173486,0.7019565217391304,0.7123287671232876,0.73,0.6739130434782609,,0.6739130434782609,-0.008761440895358352,-0.021739130434782594
19,stage_1,1,ENG_03,engineering__INT_DURATION_X_MOTOR,engineered_representation,final_26,none,all,INT_DURATION_X_MOTOR,interaction,extra_trees,582,146,47,0.06779108299815562,0.6951362363127069,0.6956521739130435,0.6863747954173486,0.7019565217391304,0.7123287671232876,0.73,0.6739130434782609,,0.6739130434782609,-0.008761440895358352,-0.021739130434782594
19,stage_1,1,ENG_04,engineering__INT_MOBILITY_X_POSTURAL_STABILITY,engineered_representation,final_26,none,all,INT_MOBILITY_X_POSTURAL_STABILITY,interaction,extra_trees,582,146,47,0.06756766699982109,0.6951362363127069,0.6956521739130435,0.7075050084758823,0.7228260869565217,0.7328767123287672,0.75,0.6956521739130435,,0.6956521739130435,0.012368772163175334,0.0
19,stage_1,1,ENG_05,engineering__PCA_PART_I_PATIENT_3_80,engineered_representation,final_26,none,all,PCA_PART_I_PATIENT_3_80,pca,extra_trees,582,146,45,0.07901991700055078,0.6951362363127069,0.6956521739130435,0.6685242518059855,0.6802173913043479,0.6986301369863014,0.73,0.6304347826086957,,0.6304347826086957,-0.02661198450672142,-0.06521739130434778
19,stage_1,1,ENG_06,engineering__PCA_PART_I_PATIENT_3_90,engineered_representation,final_26,none,all,PCA_PART_I_PATIENT_3_90,pca,extra_trees,582,146,46,0.06457716699878802,0.6951362363127069,0.6956521739130435,0.6835913312693498,0.6960869565217391,0.7123287671232876,0.74,0.6521739130434783,,0.6521739130434783,-0.011544905043357145,-0.04347826086956519
19,stage_1,1,ENG_07,engineering__PCA_PART_I_PATIENT_3_95,engineered_representation,final_26,none,all,PCA_PART_I_PATIENT_3_95,pca,extra_trees,582,146,46,0.07349445799991372,0.6951362363127069,0.6956521739130435,0.6835913312693498,0.6960869565217391,0.7123287671232876,0.74,0.6521739130434783,,0.6521739130434783,-0.011544905043357145,-0.04347826086956519
19,stage_1,2,ENG_01,engineering__INT_GAIT_X_POSTURAL_STABILITY,engineered_representation,final_26,none,all,INT_GAIT_X_POSTURAL_STABILITY,interaction,extra_trees,582,146,48,0.06957883300128742,0.6802648332060097,0.6595744680851063,0.6889835666463786,0.7040618955512572,0.7123287671232876,0.7272727272727273,0.6808510638297872,,0.6808510638297872,0.008718733440368887,0.021276595744680882
19,stage_1,2,ENG_02,engineering__INT_MOTOR_X_COGNITION,engineered_representation,final_26,none,all,INT_MOTOR_X_COGNITION,interaction,extra_trees,582,146,48,0.068801417000941,0.6802648332060097,0.6595744680851063,0.6976004041424602,0.7147001934235977,0.7191780821917808,0.7272727272727273,0.7021276595744681,,0.7021276595744681,0.01733557093645044,0.042553191489361764
19,stage_1,2,ENG_03,engineering__INT_DURATION_X_MOTOR,engineered_representation,final_26,none,all,INT_DURATION_X_MOTOR,interaction,extra_trees,582,146,48,0.06869270800234517,0.6802648332060097,0.6595744680851063,0.6914251207729469,0.7096496883730926,0.7123287671232876,0.7171717171717171,0.7021276595744681,,0.7021276595744681,0.01116028756693721,0.042553191489361764
19,stage_1,2,ENG_04,engineering__INT_MOBILITY_X_POSTURAL_STABILITY,engineered_representation,final_26,none,all,INT_MOBILITY_X_POSTURAL_STABILITY,interaction,extra_trees,582,146,48,0.07271091599977808,0.6802648332060097,0.6595744680851063,0.6976004041424602,0.7147001934235977,0.7191780821917808,0.7272727272727273,0.7021276595744681,,0.7021276595744681,0.01733557093645044,0.042553191489361764
19,stage_1,2,ENG_05,engineering__PCA_PART_I_PATIENT_3_80,engineered_representation,final_26,none,all,PCA_PART_I_PATIENT_3_80,pca,extra_trees,582,146,46,0.06973616699906415,0.6802648332060097,0.6595744680851063,0.7100076394194041,0.7248012035246079,0.7328767123287672,0.7474747474747475,0.7021276595744681,,0.7021276595744681,0.029742806213394424,0.042553191489361764
19,stage_1,2,ENG_06,engineering__PCA_PART_I_PATIENT_3_90,engineered_representation,final_26,none,all,PCA_PART_I_PATIENT_3_90,pca,extra_trees,582,146,47,0.0725073749999865,0.6802648332060097,0.6595744680851063,0.7013093289689034,0.7141629056522674,0.726027397260274,0.7474747474747475,0.6808510638297872,,0.6808510638297872,0.02104449576289369,0.021276595744680882
19,stage_1,2,ENG_07,engineering__PCA_PART_I_PATIENT_3_95,engineered_representation,final_26,none,all,PCA_PART_I_PATIENT_3_95,pca,extra_trees,582,146,47,0.06614433300273959,0.6802648332060097,0.6595744680851063,0.7013093289689034,0.7141629056522674,0.726027397260274,0.7474747474747475,0.6808510638297872,,0.6808510638297872,0.02104449576289369,0.021276595744680882
19,stage_1,3,ENG_01,engineering__INT_GAIT_X_POSTURAL_STABILITY,engineered_representation,final_26,none,all,INT_GAIT_X_POSTURAL_STABILITY,interaction,extra_trees,583,145,48,0.06778683299853583,0.7225765306122449,0.6739130434782609,0.7260458839406208,0.7301273605621432,0.7586206896551724,0.8080808080808081,0.6521739130434783,,0.6521739130434783,0.003469353328375835,-0.021739130434782594
19,stage_1,3,ENG_02,engineering__INT_MOTOR_X_COGNITION,engineered_representation,final_26,none,all,INT_MOTOR_X_COGNITION,interaction,extra_trees,583,145,48,0.0714740420007729,0.7225765306122449,0.6739130434782609,0.7289140537364457,0.7359464207290294,0.7586206896551724,0.797979797979798,0.6739130434782609,,0.6739130434782609,0.006337523124200772,0.0
19,stage_1,3,ENG_03,engineering__INT_DURATION_X_MOTOR,engineered_representation,final_26,none,all,INT_DURATION_X_MOTOR,interaction,extra_trees,583,145,48,0.07164929099963047,0.7225765306122449,0.6739130434782609,0.7379889455782312,0.7468159859464207,0.7655172413793103,0.797979797979798,0.6956521739130435,,0.6956521739130435,0.015412414965986332,0.021739130434782594
19,stage_1,3,ENG_04,engineering__INT_MOBILITY_X_POSTURAL_STABILITY,engineered_representation,final_26,none,all,INT_MOBILITY_X_POSTURAL_STABILITY,interaction,extra_trees,583,145,48,0.07154354199883528,0.7225765306122449,0.6739130434782609,0.7352878006872852,0.7409969257795345,0.7655172413793103,0.8080808080808081,0.6739130434782609,,0.6739130434782609,0.012711270075040249,0.0
19,stage_1,3,ENG_05,engineering__PCA_PART_I_PATIENT_3_80,engineered_representation,final_26,none,all,PCA_PART_I_PATIENT_3_80,pca,extra_trees,583,145,46,0.06907345800209441,0.7225765306122449,0.6739130434782609,0.718948085284719,0.7316644707949056,0.7448275862068966,0.7676767676767676,0.6956521739130435,,0.6956521739130435,-0.003628445327525931,0.021739130434782594
19,stage_1,3,ENG_06,engineering__PCA_PART_I_PATIENT_3_90,engineered_representation,final_26,none,all,PCA_PART_I_PATIENT_3_90,pca,extra_trees,583,145,47,0.07273587500094436,0.7225765306122449,0.6739130434782609,0.7009360621926066,0.7099253403601229,0.7310344827586207,0.7676767676767676,0.6521739130434783,,0.6521739130434783,-0.021640468419638292,-0.021739130434782594
19,stage_1,3,ENG_07,engineering__PCA_PART_I_PATIENT_3_95,engineered_representation,final_26,none,all,PCA_PART_I_PATIENT_3_95,pca,extra_trees,583,145,47,0.0679917919987929,0.7225765306122449,0.6739130434782609,0.7009360621926066,0.7099253403601229,0.7310344827586207,0.7676767676767676,0.6521739130434783,,0.6521739130434783,-0.021640468419638292,-0.021739130434782594
19,stage_1,4,ENG_01,engineering__INT_GAIT_X_POSTURAL_STABILITY,engineered_representation,final_26,none,all,INT_GAIT_X_POSTURAL_STABILITY,interaction,extra_trees,583,145,48,0.06908599999951548,0.6049890497302495,0.5111111111111111,0.6049890497302495,0.6105555555555555,0.6482758620689655,0.71,0.5111111111111111,,0.5111111111111111,0.0,0.0
19,stage_1,4,ENG_02,engineering__INT_MOTOR_X_COGNITION,engineered_representation,final_26,none,all,INT_MOTOR_X_COGNITION,interaction,extra_trees,583,145,48,0.07212966699808021,0.6049890497302495,0.5111111111111111,0.5992772108843537,0.6055555555555555,0.6413793103448275,0.7,0.5111111111111111,,0.5111111111111111,-0.005711838845895767,0.0
19,stage_1,4,ENG_03,engineering__INT_DURATION_X_MOTOR,engineered_representation,final_26,none,all,INT_DURATION_X_MOTOR,interaction,extra_trees,583,145,48,0.07465158299964969,0.6049890497302495,0.5111111111111111,0.6107173539518901,0.6155555555555555,0.6551724137931034,0.72,0.5111111111111111,,0.5111111111111111,0.005728304221640612,0.0
19,stage_1,4,ENG_04,engineering__INT_MOBILITY_X_POSTURAL_STABILITY,engineered_representation,final_26,none,all,INT_MOBILITY_X_POSTURAL_STABILITY,interaction,extra_trees,583,145,48,0.06914537500051665,0.6049890497302495,0.5111111111111111,0.5992772108843537,0.6055555555555555,0.6413793103448275,0.7,0.5111111111111111,,0.5111111111111111,-0.005711838845895767,0.0
19,stage_1,4,ENG_05,engineering__PCA_PART_I_PATIENT_3_80,engineered_representation,final_26,none,all,PCA_PART_I_PATIENT_3_80,pca,extra_trees,583,145,46,0.06860374999814667,0.6049890497302495,0.5111111111111111,0.6089163890211011,0.6166666666666667,0.6482758620689655,0.7,0.5333333333333333,,0.5333333333333333,0.00392733929085165,0.022222222222222254
19,stage_1,4,ENG_06,engineering__PCA_PART_I_PATIENT_3_90,engineered_representation,final_26,none,all,PCA_PART_I_PATIENT_3_90,pca,extra_trees,583,145,47,0.08455750000211992,0.6049890497302495,0.5111111111111111,0.6068001668752607,0.6177777777777778,0.6413793103448275,0.68,0.5555555555555556,,0.5555555555555556,0.001811117145011254,0.04444444444444451
19,stage_1,4,ENG_07,engineering__PCA_PART_I_PATIENT_3_95,engineered_representation,final_26,none,all,PCA_PART_I_PATIENT_3_95,pca,extra_trees,583,145,47,0.07550958299907506,0.6049890497302495,0.5111111111111111,0.6068001668752607,0.6177777777777778,0.6413793103448275,0.68,0.5555555555555556,,0.5555555555555556,0.001811117145011254,0.04444444444444451
19,stage_2,0,ENG_01,engineering__INT_GAIT_X_POSTURAL_STABILITY,engineered_representation,final_26,none,all,INT_GAIT_X_POSTURAL_STABILITY,interaction,extra_trees,184,46,47,0.08323120899876812,0.49264705882352944,0.78125,0.5490196078431372,0.5491071428571428,0.6521739130434783,0.8125,0.2857142857142857,,0.8125,0.056372549019607754,0.03125
19,stage_2,0,ENG_02,engineering__INT_MOTOR_X_COGNITION,engineered_representation,final_26,none,all,INT_MOTOR_X_COGNITION,interaction,extra_trees,184,46,47,0.07368750000023283,0.49264705882352944,0.78125,0.5490196078431372,0.5491071428571428,0.6521739130434783,0.8125,0.2857142857142857,,0.8125,0.056372549019607754,0.03125
19,stage_2,0,ENG_03,engineering__INT_DURATION_X_MOTOR,engineered_representation,final_26,none,all,INT_DURATION_X_MOTOR,interaction,extra_trees,184,46,47,0.06026870800269535,0.49264705882352944,0.78125,0.5490196078431372,0.5491071428571428,0.6521739130434783,0.8125,0.2857142857142857,,0.8125,0.056372549019607754,0.03125
19,stage_2,0,ENG_04,engineering__INT_MOBILITY_X_POSTURAL_STABILITY,engineered_representation,final_26,none,all,INT_MOBILITY_X_POSTURAL_STABILITY,interaction,extra_trees,184,46,47,0.07276258399724611,0.49264705882352944,0.78125,0.5880597014925373,0.5848214285714286,0.6739130434782609,0.8125,0.35714285714285715,,0.8125,0.09541264266900784,0.03125
19,stage_2,0,ENG_05,engineering__PCA_PART_I_PATIENT_3_80,engineered_representation,final_26,none,all,PCA_PART_I_PATIENT_3_80,pca,extra_trees,184,46,46,0.06715420800173888,0.49264705882352944,0.78125,0.6068376068376069,0.6049107142857143,0.6739130434782609,0.78125,0.42857142857142855,,0.78125,0.11419054801407746,0.0
19,stage_2,0,ENG_06,engineering__PCA_PART_I_PATIENT_3_90,engineered_representation,final_26,none,all,PCA_PART_I_PATIENT_3_90,pca,extra_trees,184,46,46,0.07743637500243494,0.49264705882352944,0.78125,0.6068376068376069,0.6049107142857143,0.6739130434782609,0.78125,0.42857142857142855,,0.78125,0.11419054801407746,0.0
19,stage_2,0,ENG_07,engineering__PCA_PART_I_PATIENT_3_95,engineered_representation,final_26,none,all,PCA_PART_I_PATIENT_3_95,pca,extra_trees,184,46,46,0.058361333001812454,0.49264705882352944,0.78125,0.6068376068376069,0.6049107142857143,0.6739130434782609,0.78125,0.42857142857142855,,0.78125,0.11419054801407746,0.0
19,stage_2,1,ENG_01,engineering__INT_GAIT_X_POSTURAL_STABILITY,engineered_representation,final_26,none,all,INT_GAIT_X_POSTURAL_STABILITY,interaction,extra_trees,184,46,46,0.058032000000821427,0.571975916803503,0.71875,0.6351136964569011,0.6450892857142857,0.6739130434782609,0.71875,0.5714285714285714,,0.71875,0.06313777965339806,0.0
19,stage_2,1,ENG_02,engineering__INT_MOTOR_X_COGNITION,engineered_representation,final_26,none,all,INT_MOTOR_X_COGNITION,interaction,extra_trees,184,46,46,0.05785841599936248,0.571975916803503,0.71875,0.6537634408602151,0.6607142857142857,0.6956521739130435,0.75,0.5714285714285714,,0.75,0.08178752405671208,0.03125
19,stage_2,1,ENG_03,engineering__INT_DURATION_X_MOTOR,engineered_representation,final_26,none,all,INT_DURATION_X_MOTOR,interaction,extra_trees,184,46,46,0.0728865829987626,0.571975916803503,0.71875,0.6351136964569011,0.6450892857142857,0.6739130434782609,0.71875,0.5714285714285714,,0.71875,0.06313777965339806,0.0
19,stage_2,1,ENG_04,engineering__INT_MOBILITY_X_POSTURAL_STABILITY,engineered_representation,final_26,none,all,INT_MOBILITY_X_POSTURAL_STABILITY,interaction,extra_trees,184,46,46,0.06998695799848065,0.571975916803503,0.71875,0.6726874657909141,0.6763392857142857,0.717391304347826,0.78125,0.5714285714285714,,0.78125,0.10071154898741108,0.0625
19,stage_2,1,ENG_05,engineering__PCA_PART_I_PATIENT_3_80,engineered_representation,final_26,none,all,PCA_PART_I_PATIENT_3_80,pca,extra_trees,184,46,45,0.07035125000038533,0.571975916803503,0.71875,0.5892857142857143,0.5892857142857143,0.6521739130434783,0.75,0.42857142857142855,,0.75,0.017309797482211287,0.03125
19,stage_2,1,ENG_06,engineering__PCA_PART_I_PATIENT_3_90,engineered_representation,final_26,none,all,PCA_PART_I_PATIENT_3_90,pca,extra_trees,184,46,45,0.06680899999992107,0.571975916803503,0.71875,0.5892857142857143,0.5892857142857143,0.6521739130434783,0.75,0.42857142857142855,,0.75,0.017309797482211287,0.03125
19,stage_2,1,ENG_07,engineering__PCA_PART_I_PATIENT_3_95,engineered_representation,final_26,none,all,PCA_PART_I_PATIENT_3_95,pca,extra_trees,184,46,45,0.056824374998541316,0.571975916803503,0.71875,0.5892857142857143,0.5892857142857143,0.6521739130434783,0.75,0.42857142857142855,,0.75,0.017309797482211287,0.03125
19,stage_2,2,ENG_01,engineering__INT_GAIT_X_POSTURAL_STABILITY,engineered_representation,final_26,none,all,INT_GAIT_X_POSTURAL_STABILITY,interaction,extra_trees,183,47,47,0.0738075419976667,0.7589743589743589,0.6875,0.7589743589743589,0.8104166666666667,0.7659574468085106,0.6875,0.9333333333333333,,0.6875,0.0,0.0
19,stage_2,2,ENG_02,engineering__INT_MOTOR_X_COGNITION,engineered_representation,final_26,none,all,INT_MOTOR_X_COGNITION,interaction,extra_trees,183,47,47,0.06568462499853922,0.7589743589743589,0.6875,0.7791353383458646,0.8260416666666667,0.7872340425531915,0.71875,0.9333333333333333,,0.71875,0.020160979371505627,0.03125
19,stage_2,2,ENG_03,engineering__INT_DURATION_X_MOTOR,engineered_representation,final_26,none,all,INT_DURATION_X_MOTOR,interaction,extra_trees,183,47,47,0.05533099999956903,0.7589743589743589,0.6875,0.7349624060150376,0.7770833333333333,0.7446808510638298,0.6875,0.8666666666666667,,0.6875,-0.024011952959321348,0.0
19,stage_2,2,ENG_04,engineering__INT_MOBILITY_X_POSTURAL_STABILITY,engineered_representation,final_26,none,all,INT_MOBILITY_X_POSTURAL_STABILITY,interaction,extra_trees,183,47,47,0.05866783300007228,0.7589743589743589,0.6875,0.7589743589743589,0.8104166666666667,0.7659574468085106,0.6875,0.9333333333333333,,0.6875,0.0,0.0
19,stage_2,2,ENG_05,engineering__PCA_PART_I_PATIENT_3_80,engineered_representation,final_26,none,all,PCA_PART_I_PATIENT_3_80,pca,extra_trees,183,47,46,0.07232908299920382,0.7589743589743589,0.6875,0.7791353383458646,0.8260416666666667,0.7872340425531915,0.71875,0.9333333333333333,,0.71875,0.020160979371505627,0.03125
19,stage_2,2,ENG_06,engineering__PCA_PART_I_PATIENT_3_90,engineered_representation,final_26,none,all,PCA_PART_I_PATIENT_3_90,pca,extra_trees,183,47,46,0.06802220800091163,0.7589743589743589,0.6875,0.7791353383458646,0.8260416666666667,0.7872340425531915,0.71875,0.9333333333333333,,0.71875,0.020160979371505627,0.03125
19,stage_2,2,ENG_07,engineering__PCA_PART_I_PATIENT_3_95,engineered_representation,final_26,none,all,PCA_PART_I_PATIENT_3_95,pca,extra_trees,183,47,46,0.07324816699838266,0.7589743589743589,0.6875,0.7791353383458646,0.8260416666666667,0.7872340425531915,0.71875,0.9333333333333333,,0.71875,0.020160979371505627,0.03125
19,stage_2,3,ENG_01,engineering__INT_GAIT_X_POSTURAL_STABILITY,engineered_representation,final_26,none,all,INT_GAIT_X_POSTURAL_STABILITY,interaction,extra_trees,184,46,47,0.07021383300161688,0.5019943019943021,0.71875,0.5548387096774194,0.5580357142857143,0.6086956521739131,0.6875,0.42857142857142855,,0.6875,0.05284440768311738,-0.03125
19,stage_2,3,ENG_02,engineering__INT_MOTOR_X_COGNITION,engineered_representation,final_26,none,all,INT_MOTOR_X_COGNITION,interaction,extra_trees,184,46,47,0.056411333000141894,0.5019943019943021,0.71875,0.571975916803503,0.5736607142857143,0.6304347826086957,0.71875,0.42857142857142855,,0.71875,0.06998161480920095,0.0
19,stage_2,3,ENG_03,engineering__INT_DURATION_X_MOTOR,engineered_representation,final_26,none,all,INT_DURATION_X_MOTOR,interaction,extra_trees,184,46,47,0.060250541999266716,0.5019943019943021,0.71875,0.5548387096774194,0.5580357142857143,0.6086956521739131,0.6875,0.42857142857142855,,0.6875,0.05284440768311738,-0.03125
19,stage_2,3,ENG_04,engineering__INT_MOBILITY_X_POSTURAL_STABILITY,engineered_representation,final_26,none,all,INT_MOBILITY_X_POSTURAL_STABILITY,interaction,extra_trees,184,46,47,0.06791545899977791,0.5019943019943021,0.71875,0.5548387096774194,0.5580357142857143,0.6086956521739131,0.6875,0.42857142857142855,,0.6875,0.05284440768311738,-0.03125
19,stage_2,3,ENG_05,engineering__PCA_PART_I_PATIENT_3_80,engineered_representation,final_26,none,all,PCA_PART_I_PATIENT_3_80,pca,extra_trees,184,46,46,0.06709029099874897,0.5019943019943021,0.71875,0.571975916803503,0.5736607142857143,0.6304347826086957,0.71875,0.42857142857142855,,0.71875,0.06998161480920095,0.0
19,stage_2,3,ENG_06,engineering__PCA_PART_I_PATIENT_3_90,engineered_representation,final_26,none,all,PCA_PART_I_PATIENT_3_90,pca,extra_trees,184,46,46,0.06776720900234068,0.5019943019943021,0.71875,0.571975916803503,0.5736607142857143,0.6304347826086957,0.71875,0.42857142857142855,,0.71875,0.06998161480920095,0.0
19,stage_2,3,ENG_07,engineering__PCA_PART_I_PATIENT_3_95,engineered_representation,final_26,none,all,PCA_PART_I_PATIENT_3_95,pca,extra_trees,184,46,46,0.057468541999696754,0.5019943019943021,0.71875,0.571975916803503,0.5736607142857143,0.6304347826086957,0.71875,0.42857142857142855,,0.71875,0.06998161480920095,0.0
19,stage_2,4,ENG_01,engineering__INT_GAIT_X_POSTURAL_STABILITY,engineered_representation,final_26,none,all,INT_GAIT_X_POSTURAL_STABILITY,interaction,extra_trees,185,45,47,0.0662832919988432,0.6031746031746031,0.7741935483870968,0.6213942307692308,0.6175115207373272,0.6888888888888889,0.8064516129032258,0.42857142857142855,,0.8064516129032258,0.018219627594627696,0.032258064516129004
19,stage_2,4,ENG_02,engineering__INT_MOTOR_X_COGNITION,engineered_representation,final_26,none,all,INT_MOTOR_X_COGNITION,interaction,extra_trees,185,45,47,0.057830416997603606,0.6031746031746031,0.7741935483870968,0.6213942307692308,0.6175115207373272,0.6888888888888889,0.8064516129032258,0.42857142857142855,,0.8064516129032258,0.018219627594627696,0.032258064516129004
19,stage_2,4,ENG_03,engineering__INT_DURATION_X_MOTOR,engineered_representation,final_26,none,all,INT_DURATION_X_MOTOR,interaction,extra_trees,185,45,47,0.06446854099704069,0.6031746031746031,0.7741935483870968,0.6889400921658986,0.6889400921658986,0.7333333333333333,0.8064516129032258,0.5714285714285714,,0.8064516129032258,0.08576548899129544,0.032258064516129004
19,stage_2,4,ENG_04,engineering__INT_MOBILITY_X_POSTURAL_STABILITY,engineered_representation,final_26,none,all,INT_MOBILITY_X_POSTURAL_STABILITY,interaction,extra_trees,185,45,47,0.06229291699855821,0.6031746031746031,0.7741935483870968,0.6031746031746031,0.6013824884792627,0.6666666666666666,0.7741935483870968,0.42857142857142855,,0.7741935483870968,0.0,0.0
19,stage_2,4,ENG_05,engineering__PCA_PART_I_PATIENT_3_80,engineered_representation,final_26,none,all,PCA_PART_I_PATIENT_3_80,pca,extra_trees,185,45,46,0.062383749998843996,0.6031746031746031,0.7741935483870968,0.656084656084656,0.6532258064516129,0.7111111111111111,0.8064516129032258,0.5,,0.8064516129032258,0.05291005291005291,0.032258064516129004
19,stage_2,4,ENG_06,engineering__PCA_PART_I_PATIENT_3_90,engineered_representation,final_26,none,all,PCA_PART_I_PATIENT_3_90,pca,extra_trees,185,45,46,0.0583900839992566,0.6031746031746031,0.7741935483870968,0.656084656084656,0.6532258064516129,0.7111111111111111,0.8064516129032258,0.5,,0.8064516129032258,0.05291005291005291,0.032258064516129004
19,stage_2,4,ENG_07,engineering__PCA_PART_I_PATIENT_3_95,engineered_representation,final_26,none,all,PCA_PART_I_PATIENT_3_95,pca,extra_trees,185,45,46,0.05690166700151167,0.6031746031746031,0.7741935483870968,0.656084656084656,0.6532258064516129,0.7111111111111111,0.8064516129032258,0.5,,0.8064516129032258,0.05291005291005291,0.032258064516129004
