split_seed,target,retained_rank,configuration_id,pipeline_key,candidate_kind,selector,selector_parameter,branch,branch_kind,model_family,backend,grid_id,parameters,inner_validation_fold,training_patients,validation_patients,selected_columns,selected_groups,selected_column_names,fit_seconds,macro_f1,balanced_accuracy,accuracy,recall_class_0,recall_class_1,recall_class_2,priority_recall
42,direct,1,SEL_05,raw__none__all,selector_configuration,none,all,,raw,catboost,native,0,"{""auto_class_weights"": null, ""depth"": 4, ""iterations"": 300, ""l2_leaf_reg"": 5.0, ""learning_rate"": 0.03}",0,832,208,47,26,Years_since_PD_diagnosis | Age | MCATOT | FRZGT12M | SCAU14 | SCAU16 | GDS_TOTAL | NQ_GAUSSIAN_REVISION | NP1RTOT | BMI | NP1SLPD | NP1URIN | NP3GAIT_COMBINED_MAX | NP3PSTBL_COMBINED_MAX | NHY_COMBINED_MAX | NP3TOT_COMBINED_MAX | NP4TOT | NP1CNST | FOG_FORM_MISSING | NQ_FORM_MISSING | PART_IV_FORM_MISSING | DXPOSINS_Missing | DXPOSINS_No | DXPOSINS_Unknown | DXPOSINS_Yes | DXRIGID_No | DXRIGID_Unknown | DXRIGID_Yes | DOPTHERST_Missing | DOPTHERST_No | DOPTHERST_Yes | FEATPOSHYP_No | FEATPOSHYP_Uncertain | FEATPOSHYP_Yes | ANYFAMPD_Missing | ANYFAMPD_No | ANYFAMPD_Yes | DXTREMOR_No | DXTREMOR_Unknown | DXTREMOR_Yes | DXBRADY_No | DXBRADY_Unknown | DXBRADY_Yes | DOMSIDE_Left | DOMSIDE_Right | DOMSIDE_Symmetric | DOMSIDE_Unknown,0.20621520799977588,0.49108878016386875,0.4688681688681689,0.7163461538461539,0.951048951048951,0.15555555555555556,0.3,0.15555555555555556
42,direct,1,SEL_05,raw__none__all,selector_configuration,none,all,,raw,catboost,native,0,"{""auto_class_weights"": null, ""depth"": 4, ""iterations"": 300, ""l2_leaf_reg"": 5.0, ""learning_rate"": 0.03}",1,832,208,47,26,Years_since_PD_diagnosis | Age | MCATOT | FRZGT12M | SCAU14 | SCAU16 | GDS_TOTAL | NQ_GAUSSIAN_REVISION | NP1RTOT | BMI | NP1SLPD | NP1URIN | NP3GAIT_COMBINED_MAX | NP3PSTBL_COMBINED_MAX | NHY_COMBINED_MAX | NP3TOT_COMBINED_MAX | NP4TOT | NP1CNST | FOG_FORM_MISSING | NQ_FORM_MISSING | PART_IV_FORM_MISSING | DXPOSINS_Missing | DXPOSINS_No | DXPOSINS_Unknown | DXPOSINS_Yes | DXRIGID_No | DXRIGID_Unknown | DXRIGID_Yes | DOPTHERST_Missing | DOPTHERST_No | DOPTHERST_Yes | FEATPOSHYP_No | FEATPOSHYP_Uncertain | FEATPOSHYP_Yes | ANYFAMPD_Missing | ANYFAMPD_No | ANYFAMPD_Yes | DXTREMOR_No | DXTREMOR_Unknown | DXTREMOR_Yes | DXBRADY_No | DXBRADY_Unknown | DXBRADY_Yes | DOMSIDE_Left | DOMSIDE_Right | DOMSIDE_Symmetric | DOMSIDE_Unknown,0.22260858400113648,0.44916971573318326,0.4405464905464906,0.6875,0.916083916083916,0.15555555555555556,0.25,0.15555555555555556
42,direct,1,SEL_05,raw__none__all,selector_configuration,none,all,,raw,catboost,native,0,"{""auto_class_weights"": null, ""depth"": 4, ""iterations"": 300, ""l2_leaf_reg"": 5.0, ""learning_rate"": 0.03}",2,832,208,47,26,Years_since_PD_diagnosis | Age | MCATOT | FRZGT12M | SCAU14 | SCAU16 | GDS_TOTAL | NQ_GAUSSIAN_REVISION | NP1RTOT | BMI | NP1SLPD | NP1URIN | NP3GAIT_COMBINED_MAX | NP3PSTBL_COMBINED_MAX | NHY_COMBINED_MAX | NP3TOT_COMBINED_MAX | NP4TOT | NP1CNST | FOG_FORM_MISSING | NQ_FORM_MISSING | PART_IV_FORM_MISSING | DXPOSINS_Missing | DXPOSINS_No | DXPOSINS_Unknown | DXPOSINS_Yes | DXRIGID_No | DXRIGID_Unknown | DXRIGID_Yes | DOPTHERST_Missing | DOPTHERST_No | DOPTHERST_Yes | FEATPOSHYP_No | FEATPOSHYP_Uncertain | FEATPOSHYP_Yes | ANYFAMPD_Missing | ANYFAMPD_No | ANYFAMPD_Yes | DXTREMOR_No | DXTREMOR_Unknown | DXTREMOR_Yes | DXBRADY_No | DXBRADY_Unknown | DXBRADY_Yes | DOMSIDE_Left | DOMSIDE_Right | DOMSIDE_Symmetric | DOMSIDE_Unknown,0.2151599159988109,0.5152790955091714,0.494679186228482,0.7259615384615384,0.9507042253521126,0.2,0.3333333333333333,0.2
42,direct,1,SEL_05,raw__none__all,selector_configuration,none,all,,raw,catboost,native,0,"{""auto_class_weights"": null, ""depth"": 4, ""iterations"": 300, ""l2_leaf_reg"": 5.0, ""learning_rate"": 0.03}",3,832,208,47,26,Years_since_PD_diagnosis | Age | MCATOT | FRZGT12M | SCAU14 | SCAU16 | GDS_TOTAL | NQ_GAUSSIAN_REVISION | NP1RTOT | BMI | NP1SLPD | NP1URIN | NP3GAIT_COMBINED_MAX | NP3PSTBL_COMBINED_MAX | NHY_COMBINED_MAX | NP3TOT_COMBINED_MAX | NP4TOT | NP1CNST | FOG_FORM_MISSING | NQ_FORM_MISSING | PART_IV_FORM_MISSING | DXPOSINS_Missing | DXPOSINS_No | DXPOSINS_Unknown | DXPOSINS_Yes | DXRIGID_No | DXRIGID_Unknown | DXRIGID_Yes | DOPTHERST_Missing | DOPTHERST_No | DOPTHERST_Yes | FEATPOSHYP_No | FEATPOSHYP_Uncertain | FEATPOSHYP_Yes | ANYFAMPD_Missing | ANYFAMPD_No | ANYFAMPD_Yes | DXTREMOR_No | DXTREMOR_Unknown | DXTREMOR_Yes | DXBRADY_No | DXBRADY_Unknown | DXBRADY_Yes | DOMSIDE_Left | DOMSIDE_Right | DOMSIDE_Symmetric | DOMSIDE_Unknown,0.20865912499721162,0.5130687681771273,0.4962339252908758,0.7307692307692307,0.9647887323943662,0.17391304347826086,0.35,0.17391304347826086
42,direct,1,SEL_05,raw__none__all,selector_configuration,none,all,,raw,catboost,native,0,"{""auto_class_weights"": null, ""depth"": 4, ""iterations"": 300, ""l2_leaf_reg"": 5.0, ""learning_rate"": 0.03}",4,832,208,46,26,Years_since_PD_diagnosis | Age | MCATOT | FRZGT12M | SCAU14 | SCAU16 | GDS_TOTAL | NQ_GAUSSIAN_REVISION | NP1RTOT | BMI | NP1SLPD | NP1URIN | NP3GAIT_COMBINED_MAX | NP3PSTBL_COMBINED_MAX | NHY_COMBINED_MAX | NP3TOT_COMBINED_MAX | NP4TOT | NP1CNST | FOG_FORM_MISSING | NQ_FORM_MISSING | PART_IV_FORM_MISSING | DXPOSINS_No | DXPOSINS_Unknown | DXPOSINS_Yes | DXRIGID_No | DXRIGID_Unknown | DXRIGID_Yes | DOPTHERST_Missing | DOPTHERST_No | DOPTHERST_Yes | FEATPOSHYP_No | FEATPOSHYP_Uncertain | FEATPOSHYP_Yes | ANYFAMPD_Missing | ANYFAMPD_No | ANYFAMPD_Yes | DXTREMOR_No | DXTREMOR_Unknown | DXTREMOR_Yes | DXBRADY_No | DXBRADY_Unknown | DXBRADY_Yes | DOMSIDE_Left | DOMSIDE_Right | DOMSIDE_Symmetric | DOMSIDE_Unknown,0.20251404099690262,0.3724294595887135,0.4002347417840375,0.6730769230769231,0.9507042253521126,0.0,0.25,0.0
42,direct,1,SEL_05,raw__none__all,selector_configuration,none,all,,raw,catboost,native,1,"{""auto_class_weights"": ""Balanced"", ""depth"": 4, ""iterations"": 300, ""l2_leaf_reg"": 5.0, ""learning_rate"": 0.03}",0,832,208,47,26,Years_since_PD_diagnosis | Age | MCATOT | FRZGT12M | SCAU14 | SCAU16 | GDS_TOTAL | NQ_GAUSSIAN_REVISION | NP1RTOT | BMI | NP1SLPD | NP1URIN | NP3GAIT_COMBINED_MAX | NP3PSTBL_COMBINED_MAX | NHY_COMBINED_MAX | NP3TOT_COMBINED_MAX | NP4TOT | NP1CNST | FOG_FORM_MISSING | NQ_FORM_MISSING | PART_IV_FORM_MISSING | DXPOSINS_Missing | DXPOSINS_No | DXPOSINS_Unknown | DXPOSINS_Yes | DXRIGID_No | DXRIGID_Unknown | DXRIGID_Yes | DOPTHERST_Missing | DOPTHERST_No | DOPTHERST_Yes | FEATPOSHYP_No | FEATPOSHYP_Uncertain | FEATPOSHYP_Yes | ANYFAMPD_Missing | ANYFAMPD_No | ANYFAMPD_Yes | DXTREMOR_No | DXTREMOR_Unknown | DXTREMOR_Yes | DXBRADY_No | DXBRADY_Unknown | DXBRADY_Yes | DOMSIDE_Left | DOMSIDE_Right | DOMSIDE_Symmetric | DOMSIDE_Unknown,0.2074116249968938,0.5362552298404132,0.6085470085470085,0.625,0.6923076923076923,0.3333333333333333,0.8,0.3333333333333333
42,direct,1,SEL_05,raw__none__all,selector_configuration,none,all,,raw,catboost,native,1,"{""auto_class_weights"": ""Balanced"", ""depth"": 4, ""iterations"": 300, ""l2_leaf_reg"": 5.0, ""learning_rate"": 0.03}",1,832,208,47,26,Years_since_PD_diagnosis | Age | MCATOT | FRZGT12M | SCAU14 | SCAU16 | GDS_TOTAL | NQ_GAUSSIAN_REVISION | NP1RTOT | BMI | NP1SLPD | NP1URIN | NP3GAIT_COMBINED_MAX | NP3PSTBL_COMBINED_MAX | NHY_COMBINED_MAX | NP3TOT_COMBINED_MAX | NP4TOT | NP1CNST | FOG_FORM_MISSING | NQ_FORM_MISSING | PART_IV_FORM_MISSING | DXPOSINS_Missing | DXPOSINS_No | DXPOSINS_Unknown | DXPOSINS_Yes | DXRIGID_No | DXRIGID_Unknown | DXRIGID_Yes | DOPTHERST_Missing | DOPTHERST_No | DOPTHERST_Yes | FEATPOSHYP_No | FEATPOSHYP_Uncertain | FEATPOSHYP_Yes | ANYFAMPD_Missing | ANYFAMPD_No | ANYFAMPD_Yes | DXTREMOR_No | DXTREMOR_Unknown | DXTREMOR_Yes | DXBRADY_No | DXBRADY_Unknown | DXBRADY_Yes | DOMSIDE_Left | DOMSIDE_Right | DOMSIDE_Symmetric | DOMSIDE_Unknown,0.2082481249999546,0.4814336364707521,0.5273504273504274,0.5721153846153846,0.6153846153846154,0.4666666666666667,0.5,0.4666666666666667
42,direct,1,SEL_05,raw__none__all,selector_configuration,none,all,,raw,catboost,native,1,"{""auto_class_weights"": ""Balanced"", ""depth"": 4, ""iterations"": 300, ""l2_leaf_reg"": 5.0, ""learning_rate"": 0.03}",2,832,208,47,26,Years_since_PD_diagnosis | Age | MCATOT | FRZGT12M | SCAU14 | SCAU16 | GDS_TOTAL | NQ_GAUSSIAN_REVISION | NP1RTOT | BMI | NP1SLPD | NP1URIN | NP3GAIT_COMBINED_MAX | NP3PSTBL_COMBINED_MAX | NHY_COMBINED_MAX | NP3TOT_COMBINED_MAX | NP4TOT | NP1CNST | FOG_FORM_MISSING | NQ_FORM_MISSING | PART_IV_FORM_MISSING | DXPOSINS_Missing | DXPOSINS_No | DXPOSINS_Unknown | DXPOSINS_Yes | DXRIGID_No | DXRIGID_Unknown | DXRIGID_Yes | DOPTHERST_Missing | DOPTHERST_No | DOPTHERST_Yes | FEATPOSHYP_No | FEATPOSHYP_Uncertain | FEATPOSHYP_Yes | ANYFAMPD_Missing | ANYFAMPD_No | ANYFAMPD_Yes | DXTREMOR_No | DXTREMOR_Unknown | DXTREMOR_Yes | DXBRADY_No | DXBRADY_Unknown | DXBRADY_Yes | DOMSIDE_Left | DOMSIDE_Right | DOMSIDE_Symmetric | DOMSIDE_Unknown,0.2060354580025887,0.5645219135785173,0.6064013711901036,0.6538461538461539,0.7112676056338029,0.4888888888888889,0.6190476190476191,0.4888888888888889
42,direct,1,SEL_05,raw__none__all,selector_configuration,none,all,,raw,catboost,native,1,"{""auto_class_weights"": ""Balanced"", ""depth"": 4, ""iterations"": 300, ""l2_leaf_reg"": 5.0, ""learning_rate"": 0.03}",3,832,208,47,26,Years_since_PD_diagnosis | Age | MCATOT | FRZGT12M | SCAU14 | SCAU16 | GDS_TOTAL | NQ_GAUSSIAN_REVISION | NP1RTOT | BMI | NP1SLPD | NP1URIN | NP3GAIT_COMBINED_MAX | NP3PSTBL_COMBINED_MAX | NHY_COMBINED_MAX | NP3TOT_COMBINED_MAX | NP4TOT | NP1CNST | FOG_FORM_MISSING | NQ_FORM_MISSING | PART_IV_FORM_MISSING | DXPOSINS_Missing | DXPOSINS_No | DXPOSINS_Unknown | DXPOSINS_Yes | DXRIGID_No | DXRIGID_Unknown | DXRIGID_Yes | DOPTHERST_Missing | DOPTHERST_No | DOPTHERST_Yes | FEATPOSHYP_No | FEATPOSHYP_Uncertain | FEATPOSHYP_Yes | ANYFAMPD_Missing | ANYFAMPD_No | ANYFAMPD_Yes | DXTREMOR_No | DXTREMOR_Unknown | DXTREMOR_Yes | DXBRADY_No | DXBRADY_Unknown | DXBRADY_Yes | DOMSIDE_Left | DOMSIDE_Right | DOMSIDE_Symmetric | DOMSIDE_Unknown,0.204852041999402,0.5138215045755373,0.5652071851398244,0.6057692307692307,0.676056338028169,0.3695652173913043,0.65,0.3695652173913043
42,direct,1,SEL_05,raw__none__all,selector_configuration,none,all,,raw,catboost,native,1,"{""auto_class_weights"": ""Balanced"", ""depth"": 4, ""iterations"": 300, ""l2_leaf_reg"": 5.0, ""learning_rate"": 0.03}",4,832,208,46,26,Years_since_PD_diagnosis | Age | MCATOT | FRZGT12M | SCAU14 | SCAU16 | GDS_TOTAL | NQ_GAUSSIAN_REVISION | NP1RTOT | BMI | NP1SLPD | NP1URIN | NP3GAIT_COMBINED_MAX | NP3PSTBL_COMBINED_MAX | NHY_COMBINED_MAX | NP3TOT_COMBINED_MAX | NP4TOT | NP1CNST | FOG_FORM_MISSING | NQ_FORM_MISSING | PART_IV_FORM_MISSING | DXPOSINS_No | DXPOSINS_Unknown | DXPOSINS_Yes | DXRIGID_No | DXRIGID_Unknown | DXRIGID_Yes | DOPTHERST_Missing | DOPTHERST_No | DOPTHERST_Yes | FEATPOSHYP_No | FEATPOSHYP_Uncertain | FEATPOSHYP_Yes | ANYFAMPD_Missing | ANYFAMPD_No | ANYFAMPD_Yes | DXTREMOR_No | DXTREMOR_Unknown | DXTREMOR_Yes | DXBRADY_No | DXBRADY_Unknown | DXBRADY_Yes | DOMSIDE_Left | DOMSIDE_Right | DOMSIDE_Symmetric | DOMSIDE_Unknown,0.21046712499810383,0.508498910396103,0.5551745254133497,0.6346153846153846,0.7394366197183099,0.32608695652173914,0.6,0.32608695652173914
42,direct,1,SEL_05,raw__none__all,selector_configuration,none,all,,raw,catboost,native,2,"{""auto_class_weights"": null, ""depth"": 4, ""iterations"": 300, ""l2_leaf_reg"": 5.0, ""learning_rate"": 0.08}",0,832,208,47,26,Years_since_PD_diagnosis | Age | MCATOT | FRZGT12M | SCAU14 | SCAU16 | GDS_TOTAL | NQ_GAUSSIAN_REVISION | NP1RTOT | BMI | NP1SLPD | NP1URIN | NP3GAIT_COMBINED_MAX | NP3PSTBL_COMBINED_MAX | NHY_COMBINED_MAX | NP3TOT_COMBINED_MAX | NP4TOT | NP1CNST | FOG_FORM_MISSING | NQ_FORM_MISSING | PART_IV_FORM_MISSING | DXPOSINS_Missing | DXPOSINS_No | DXPOSINS_Unknown | DXPOSINS_Yes | DXRIGID_No | DXRIGID_Unknown | DXRIGID_Yes | DOPTHERST_Missing | DOPTHERST_No | DOPTHERST_Yes | FEATPOSHYP_No | FEATPOSHYP_Uncertain | FEATPOSHYP_Yes | ANYFAMPD_Missing | ANYFAMPD_No | ANYFAMPD_Yes | DXTREMOR_No | DXTREMOR_Unknown | DXTREMOR_Yes | DXBRADY_No | DXBRADY_Unknown | DXBRADY_Yes | DOMSIDE_Left | DOMSIDE_Right | DOMSIDE_Symmetric | DOMSIDE_Unknown,0.20484474999830127,0.4829947995176364,0.4683890183890183,0.7067307692307693,0.9440559440559441,0.1111111111111111,0.35,0.1111111111111111
42,direct,1,SEL_05,raw__none__all,selector_configuration,none,all,,raw,catboost,native,2,"{""auto_class_weights"": null, ""depth"": 4, ""iterations"": 300, ""l2_leaf_reg"": 5.0, ""learning_rate"": 0.08}",1,832,208,47,26,Years_since_PD_diagnosis | Age | MCATOT | FRZGT12M | SCAU14 | SCAU16 | GDS_TOTAL | NQ_GAUSSIAN_REVISION | NP1RTOT | BMI | NP1SLPD | NP1URIN | NP3GAIT_COMBINED_MAX | NP3PSTBL_COMBINED_MAX | NHY_COMBINED_MAX | NP3TOT_COMBINED_MAX | NP4TOT | NP1CNST | FOG_FORM_MISSING | NQ_FORM_MISSING | PART_IV_FORM_MISSING | DXPOSINS_Missing | DXPOSINS_No | DXPOSINS_Unknown | DXPOSINS_Yes | DXRIGID_No | DXRIGID_Unknown | DXRIGID_Yes | DOPTHERST_Missing | DOPTHERST_No | DOPTHERST_Yes | FEATPOSHYP_No | FEATPOSHYP_Uncertain | FEATPOSHYP_Yes | ANYFAMPD_Missing | ANYFAMPD_No | ANYFAMPD_Yes | DXTREMOR_No | DXTREMOR_Unknown | DXTREMOR_Yes | DXBRADY_No | DXBRADY_Unknown | DXBRADY_Yes | DOMSIDE_Left | DOMSIDE_Right | DOMSIDE_Symmetric | DOMSIDE_Unknown,0.20839849999902071,0.43528170761975676,0.4247086247086247,0.6634615384615384,0.8741258741258742,0.2,0.2,0.2
42,direct,1,SEL_05,raw__none__all,selector_configuration,none,all,,raw,catboost,native,2,"{""auto_class_weights"": null, ""depth"": 4, ""iterations"": 300, ""l2_leaf_reg"": 5.0, ""learning_rate"": 0.08}",2,832,208,47,26,Years_since_PD_diagnosis | Age | MCATOT | FRZGT12M | SCAU14 | SCAU16 | GDS_TOTAL | NQ_GAUSSIAN_REVISION | NP1RTOT | BMI | NP1SLPD | NP1URIN | NP3GAIT_COMBINED_MAX | NP3PSTBL_COMBINED_MAX | NHY_COMBINED_MAX | NP3TOT_COMBINED_MAX | NP4TOT | NP1CNST | FOG_FORM_MISSING | NQ_FORM_MISSING | PART_IV_FORM_MISSING | DXPOSINS_Missing | DXPOSINS_No | DXPOSINS_Unknown | DXPOSINS_Yes | DXRIGID_No | DXRIGID_Unknown | DXRIGID_Yes | DOPTHERST_Missing | DOPTHERST_No | DOPTHERST_Yes | FEATPOSHYP_No | FEATPOSHYP_Uncertain | FEATPOSHYP_Yes | ANYFAMPD_Missing | ANYFAMPD_No | ANYFAMPD_Yes | DXTREMOR_No | DXTREMOR_Unknown | DXTREMOR_Yes | DXBRADY_No | DXBRADY_Unknown | DXBRADY_Yes | DOMSIDE_Left | DOMSIDE_Right | DOMSIDE_Symmetric | DOMSIDE_Unknown,0.20294083400222007,0.5161641337215971,0.49269692227438705,0.7115384615384616,0.9225352112676056,0.2222222222222222,0.3333333333333333,0.2222222222222222
42,direct,1,SEL_05,raw__none__all,selector_configuration,none,all,,raw,catboost,native,2,"{""auto_class_weights"": null, ""depth"": 4, ""iterations"": 300, ""l2_leaf_reg"": 5.0, ""learning_rate"": 0.08}",3,832,208,47,26,Years_since_PD_diagnosis | Age | MCATOT | FRZGT12M | SCAU14 | SCAU16 | GDS_TOTAL | NQ_GAUSSIAN_REVISION | NP1RTOT | BMI | NP1SLPD | NP1URIN | NP3GAIT_COMBINED_MAX | NP3PSTBL_COMBINED_MAX | NHY_COMBINED_MAX | NP3TOT_COMBINED_MAX | NP4TOT | NP1CNST | FOG_FORM_MISSING | NQ_FORM_MISSING | PART_IV_FORM_MISSING | DXPOSINS_Missing | DXPOSINS_No | DXPOSINS_Unknown | DXPOSINS_Yes | DXRIGID_No | DXRIGID_Unknown | DXRIGID_Yes | DOPTHERST_Missing | DOPTHERST_No | DOPTHERST_Yes | FEATPOSHYP_No | FEATPOSHYP_Uncertain | FEATPOSHYP_Yes | ANYFAMPD_Missing | ANYFAMPD_No | ANYFAMPD_Yes | DXTREMOR_No | DXTREMOR_Unknown | DXTREMOR_Yes | DXBRADY_No | DXBRADY_Unknown | DXBRADY_Yes | DOMSIDE_Left | DOMSIDE_Right | DOMSIDE_Symmetric | DOMSIDE_Unknown,0.20889291700223112,0.48676051617228094,0.4775974688711982,0.7211538461538461,0.9436619718309859,0.2391304347826087,0.25,0.2391304347826087
42,direct,1,SEL_05,raw__none__all,selector_configuration,none,all,,raw,catboost,native,2,"{""auto_class_weights"": null, ""depth"": 4, ""iterations"": 300, ""l2_leaf_reg"": 5.0, ""learning_rate"": 0.08}",4,832,208,46,26,Years_since_PD_diagnosis | Age | MCATOT | FRZGT12M | SCAU14 | SCAU16 | GDS_TOTAL | NQ_GAUSSIAN_REVISION | NP1RTOT | BMI | NP1SLPD | NP1URIN | NP3GAIT_COMBINED_MAX | NP3PSTBL_COMBINED_MAX | NHY_COMBINED_MAX | NP3TOT_COMBINED_MAX | NP4TOT | NP1CNST | FOG_FORM_MISSING | NQ_FORM_MISSING | PART_IV_FORM_MISSING | DXPOSINS_No | DXPOSINS_Unknown | DXPOSINS_Yes | DXRIGID_No | DXRIGID_Unknown | DXRIGID_Yes | DOPTHERST_Missing | DOPTHERST_No | DOPTHERST_Yes | FEATPOSHYP_No | FEATPOSHYP_Uncertain | FEATPOSHYP_Yes | ANYFAMPD_Missing | ANYFAMPD_No | ANYFAMPD_Yes | DXTREMOR_No | DXTREMOR_Unknown | DXTREMOR_Yes | DXBRADY_No | DXBRADY_Unknown | DXBRADY_Yes | DOMSIDE_Left | DOMSIDE_Right | DOMSIDE_Symmetric | DOMSIDE_Unknown,0.2056397080013994,0.4462464398010644,0.45551132884262097,0.6875,0.9295774647887324,0.08695652173913043,0.35,0.08695652173913043
42,direct,1,SEL_05,raw__none__all,selector_configuration,none,all,,raw,catboost,native,3,"{""auto_class_weights"": ""Balanced"", ""depth"": 4, ""iterations"": 300, ""l2_leaf_reg"": 5.0, ""learning_rate"": 0.08}",0,832,208,47,26,Years_since_PD_diagnosis | Age | MCATOT | FRZGT12M | SCAU14 | SCAU16 | GDS_TOTAL | NQ_GAUSSIAN_REVISION | NP1RTOT | BMI | NP1SLPD | NP1URIN | NP3GAIT_COMBINED_MAX | NP3PSTBL_COMBINED_MAX | NHY_COMBINED_MAX | NP3TOT_COMBINED_MAX | NP4TOT | NP1CNST | FOG_FORM_MISSING | NQ_FORM_MISSING | PART_IV_FORM_MISSING | DXPOSINS_Missing | DXPOSINS_No | DXPOSINS_Unknown | DXPOSINS_Yes | DXRIGID_No | DXRIGID_Unknown | DXRIGID_Yes | DOPTHERST_Missing | DOPTHERST_No | DOPTHERST_Yes | FEATPOSHYP_No | FEATPOSHYP_Uncertain | FEATPOSHYP_Yes | ANYFAMPD_Missing | ANYFAMPD_No | ANYFAMPD_Yes | DXTREMOR_No | DXTREMOR_Unknown | DXTREMOR_Yes | DXBRADY_No | DXBRADY_Unknown | DXBRADY_Yes | DOMSIDE_Left | DOMSIDE_Right | DOMSIDE_Symmetric | DOMSIDE_Unknown,0.21003208299953258,0.49062965466311187,0.5150608650608651,0.6009615384615384,0.7062937062937062,0.28888888888888886,0.55,0.28888888888888886
42,direct,1,SEL_05,raw__none__all,selector_configuration,none,all,,raw,catboost,native,3,"{""auto_class_weights"": ""Balanced"", ""depth"": 4, ""iterations"": 300, ""l2_leaf_reg"": 5.0, ""learning_rate"": 0.08}",1,832,208,47,26,Years_since_PD_diagnosis | Age | MCATOT | FRZGT12M | SCAU14 | SCAU16 | GDS_TOTAL | NQ_GAUSSIAN_REVISION | NP1RTOT | BMI | NP1SLPD | NP1URIN | NP3GAIT_COMBINED_MAX | NP3PSTBL_COMBINED_MAX | NHY_COMBINED_MAX | NP3TOT_COMBINED_MAX | NP4TOT | NP1CNST | FOG_FORM_MISSING | NQ_FORM_MISSING | PART_IV_FORM_MISSING | DXPOSINS_Missing | DXPOSINS_No | DXPOSINS_Unknown | DXPOSINS_Yes | DXRIGID_No | DXRIGID_Unknown | DXRIGID_Yes | DOPTHERST_Missing | DOPTHERST_No | DOPTHERST_Yes | FEATPOSHYP_No | FEATPOSHYP_Uncertain | FEATPOSHYP_Yes | ANYFAMPD_Missing | ANYFAMPD_No | ANYFAMPD_Yes | DXTREMOR_No | DXTREMOR_Unknown | DXTREMOR_Yes | DXBRADY_No | DXBRADY_Unknown | DXBRADY_Yes | DOMSIDE_Left | DOMSIDE_Right | DOMSIDE_Symmetric | DOMSIDE_Unknown,0.20765379200020107,0.4598847346878843,0.49037814037814037,0.5673076923076923,0.6433566433566433,0.37777777777777777,0.45,0.37777777777777777
42,direct,1,SEL_05,raw__none__all,selector_configuration,none,all,,raw,catboost,native,3,"{""auto_class_weights"": ""Balanced"", ""depth"": 4, ""iterations"": 300, ""l2_leaf_reg"": 5.0, ""learning_rate"": 0.08}",2,832,208,47,26,Years_since_PD_diagnosis | Age | MCATOT | FRZGT12M | SCAU14 | SCAU16 | GDS_TOTAL | NQ_GAUSSIAN_REVISION | NP1RTOT | BMI | NP1SLPD | NP1URIN | NP3GAIT_COMBINED_MAX | NP3PSTBL_COMBINED_MAX | NHY_COMBINED_MAX | NP3TOT_COMBINED_MAX | NP4TOT | NP1CNST | FOG_FORM_MISSING | NQ_FORM_MISSING | PART_IV_FORM_MISSING | DXPOSINS_Missing | DXPOSINS_No | DXPOSINS_Unknown | DXPOSINS_Yes | DXRIGID_No | DXRIGID_Unknown | DXRIGID_Yes | DOPTHERST_Missing | DOPTHERST_No | DOPTHERST_Yes | FEATPOSHYP_No | FEATPOSHYP_Uncertain | FEATPOSHYP_Yes | ANYFAMPD_Missing | ANYFAMPD_No | ANYFAMPD_Yes | DXTREMOR_No | DXTREMOR_Unknown | DXTREMOR_Yes | DXBRADY_No | DXBRADY_Unknown | DXBRADY_Yes | DOMSIDE_Left | DOMSIDE_Right | DOMSIDE_Symmetric | DOMSIDE_Unknown,0.2094684170006076,0.527216610549944,0.5429093076980401,0.6346153846153846,0.7112676056338029,0.4888888888888889,0.42857142857142855,0.4888888888888889
42,direct,1,SEL_05,raw__none__all,selector_configuration,none,all,,raw,catboost,native,3,"{""auto_class_weights"": ""Balanced"", ""depth"": 4, ""iterations"": 300, ""l2_leaf_reg"": 5.0, ""learning_rate"": 0.08}",3,832,208,47,26,Years_since_PD_diagnosis | Age | MCATOT | FRZGT12M | SCAU14 | SCAU16 | GDS_TOTAL | NQ_GAUSSIAN_REVISION | NP1RTOT | BMI | NP1SLPD | NP1URIN | NP3GAIT_COMBINED_MAX | NP3PSTBL_COMBINED_MAX | NHY_COMBINED_MAX | NP3TOT_COMBINED_MAX | NP4TOT | NP1CNST | FOG_FORM_MISSING | NQ_FORM_MISSING | PART_IV_FORM_MISSING | DXPOSINS_Missing | DXPOSINS_No | DXPOSINS_Unknown | DXPOSINS_Yes | DXRIGID_No | DXRIGID_Unknown | DXRIGID_Yes | DOPTHERST_Missing | DOPTHERST_No | DOPTHERST_Yes | FEATPOSHYP_No | FEATPOSHYP_Uncertain | FEATPOSHYP_Yes | ANYFAMPD_Missing | ANYFAMPD_No | ANYFAMPD_Yes | DXTREMOR_No | DXTREMOR_Unknown | DXTREMOR_Yes | DXBRADY_No | DXBRADY_Unknown | DXBRADY_Yes | DOMSIDE_Left | DOMSIDE_Right | DOMSIDE_Symmetric | DOMSIDE_Unknown,0.20840845800194074,0.5258638351232502,0.5627985303123086,0.6394230769230769,0.7253521126760564,0.41304347826086957,0.55,0.41304347826086957
42,direct,1,SEL_05,raw__none__all,selector_configuration,none,all,,raw,catboost,native,3,"{""auto_class_weights"": ""Balanced"", ""depth"": 4, ""iterations"": 300, ""l2_leaf_reg"": 5.0, ""learning_rate"": 0.08}",4,832,208,46,26,Years_since_PD_diagnosis | Age | MCATOT | FRZGT12M | SCAU14 | SCAU16 | GDS_TOTAL | NQ_GAUSSIAN_REVISION | NP1RTOT | BMI | NP1SLPD | NP1URIN | NP3GAIT_COMBINED_MAX | NP3PSTBL_COMBINED_MAX | NHY_COMBINED_MAX | NP3TOT_COMBINED_MAX | NP4TOT | NP1CNST | FOG_FORM_MISSING | NQ_FORM_MISSING | PART_IV_FORM_MISSING | DXPOSINS_No | DXPOSINS_Unknown | DXPOSINS_Yes | DXRIGID_No | DXRIGID_Unknown | DXRIGID_Yes | DOPTHERST_Missing | DOPTHERST_No | DOPTHERST_Yes | FEATPOSHYP_No | FEATPOSHYP_Uncertain | FEATPOSHYP_Yes | ANYFAMPD_Missing | ANYFAMPD_No | ANYFAMPD_Yes | DXTREMOR_No | DXTREMOR_Unknown | DXTREMOR_Yes | DXBRADY_No | DXBRADY_Unknown | DXBRADY_Yes | DOMSIDE_Left | DOMSIDE_Right | DOMSIDE_Symmetric | DOMSIDE_Unknown,0.20994250000148895,0.530952380952381,0.5674933659930598,0.6490384615384616,0.7394366197183099,0.41304347826086957,0.55,0.41304347826086957
42,direct,1,SEL_05,raw__none__all,selector_configuration,none,all,,raw,catboost,native,4,"{""auto_class_weights"": null, ""depth"": 6, ""iterations"": 300, ""l2_leaf_reg"": 5.0, ""learning_rate"": 0.03}",0,832,208,47,26,Years_since_PD_diagnosis | Age | MCATOT | FRZGT12M | SCAU14 | SCAU16 | GDS_TOTAL | NQ_GAUSSIAN_REVISION | NP1RTOT | BMI | NP1SLPD | NP1URIN | NP3GAIT_COMBINED_MAX | NP3PSTBL_COMBINED_MAX | NHY_COMBINED_MAX | NP3TOT_COMBINED_MAX | NP4TOT | NP1CNST | FOG_FORM_MISSING | NQ_FORM_MISSING | PART_IV_FORM_MISSING | DXPOSINS_Missing | DXPOSINS_No | DXPOSINS_Unknown | DXPOSINS_Yes | DXRIGID_No | DXRIGID_Unknown | DXRIGID_Yes | DOPTHERST_Missing | DOPTHERST_No | DOPTHERST_Yes | FEATPOSHYP_No | FEATPOSHYP_Uncertain | FEATPOSHYP_Yes | ANYFAMPD_Missing | ANYFAMPD_No | ANYFAMPD_Yes | DXTREMOR_No | DXTREMOR_Unknown | DXTREMOR_Yes | DXBRADY_No | DXBRADY_Unknown | DXBRADY_Yes | DOMSIDE_Left | DOMSIDE_Right | DOMSIDE_Symmetric | DOMSIDE_Unknown,0.571518875000038,0.45260993356532747,0.4439005439005439,0.7067307692307693,0.965034965034965,0.06666666666666667,0.3,0.06666666666666667
42,direct,1,SEL_05,raw__none__all,selector_configuration,none,all,,raw,catboost,native,4,"{""auto_class_weights"": null, ""depth"": 6, ""iterations"": 300, ""l2_leaf_reg"": 5.0, ""learning_rate"": 0.03}",1,832,208,47,26,Years_since_PD_diagnosis | Age | MCATOT | FRZGT12M | SCAU14 | SCAU16 | GDS_TOTAL | NQ_GAUSSIAN_REVISION | NP1RTOT | BMI | NP1SLPD | NP1URIN | NP3GAIT_COMBINED_MAX | NP3PSTBL_COMBINED_MAX | NHY_COMBINED_MAX | NP3TOT_COMBINED_MAX | NP4TOT | NP1CNST | FOG_FORM_MISSING | NQ_FORM_MISSING | PART_IV_FORM_MISSING | DXPOSINS_Missing | DXPOSINS_No | DXPOSINS_Unknown | DXPOSINS_Yes | DXRIGID_No | DXRIGID_Unknown | DXRIGID_Yes | DOPTHERST_Missing | DOPTHERST_No | DOPTHERST_Yes | FEATPOSHYP_No | FEATPOSHYP_Uncertain | FEATPOSHYP_Yes | ANYFAMPD_Missing | ANYFAMPD_No | ANYFAMPD_Yes | DXTREMOR_No | DXTREMOR_Unknown | DXTREMOR_Yes | DXBRADY_No | DXBRADY_Unknown | DXBRADY_Yes | DOMSIDE_Left | DOMSIDE_Right | DOMSIDE_Symmetric | DOMSIDE_Unknown,0.5766508339984284,0.47608264320220833,0.4553613053613053,0.6971153846153846,0.916083916083916,0.2,0.25,0.2
42,direct,1,SEL_05,raw__none__all,selector_configuration,none,all,,raw,catboost,native,4,"{""auto_class_weights"": null, ""depth"": 6, ""iterations"": 300, ""l2_leaf_reg"": 5.0, ""learning_rate"": 0.03}",2,832,208,47,26,Years_since_PD_diagnosis | Age | MCATOT | FRZGT12M | SCAU14 | SCAU16 | GDS_TOTAL | NQ_GAUSSIAN_REVISION | NP1RTOT | BMI | NP1SLPD | NP1URIN | NP3GAIT_COMBINED_MAX | NP3PSTBL_COMBINED_MAX | NHY_COMBINED_MAX | NP3TOT_COMBINED_MAX | NP4TOT | NP1CNST | FOG_FORM_MISSING | NQ_FORM_MISSING | PART_IV_FORM_MISSING | DXPOSINS_Missing | DXPOSINS_No | DXPOSINS_Unknown | DXPOSINS_Yes | DXRIGID_No | DXRIGID_Unknown | DXRIGID_Yes | DOPTHERST_Missing | DOPTHERST_No | DOPTHERST_Yes | FEATPOSHYP_No | FEATPOSHYP_Uncertain | FEATPOSHYP_Yes | ANYFAMPD_Missing | ANYFAMPD_No | ANYFAMPD_Yes | DXTREMOR_No | DXTREMOR_Unknown | DXTREMOR_Yes | DXBRADY_No | DXBRADY_Unknown | DXBRADY_Yes | DOMSIDE_Left | DOMSIDE_Right | DOMSIDE_Symmetric | DOMSIDE_Unknown,0.5668087090016343,0.5244404365519792,0.5020865936358894,0.7307692307692307,0.9507042253521126,0.2222222222222222,0.3333333333333333,0.2222222222222222
42,direct,1,SEL_05,raw__none__all,selector_configuration,none,all,,raw,catboost,native,4,"{""auto_class_weights"": null, ""depth"": 6, ""iterations"": 300, ""l2_leaf_reg"": 5.0, ""learning_rate"": 0.03}",3,832,208,47,26,Years_since_PD_diagnosis | Age | MCATOT | FRZGT12M | SCAU14 | SCAU16 | GDS_TOTAL | NQ_GAUSSIAN_REVISION | NP1RTOT | BMI | NP1SLPD | NP1URIN | NP3GAIT_COMBINED_MAX | NP3PSTBL_COMBINED_MAX | NHY_COMBINED_MAX | NP3TOT_COMBINED_MAX | NP4TOT | NP1CNST | FOG_FORM_MISSING | NQ_FORM_MISSING | PART_IV_FORM_MISSING | DXPOSINS_Missing | DXPOSINS_No | DXPOSINS_Unknown | DXPOSINS_Yes | DXRIGID_No | DXRIGID_Unknown | DXRIGID_Yes | DOPTHERST_Missing | DOPTHERST_No | DOPTHERST_Yes | FEATPOSHYP_No | FEATPOSHYP_Uncertain | FEATPOSHYP_Yes | ANYFAMPD_Missing | ANYFAMPD_No | ANYFAMPD_Yes | DXTREMOR_No | DXTREMOR_Unknown | DXTREMOR_Yes | DXBRADY_No | DXBRADY_Unknown | DXBRADY_Yes | DOMSIDE_Left | DOMSIDE_Right | DOMSIDE_Symmetric | DOMSIDE_Unknown,0.5639658750005765,0.5256687242798354,0.5011328842620943,0.7307692307692307,0.9577464788732394,0.1956521739130435,0.35,0.1956521739130435
42,direct,1,SEL_05,raw__none__all,selector_configuration,none,all,,raw,catboost,native,4,"{""auto_class_weights"": null, ""depth"": 6, ""iterations"": 300, ""l2_leaf_reg"": 5.0, ""learning_rate"": 0.03}",4,832,208,46,26,Years_since_PD_diagnosis | Age | MCATOT | FRZGT12M | SCAU14 | SCAU16 | GDS_TOTAL | NQ_GAUSSIAN_REVISION | NP1RTOT | BMI | NP1SLPD | NP1URIN | NP3GAIT_COMBINED_MAX | NP3PSTBL_COMBINED_MAX | NHY_COMBINED_MAX | NP3TOT_COMBINED_MAX | NP4TOT | NP1CNST | FOG_FORM_MISSING | NQ_FORM_MISSING | PART_IV_FORM_MISSING | DXPOSINS_No | DXPOSINS_Unknown | DXPOSINS_Yes | DXRIGID_No | DXRIGID_Unknown | DXRIGID_Yes | DOPTHERST_Missing | DOPTHERST_No | DOPTHERST_Yes | FEATPOSHYP_No | FEATPOSHYP_Uncertain | FEATPOSHYP_Yes | ANYFAMPD_Missing | ANYFAMPD_No | ANYFAMPD_Yes | DXTREMOR_No | DXTREMOR_Unknown | DXTREMOR_Yes | DXBRADY_No | DXBRADY_Unknown | DXBRADY_Yes | DOMSIDE_Left | DOMSIDE_Right | DOMSIDE_Symmetric | DOMSIDE_Unknown,0.5689561250001134,0.38691201102548617,0.40748111859563174,0.6778846153846154,0.9507042253521126,0.021739130434782608,0.25,0.021739130434782608
42,direct,1,SEL_05,raw__none__all,selector_configuration,none,all,,raw,catboost,native,5,"{""auto_class_weights"": ""Balanced"", ""depth"": 6, ""iterations"": 300, ""l2_leaf_reg"": 5.0, ""learning_rate"": 0.03}",0,832,208,47,26,Years_since_PD_diagnosis | Age | MCATOT | FRZGT12M | SCAU14 | SCAU16 | GDS_TOTAL | NQ_GAUSSIAN_REVISION | NP1RTOT | BMI | NP1SLPD | NP1URIN | NP3GAIT_COMBINED_MAX | NP3PSTBL_COMBINED_MAX | NHY_COMBINED_MAX | NP3TOT_COMBINED_MAX | NP4TOT | NP1CNST | FOG_FORM_MISSING | NQ_FORM_MISSING | PART_IV_FORM_MISSING | DXPOSINS_Missing | DXPOSINS_No | DXPOSINS_Unknown | DXPOSINS_Yes | DXRIGID_No | DXRIGID_Unknown | DXRIGID_Yes | DOPTHERST_Missing | DOPTHERST_No | DOPTHERST_Yes | FEATPOSHYP_No | FEATPOSHYP_Uncertain | FEATPOSHYP_Yes | ANYFAMPD_Missing | ANYFAMPD_No | ANYFAMPD_Yes | DXTREMOR_No | DXTREMOR_Unknown | DXTREMOR_Yes | DXBRADY_No | DXBRADY_Unknown | DXBRADY_Yes | DOMSIDE_Left | DOMSIDE_Right | DOMSIDE_Symmetric | DOMSIDE_Unknown,0.5730245420018036,0.5199449668343173,0.5581326081326082,0.6201923076923077,0.7132867132867133,0.3111111111111111,0.65,0.3111111111111111
42,direct,1,SEL_05,raw__none__all,selector_configuration,none,all,,raw,catboost,native,5,"{""auto_class_weights"": ""Balanced"", ""depth"": 6, ""iterations"": 300, ""l2_leaf_reg"": 5.0, ""learning_rate"": 0.03}",1,832,208,47,26,Years_since_PD_diagnosis | Age | MCATOT | FRZGT12M | SCAU14 | SCAU16 | GDS_TOTAL | NQ_GAUSSIAN_REVISION | NP1RTOT | BMI | NP1SLPD | NP1URIN | NP3GAIT_COMBINED_MAX | NP3PSTBL_COMBINED_MAX | NHY_COMBINED_MAX | NP3TOT_COMBINED_MAX | NP4TOT | NP1CNST | FOG_FORM_MISSING | NQ_FORM_MISSING | PART_IV_FORM_MISSING | DXPOSINS_Missing | DXPOSINS_No | DXPOSINS_Unknown | DXPOSINS_Yes | DXRIGID_No | DXRIGID_Unknown | DXRIGID_Yes | DOPTHERST_Missing | DOPTHERST_No | DOPTHERST_Yes | FEATPOSHYP_No | FEATPOSHYP_Uncertain | FEATPOSHYP_Yes | ANYFAMPD_Missing | ANYFAMPD_No | ANYFAMPD_Yes | DXTREMOR_No | DXTREMOR_Unknown | DXTREMOR_Yes | DXBRADY_No | DXBRADY_Unknown | DXBRADY_Yes | DOMSIDE_Left | DOMSIDE_Right | DOMSIDE_Symmetric | DOMSIDE_Unknown,0.5814811249983904,0.5063651476850902,0.5519036519036519,0.5913461538461539,0.6223776223776224,0.5333333333333333,0.5,0.5333333333333333
42,direct,1,SEL_05,raw__none__all,selector_configuration,none,all,,raw,catboost,native,5,"{""auto_class_weights"": ""Balanced"", ""depth"": 6, ""iterations"": 300, ""l2_leaf_reg"": 5.0, ""learning_rate"": 0.03}",2,832,208,47,26,Years_since_PD_diagnosis | Age | MCATOT | FRZGT12M | SCAU14 | SCAU16 | GDS_TOTAL | NQ_GAUSSIAN_REVISION | NP1RTOT | BMI | NP1SLPD | NP1URIN | NP3GAIT_COMBINED_MAX | NP3PSTBL_COMBINED_MAX | NHY_COMBINED_MAX | NP3TOT_COMBINED_MAX | NP4TOT | NP1CNST | FOG_FORM_MISSING | NQ_FORM_MISSING | PART_IV_FORM_MISSING | DXPOSINS_Missing | DXPOSINS_No | DXPOSINS_Unknown | DXPOSINS_Yes | DXRIGID_No | DXRIGID_Unknown | DXRIGID_Yes | DOPTHERST_Missing | DOPTHERST_No | DOPTHERST_Yes | FEATPOSHYP_No | FEATPOSHYP_Uncertain | FEATPOSHYP_Yes | ANYFAMPD_Missing | ANYFAMPD_No | ANYFAMPD_Yes | DXTREMOR_No | DXTREMOR_Unknown | DXTREMOR_Yes | DXBRADY_No | DXBRADY_Unknown | DXBRADY_Yes | DOMSIDE_Left | DOMSIDE_Right | DOMSIDE_Symmetric | DOMSIDE_Unknown,0.6016495829971973,0.5596474217163873,0.5810045457932782,0.6538461538461539,0.7112676056338029,0.5555555555555556,0.47619047619047616,0.5555555555555556
42,direct,1,SEL_05,raw__none__all,selector_configuration,none,all,,raw,catboost,native,5,"{""auto_class_weights"": ""Balanced"", ""depth"": 6, ""iterations"": 300, ""l2_leaf_reg"": 5.0, ""learning_rate"": 0.03}",3,832,208,47,26,Years_since_PD_diagnosis | Age | MCATOT | FRZGT12M | SCAU14 | SCAU16 | GDS_TOTAL | NQ_GAUSSIAN_REVISION | NP1RTOT | BMI | NP1SLPD | NP1URIN | NP3GAIT_COMBINED_MAX | NP3PSTBL_COMBINED_MAX | NHY_COMBINED_MAX | NP3TOT_COMBINED_MAX | NP4TOT | NP1CNST | FOG_FORM_MISSING | NQ_FORM_MISSING | PART_IV_FORM_MISSING | DXPOSINS_Missing | DXPOSINS_No | DXPOSINS_Unknown | DXPOSINS_Yes | DXRIGID_No | DXRIGID_Unknown | DXRIGID_Yes | DOPTHERST_Missing | DOPTHERST_No | DOPTHERST_Yes | FEATPOSHYP_No | FEATPOSHYP_Uncertain | FEATPOSHYP_Yes | ANYFAMPD_Missing | ANYFAMPD_No | ANYFAMPD_Yes | DXTREMOR_No | DXTREMOR_Unknown | DXTREMOR_Yes | DXBRADY_No | DXBRADY_Unknown | DXBRADY_Yes | DOMSIDE_Left | DOMSIDE_Right | DOMSIDE_Symmetric | DOMSIDE_Unknown,0.6241011660022195,0.50599522005772,0.5508879363135334,0.6057692307692307,0.6830985915492958,0.3695652173913043,0.6,0.3695652173913043
42,direct,1,SEL_05,raw__none__all,selector_configuration,none,all,,raw,catboost,native,5,"{""auto_class_weights"": ""Balanced"", ""depth"": 6, ""iterations"": 300, ""l2_leaf_reg"": 5.0, ""learning_rate"": 0.03}",4,832,208,46,26,Years_since_PD_diagnosis | Age | MCATOT | FRZGT12M | SCAU14 | SCAU16 | GDS_TOTAL | NQ_GAUSSIAN_REVISION | NP1RTOT | BMI | NP1SLPD | NP1URIN | NP3GAIT_COMBINED_MAX | NP3PSTBL_COMBINED_MAX | NHY_COMBINED_MAX | NP3TOT_COMBINED_MAX | NP4TOT | NP1CNST | FOG_FORM_MISSING | NQ_FORM_MISSING | PART_IV_FORM_MISSING | DXPOSINS_No | DXPOSINS_Unknown | DXPOSINS_Yes | DXRIGID_No | DXRIGID_Unknown | DXRIGID_Yes | DOPTHERST_Missing | DOPTHERST_No | DOPTHERST_Yes | FEATPOSHYP_No | FEATPOSHYP_Uncertain | FEATPOSHYP_Yes | ANYFAMPD_Missing | ANYFAMPD_No | ANYFAMPD_Yes | DXTREMOR_No | DXTREMOR_Unknown | DXTREMOR_Yes | DXBRADY_No | DXBRADY_Unknown | DXBRADY_Yes | DOMSIDE_Left | DOMSIDE_Right | DOMSIDE_Symmetric | DOMSIDE_Unknown,0.6217769159993622,0.5109547009636216,0.5577260665441927,0.6298076923076923,0.7253521126760564,0.34782608695652173,0.6,0.34782608695652173
42,direct,1,SEL_05,raw__none__all,selector_configuration,none,all,,raw,catboost,native,6,"{""auto_class_weights"": null, ""depth"": 6, ""iterations"": 300, ""l2_leaf_reg"": 5.0, ""learning_rate"": 0.08}",0,832,208,47,26,Years_since_PD_diagnosis | Age | MCATOT | FRZGT12M | SCAU14 | SCAU16 | GDS_TOTAL | NQ_GAUSSIAN_REVISION | NP1RTOT | BMI | NP1SLPD | NP1URIN | NP3GAIT_COMBINED_MAX | NP3PSTBL_COMBINED_MAX | NHY_COMBINED_MAX | NP3TOT_COMBINED_MAX | NP4TOT | NP1CNST | FOG_FORM_MISSING | NQ_FORM_MISSING | PART_IV_FORM_MISSING | DXPOSINS_Missing | DXPOSINS_No | DXPOSINS_Unknown | DXPOSINS_Yes | DXRIGID_No | DXRIGID_Unknown | DXRIGID_Yes | DOPTHERST_Missing | DOPTHERST_No | DOPTHERST_Yes | FEATPOSHYP_No | FEATPOSHYP_Uncertain | FEATPOSHYP_Yes | ANYFAMPD_Missing | ANYFAMPD_No | ANYFAMPD_Yes | DXTREMOR_No | DXTREMOR_Unknown | DXTREMOR_Yes | DXBRADY_No | DXBRADY_Unknown | DXBRADY_Yes | DOMSIDE_Left | DOMSIDE_Right | DOMSIDE_Symmetric | DOMSIDE_Unknown,0.6167368750029709,0.47371241042127127,0.4526159026159026,0.7019230769230769,0.9300699300699301,0.17777777777777778,0.25,0.17777777777777778
42,direct,1,SEL_05,raw__none__all,selector_configuration,none,all,,raw,catboost,native,6,"{""auto_class_weights"": null, ""depth"": 6, ""iterations"": 300, ""l2_leaf_reg"": 5.0, ""learning_rate"": 0.08}",1,832,208,47,26,Years_since_PD_diagnosis | Age | MCATOT | FRZGT12M | SCAU14 | SCAU16 | GDS_TOTAL | NQ_GAUSSIAN_REVISION | NP1RTOT | BMI | NP1SLPD | NP1URIN | NP3GAIT_COMBINED_MAX | NP3PSTBL_COMBINED_MAX | NHY_COMBINED_MAX | NP3TOT_COMBINED_MAX | NP4TOT | NP1CNST | FOG_FORM_MISSING | NQ_FORM_MISSING | PART_IV_FORM_MISSING | DXPOSINS_Missing | DXPOSINS_No | DXPOSINS_Unknown | DXPOSINS_Yes | DXRIGID_No | DXRIGID_Unknown | DXRIGID_Yes | DOPTHERST_Missing | DOPTHERST_No | DOPTHERST_Yes | FEATPOSHYP_No | FEATPOSHYP_Uncertain | FEATPOSHYP_Yes | ANYFAMPD_Missing | ANYFAMPD_No | ANYFAMPD_Yes | DXTREMOR_No | DXTREMOR_Unknown | DXTREMOR_Yes | DXBRADY_No | DXBRADY_Unknown | DXBRADY_Yes | DOMSIDE_Left | DOMSIDE_Right | DOMSIDE_Symmetric | DOMSIDE_Unknown,0.5817463339990354,0.44075486777099676,0.42930587930587927,0.6538461538461539,0.8601398601398601,0.17777777777777778,0.25,0.17777777777777778
42,direct,1,SEL_05,raw__none__all,selector_configuration,none,all,,raw,catboost,native,6,"{""auto_class_weights"": null, ""depth"": 6, ""iterations"": 300, ""l2_leaf_reg"": 5.0, ""learning_rate"": 0.08}",2,832,208,47,26,Years_since_PD_diagnosis | Age | MCATOT | FRZGT12M | SCAU14 | SCAU16 | GDS_TOTAL | NQ_GAUSSIAN_REVISION | NP1RTOT | BMI | NP1SLPD | NP1URIN | NP3GAIT_COMBINED_MAX | NP3PSTBL_COMBINED_MAX | NHY_COMBINED_MAX | NP3TOT_COMBINED_MAX | NP4TOT | NP1CNST | FOG_FORM_MISSING | NQ_FORM_MISSING | PART_IV_FORM_MISSING | DXPOSINS_Missing | DXPOSINS_No | DXPOSINS_Unknown | DXPOSINS_Yes | DXRIGID_No | DXRIGID_Unknown | DXRIGID_Yes | DOPTHERST_Missing | DOPTHERST_No | DOPTHERST_Yes | FEATPOSHYP_No | FEATPOSHYP_Uncertain | FEATPOSHYP_Yes | ANYFAMPD_Missing | ANYFAMPD_No | ANYFAMPD_Yes | DXTREMOR_No | DXTREMOR_Unknown | DXTREMOR_Yes | DXBRADY_No | DXBRADY_Unknown | DXBRADY_Yes | DOMSIDE_Left | DOMSIDE_Right | DOMSIDE_Symmetric | DOMSIDE_Unknown,0.5981136659975164,0.49534050179211464,0.47212907072062,0.6971153846153846,0.9084507042253521,0.2222222222222222,0.2857142857142857,0.2222222222222222
42,direct,1,SEL_05,raw__none__all,selector_configuration,none,all,,raw,catboost,native,6,"{""auto_class_weights"": null, ""depth"": 6, ""iterations"": 300, ""l2_leaf_reg"": 5.0, ""learning_rate"": 0.08}",3,832,208,47,26,Years_since_PD_diagnosis | Age | MCATOT | FRZGT12M | SCAU14 | SCAU16 | GDS_TOTAL | NQ_GAUSSIAN_REVISION | NP1RTOT | BMI | NP1SLPD | NP1URIN | NP3GAIT_COMBINED_MAX | NP3PSTBL_COMBINED_MAX | NHY_COMBINED_MAX | NP3TOT_COMBINED_MAX | NP4TOT | NP1CNST | FOG_FORM_MISSING | NQ_FORM_MISSING | PART_IV_FORM_MISSING | DXPOSINS_Missing | DXPOSINS_No | DXPOSINS_Unknown | DXPOSINS_Yes | DXRIGID_No | DXRIGID_Unknown | DXRIGID_Yes | DOPTHERST_Missing | DOPTHERST_No | DOPTHERST_Yes | FEATPOSHYP_No | FEATPOSHYP_Uncertain | FEATPOSHYP_Yes | ANYFAMPD_Missing | ANYFAMPD_No | ANYFAMPD_Yes | DXTREMOR_No | DXTREMOR_Unknown | DXTREMOR_Yes | DXBRADY_No | DXBRADY_Unknown | DXBRADY_Yes | DOMSIDE_Left | DOMSIDE_Right | DOMSIDE_Symmetric | DOMSIDE_Unknown,0.6063938750012312,0.534558971267832,0.5042355582771995,0.7355769230769231,0.9366197183098591,0.32608695652173914,0.25,0.32608695652173914
42,direct,1,SEL_05,raw__none__all,selector_configuration,none,all,,raw,catboost,native,6,"{""auto_class_weights"": null, ""depth"": 6, ""iterations"": 300, ""l2_leaf_reg"": 5.0, ""learning_rate"": 0.08}",4,832,208,46,26,Years_since_PD_diagnosis | Age | MCATOT | FRZGT12M | SCAU14 | SCAU16 | GDS_TOTAL | NQ_GAUSSIAN_REVISION | NP1RTOT | BMI | NP1SLPD | NP1URIN | NP3GAIT_COMBINED_MAX | NP3PSTBL_COMBINED_MAX | NHY_COMBINED_MAX | NP3TOT_COMBINED_MAX | NP4TOT | NP1CNST | FOG_FORM_MISSING | NQ_FORM_MISSING | PART_IV_FORM_MISSING | DXPOSINS_No | DXPOSINS_Unknown | DXPOSINS_Yes | DXRIGID_No | DXRIGID_Unknown | DXRIGID_Yes | DOPTHERST_Missing | DOPTHERST_No | DOPTHERST_Yes | FEATPOSHYP_No | FEATPOSHYP_Uncertain | FEATPOSHYP_Yes | ANYFAMPD_Missing | ANYFAMPD_No | ANYFAMPD_Yes | DXTREMOR_No | DXTREMOR_Unknown | DXTREMOR_Yes | DXBRADY_No | DXBRADY_Unknown | DXBRADY_Yes | DOMSIDE_Left | DOMSIDE_Right | DOMSIDE_Symmetric | DOMSIDE_Unknown,0.5951764160017774,0.435404442300994,0.4364666258420085,0.6971153846153846,0.9507042253521126,0.10869565217391304,0.25,0.10869565217391304
42,direct,1,SEL_05,raw__none__all,selector_configuration,none,all,,raw,catboost,native,7,"{""auto_class_weights"": ""Balanced"", ""depth"": 6, ""iterations"": 300, ""l2_leaf_reg"": 5.0, ""learning_rate"": 0.08}",0,832,208,47,26,Years_since_PD_diagnosis | Age | MCATOT | FRZGT12M | SCAU14 | SCAU16 | GDS_TOTAL | NQ_GAUSSIAN_REVISION | NP1RTOT | BMI | NP1SLPD | NP1URIN | NP3GAIT_COMBINED_MAX | NP3PSTBL_COMBINED_MAX | NHY_COMBINED_MAX | NP3TOT_COMBINED_MAX | NP4TOT | NP1CNST | FOG_FORM_MISSING | NQ_FORM_MISSING | PART_IV_FORM_MISSING | DXPOSINS_Missing | DXPOSINS_No | DXPOSINS_Unknown | DXPOSINS_Yes | DXRIGID_No | DXRIGID_Unknown | DXRIGID_Yes | DOPTHERST_Missing | DOPTHERST_No | DOPTHERST_Yes | FEATPOSHYP_No | FEATPOSHYP_Uncertain | FEATPOSHYP_Yes | ANYFAMPD_Missing | ANYFAMPD_No | ANYFAMPD_Yes | DXTREMOR_No | DXTREMOR_Unknown | DXTREMOR_Yes | DXBRADY_No | DXBRADY_Unknown | DXBRADY_Yes | DOMSIDE_Left | DOMSIDE_Right | DOMSIDE_Symmetric | DOMSIDE_Unknown,0.5984631670035014,0.5505582137161085,0.5426184926184926,0.6682692307692307,0.8111888111888111,0.26666666666666666,0.55,0.26666666666666666
42,direct,1,SEL_05,raw__none__all,selector_configuration,none,all,,raw,catboost,native,7,"{""auto_class_weights"": ""Balanced"", ""depth"": 6, ""iterations"": 300, ""l2_leaf_reg"": 5.0, ""learning_rate"": 0.08}",1,832,208,47,26,Years_since_PD_diagnosis | Age | MCATOT | FRZGT12M | SCAU14 | SCAU16 | GDS_TOTAL | NQ_GAUSSIAN_REVISION | NP1RTOT | BMI | NP1SLPD | NP1URIN | NP3GAIT_COMBINED_MAX | NP3PSTBL_COMBINED_MAX | NHY_COMBINED_MAX | NP3TOT_COMBINED_MAX | NP4TOT | NP1CNST | FOG_FORM_MISSING | NQ_FORM_MISSING | PART_IV_FORM_MISSING | DXPOSINS_Missing | DXPOSINS_No | DXPOSINS_Unknown | DXPOSINS_Yes | DXRIGID_No | DXRIGID_Unknown | DXRIGID_Yes | DOPTHERST_Missing | DOPTHERST_No | DOPTHERST_Yes | FEATPOSHYP_No | FEATPOSHYP_Uncertain | FEATPOSHYP_Yes | ANYFAMPD_Missing | ANYFAMPD_No | ANYFAMPD_Yes | DXTREMOR_No | DXTREMOR_Unknown | DXTREMOR_Yes | DXBRADY_No | DXBRADY_Unknown | DXBRADY_Yes | DOMSIDE_Left | DOMSIDE_Right | DOMSIDE_Symmetric | DOMSIDE_Unknown,0.5993746249987453,0.4961959571023229,0.511836311836312,0.6201923076923077,0.7132867132867133,0.4222222222222222,0.4,0.4222222222222222
42,direct,1,SEL_05,raw__none__all,selector_configuration,none,all,,raw,catboost,native,7,"{""auto_class_weights"": ""Balanced"", ""depth"": 6, ""iterations"": 300, ""l2_leaf_reg"": 5.0, ""learning_rate"": 0.08}",2,832,208,47,26,Years_since_PD_diagnosis | Age | MCATOT | FRZGT12M | SCAU14 | SCAU16 | GDS_TOTAL | NQ_GAUSSIAN_REVISION | NP1RTOT | BMI | NP1SLPD | NP1URIN | NP3GAIT_COMBINED_MAX | NP3PSTBL_COMBINED_MAX | NHY_COMBINED_MAX | NP3TOT_COMBINED_MAX | NP4TOT | NP1CNST | FOG_FORM_MISSING | NQ_FORM_MISSING | PART_IV_FORM_MISSING | DXPOSINS_Missing | DXPOSINS_No | DXPOSINS_Unknown | DXPOSINS_Yes | DXRIGID_No | DXRIGID_Unknown | DXRIGID_Yes | DOPTHERST_Missing | DOPTHERST_No | DOPTHERST_Yes | FEATPOSHYP_No | FEATPOSHYP_Uncertain | FEATPOSHYP_Yes | ANYFAMPD_Missing | ANYFAMPD_No | ANYFAMPD_Yes | DXTREMOR_No | DXTREMOR_Unknown | DXTREMOR_Yes | DXBRADY_No | DXBRADY_Unknown | DXBRADY_Yes | DOMSIDE_Left | DOMSIDE_Right | DOMSIDE_Symmetric | DOMSIDE_Unknown,0.5905855409982905,0.5338029870018466,0.5421789999254788,0.6538461538461539,0.7535211267605634,0.4444444444444444,0.42857142857142855,0.4444444444444444
42,direct,1,SEL_05,raw__none__all,selector_configuration,none,all,,raw,catboost,native,7,"{""auto_class_weights"": ""Balanced"", ""depth"": 6, ""iterations"": 300, ""l2_leaf_reg"": 5.0, ""learning_rate"": 0.08}",3,832,208,47,26,Years_since_PD_diagnosis | Age | MCATOT | FRZGT12M | SCAU14 | SCAU16 | GDS_TOTAL | NQ_GAUSSIAN_REVISION | NP1RTOT | BMI | NP1SLPD | NP1URIN | NP3GAIT_COMBINED_MAX | NP3PSTBL_COMBINED_MAX | NHY_COMBINED_MAX | NP3TOT_COMBINED_MAX | NP4TOT | NP1CNST | FOG_FORM_MISSING | NQ_FORM_MISSING | PART_IV_FORM_MISSING | DXPOSINS_Missing | DXPOSINS_No | DXPOSINS_Unknown | DXPOSINS_Yes | DXRIGID_No | DXRIGID_Unknown | DXRIGID_Yes | DOPTHERST_Missing | DOPTHERST_No | DOPTHERST_Yes | FEATPOSHYP_No | FEATPOSHYP_Uncertain | FEATPOSHYP_Yes | ANYFAMPD_Missing | ANYFAMPD_No | ANYFAMPD_Yes | DXTREMOR_No | DXTREMOR_Unknown | DXTREMOR_Yes | DXBRADY_No | DXBRADY_Unknown | DXBRADY_Yes | DOMSIDE_Left | DOMSIDE_Right | DOMSIDE_Symmetric | DOMSIDE_Unknown,0.5931228330009617,0.5543290274911463,0.5843335374566238,0.6634615384615384,0.7464788732394366,0.45652173913043476,0.55,0.45652173913043476
42,direct,1,SEL_05,raw__none__all,selector_configuration,none,all,,raw,catboost,native,7,"{""auto_class_weights"": ""Balanced"", ""depth"": 6, ""iterations"": 300, ""l2_leaf_reg"": 5.0, ""learning_rate"": 0.08}",4,832,208,46,26,Years_since_PD_diagnosis | Age | MCATOT | FRZGT12M | SCAU14 | SCAU16 | GDS_TOTAL | NQ_GAUSSIAN_REVISION | NP1RTOT | BMI | NP1SLPD | NP1URIN | NP3GAIT_COMBINED_MAX | NP3PSTBL_COMBINED_MAX | NHY_COMBINED_MAX | NP3TOT_COMBINED_MAX | NP4TOT | NP1CNST | FOG_FORM_MISSING | NQ_FORM_MISSING | PART_IV_FORM_MISSING | DXPOSINS_No | DXPOSINS_Unknown | DXPOSINS_Yes | DXRIGID_No | DXRIGID_Unknown | DXRIGID_Yes | DOPTHERST_Missing | DOPTHERST_No | DOPTHERST_Yes | FEATPOSHYP_No | FEATPOSHYP_Uncertain | FEATPOSHYP_Yes | ANYFAMPD_Missing | ANYFAMPD_No | ANYFAMPD_Yes | DXTREMOR_No | DXTREMOR_Unknown | DXTREMOR_Yes | DXBRADY_No | DXBRADY_Unknown | DXBRADY_Yes | DOMSIDE_Left | DOMSIDE_Right | DOMSIDE_Symmetric | DOMSIDE_Unknown,0.5846983750016079,0.46493462472984043,0.47633190447030005,0.6298076923076923,0.7746478873239436,0.30434782608695654,0.35,0.30434782608695654
42,direct,1,SEL_05,raw__none__all,selector_configuration,none,all,,raw,catboost,native,8,"{""auto_class_weights"": null, ""depth"": 4, ""iterations"": 600, ""l2_leaf_reg"": 5.0, ""learning_rate"": 0.03}",0,832,208,47,26,Years_since_PD_diagnosis | Age | MCATOT | FRZGT12M | SCAU14 | SCAU16 | GDS_TOTAL | NQ_GAUSSIAN_REVISION | NP1RTOT | BMI | NP1SLPD | NP1URIN | NP3GAIT_COMBINED_MAX | NP3PSTBL_COMBINED_MAX | NHY_COMBINED_MAX | NP3TOT_COMBINED_MAX | NP4TOT | NP1CNST | FOG_FORM_MISSING | NQ_FORM_MISSING | PART_IV_FORM_MISSING | DXPOSINS_Missing | DXPOSINS_No | DXPOSINS_Unknown | DXPOSINS_Yes | DXRIGID_No | DXRIGID_Unknown | DXRIGID_Yes | DOPTHERST_Missing | DOPTHERST_No | DOPTHERST_Yes | FEATPOSHYP_No | FEATPOSHYP_Uncertain | FEATPOSHYP_Yes | ANYFAMPD_Missing | ANYFAMPD_No | ANYFAMPD_Yes | DXTREMOR_No | DXTREMOR_Unknown | DXTREMOR_Yes | DXBRADY_No | DXBRADY_Unknown | DXBRADY_Yes | DOMSIDE_Left | DOMSIDE_Right | DOMSIDE_Symmetric | DOMSIDE_Unknown,0.38991387499845587,0.49548830938264166,0.4781274281274281,0.7163461538461539,0.951048951048951,0.13333333333333333,0.35,0.13333333333333333
42,direct,1,SEL_05,raw__none__all,selector_configuration,none,all,,raw,catboost,native,8,"{""auto_class_weights"": null, ""depth"": 4, ""iterations"": 600, ""l2_leaf_reg"": 5.0, ""learning_rate"": 0.03}",1,832,208,47,26,Years_since_PD_diagnosis | Age | MCATOT | FRZGT12M | SCAU14 | SCAU16 | GDS_TOTAL | NQ_GAUSSIAN_REVISION | NP1RTOT | BMI | NP1SLPD | NP1URIN | NP3GAIT_COMBINED_MAX | NP3PSTBL_COMBINED_MAX | NHY_COMBINED_MAX | NP3TOT_COMBINED_MAX | NP4TOT | NP1CNST | FOG_FORM_MISSING | NQ_FORM_MISSING | PART_IV_FORM_MISSING | DXPOSINS_Missing | DXPOSINS_No | DXPOSINS_Unknown | DXPOSINS_Yes | DXRIGID_No | DXRIGID_Unknown | DXRIGID_Yes | DOPTHERST_Missing | DOPTHERST_No | DOPTHERST_Yes | FEATPOSHYP_No | FEATPOSHYP_Uncertain | FEATPOSHYP_Yes | ANYFAMPD_Missing | ANYFAMPD_No | ANYFAMPD_Yes | DXTREMOR_No | DXTREMOR_Unknown | DXTREMOR_Yes | DXBRADY_No | DXBRADY_Unknown | DXBRADY_Yes | DOMSIDE_Left | DOMSIDE_Right | DOMSIDE_Symmetric | DOMSIDE_Unknown,0.3857089580014872,0.4449958643507031,0.4317016317016317,0.6778846153846154,0.8951048951048951,0.2,0.2,0.2
42,direct,1,SEL_05,raw__none__all,selector_configuration,none,all,,raw,catboost,native,8,"{""auto_class_weights"": null, ""depth"": 4, ""iterations"": 600, ""l2_leaf_reg"": 5.0, ""learning_rate"": 0.03}",2,832,208,47,26,Years_since_PD_diagnosis | Age | MCATOT | FRZGT12M | SCAU14 | SCAU16 | GDS_TOTAL | NQ_GAUSSIAN_REVISION | NP1RTOT | BMI | NP1SLPD | NP1URIN | NP3GAIT_COMBINED_MAX | NP3PSTBL_COMBINED_MAX | NHY_COMBINED_MAX | NP3TOT_COMBINED_MAX | NP4TOT | NP1CNST | FOG_FORM_MISSING | NQ_FORM_MISSING | PART_IV_FORM_MISSING | DXPOSINS_Missing | DXPOSINS_No | DXPOSINS_Unknown | DXPOSINS_Yes | DXRIGID_No | DXRIGID_Unknown | DXRIGID_Yes | DOPTHERST_Missing | DOPTHERST_No | DOPTHERST_Yes | FEATPOSHYP_No | FEATPOSHYP_Uncertain | FEATPOSHYP_Yes | ANYFAMPD_Missing | ANYFAMPD_No | ANYFAMPD_Yes | DXTREMOR_No | DXTREMOR_Unknown | DXTREMOR_Yes | DXBRADY_No | DXBRADY_Unknown | DXBRADY_Yes | DOMSIDE_Left | DOMSIDE_Right | DOMSIDE_Symmetric | DOMSIDE_Unknown,0.38414791700051865,0.5251962804678459,0.5001043296817944,0.7163461538461539,0.9225352112676056,0.24444444444444444,0.3333333333333333,0.24444444444444444
42,direct,1,SEL_05,raw__none__all,selector_configuration,none,all,,raw,catboost,native,8,"{""auto_class_weights"": null, ""depth"": 4, ""iterations"": 600, ""l2_leaf_reg"": 5.0, ""learning_rate"": 0.03}",3,832,208,47,26,Years_since_PD_diagnosis | Age | MCATOT | FRZGT12M | SCAU14 | SCAU16 | GDS_TOTAL | NQ_GAUSSIAN_REVISION | NP1RTOT | BMI | NP1SLPD | NP1URIN | NP3GAIT_COMBINED_MAX | NP3PSTBL_COMBINED_MAX | NHY_COMBINED_MAX | NP3TOT_COMBINED_MAX | NP4TOT | NP1CNST | FOG_FORM_MISSING | NQ_FORM_MISSING | PART_IV_FORM_MISSING | DXPOSINS_Missing | DXPOSINS_No | DXPOSINS_Unknown | DXPOSINS_Yes | DXRIGID_No | DXRIGID_Unknown | DXRIGID_Yes | DOPTHERST_Missing | DOPTHERST_No | DOPTHERST_Yes | FEATPOSHYP_No | FEATPOSHYP_Uncertain | FEATPOSHYP_Yes | ANYFAMPD_Missing | ANYFAMPD_No | ANYFAMPD_Yes | DXTREMOR_No | DXTREMOR_Unknown | DXTREMOR_Yes | DXBRADY_No | DXBRADY_Unknown | DXBRADY_Yes | DOMSIDE_Left | DOMSIDE_Right | DOMSIDE_Symmetric | DOMSIDE_Unknown,0.3886786250004661,0.5402597402597403,0.5205245968565012,0.7403846153846154,0.9507042253521126,0.2608695652173913,0.35,0.2608695652173913
42,direct,1,SEL_05,raw__none__all,selector_configuration,none,all,,raw,catboost,native,8,"{""auto_class_weights"": null, ""depth"": 4, ""iterations"": 600, ""l2_leaf_reg"": 5.0, ""learning_rate"": 0.03}",4,832,208,46,26,Years_since_PD_diagnosis | Age | MCATOT | FRZGT12M | SCAU14 | SCAU16 | GDS_TOTAL | NQ_GAUSSIAN_REVISION | NP1RTOT | BMI | NP1SLPD | NP1URIN | NP3GAIT_COMBINED_MAX | NP3PSTBL_COMBINED_MAX | NHY_COMBINED_MAX | NP3TOT_COMBINED_MAX | NP4TOT | NP1CNST | FOG_FORM_MISSING | NQ_FORM_MISSING | PART_IV_FORM_MISSING | DXPOSINS_No | DXPOSINS_Unknown | DXPOSINS_Yes | DXRIGID_No | DXRIGID_Unknown | DXRIGID_Yes | DOPTHERST_Missing | DOPTHERST_No | DOPTHERST_Yes | FEATPOSHYP_No | FEATPOSHYP_Uncertain | FEATPOSHYP_Yes | ANYFAMPD_Missing | ANYFAMPD_No | ANYFAMPD_Yes | DXTREMOR_No | DXTREMOR_Unknown | DXTREMOR_Yes | DXBRADY_No | DXBRADY_Unknown | DXBRADY_Yes | DOMSIDE_Left | DOMSIDE_Right | DOMSIDE_Symmetric | DOMSIDE_Unknown,0.38197595800011186,0.399010989010989,0.4194529495815473,0.6730769230769231,0.9366197183098591,0.021739130434782608,0.3,0.021739130434782608
42,direct,1,SEL_05,raw__none__all,selector_configuration,none,all,,raw,catboost,native,9,"{""auto_class_weights"": ""Balanced"", ""depth"": 4, ""iterations"": 600, ""l2_leaf_reg"": 5.0, ""learning_rate"": 0.03}",0,832,208,47,26,Years_since_PD_diagnosis | Age | MCATOT | FRZGT12M | SCAU14 | SCAU16 | GDS_TOTAL | NQ_GAUSSIAN_REVISION | NP1RTOT | BMI | NP1SLPD | NP1URIN | NP3GAIT_COMBINED_MAX | NP3PSTBL_COMBINED_MAX | NHY_COMBINED_MAX | NP3TOT_COMBINED_MAX | NP4TOT | NP1CNST | FOG_FORM_MISSING | NQ_FORM_MISSING | PART_IV_FORM_MISSING | DXPOSINS_Missing | DXPOSINS_No | DXPOSINS_Unknown | DXPOSINS_Yes | DXRIGID_No | DXRIGID_Unknown | DXRIGID_Yes | DOPTHERST_Missing | DOPTHERST_No | DOPTHERST_Yes | FEATPOSHYP_No | FEATPOSHYP_Uncertain | FEATPOSHYP_Yes | ANYFAMPD_Missing | ANYFAMPD_No | ANYFAMPD_Yes | DXTREMOR_No | DXTREMOR_Unknown | DXTREMOR_Yes | DXBRADY_No | DXBRADY_Unknown | DXBRADY_Yes | DOMSIDE_Left | DOMSIDE_Right | DOMSIDE_Symmetric | DOMSIDE_Unknown,0.38432612500037067,0.5197994987468672,0.553949753949754,0.6201923076923077,0.7062937062937062,0.35555555555555557,0.6,0.35555555555555557
42,direct,1,SEL_05,raw__none__all,selector_configuration,none,all,,raw,catboost,native,9,"{""auto_class_weights"": ""Balanced"", ""depth"": 4, ""iterations"": 600, ""l2_leaf_reg"": 5.0, ""learning_rate"": 0.03}",1,832,208,47,26,Years_since_PD_diagnosis | Age | MCATOT | FRZGT12M | SCAU14 | SCAU16 | GDS_TOTAL | NQ_GAUSSIAN_REVISION | NP1RTOT | BMI | NP1SLPD | NP1URIN | NP3GAIT_COMBINED_MAX | NP3PSTBL_COMBINED_MAX | NHY_COMBINED_MAX | NP3TOT_COMBINED_MAX | NP4TOT | NP1CNST | FOG_FORM_MISSING | NQ_FORM_MISSING | PART_IV_FORM_MISSING | DXPOSINS_Missing | DXPOSINS_No | DXPOSINS_Unknown | DXPOSINS_Yes | DXRIGID_No | DXRIGID_Unknown | DXRIGID_Yes | DOPTHERST_Missing | DOPTHERST_No | DOPTHERST_Yes | FEATPOSHYP_No | FEATPOSHYP_Uncertain | FEATPOSHYP_Yes | ANYFAMPD_Missing | ANYFAMPD_No | ANYFAMPD_Yes | DXTREMOR_No | DXTREMOR_Unknown | DXTREMOR_Yes | DXBRADY_No | DXBRADY_Unknown | DXBRADY_Yes | DOMSIDE_Left | DOMSIDE_Right | DOMSIDE_Symmetric | DOMSIDE_Unknown,0.38626866600316134,0.479562323964601,0.5180911680911681,0.5721153846153846,0.6153846153846154,0.4888888888888889,0.45,0.4888888888888889
42,direct,1,SEL_05,raw__none__all,selector_configuration,none,all,,raw,catboost,native,9,"{""auto_class_weights"": ""Balanced"", ""depth"": 4, ""iterations"": 600, ""l2_leaf_reg"": 5.0, ""learning_rate"": 0.03}",2,832,208,47,26,Years_since_PD_diagnosis | Age | MCATOT | FRZGT12M | SCAU14 | SCAU16 | GDS_TOTAL | NQ_GAUSSIAN_REVISION | NP1RTOT | BMI | NP1SLPD | NP1URIN | NP3GAIT_COMBINED_MAX | NP3PSTBL_COMBINED_MAX | NHY_COMBINED_MAX | NP3TOT_COMBINED_MAX | NP4TOT | NP1CNST | FOG_FORM_MISSING | NQ_FORM_MISSING | PART_IV_FORM_MISSING | DXPOSINS_Missing | DXPOSINS_No | DXPOSINS_Unknown | DXPOSINS_Yes | DXRIGID_No | DXRIGID_Unknown | DXRIGID_Yes | DOPTHERST_Missing | DOPTHERST_No | DOPTHERST_Yes | FEATPOSHYP_No | FEATPOSHYP_Uncertain | FEATPOSHYP_Yes | ANYFAMPD_Missing | ANYFAMPD_No | ANYFAMPD_Yes | DXTREMOR_No | DXTREMOR_Unknown | DXTREMOR_Yes | DXBRADY_No | DXBRADY_Unknown | DXBRADY_Yes | DOMSIDE_Left | DOMSIDE_Right | DOMSIDE_Symmetric | DOMSIDE_Unknown,0.465052999999898,0.5743364779412844,0.6076905879722782,0.6634615384615384,0.7183098591549296,0.5333333333333333,0.5714285714285714,0.5333333333333333
42,direct,1,SEL_05,raw__none__all,selector_configuration,none,all,,raw,catboost,native,9,"{""auto_class_weights"": ""Balanced"", ""depth"": 4, ""iterations"": 600, ""l2_leaf_reg"": 5.0, ""learning_rate"": 0.03}",3,832,208,47,26,Years_since_PD_diagnosis | Age | MCATOT | FRZGT12M | SCAU14 | SCAU16 | GDS_TOTAL | NQ_GAUSSIAN_REVISION | NP1RTOT | BMI | NP1SLPD | NP1URIN | NP3GAIT_COMBINED_MAX | NP3PSTBL_COMBINED_MAX | NHY_COMBINED_MAX | NP3TOT_COMBINED_MAX | NP4TOT | NP1CNST | FOG_FORM_MISSING | NQ_FORM_MISSING | PART_IV_FORM_MISSING | DXPOSINS_Missing | DXPOSINS_No | DXPOSINS_Unknown | DXPOSINS_Yes | DXRIGID_No | DXRIGID_Unknown | DXRIGID_Yes | DOPTHERST_Missing | DOPTHERST_No | DOPTHERST_Yes | FEATPOSHYP_No | FEATPOSHYP_Uncertain | FEATPOSHYP_Yes | ANYFAMPD_Missing | ANYFAMPD_No | ANYFAMPD_Yes | DXTREMOR_No | DXTREMOR_Unknown | DXTREMOR_Yes | DXBRADY_No | DXBRADY_Unknown | DXBRADY_Yes | DOMSIDE_Left | DOMSIDE_Right | DOMSIDE_Symmetric | DOMSIDE_Unknown,0.3907905829983065,0.5211974820670472,0.5655541947336191,0.625,0.6901408450704225,0.45652173913043476,0.55,0.45652173913043476
42,direct,1,SEL_05,raw__none__all,selector_configuration,none,all,,raw,catboost,native,9,"{""auto_class_weights"": ""Balanced"", ""depth"": 4, ""iterations"": 600, ""l2_leaf_reg"": 5.0, ""learning_rate"": 0.03}",4,832,208,46,26,Years_since_PD_diagnosis | Age | MCATOT | FRZGT12M | SCAU14 | SCAU16 | GDS_TOTAL | NQ_GAUSSIAN_REVISION | NP1RTOT | BMI | NP1SLPD | NP1URIN | NP3GAIT_COMBINED_MAX | NP3PSTBL_COMBINED_MAX | NHY_COMBINED_MAX | NP3TOT_COMBINED_MAX | NP4TOT | NP1CNST | FOG_FORM_MISSING | NQ_FORM_MISSING | PART_IV_FORM_MISSING | DXPOSINS_No | DXPOSINS_Unknown | DXPOSINS_Yes | DXRIGID_No | DXRIGID_Unknown | DXRIGID_Yes | DOPTHERST_Missing | DOPTHERST_No | DOPTHERST_Yes | FEATPOSHYP_No | FEATPOSHYP_Uncertain | FEATPOSHYP_Yes | ANYFAMPD_Missing | ANYFAMPD_No | ANYFAMPD_Yes | DXTREMOR_No | DXTREMOR_Unknown | DXTREMOR_Yes | DXBRADY_No | DXBRADY_Unknown | DXBRADY_Yes | DOMSIDE_Left | DOMSIDE_Right | DOMSIDE_Symmetric | DOMSIDE_Unknown,0.40976287499870523,0.5583525337661082,0.5984486629924475,0.6730769230769231,0.7605633802816901,0.43478260869565216,0.6,0.43478260869565216
42,direct,1,SEL_05,raw__none__all,selector_configuration,none,all,,raw,catboost,native,10,"{""auto_class_weights"": null, ""depth"": 4, ""iterations"": 600, ""l2_leaf_reg"": 5.0, ""learning_rate"": 0.08}",0,832,208,47,26,Years_since_PD_diagnosis | Age | MCATOT | FRZGT12M | SCAU14 | SCAU16 | GDS_TOTAL | NQ_GAUSSIAN_REVISION | NP1RTOT | BMI | NP1SLPD | NP1URIN | NP3GAIT_COMBINED_MAX | NP3PSTBL_COMBINED_MAX | NHY_COMBINED_MAX | NP3TOT_COMBINED_MAX | NP4TOT | NP1CNST | FOG_FORM_MISSING | NQ_FORM_MISSING | PART_IV_FORM_MISSING | DXPOSINS_Missing | DXPOSINS_No | DXPOSINS_Unknown | DXPOSINS_Yes | DXRIGID_No | DXRIGID_Unknown | DXRIGID_Yes | DOPTHERST_Missing | DOPTHERST_No | DOPTHERST_Yes | FEATPOSHYP_No | FEATPOSHYP_Uncertain | FEATPOSHYP_Yes | ANYFAMPD_Missing | ANYFAMPD_No | ANYFAMPD_Yes | DXTREMOR_No | DXTREMOR_Unknown | DXTREMOR_Yes | DXBRADY_No | DXBRADY_Unknown | DXBRADY_Yes | DOMSIDE_Left | DOMSIDE_Right | DOMSIDE_Symmetric | DOMSIDE_Unknown,0.3849945000001753,0.45423398440639823,0.4470603470603471,0.6923076923076923,0.9300699300699301,0.1111111111111111,0.3,0.1111111111111111
42,direct,1,SEL_05,raw__none__all,selector_configuration,none,all,,raw,catboost,native,10,"{""auto_class_weights"": null, ""depth"": 4, ""iterations"": 600, ""l2_leaf_reg"": 5.0, ""learning_rate"": 0.08}",1,832,208,47,26,Years_since_PD_diagnosis | Age | MCATOT | FRZGT12M | SCAU14 | SCAU16 | GDS_TOTAL | NQ_GAUSSIAN_REVISION | NP1RTOT | BMI | NP1SLPD | NP1URIN | NP3GAIT_COMBINED_MAX | NP3PSTBL_COMBINED_MAX | NHY_COMBINED_MAX | NP3TOT_COMBINED_MAX | NP4TOT | NP1CNST | FOG_FORM_MISSING | NQ_FORM_MISSING | PART_IV_FORM_MISSING | DXPOSINS_Missing | DXPOSINS_No | DXPOSINS_Unknown | DXPOSINS_Yes | DXRIGID_No | DXRIGID_Unknown | DXRIGID_Yes | DOPTHERST_Missing | DOPTHERST_No | DOPTHERST_Yes | FEATPOSHYP_No | FEATPOSHYP_Uncertain | FEATPOSHYP_Yes | ANYFAMPD_Missing | ANYFAMPD_No | ANYFAMPD_Yes | DXTREMOR_No | DXTREMOR_Unknown | DXTREMOR_Yes | DXBRADY_No | DXBRADY_Unknown | DXBRADY_Yes | DOMSIDE_Left | DOMSIDE_Right | DOMSIDE_Symmetric | DOMSIDE_Unknown,0.3884376660025737,0.4176278746539463,0.40797720797720793,0.6394230769230769,0.8461538461538461,0.17777777777777778,0.2,0.17777777777777778
42,direct,1,SEL_05,raw__none__all,selector_configuration,none,all,,raw,catboost,native,10,"{""auto_class_weights"": null, ""depth"": 4, ""iterations"": 600, ""l2_leaf_reg"": 5.0, ""learning_rate"": 0.08}",2,832,208,47,26,Years_since_PD_diagnosis | Age | MCATOT | FRZGT12M | SCAU14 | SCAU16 | GDS_TOTAL | NQ_GAUSSIAN_REVISION | NP1RTOT | BMI | NP1SLPD | NP1URIN | NP3GAIT_COMBINED_MAX | NP3PSTBL_COMBINED_MAX | NHY_COMBINED_MAX | NP3TOT_COMBINED_MAX | NP4TOT | NP1CNST | FOG_FORM_MISSING | NQ_FORM_MISSING | PART_IV_FORM_MISSING | DXPOSINS_Missing | DXPOSINS_No | DXPOSINS_Unknown | DXPOSINS_Yes | DXRIGID_No | DXRIGID_Unknown | DXRIGID_Yes | DOPTHERST_Missing | DOPTHERST_No | DOPTHERST_Yes | FEATPOSHYP_No | FEATPOSHYP_Uncertain | FEATPOSHYP_Yes | ANYFAMPD_Missing | ANYFAMPD_No | ANYFAMPD_Yes | DXTREMOR_No | DXTREMOR_Unknown | DXTREMOR_Yes | DXBRADY_No | DXBRADY_Unknown | DXBRADY_Yes | DOMSIDE_Left | DOMSIDE_Right | DOMSIDE_Symmetric | DOMSIDE_Unknown,0.3867235420002544,0.5192901172574174,0.4954094940010432,0.7067307692307693,0.9084507042253521,0.24444444444444444,0.3333333333333333,0.24444444444444444
42,direct,1,SEL_05,raw__none__all,selector_configuration,none,all,,raw,catboost,native,10,"{""auto_class_weights"": null, ""depth"": 4, ""iterations"": 600, ""l2_leaf_reg"": 5.0, ""learning_rate"": 0.08}",3,832,208,47,26,Years_since_PD_diagnosis | Age | MCATOT | FRZGT12M | SCAU14 | SCAU16 | GDS_TOTAL | NQ_GAUSSIAN_REVISION | NP1RTOT | BMI | NP1SLPD | NP1URIN | NP3GAIT_COMBINED_MAX | NP3PSTBL_COMBINED_MAX | NHY_COMBINED_MAX | NP3TOT_COMBINED_MAX | NP4TOT | NP1CNST | FOG_FORM_MISSING | NQ_FORM_MISSING | PART_IV_FORM_MISSING | DXPOSINS_Missing | DXPOSINS_No | DXPOSINS_Unknown | DXPOSINS_Yes | DXRIGID_No | DXRIGID_Unknown | DXRIGID_Yes | DOPTHERST_Missing | DOPTHERST_No | DOPTHERST_Yes | FEATPOSHYP_No | FEATPOSHYP_Uncertain | FEATPOSHYP_Yes | ANYFAMPD_Missing | ANYFAMPD_No | ANYFAMPD_Yes | DXTREMOR_No | DXTREMOR_Unknown | DXTREMOR_Yes | DXBRADY_No | DXBRADY_Unknown | DXBRADY_Yes | DOMSIDE_Left | DOMSIDE_Right | DOMSIDE_Symmetric | DOMSIDE_Unknown,0.38222400000086054,0.48748404404924167,0.47545417432129006,0.7067307692307693,0.9154929577464789,0.2608695652173913,0.25,0.2608695652173913
42,direct,1,SEL_05,raw__none__all,selector_configuration,none,all,,raw,catboost,native,10,"{""auto_class_weights"": null, ""depth"": 4, ""iterations"": 600, ""l2_leaf_reg"": 5.0, ""learning_rate"": 0.08}",4,832,208,46,26,Years_since_PD_diagnosis | Age | MCATOT | FRZGT12M | SCAU14 | SCAU16 | GDS_TOTAL | NQ_GAUSSIAN_REVISION | NP1RTOT | BMI | NP1SLPD | NP1URIN | NP3GAIT_COMBINED_MAX | NP3PSTBL_COMBINED_MAX | NHY_COMBINED_MAX | NP3TOT_COMBINED_MAX | NP4TOT | NP1CNST | FOG_FORM_MISSING | NQ_FORM_MISSING | PART_IV_FORM_MISSING | DXPOSINS_No | DXPOSINS_Unknown | DXPOSINS_Yes | DXRIGID_No | DXRIGID_Unknown | DXRIGID_Yes | DOPTHERST_Missing | DOPTHERST_No | DOPTHERST_Yes | FEATPOSHYP_No | FEATPOSHYP_Uncertain | FEATPOSHYP_Yes | ANYFAMPD_Missing | ANYFAMPD_No | ANYFAMPD_Yes | DXTREMOR_No | DXTREMOR_Unknown | DXTREMOR_Yes | DXBRADY_No | DXBRADY_Unknown | DXBRADY_Yes | DOMSIDE_Left | DOMSIDE_Right | DOMSIDE_Symmetric | DOMSIDE_Unknown,0.3837110410022433,0.48219991850565097,0.4751071647274954,0.6875,0.9014084507042254,0.17391304347826086,0.35,0.17391304347826086
42,direct,1,SEL_05,raw__none__all,selector_configuration,none,all,,raw,catboost,native,11,"{""auto_class_weights"": ""Balanced"", ""depth"": 4, ""iterations"": 600, ""l2_leaf_reg"": 5.0, ""learning_rate"": 0.08}",0,832,208,47,26,Years_since_PD_diagnosis | Age | MCATOT | FRZGT12M | SCAU14 | SCAU16 | GDS_TOTAL | NQ_GAUSSIAN_REVISION | NP1RTOT | BMI | NP1SLPD | NP1URIN | NP3GAIT_COMBINED_MAX | NP3PSTBL_COMBINED_MAX | NHY_COMBINED_MAX | NP3TOT_COMBINED_MAX | NP4TOT | NP1CNST | FOG_FORM_MISSING | NQ_FORM_MISSING | PART_IV_FORM_MISSING | DXPOSINS_Missing | DXPOSINS_No | DXPOSINS_Unknown | DXPOSINS_Yes | DXRIGID_No | DXRIGID_Unknown | DXRIGID_Yes | DOPTHERST_Missing | DOPTHERST_No | DOPTHERST_Yes | FEATPOSHYP_No | FEATPOSHYP_Uncertain | FEATPOSHYP_Yes | ANYFAMPD_Missing | ANYFAMPD_No | ANYFAMPD_Yes | DXTREMOR_No | DXTREMOR_Unknown | DXTREMOR_Yes | DXBRADY_No | DXBRADY_Unknown | DXBRADY_Yes | DOMSIDE_Left | DOMSIDE_Right | DOMSIDE_Symmetric | DOMSIDE_Unknown,0.38660150000214344,0.5023188908080994,0.5007899507899508,0.6201923076923077,0.7412587412587412,0.3111111111111111,0.45,0.3111111111111111
42,direct,1,SEL_05,raw__none__all,selector_configuration,none,all,,raw,catboost,native,11,"{""auto_class_weights"": ""Balanced"", ""depth"": 4, ""iterations"": 600, ""l2_leaf_reg"": 5.0, ""learning_rate"": 0.08}",1,832,208,47,26,Years_since_PD_diagnosis | Age | MCATOT | FRZGT12M | SCAU14 | SCAU16 | GDS_TOTAL | NQ_GAUSSIAN_REVISION | NP1RTOT | BMI | NP1SLPD | NP1URIN | NP3GAIT_COMBINED_MAX | NP3PSTBL_COMBINED_MAX | NHY_COMBINED_MAX | NP3TOT_COMBINED_MAX | NP4TOT | NP1CNST | FOG_FORM_MISSING | NQ_FORM_MISSING | PART_IV_FORM_MISSING | DXPOSINS_Missing | DXPOSINS_No | DXPOSINS_Unknown | DXPOSINS_Yes | DXRIGID_No | DXRIGID_Unknown | DXRIGID_Yes | DOPTHERST_Missing | DOPTHERST_No | DOPTHERST_Yes | FEATPOSHYP_No | FEATPOSHYP_Uncertain | FEATPOSHYP_Yes | ANYFAMPD_Missing | ANYFAMPD_No | ANYFAMPD_Yes | DXTREMOR_No | DXTREMOR_Unknown | DXTREMOR_Yes | DXBRADY_No | DXBRADY_Unknown | DXBRADY_Yes | DOMSIDE_Left | DOMSIDE_Right | DOMSIDE_Symmetric | DOMSIDE_Unknown,0.3903886660009448,0.5110155414476528,0.5367391867391867,0.6105769230769231,0.6713286713286714,0.4888888888888889,0.45,0.4888888888888889
42,direct,1,SEL_05,raw__none__all,selector_configuration,none,all,,raw,catboost,native,11,"{""auto_class_weights"": ""Balanced"", ""depth"": 4, ""iterations"": 600, ""l2_leaf_reg"": 5.0, ""learning_rate"": 0.08}",2,832,208,47,26,Years_since_PD_diagnosis | Age | MCATOT | FRZGT12M | SCAU14 | SCAU16 | GDS_TOTAL | NQ_GAUSSIAN_REVISION | NP1RTOT | BMI | NP1SLPD | NP1URIN | NP3GAIT_COMBINED_MAX | NP3PSTBL_COMBINED_MAX | NHY_COMBINED_MAX | NP3TOT_COMBINED_MAX | NP4TOT | NP1CNST | FOG_FORM_MISSING | NQ_FORM_MISSING | PART_IV_FORM_MISSING | DXPOSINS_Missing | DXPOSINS_No | DXPOSINS_Unknown | DXPOSINS_Yes | DXRIGID_No | DXRIGID_Unknown | DXRIGID_Yes | DOPTHERST_Missing | DOPTHERST_No | DOPTHERST_Yes | FEATPOSHYP_No | FEATPOSHYP_Uncertain | FEATPOSHYP_Yes | ANYFAMPD_Missing | ANYFAMPD_No | ANYFAMPD_Yes | DXTREMOR_No | DXTREMOR_Unknown | DXTREMOR_Yes | DXBRADY_No | DXBRADY_Unknown | DXBRADY_Yes | DOMSIDE_Left | DOMSIDE_Right | DOMSIDE_Symmetric | DOMSIDE_Unknown,0.3989237089990638,0.5480803147469814,0.5569938147402936,0.6634615384615384,0.7535211267605634,0.4888888888888889,0.42857142857142855,0.4888888888888889
42,direct,1,SEL_05,raw__none__all,selector_configuration,none,all,,raw,catboost,native,11,"{""auto_class_weights"": ""Balanced"", ""depth"": 4, ""iterations"": 600, ""l2_leaf_reg"": 5.0, ""learning_rate"": 0.08}",3,832,208,47,26,Years_since_PD_diagnosis | Age | MCATOT | FRZGT12M | SCAU14 | SCAU16 | GDS_TOTAL | NQ_GAUSSIAN_REVISION | NP1RTOT | BMI | NP1SLPD | NP1URIN | NP3GAIT_COMBINED_MAX | NP3PSTBL_COMBINED_MAX | NHY_COMBINED_MAX | NP3TOT_COMBINED_MAX | NP4TOT | NP1CNST | FOG_FORM_MISSING | NQ_FORM_MISSING | PART_IV_FORM_MISSING | DXPOSINS_Missing | DXPOSINS_No | DXPOSINS_Unknown | DXPOSINS_Yes | DXRIGID_No | DXRIGID_Unknown | DXRIGID_Yes | DOPTHERST_Missing | DOPTHERST_No | DOPTHERST_Yes | FEATPOSHYP_No | FEATPOSHYP_Uncertain | FEATPOSHYP_Yes | ANYFAMPD_Missing | ANYFAMPD_No | ANYFAMPD_Yes | DXTREMOR_No | DXTREMOR_Unknown | DXTREMOR_Yes | DXBRADY_No | DXBRADY_Unknown | DXBRADY_Yes | DOMSIDE_Left | DOMSIDE_Right | DOMSIDE_Symmetric | DOMSIDE_Unknown,0.3949365839980601,0.5460131420989448,0.5698101653398653,0.6730769230769231,0.7746478873239436,0.43478260869565216,0.5,0.43478260869565216
42,direct,1,SEL_05,raw__none__all,selector_configuration,none,all,,raw,catboost,native,11,"{""auto_class_weights"": ""Balanced"", ""depth"": 4, ""iterations"": 600, ""l2_leaf_reg"": 5.0, ""learning_rate"": 0.08}",4,832,208,46,26,Years_since_PD_diagnosis | Age | MCATOT | FRZGT12M | SCAU14 | SCAU16 | GDS_TOTAL | NQ_GAUSSIAN_REVISION | NP1RTOT | BMI | NP1SLPD | NP1URIN | NP3GAIT_COMBINED_MAX | NP3PSTBL_COMBINED_MAX | NHY_COMBINED_MAX | NP3TOT_COMBINED_MAX | NP4TOT | NP1CNST | FOG_FORM_MISSING | NQ_FORM_MISSING | PART_IV_FORM_MISSING | DXPOSINS_No | DXPOSINS_Unknown | DXPOSINS_Yes | DXRIGID_No | DXRIGID_Unknown | DXRIGID_Yes | DOPTHERST_Missing | DOPTHERST_No | DOPTHERST_Yes | FEATPOSHYP_No | FEATPOSHYP_Uncertain | FEATPOSHYP_Yes | ANYFAMPD_Missing | ANYFAMPD_No | ANYFAMPD_Yes | DXTREMOR_No | DXTREMOR_Unknown | DXTREMOR_Yes | DXBRADY_No | DXBRADY_Unknown | DXBRADY_Yes | DOMSIDE_Left | DOMSIDE_Right | DOMSIDE_Symmetric | DOMSIDE_Unknown,0.3921572909966926,0.48833329418331384,0.5189120228618086,0.6298076923076923,0.7676056338028169,0.2391304347826087,0.55,0.2391304347826087
42,direct,1,SEL_05,raw__none__all,selector_configuration,none,all,,raw,catboost,native,12,"{""auto_class_weights"": null, ""depth"": 6, ""iterations"": 600, ""l2_leaf_reg"": 5.0, ""learning_rate"": 0.03}",0,832,208,47,26,Years_since_PD_diagnosis | Age | MCATOT | FRZGT12M | SCAU14 | SCAU16 | GDS_TOTAL | NQ_GAUSSIAN_REVISION | NP1RTOT | BMI | NP1SLPD | NP1URIN | NP3GAIT_COMBINED_MAX | NP3PSTBL_COMBINED_MAX | NHY_COMBINED_MAX | NP3TOT_COMBINED_MAX | NP4TOT | NP1CNST | FOG_FORM_MISSING | NQ_FORM_MISSING | PART_IV_FORM_MISSING | DXPOSINS_Missing | DXPOSINS_No | DXPOSINS_Unknown | DXPOSINS_Yes | DXRIGID_No | DXRIGID_Unknown | DXRIGID_Yes | DOPTHERST_Missing | DOPTHERST_No | DOPTHERST_Yes | FEATPOSHYP_No | FEATPOSHYP_Uncertain | FEATPOSHYP_Yes | ANYFAMPD_Missing | ANYFAMPD_No | ANYFAMPD_Yes | DXTREMOR_No | DXTREMOR_Unknown | DXTREMOR_Yes | DXBRADY_No | DXBRADY_Unknown | DXBRADY_Yes | DOMSIDE_Left | DOMSIDE_Right | DOMSIDE_Symmetric | DOMSIDE_Unknown,1.1295322500009206,0.45112616851747284,0.4373866873866874,0.7019230769230769,0.951048951048951,0.1111111111111111,0.25,0.1111111111111111
42,direct,1,SEL_05,raw__none__all,selector_configuration,none,all,,raw,catboost,native,12,"{""auto_class_weights"": null, ""depth"": 6, ""iterations"": 600, ""l2_leaf_reg"": 5.0, ""learning_rate"": 0.03}",1,832,208,47,26,Years_since_PD_diagnosis | Age | MCATOT | FRZGT12M | SCAU14 | SCAU16 | GDS_TOTAL | NQ_GAUSSIAN_REVISION | NP1RTOT | BMI | NP1SLPD | NP1URIN | NP3GAIT_COMBINED_MAX | NP3PSTBL_COMBINED_MAX | NHY_COMBINED_MAX | NP3TOT_COMBINED_MAX | NP4TOT | NP1CNST | FOG_FORM_MISSING | NQ_FORM_MISSING | PART_IV_FORM_MISSING | DXPOSINS_Missing | DXPOSINS_No | DXPOSINS_Unknown | DXPOSINS_Yes | DXRIGID_No | DXRIGID_Unknown | DXRIGID_Yes | DOPTHERST_Missing | DOPTHERST_No | DOPTHERST_Yes | FEATPOSHYP_No | FEATPOSHYP_Uncertain | FEATPOSHYP_Yes | ANYFAMPD_Missing | ANYFAMPD_No | ANYFAMPD_Yes | DXTREMOR_No | DXTREMOR_Unknown | DXTREMOR_Yes | DXBRADY_No | DXBRADY_Unknown | DXBRADY_Yes | DOMSIDE_Left | DOMSIDE_Right | DOMSIDE_Symmetric | DOMSIDE_Unknown,1.1426514170016162,0.44552243852758927,0.43355348355348355,0.6730769230769231,0.8951048951048951,0.15555555555555556,0.25,0.15555555555555556
42,direct,1,SEL_05,raw__none__all,selector_configuration,none,all,,raw,catboost,native,12,"{""auto_class_weights"": null, ""depth"": 6, ""iterations"": 600, ""l2_leaf_reg"": 5.0, ""learning_rate"": 0.03}",2,832,208,47,26,Years_since_PD_diagnosis | Age | MCATOT | FRZGT12M | SCAU14 | SCAU16 | GDS_TOTAL | NQ_GAUSSIAN_REVISION | NP1RTOT | BMI | NP1SLPD | NP1URIN | NP3GAIT_COMBINED_MAX | NP3PSTBL_COMBINED_MAX | NHY_COMBINED_MAX | NP3TOT_COMBINED_MAX | NP4TOT | NP1CNST | FOG_FORM_MISSING | NQ_FORM_MISSING | PART_IV_FORM_MISSING | DXPOSINS_Missing | DXPOSINS_No | DXPOSINS_Unknown | DXPOSINS_Yes | DXRIGID_No | DXRIGID_Unknown | DXRIGID_Yes | DOPTHERST_Missing | DOPTHERST_No | DOPTHERST_Yes | FEATPOSHYP_No | FEATPOSHYP_Uncertain | FEATPOSHYP_Yes | ANYFAMPD_Missing | ANYFAMPD_No | ANYFAMPD_Yes | DXTREMOR_No | DXTREMOR_Unknown | DXTREMOR_Yes | DXBRADY_No | DXBRADY_Unknown | DXBRADY_Yes | DOMSIDE_Left | DOMSIDE_Right | DOMSIDE_Symmetric | DOMSIDE_Unknown,1.1538794999978563,0.5260100271490498,0.49775691184141885,0.7115384615384616,0.9154929577464789,0.24444444444444444,0.3333333333333333,0.24444444444444444
42,direct,1,SEL_05,raw__none__all,selector_configuration,none,all,,raw,catboost,native,12,"{""auto_class_weights"": null, ""depth"": 6, ""iterations"": 600, ""l2_leaf_reg"": 5.0, ""learning_rate"": 0.03}",3,832,208,47,26,Years_since_PD_diagnosis | Age | MCATOT | FRZGT12M | SCAU14 | SCAU16 | GDS_TOTAL | NQ_GAUSSIAN_REVISION | NP1RTOT | BMI | NP1SLPD | NP1URIN | NP3GAIT_COMBINED_MAX | NP3PSTBL_COMBINED_MAX | NHY_COMBINED_MAX | NP3TOT_COMBINED_MAX | NP4TOT | NP1CNST | FOG_FORM_MISSING | NQ_FORM_MISSING | PART_IV_FORM_MISSING | DXPOSINS_Missing | DXPOSINS_No | DXPOSINS_Unknown | DXPOSINS_Yes | DXRIGID_No | DXRIGID_Unknown | DXRIGID_Yes | DOPTHERST_Missing | DOPTHERST_No | DOPTHERST_Yes | FEATPOSHYP_No | FEATPOSHYP_Uncertain | FEATPOSHYP_Yes | ANYFAMPD_Missing | ANYFAMPD_No | ANYFAMPD_Yes | DXTREMOR_No | DXTREMOR_Unknown | DXTREMOR_Yes | DXBRADY_No | DXBRADY_Unknown | DXBRADY_Yes | DOMSIDE_Left | DOMSIDE_Right | DOMSIDE_Symmetric | DOMSIDE_Unknown,1.180738958002621,0.4784068425838803,0.46096142069810164,0.6971153846153846,0.9154929577464789,0.21739130434782608,0.25,0.21739130434782608
42,direct,1,SEL_05,raw__none__all,selector_configuration,none,all,,raw,catboost,native,12,"{""auto_class_weights"": null, ""depth"": 6, ""iterations"": 600, ""l2_leaf_reg"": 5.0, ""learning_rate"": 0.03}",4,832,208,46,26,Years_since_PD_diagnosis | Age | MCATOT | FRZGT12M | SCAU14 | SCAU16 | GDS_TOTAL | NQ_GAUSSIAN_REVISION | NP1RTOT | BMI | NP1SLPD | NP1URIN | NP3GAIT_COMBINED_MAX | NP3PSTBL_COMBINED_MAX | NHY_COMBINED_MAX | NP3TOT_COMBINED_MAX | NP4TOT | NP1CNST | FOG_FORM_MISSING | NQ_FORM_MISSING | PART_IV_FORM_MISSING | DXPOSINS_No | DXPOSINS_Unknown | DXPOSINS_Yes | DXRIGID_No | DXRIGID_Unknown | DXRIGID_Yes | DOPTHERST_Missing | DOPTHERST_No | DOPTHERST_Yes | FEATPOSHYP_No | FEATPOSHYP_Uncertain | FEATPOSHYP_Yes | ANYFAMPD_Missing | ANYFAMPD_No | ANYFAMPD_Yes | DXTREMOR_No | DXTREMOR_Unknown | DXTREMOR_Yes | DXBRADY_No | DXBRADY_Unknown | DXBRADY_Yes | DOMSIDE_Left | DOMSIDE_Right | DOMSIDE_Symmetric | DOMSIDE_Unknown,1.1770327090016508,0.4507180213744731,0.4507858746682996,0.6971153846153846,0.9436619718309859,0.10869565217391304,0.3,0.10869565217391304
42,direct,1,SEL_05,raw__none__all,selector_configuration,none,all,,raw,catboost,native,13,"{""auto_class_weights"": ""Balanced"", ""depth"": 6, ""iterations"": 600, ""l2_leaf_reg"": 5.0, ""learning_rate"": 0.03}",0,832,208,47,26,Years_since_PD_diagnosis | Age | MCATOT | FRZGT12M | SCAU14 | SCAU16 | GDS_TOTAL | NQ_GAUSSIAN_REVISION | NP1RTOT | BMI | NP1SLPD | NP1URIN | NP3GAIT_COMBINED_MAX | NP3PSTBL_COMBINED_MAX | NHY_COMBINED_MAX | NP3TOT_COMBINED_MAX | NP4TOT | NP1CNST | FOG_FORM_MISSING | NQ_FORM_MISSING | PART_IV_FORM_MISSING | DXPOSINS_Missing | DXPOSINS_No | DXPOSINS_Unknown | DXPOSINS_Yes | DXRIGID_No | DXRIGID_Unknown | DXRIGID_Yes | DOPTHERST_Missing | DOPTHERST_No | DOPTHERST_Yes | FEATPOSHYP_No | FEATPOSHYP_Uncertain | FEATPOSHYP_Yes | ANYFAMPD_Missing | ANYFAMPD_No | ANYFAMPD_Yes | DXTREMOR_No | DXTREMOR_Unknown | DXTREMOR_Yes | DXBRADY_No | DXBRADY_Unknown | DXBRADY_Yes | DOMSIDE_Left | DOMSIDE_Right | DOMSIDE_Symmetric | DOMSIDE_Unknown,1.143847082999855,0.5046099290780142,0.505037555037555,0.6394230769230769,0.7762237762237763,0.28888888888888886,0.45,0.28888888888888886
42,direct,1,SEL_05,raw__none__all,selector_configuration,none,all,,raw,catboost,native,13,"{""auto_class_weights"": ""Balanced"", ""depth"": 6, ""iterations"": 600, ""l2_leaf_reg"": 5.0, ""learning_rate"": 0.03}",1,832,208,47,26,Years_since_PD_diagnosis | Age | MCATOT | FRZGT12M | SCAU14 | SCAU16 | GDS_TOTAL | NQ_GAUSSIAN_REVISION | NP1RTOT | BMI | NP1SLPD | NP1URIN | NP3GAIT_COMBINED_MAX | NP3PSTBL_COMBINED_MAX | NHY_COMBINED_MAX | NP3TOT_COMBINED_MAX | NP4TOT | NP1CNST | FOG_FORM_MISSING | NQ_FORM_MISSING | PART_IV_FORM_MISSING | DXPOSINS_Missing | DXPOSINS_No | DXPOSINS_Unknown | DXPOSINS_Yes | DXRIGID_No | DXRIGID_Unknown | DXRIGID_Yes | DOPTHERST_Missing | DOPTHERST_No | DOPTHERST_Yes | FEATPOSHYP_No | FEATPOSHYP_Uncertain | FEATPOSHYP_Yes | ANYFAMPD_Missing | ANYFAMPD_No | ANYFAMPD_Yes | DXTREMOR_No | DXTREMOR_Unknown | DXTREMOR_Yes | DXBRADY_No | DXBRADY_Unknown | DXBRADY_Yes | DOMSIDE_Left | DOMSIDE_Right | DOMSIDE_Symmetric | DOMSIDE_Unknown,1.1395139590022154,0.5042971542971543,0.5270655270655271,0.6201923076923077,0.6923076923076923,0.4888888888888889,0.4,0.4888888888888889
42,direct,1,SEL_05,raw__none__all,selector_configuration,none,all,,raw,catboost,native,13,"{""auto_class_weights"": ""Balanced"", ""depth"": 6, ""iterations"": 600, ""l2_leaf_reg"": 5.0, ""learning_rate"": 0.03}",2,832,208,47,26,Years_since_PD_diagnosis | Age | MCATOT | FRZGT12M | SCAU14 | SCAU16 | GDS_TOTAL | NQ_GAUSSIAN_REVISION | NP1RTOT | BMI | NP1SLPD | NP1URIN | NP3GAIT_COMBINED_MAX | NP3PSTBL_COMBINED_MAX | NHY_COMBINED_MAX | NP3TOT_COMBINED_MAX | NP4TOT | NP1CNST | FOG_FORM_MISSING | NQ_FORM_MISSING | PART_IV_FORM_MISSING | DXPOSINS_Missing | DXPOSINS_No | DXPOSINS_Unknown | DXPOSINS_Yes | DXRIGID_No | DXRIGID_Unknown | DXRIGID_Yes | DOPTHERST_Missing | DOPTHERST_No | DOPTHERST_Yes | FEATPOSHYP_No | FEATPOSHYP_Uncertain | FEATPOSHYP_Yes | ANYFAMPD_Missing | ANYFAMPD_No | ANYFAMPD_Yes | DXTREMOR_No | DXTREMOR_Unknown | DXTREMOR_Yes | DXBRADY_No | DXBRADY_Unknown | DXBRADY_Yes | DOMSIDE_Left | DOMSIDE_Right | DOMSIDE_Symmetric | DOMSIDE_Unknown,1.1434607500013954,0.5649591634950089,0.5752142484536851,0.6730769230769231,0.7605633802816901,0.4888888888888889,0.47619047619047616,0.4888888888888889
42,direct,1,SEL_05,raw__none__all,selector_configuration,none,all,,raw,catboost,native,13,"{""auto_class_weights"": ""Balanced"", ""depth"": 6, ""iterations"": 600, ""l2_leaf_reg"": 5.0, ""learning_rate"": 0.03}",3,832,208,47,26,Years_since_PD_diagnosis | Age | MCATOT | FRZGT12M | SCAU14 | SCAU16 | GDS_TOTAL | NQ_GAUSSIAN_REVISION | NP1RTOT | BMI | NP1SLPD | NP1URIN | NP3GAIT_COMBINED_MAX | NP3PSTBL_COMBINED_MAX | NHY_COMBINED_MAX | NP3TOT_COMBINED_MAX | NP4TOT | NP1CNST | FOG_FORM_MISSING | NQ_FORM_MISSING | PART_IV_FORM_MISSING | DXPOSINS_Missing | DXPOSINS_No | DXPOSINS_Unknown | DXPOSINS_Yes | DXRIGID_No | DXRIGID_Unknown | DXRIGID_Yes | DOPTHERST_Missing | DOPTHERST_No | DOPTHERST_Yes | FEATPOSHYP_No | FEATPOSHYP_Uncertain | FEATPOSHYP_Yes | ANYFAMPD_Missing | ANYFAMPD_No | ANYFAMPD_Yes | DXTREMOR_No | DXTREMOR_Unknown | DXTREMOR_Yes | DXBRADY_No | DXBRADY_Unknown | DXBRADY_Yes | DOMSIDE_Left | DOMSIDE_Right | DOMSIDE_Symmetric | DOMSIDE_Unknown,1.1429304579978634,0.5421357389597158,0.577291283935497,0.6490384615384616,0.7253521126760564,0.45652173913043476,0.55,0.45652173913043476
42,direct,1,SEL_05,raw__none__all,selector_configuration,none,all,,raw,catboost,native,13,"{""auto_class_weights"": ""Balanced"", ""depth"": 6, ""iterations"": 600, ""l2_leaf_reg"": 5.0, ""learning_rate"": 0.03}",4,832,208,46,26,Years_since_PD_diagnosis | Age | MCATOT | FRZGT12M | SCAU14 | SCAU16 | GDS_TOTAL | NQ_GAUSSIAN_REVISION | NP1RTOT | BMI | NP1SLPD | NP1URIN | NP3GAIT_COMBINED_MAX | NP3PSTBL_COMBINED_MAX | NHY_COMBINED_MAX | NP3TOT_COMBINED_MAX | NP4TOT | NP1CNST | FOG_FORM_MISSING | NQ_FORM_MISSING | PART_IV_FORM_MISSING | DXPOSINS_No | DXPOSINS_Unknown | DXPOSINS_Yes | DXRIGID_No | DXRIGID_Unknown | DXRIGID_Yes | DOPTHERST_Missing | DOPTHERST_No | DOPTHERST_Yes | FEATPOSHYP_No | FEATPOSHYP_Uncertain | FEATPOSHYP_Yes | ANYFAMPD_Missing | ANYFAMPD_No | ANYFAMPD_Yes | DXTREMOR_No | DXTREMOR_Unknown | DXTREMOR_Yes | DXBRADY_No | DXBRADY_Unknown | DXBRADY_Yes | DOMSIDE_Left | DOMSIDE_Right | DOMSIDE_Symmetric | DOMSIDE_Unknown,1.137222000001202,0.5335673061200699,0.5694631557460706,0.6538461538461539,0.7605633802816901,0.34782608695652173,0.6,0.34782608695652173
42,direct,1,SEL_05,raw__none__all,selector_configuration,none,all,,raw,catboost,native,14,"{""auto_class_weights"": null, ""depth"": 6, ""iterations"": 600, ""l2_leaf_reg"": 5.0, ""learning_rate"": 0.08}",0,832,208,47,26,Years_since_PD_diagnosis | Age | MCATOT | FRZGT12M | SCAU14 | SCAU16 | GDS_TOTAL | NQ_GAUSSIAN_REVISION | NP1RTOT | BMI | NP1SLPD | NP1URIN | NP3GAIT_COMBINED_MAX | NP3PSTBL_COMBINED_MAX | NHY_COMBINED_MAX | NP3TOT_COMBINED_MAX | NP4TOT | NP1CNST | FOG_FORM_MISSING | NQ_FORM_MISSING | PART_IV_FORM_MISSING | DXPOSINS_Missing | DXPOSINS_No | DXPOSINS_Unknown | DXPOSINS_Yes | DXRIGID_No | DXRIGID_Unknown | DXRIGID_Yes | DOPTHERST_Missing | DOPTHERST_No | DOPTHERST_Yes | FEATPOSHYP_No | FEATPOSHYP_Uncertain | FEATPOSHYP_Yes | ANYFAMPD_Missing | ANYFAMPD_No | ANYFAMPD_Yes | DXTREMOR_No | DXTREMOR_Unknown | DXTREMOR_Yes | DXBRADY_No | DXBRADY_Unknown | DXBRADY_Yes | DOMSIDE_Left | DOMSIDE_Right | DOMSIDE_Symmetric | DOMSIDE_Unknown,1.1400964159984142,0.4666367175801138,0.4475394975394975,0.7019230769230769,0.9370629370629371,0.15555555555555556,0.25,0.15555555555555556
42,direct,1,SEL_05,raw__none__all,selector_configuration,none,all,,raw,catboost,native,14,"{""auto_class_weights"": null, ""depth"": 6, ""iterations"": 600, ""l2_leaf_reg"": 5.0, ""learning_rate"": 0.08}",1,832,208,47,26,Years_since_PD_diagnosis | Age | MCATOT | FRZGT12M | SCAU14 | SCAU16 | GDS_TOTAL | NQ_GAUSSIAN_REVISION | NP1RTOT | BMI | NP1SLPD | NP1URIN | NP3GAIT_COMBINED_MAX | NP3PSTBL_COMBINED_MAX | NHY_COMBINED_MAX | NP3TOT_COMBINED_MAX | NP4TOT | NP1CNST | FOG_FORM_MISSING | NQ_FORM_MISSING | PART_IV_FORM_MISSING | DXPOSINS_Missing | DXPOSINS_No | DXPOSINS_Unknown | DXPOSINS_Yes | DXRIGID_No | DXRIGID_Unknown | DXRIGID_Yes | DOPTHERST_Missing | DOPTHERST_No | DOPTHERST_Yes | FEATPOSHYP_No | FEATPOSHYP_Uncertain | FEATPOSHYP_Yes | ANYFAMPD_Missing | ANYFAMPD_No | ANYFAMPD_Yes | DXTREMOR_No | DXTREMOR_Unknown | DXTREMOR_Yes | DXBRADY_No | DXBRADY_Unknown | DXBRADY_Yes | DOMSIDE_Left | DOMSIDE_Right | DOMSIDE_Symmetric | DOMSIDE_Unknown,1.1370827499995357,0.39945694891032507,0.3908313908313908,0.625,0.8391608391608392,0.13333333333333333,0.2,0.13333333333333333
42,direct,1,SEL_05,raw__none__all,selector_configuration,none,all,,raw,catboost,native,14,"{""auto_class_weights"": null, ""depth"": 6, ""iterations"": 600, ""l2_leaf_reg"": 5.0, ""learning_rate"": 0.08}",2,832,208,47,26,Years_since_PD_diagnosis | Age | MCATOT | FRZGT12M | SCAU14 | SCAU16 | GDS_TOTAL | NQ_GAUSSIAN_REVISION | NP1RTOT | BMI | NP1SLPD | NP1URIN | NP3GAIT_COMBINED_MAX | NP3PSTBL_COMBINED_MAX | NHY_COMBINED_MAX | NP3TOT_COMBINED_MAX | NP4TOT | NP1CNST | FOG_FORM_MISSING | NQ_FORM_MISSING | PART_IV_FORM_MISSING | DXPOSINS_Missing | DXPOSINS_No | DXPOSINS_Unknown | DXPOSINS_Yes | DXRIGID_No | DXRIGID_Unknown | DXRIGID_Yes | DOPTHERST_Missing | DOPTHERST_No | DOPTHERST_Yes | FEATPOSHYP_No | FEATPOSHYP_Uncertain | FEATPOSHYP_Yes | ANYFAMPD_Missing | ANYFAMPD_No | ANYFAMPD_Yes | DXTREMOR_No | DXTREMOR_Unknown | DXTREMOR_Yes | DXBRADY_No | DXBRADY_Unknown | DXBRADY_Yes | DOMSIDE_Left | DOMSIDE_Right | DOMSIDE_Symmetric | DOMSIDE_Unknown,1.1436216250003781,0.48017776459103706,0.461316044414636,0.6923076923076923,0.9014084507042254,0.24444444444444444,0.23809523809523808,0.24444444444444444
42,direct,1,SEL_05,raw__none__all,selector_configuration,none,all,,raw,catboost,native,14,"{""auto_class_weights"": null, ""depth"": 6, ""iterations"": 600, ""l2_leaf_reg"": 5.0, ""learning_rate"": 0.08}",3,832,208,47,26,Years_since_PD_diagnosis | Age | MCATOT | FRZGT12M | SCAU14 | SCAU16 | GDS_TOTAL | NQ_GAUSSIAN_REVISION | NP1RTOT | BMI | NP1SLPD | NP1URIN | NP3GAIT_COMBINED_MAX | NP3PSTBL_COMBINED_MAX | NHY_COMBINED_MAX | NP3TOT_COMBINED_MAX | NP4TOT | NP1CNST | FOG_FORM_MISSING | NQ_FORM_MISSING | PART_IV_FORM_MISSING | DXPOSINS_Missing | DXPOSINS_No | DXPOSINS_Unknown | DXPOSINS_Yes | DXRIGID_No | DXRIGID_Unknown | DXRIGID_Yes | DOPTHERST_Missing | DOPTHERST_No | DOPTHERST_Yes | FEATPOSHYP_No | FEATPOSHYP_Uncertain | FEATPOSHYP_Yes | ANYFAMPD_Missing | ANYFAMPD_No | ANYFAMPD_Yes | DXTREMOR_No | DXTREMOR_Unknown | DXTREMOR_Yes | DXBRADY_No | DXBRADY_Unknown | DXBRADY_Yes | DOMSIDE_Left | DOMSIDE_Right | DOMSIDE_Symmetric | DOMSIDE_Unknown,1.1446569159998035,0.5219020459283925,0.49719330475607265,0.7211538461538461,0.9154929577464789,0.32608695652173914,0.25,0.32608695652173914
42,direct,1,SEL_05,raw__none__all,selector_configuration,none,all,,raw,catboost,native,14,"{""auto_class_weights"": null, ""depth"": 6, ""iterations"": 600, ""l2_leaf_reg"": 5.0, ""learning_rate"": 0.08}",4,832,208,46,26,Years_since_PD_diagnosis | Age | MCATOT | FRZGT12M | SCAU14 | SCAU16 | GDS_TOTAL | NQ_GAUSSIAN_REVISION | NP1RTOT | BMI | NP1SLPD | NP1URIN | NP3GAIT_COMBINED_MAX | NP3PSTBL_COMBINED_MAX | NHY_COMBINED_MAX | NP3TOT_COMBINED_MAX | NP4TOT | NP1CNST | FOG_FORM_MISSING | NQ_FORM_MISSING | PART_IV_FORM_MISSING | DXPOSINS_No | DXPOSINS_Unknown | DXPOSINS_Yes | DXRIGID_No | DXRIGID_Unknown | DXRIGID_Yes | DOPTHERST_Missing | DOPTHERST_No | DOPTHERST_Yes | FEATPOSHYP_No | FEATPOSHYP_Uncertain | FEATPOSHYP_Yes | ANYFAMPD_Missing | ANYFAMPD_No | ANYFAMPD_Yes | DXTREMOR_No | DXTREMOR_Unknown | DXTREMOR_Yes | DXBRADY_No | DXBRADY_Unknown | DXBRADY_Yes | DOMSIDE_Left | DOMSIDE_Right | DOMSIDE_Symmetric | DOMSIDE_Unknown,1.147251624999626,0.41880486744893525,0.4221473770157174,0.6971153846153846,0.9577464788732394,0.10869565217391304,0.2,0.10869565217391304
42,direct,1,SEL_05,raw__none__all,selector_configuration,none,all,,raw,catboost,native,15,"{""auto_class_weights"": ""Balanced"", ""depth"": 6, ""iterations"": 600, ""l2_leaf_reg"": 5.0, ""learning_rate"": 0.08}",0,832,208,47,26,Years_since_PD_diagnosis | Age | MCATOT | FRZGT12M | SCAU14 | SCAU16 | GDS_TOTAL | NQ_GAUSSIAN_REVISION | NP1RTOT | BMI | NP1SLPD | NP1URIN | NP3GAIT_COMBINED_MAX | NP3PSTBL_COMBINED_MAX | NHY_COMBINED_MAX | NP3TOT_COMBINED_MAX | NP4TOT | NP1CNST | FOG_FORM_MISSING | NQ_FORM_MISSING | PART_IV_FORM_MISSING | DXPOSINS_Missing | DXPOSINS_No | DXPOSINS_Unknown | DXPOSINS_Yes | DXRIGID_No | DXRIGID_Unknown | DXRIGID_Yes | DOPTHERST_Missing | DOPTHERST_No | DOPTHERST_Yes | FEATPOSHYP_No | FEATPOSHYP_Uncertain | FEATPOSHYP_Yes | ANYFAMPD_Missing | ANYFAMPD_No | ANYFAMPD_Yes | DXTREMOR_No | DXTREMOR_Unknown | DXTREMOR_Yes | DXBRADY_No | DXBRADY_Unknown | DXBRADY_Yes | DOMSIDE_Left | DOMSIDE_Right | DOMSIDE_Symmetric | DOMSIDE_Unknown,1.1479159590016934,0.48259218692953637,0.46538461538461534,0.6586538461538461,0.8461538461538461,0.2,0.35,0.2
42,direct,1,SEL_05,raw__none__all,selector_configuration,none,all,,raw,catboost,native,15,"{""auto_class_weights"": ""Balanced"", ""depth"": 6, ""iterations"": 600, ""l2_leaf_reg"": 5.0, ""learning_rate"": 0.08}",1,832,208,47,26,Years_since_PD_diagnosis | Age | MCATOT | FRZGT12M | SCAU14 | SCAU16 | GDS_TOTAL | NQ_GAUSSIAN_REVISION | NP1RTOT | BMI | NP1SLPD | NP1URIN | NP3GAIT_COMBINED_MAX | NP3PSTBL_COMBINED_MAX | NHY_COMBINED_MAX | NP3TOT_COMBINED_MAX | NP4TOT | NP1CNST | FOG_FORM_MISSING | NQ_FORM_MISSING | PART_IV_FORM_MISSING | DXPOSINS_Missing | DXPOSINS_No | DXPOSINS_Unknown | DXPOSINS_Yes | DXRIGID_No | DXRIGID_Unknown | DXRIGID_Yes | DOPTHERST_Missing | DOPTHERST_No | DOPTHERST_Yes | FEATPOSHYP_No | FEATPOSHYP_Uncertain | FEATPOSHYP_Yes | ANYFAMPD_Missing | ANYFAMPD_No | ANYFAMPD_Yes | DXTREMOR_No | DXTREMOR_Unknown | DXTREMOR_Yes | DXBRADY_No | DXBRADY_Unknown | DXBRADY_Yes | DOMSIDE_Left | DOMSIDE_Right | DOMSIDE_Symmetric | DOMSIDE_Unknown,1.189922875000775,0.4714565516406859,0.4702667702667703,0.625,0.7552447552447552,0.35555555555555557,0.3,0.35555555555555557
42,direct,1,SEL_05,raw__none__all,selector_configuration,none,all,,raw,catboost,native,15,"{""auto_class_weights"": ""Balanced"", ""depth"": 6, ""iterations"": 600, ""l2_leaf_reg"": 5.0, ""learning_rate"": 0.08}",2,832,208,47,26,Years_since_PD_diagnosis | Age | MCATOT | FRZGT12M | SCAU14 | SCAU16 | GDS_TOTAL | NQ_GAUSSIAN_REVISION | NP1RTOT | BMI | NP1SLPD | NP1URIN | NP3GAIT_COMBINED_MAX | NP3PSTBL_COMBINED_MAX | NHY_COMBINED_MAX | NP3TOT_COMBINED_MAX | NP4TOT | NP1CNST | FOG_FORM_MISSING | NQ_FORM_MISSING | PART_IV_FORM_MISSING | DXPOSINS_Missing | DXPOSINS_No | DXPOSINS_Unknown | DXPOSINS_Yes | DXRIGID_No | DXRIGID_Unknown | DXRIGID_Yes | DOPTHERST_Missing | DOPTHERST_No | DOPTHERST_Yes | FEATPOSHYP_No | FEATPOSHYP_Uncertain | FEATPOSHYP_Yes | ANYFAMPD_Missing | ANYFAMPD_No | ANYFAMPD_Yes | DXTREMOR_No | DXTREMOR_Unknown | DXTREMOR_Yes | DXBRADY_No | DXBRADY_Unknown | DXBRADY_Yes | DOMSIDE_Left | DOMSIDE_Right | DOMSIDE_Symmetric | DOMSIDE_Unknown,1.174617250002484,0.4992744725973881,0.489693717862732,0.6778846153846154,0.8309859154929577,0.4,0.23809523809523808,0.4
42,direct,1,SEL_05,raw__none__all,selector_configuration,none,all,,raw,catboost,native,15,"{""auto_class_weights"": ""Balanced"", ""depth"": 6, ""iterations"": 600, ""l2_leaf_reg"": 5.0, ""learning_rate"": 0.08}",3,832,208,47,26,Years_since_PD_diagnosis | Age | MCATOT | FRZGT12M | SCAU14 | SCAU16 | GDS_TOTAL | NQ_GAUSSIAN_REVISION | NP1RTOT | BMI | NP1SLPD | NP1URIN | NP3GAIT_COMBINED_MAX | NP3PSTBL_COMBINED_MAX | NHY_COMBINED_MAX | NP3TOT_COMBINED_MAX | NP4TOT | NP1CNST | FOG_FORM_MISSING | NQ_FORM_MISSING | PART_IV_FORM_MISSING | DXPOSINS_Missing | DXPOSINS_No | DXPOSINS_Unknown | DXPOSINS_Yes | DXRIGID_No | DXRIGID_Unknown | DXRIGID_Yes | DOPTHERST_Missing | DOPTHERST_No | DOPTHERST_Yes | FEATPOSHYP_No | FEATPOSHYP_Uncertain | FEATPOSHYP_Yes | ANYFAMPD_Missing | ANYFAMPD_No | ANYFAMPD_Yes | DXTREMOR_No | DXTREMOR_Unknown | DXTREMOR_Yes | DXBRADY_No | DXBRADY_Unknown | DXBRADY_Yes | DOMSIDE_Left | DOMSIDE_Right | DOMSIDE_Symmetric | DOMSIDE_Unknown,1.2186852079976234,0.5763515067862893,0.5933149622371913,0.7019230769230769,0.8169014084507042,0.41304347826086957,0.55,0.41304347826086957
42,direct,1,SEL_05,raw__none__all,selector_configuration,none,all,,raw,catboost,native,15,"{""auto_class_weights"": ""Balanced"", ""depth"": 6, ""iterations"": 600, ""l2_leaf_reg"": 5.0, ""learning_rate"": 0.08}",4,832,208,46,26,Years_since_PD_diagnosis | Age | MCATOT | FRZGT12M | SCAU14 | SCAU16 | GDS_TOTAL | NQ_GAUSSIAN_REVISION | NP1RTOT | BMI | NP1SLPD | NP1URIN | NP3GAIT_COMBINED_MAX | NP3PSTBL_COMBINED_MAX | NHY_COMBINED_MAX | NP3TOT_COMBINED_MAX | NP4TOT | NP1CNST | FOG_FORM_MISSING | NQ_FORM_MISSING | PART_IV_FORM_MISSING | DXPOSINS_No | DXPOSINS_Unknown | DXPOSINS_Yes | DXRIGID_No | DXRIGID_Unknown | DXRIGID_Yes | DOPTHERST_Missing | DOPTHERST_No | DOPTHERST_Yes | FEATPOSHYP_No | FEATPOSHYP_Uncertain | FEATPOSHYP_Yes | ANYFAMPD_Missing | ANYFAMPD_No | ANYFAMPD_Yes | DXTREMOR_No | DXTREMOR_Unknown | DXTREMOR_Yes | DXBRADY_No | DXBRADY_Unknown | DXBRADY_Yes | DOMSIDE_Left | DOMSIDE_Right | DOMSIDE_Symmetric | DOMSIDE_Unknown,1.1431462500004272,0.4650032707223624,0.4667074913247602,0.6394230769230769,0.795774647887324,0.30434782608695654,0.3,0.30434782608695654
42,direct,2,SEL_06,raw__corrected_fdr__q<=0.05,selector_configuration,corrected_fdr,q<=0.05,,raw,catboost,native,0,"{""auto_class_weights"": null, ""depth"": 4, ""iterations"": 300, ""l2_leaf_reg"": 5.0, ""learning_rate"": 0.03}",0,832,208,29,20,Years_since_PD_diagnosis | Age | MCATOT | FRZGT12M | SCAU14 | SCAU16 | GDS_TOTAL | NQ_GAUSSIAN_REVISION | NP1RTOT | NP1SLPD | NP1URIN | NP3GAIT_COMBINED_MAX | NP3PSTBL_COMBINED_MAX | NHY_COMBINED_MAX | NP3TOT_COMBINED_MAX | NP4TOT | NP1CNST | FOG_FORM_MISSING | NQ_FORM_MISSING | PART_IV_FORM_MISSING | DOPTHERST_Missing | DOPTHERST_No | DOPTHERST_Yes | FEATPOSHYP_No | FEATPOSHYP_Uncertain | FEATPOSHYP_Yes | ANYFAMPD_Missing | ANYFAMPD_No | ANYFAMPD_Yes,0.42672520899941446,0.4955942486937257,0.4799792799792799,0.7115384615384616,0.951048951048951,0.08888888888888889,0.4,0.08888888888888889
42,direct,2,SEL_06,raw__corrected_fdr__q<=0.05,selector_configuration,corrected_fdr,q<=0.05,,raw,catboost,native,0,"{""auto_class_weights"": null, ""depth"": 4, ""iterations"": 300, ""l2_leaf_reg"": 5.0, ""learning_rate"": 0.03}",1,832,208,29,20,Years_since_PD_diagnosis | Age | MCATOT | FRZGT12M | SCAU14 | SCAU16 | GDS_TOTAL | NQ_GAUSSIAN_REVISION | NP1RTOT | NP1SLPD | NP1URIN | NP3GAIT_COMBINED_MAX | NP3PSTBL_COMBINED_MAX | NHY_COMBINED_MAX | NP3TOT_COMBINED_MAX | NP4TOT | NP1CNST | FOG_FORM_MISSING | NQ_FORM_MISSING | PART_IV_FORM_MISSING | DOPTHERST_Missing | DOPTHERST_No | DOPTHERST_Yes | FEATPOSHYP_No | FEATPOSHYP_Uncertain | FEATPOSHYP_Yes | ANYFAMPD_Missing | ANYFAMPD_No | ANYFAMPD_Yes,0.4173465000021679,0.4972222222222222,0.4725071225071225,0.7115384615384616,0.9230769230769231,0.24444444444444444,0.25,0.24444444444444444
42,direct,2,SEL_06,raw__corrected_fdr__q<=0.05,selector_configuration,corrected_fdr,q<=0.05,,raw,catboost,native,0,"{""auto_class_weights"": null, ""depth"": 4, ""iterations"": 300, ""l2_leaf_reg"": 5.0, ""learning_rate"": 0.03}",2,832,208,29,20,Years_since_PD_diagnosis | Age | MCATOT | FRZGT12M | SCAU14 | SCAU16 | GDS_TOTAL | NQ_GAUSSIAN_REVISION | NP1RTOT | NP1SLPD | NP1URIN | NP3GAIT_COMBINED_MAX | NP3PSTBL_COMBINED_MAX | NHY_COMBINED_MAX | NP3TOT_COMBINED_MAX | NP4TOT | NP1CNST | FOG_FORM_MISSING | NQ_FORM_MISSING | PART_IV_FORM_MISSING | DOPTHERST_Missing | DOPTHERST_No | DOPTHERST_Yes | FEATPOSHYP_No | FEATPOSHYP_Uncertain | FEATPOSHYP_Yes | ANYFAMPD_Missing | ANYFAMPD_No | ANYFAMPD_Yes,0.42359283300174866,0.49500391849529785,0.47645875251509057,0.7163461538461539,0.9436619718309859,0.2,0.2857142857142857,0.2
42,direct,2,SEL_06,raw__corrected_fdr__q<=0.05,selector_configuration,corrected_fdr,q<=0.05,,raw,catboost,native,0,"{""auto_class_weights"": null, ""depth"": 4, ""iterations"": 300, ""l2_leaf_reg"": 5.0, ""learning_rate"": 0.03}",3,832,208,29,20,Years_since_PD_diagnosis | Age | MCATOT | FRZGT12M | SCAU14 | SCAU16 | GDS_TOTAL | NQ_GAUSSIAN_REVISION | NP1RTOT | NP1SLPD | NP1URIN | NP3GAIT_COMBINED_MAX | NP3PSTBL_COMBINED_MAX | NHY_COMBINED_MAX | NP3TOT_COMBINED_MAX | NP4TOT | NP1CNST | FOG_FORM_MISSING | NQ_FORM_MISSING | PART_IV_FORM_MISSING | DOPTHERST_Missing | DOPTHERST_No | DOPTHERST_Yes | ANYFAMPD_Missing | ANYFAMPD_No | ANYFAMPD_Yes | DXBRADY_No | DXBRADY_Unknown | DXBRADY_Yes,0.42262233400106197,0.5085721894870002,0.48681363543580325,0.7307692307692307,0.9647887323943662,0.1956521739130435,0.3,0.1956521739130435
42,direct,2,SEL_06,raw__corrected_fdr__q<=0.05,selector_configuration,corrected_fdr,q<=0.05,,raw,catboost,native,0,"{""auto_class_weights"": null, ""depth"": 4, ""iterations"": 300, ""l2_leaf_reg"": 5.0, ""learning_rate"": 0.03}",4,832,208,29,20,Years_since_PD_diagnosis | Age | MCATOT | FRZGT12M | SCAU14 | SCAU16 | GDS_TOTAL | NQ_GAUSSIAN_REVISION | NP1RTOT | NP1SLPD | NP1URIN | NP3GAIT_COMBINED_MAX | NP3PSTBL_COMBINED_MAX | NHY_COMBINED_MAX | NP3TOT_COMBINED_MAX | NP4TOT | NP1CNST | FOG_FORM_MISSING | NQ_FORM_MISSING | PART_IV_FORM_MISSING | DOPTHERST_Missing | DOPTHERST_No | DOPTHERST_Yes | FEATPOSHYP_No | FEATPOSHYP_Uncertain | FEATPOSHYP_Yes | ANYFAMPD_Missing | ANYFAMPD_No | ANYFAMPD_Yes,0.36861900000076275,0.388336192109777,0.4098285364360073,0.6826923076923077,0.9577464788732394,0.021739130434782608,0.25,0.021739130434782608
42,direct,2,SEL_06,raw__corrected_fdr__q<=0.05,selector_configuration,corrected_fdr,q<=0.05,,raw,catboost,native,1,"{""auto_class_weights"": ""Balanced"", ""depth"": 4, ""iterations"": 300, ""l2_leaf_reg"": 5.0, ""learning_rate"": 0.03}",0,832,208,29,20,Years_since_PD_diagnosis | Age | MCATOT | FRZGT12M | SCAU14 | SCAU16 | GDS_TOTAL | NQ_GAUSSIAN_REVISION | NP1RTOT | NP1SLPD | NP1URIN | NP3GAIT_COMBINED_MAX | NP3PSTBL_COMBINED_MAX | NHY_COMBINED_MAX | NP3TOT_COMBINED_MAX | NP4TOT | NP1CNST | FOG_FORM_MISSING | NQ_FORM_MISSING | PART_IV_FORM_MISSING | DOPTHERST_Missing | DOPTHERST_No | DOPTHERST_Yes | FEATPOSHYP_No | FEATPOSHYP_Uncertain | FEATPOSHYP_Yes | ANYFAMPD_Missing | ANYFAMPD_No | ANYFAMPD_Yes,0.4265976659989974,0.5624570457342041,0.6307692307692309,0.6394230769230769,0.6923076923076923,0.4,0.8,0.4
42,direct,2,SEL_06,raw__corrected_fdr__q<=0.05,selector_configuration,corrected_fdr,q<=0.05,,raw,catboost,native,1,"{""auto_class_weights"": ""Balanced"", ""depth"": 4, ""iterations"": 300, ""l2_leaf_reg"": 5.0, ""learning_rate"": 0.03}",1,832,208,29,20,Years_since_PD_diagnosis | Age | MCATOT | FRZGT12M | SCAU14 | SCAU16 | GDS_TOTAL | NQ_GAUSSIAN_REVISION | NP1RTOT | NP1SLPD | NP1URIN | NP3GAIT_COMBINED_MAX | NP3PSTBL_COMBINED_MAX | NHY_COMBINED_MAX | NP3TOT_COMBINED_MAX | NP4TOT | NP1CNST | FOG_FORM_MISSING | NQ_FORM_MISSING | PART_IV_FORM_MISSING | DOPTHERST_Missing | DOPTHERST_No | DOPTHERST_Yes | FEATPOSHYP_No | FEATPOSHYP_Uncertain | FEATPOSHYP_Yes | ANYFAMPD_Missing | ANYFAMPD_No | ANYFAMPD_Yes,0.4164128330012318,0.48040703088860104,0.5366096866096867,0.5721153846153846,0.6153846153846154,0.4444444444444444,0.55,0.4444444444444444
42,direct,2,SEL_06,raw__corrected_fdr__q<=0.05,selector_configuration,corrected_fdr,q<=0.05,,raw,catboost,native,1,"{""auto_class_weights"": ""Balanced"", ""depth"": 4, ""iterations"": 300, ""l2_leaf_reg"": 5.0, ""learning_rate"": 0.03}",2,832,208,29,20,Years_since_PD_diagnosis | Age | MCATOT | FRZGT12M | SCAU14 | SCAU16 | GDS_TOTAL | NQ_GAUSSIAN_REVISION | NP1RTOT | NP1SLPD | NP1URIN | NP3GAIT_COMBINED_MAX | NP3PSTBL_COMBINED_MAX | NHY_COMBINED_MAX | NP3TOT_COMBINED_MAX | NP4TOT | NP1CNST | FOG_FORM_MISSING | NQ_FORM_MISSING | PART_IV_FORM_MISSING | DOPTHERST_Missing | DOPTHERST_No | DOPTHERST_Yes | FEATPOSHYP_No | FEATPOSHYP_Uncertain | FEATPOSHYP_Yes | ANYFAMPD_Missing | ANYFAMPD_No | ANYFAMPD_Yes,0.41957133400137536,0.5388145704803209,0.5811386839555853,0.6298076923076923,0.6830985915492958,0.4888888888888889,0.5714285714285714,0.4888888888888889
42,direct,2,SEL_06,raw__corrected_fdr__q<=0.05,selector_configuration,corrected_fdr,q<=0.05,,raw,catboost,native,1,"{""auto_class_weights"": ""Balanced"", ""depth"": 4, ""iterations"": 300, ""l2_leaf_reg"": 5.0, ""learning_rate"": 0.03}",3,832,208,29,20,Years_since_PD_diagnosis | Age | MCATOT | FRZGT12M | SCAU14 | SCAU16 | GDS_TOTAL | NQ_GAUSSIAN_REVISION | NP1RTOT | NP1SLPD | NP1URIN | NP3GAIT_COMBINED_MAX | NP3PSTBL_COMBINED_MAX | NHY_COMBINED_MAX | NP3TOT_COMBINED_MAX | NP4TOT | NP1CNST | FOG_FORM_MISSING | NQ_FORM_MISSING | PART_IV_FORM_MISSING | DOPTHERST_Missing | DOPTHERST_No | DOPTHERST_Yes | ANYFAMPD_Missing | ANYFAMPD_No | ANYFAMPD_Yes | DXBRADY_No | DXBRADY_Unknown | DXBRADY_Yes,0.4252183749995311,0.5222211011334207,0.5702796489079404,0.6153846153846154,0.676056338028169,0.43478260869565216,0.6,0.43478260869565216
42,direct,2,SEL_06,raw__corrected_fdr__q<=0.05,selector_configuration,corrected_fdr,q<=0.05,,raw,catboost,native,1,"{""auto_class_weights"": ""Balanced"", ""depth"": 4, ""iterations"": 300, ""l2_leaf_reg"": 5.0, ""learning_rate"": 0.03}",4,832,208,29,20,Years_since_PD_diagnosis | Age | MCATOT | FRZGT12M | SCAU14 | SCAU16 | GDS_TOTAL | NQ_GAUSSIAN_REVISION | NP1RTOT | NP1SLPD | NP1URIN | NP3GAIT_COMBINED_MAX | NP3PSTBL_COMBINED_MAX | NHY_COMBINED_MAX | NP3TOT_COMBINED_MAX | NP4TOT | NP1CNST | FOG_FORM_MISSING | NQ_FORM_MISSING | PART_IV_FORM_MISSING | DOPTHERST_Missing | DOPTHERST_No | DOPTHERST_Yes | FEATPOSHYP_No | FEATPOSHYP_Uncertain | FEATPOSHYP_Yes | ANYFAMPD_Missing | ANYFAMPD_No | ANYFAMPD_Yes,0.37872941699970397,0.5184424784633825,0.5673198611961624,0.6394230769230769,0.7323943661971831,0.3695652173913043,0.6,0.3695652173913043
42,direct,2,SEL_06,raw__corrected_fdr__q<=0.05,selector_configuration,corrected_fdr,q<=0.05,,raw,catboost,native,2,"{""auto_class_weights"": null, ""depth"": 4, ""iterations"": 300, ""l2_leaf_reg"": 5.0, ""learning_rate"": 0.08}",0,832,208,29,20,Years_since_PD_diagnosis | Age | MCATOT | FRZGT12M | SCAU14 | SCAU16 | GDS_TOTAL | NQ_GAUSSIAN_REVISION | NP1RTOT | NP1SLPD | NP1URIN | NP3GAIT_COMBINED_MAX | NP3PSTBL_COMBINED_MAX | NHY_COMBINED_MAX | NP3TOT_COMBINED_MAX | NP4TOT | NP1CNST | FOG_FORM_MISSING | NQ_FORM_MISSING | PART_IV_FORM_MISSING | DOPTHERST_Missing | DOPTHERST_No | DOPTHERST_Yes | FEATPOSHYP_No | FEATPOSHYP_Uncertain | FEATPOSHYP_Yes | ANYFAMPD_Missing | ANYFAMPD_No | ANYFAMPD_Yes,0.42410137499973644,0.5236250116971664,0.5017871017871017,0.7355769230769231,0.972027972027972,0.13333333333333333,0.4,0.13333333333333333
42,direct,2,SEL_06,raw__corrected_fdr__q<=0.05,selector_configuration,corrected_fdr,q<=0.05,,raw,catboost,native,2,"{""auto_class_weights"": null, ""depth"": 4, ""iterations"": 300, ""l2_leaf_reg"": 5.0, ""learning_rate"": 0.08}",1,832,208,29,20,Years_since_PD_diagnosis | Age | MCATOT | FRZGT12M | SCAU14 | SCAU16 | GDS_TOTAL | NQ_GAUSSIAN_REVISION | NP1RTOT | NP1SLPD | NP1URIN | NP3GAIT_COMBINED_MAX | NP3PSTBL_COMBINED_MAX | NHY_COMBINED_MAX | NP3TOT_COMBINED_MAX | NP4TOT | NP1CNST | FOG_FORM_MISSING | NQ_FORM_MISSING | PART_IV_FORM_MISSING | DOPTHERST_Missing | DOPTHERST_No | DOPTHERST_Yes | FEATPOSHYP_No | FEATPOSHYP_Uncertain | FEATPOSHYP_Yes | ANYFAMPD_Missing | ANYFAMPD_No | ANYFAMPD_Yes,0.42559466600141604,0.46118242639001245,0.45063455063455066,0.6682692307692307,0.8741258741258742,0.17777777777777778,0.3,0.17777777777777778
42,direct,2,SEL_06,raw__corrected_fdr__q<=0.05,selector_configuration,corrected_fdr,q<=0.05,,raw,catboost,native,2,"{""auto_class_weights"": null, ""depth"": 4, ""iterations"": 300, ""l2_leaf_reg"": 5.0, ""learning_rate"": 0.08}",2,832,208,29,20,Years_since_PD_diagnosis | Age | MCATOT | FRZGT12M | SCAU14 | SCAU16 | GDS_TOTAL | NQ_GAUSSIAN_REVISION | NP1RTOT | NP1SLPD | NP1URIN | NP3GAIT_COMBINED_MAX | NP3PSTBL_COMBINED_MAX | NHY_COMBINED_MAX | NP3TOT_COMBINED_MAX | NP4TOT | NP1CNST | FOG_FORM_MISSING | NQ_FORM_MISSING | PART_IV_FORM_MISSING | DOPTHERST_Missing | DOPTHERST_No | DOPTHERST_Yes | FEATPOSHYP_No | FEATPOSHYP_Uncertain | FEATPOSHYP_Yes | ANYFAMPD_Missing | ANYFAMPD_No | ANYFAMPD_Yes,0.4166163340014464,0.5097948787269176,0.4892913033758104,0.7115384615384616,0.9154929577464789,0.26666666666666666,0.2857142857142857,0.26666666666666666
42,direct,2,SEL_06,raw__corrected_fdr__q<=0.05,selector_configuration,corrected_fdr,q<=0.05,,raw,catboost,native,2,"{""auto_class_weights"": null, ""depth"": 4, ""iterations"": 300, ""l2_leaf_reg"": 5.0, ""learning_rate"": 0.08}",3,832,208,29,20,Years_since_PD_diagnosis | Age | MCATOT | FRZGT12M | SCAU14 | SCAU16 | GDS_TOTAL | NQ_GAUSSIAN_REVISION | NP1RTOT | NP1SLPD | NP1URIN | NP3GAIT_COMBINED_MAX | NP3PSTBL_COMBINED_MAX | NHY_COMBINED_MAX | NP3TOT_COMBINED_MAX | NP4TOT | NP1CNST | FOG_FORM_MISSING | NQ_FORM_MISSING | PART_IV_FORM_MISSING | DOPTHERST_Missing | DOPTHERST_No | DOPTHERST_Yes | ANYFAMPD_Missing | ANYFAMPD_No | ANYFAMPD_Yes | DXBRADY_No | DXBRADY_Unknown | DXBRADY_Yes,0.4247811669993098,0.538264905755136,0.5111043070014288,0.7403846153846154,0.9507042253521126,0.2826086956521739,0.3,0.2826086956521739
42,direct,2,SEL_06,raw__corrected_fdr__q<=0.05,selector_configuration,corrected_fdr,q<=0.05,,raw,catboost,native,2,"{""auto_class_weights"": null, ""depth"": 4, ""iterations"": 300, ""l2_leaf_reg"": 5.0, ""learning_rate"": 0.08}",4,832,208,29,20,Years_since_PD_diagnosis | Age | MCATOT | FRZGT12M | SCAU14 | SCAU16 | GDS_TOTAL | NQ_GAUSSIAN_REVISION | NP1RTOT | NP1SLPD | NP1URIN | NP3GAIT_COMBINED_MAX | NP3PSTBL_COMBINED_MAX | NHY_COMBINED_MAX | NP3TOT_COMBINED_MAX | NP4TOT | NP1CNST | FOG_FORM_MISSING | NQ_FORM_MISSING | PART_IV_FORM_MISSING | DOPTHERST_Missing | DOPTHERST_No | DOPTHERST_Yes | FEATPOSHYP_No | FEATPOSHYP_Uncertain | FEATPOSHYP_Yes | ANYFAMPD_Missing | ANYFAMPD_No | ANYFAMPD_Yes,0.36343070799921406,0.4567537764423193,0.4556848336395183,0.6971153846153846,0.9366197183098591,0.13043478260869565,0.3,0.13043478260869565
42,direct,2,SEL_06,raw__corrected_fdr__q<=0.05,selector_configuration,corrected_fdr,q<=0.05,,raw,catboost,native,3,"{""auto_class_weights"": ""Balanced"", ""depth"": 4, ""iterations"": 300, ""l2_leaf_reg"": 5.0, ""learning_rate"": 0.08}",0,832,208,29,20,Years_since_PD_diagnosis | Age | MCATOT | FRZGT12M | SCAU14 | SCAU16 | GDS_TOTAL | NQ_GAUSSIAN_REVISION | NP1RTOT | NP1SLPD | NP1URIN | NP3GAIT_COMBINED_MAX | NP3PSTBL_COMBINED_MAX | NHY_COMBINED_MAX | NP3TOT_COMBINED_MAX | NP4TOT | NP1CNST | FOG_FORM_MISSING | NQ_FORM_MISSING | PART_IV_FORM_MISSING | DOPTHERST_Missing | DOPTHERST_No | DOPTHERST_Yes | FEATPOSHYP_No | FEATPOSHYP_Uncertain | FEATPOSHYP_Yes | ANYFAMPD_Missing | ANYFAMPD_No | ANYFAMPD_Yes,0.4254719999989902,0.5660647913198412,0.5951696451696452,0.6442307692307693,0.7132867132867133,0.4222222222222222,0.65,0.4222222222222222
42,direct,2,SEL_06,raw__corrected_fdr__q<=0.05,selector_configuration,corrected_fdr,q<=0.05,,raw,catboost,native,3,"{""auto_class_weights"": ""Balanced"", ""depth"": 4, ""iterations"": 300, ""l2_leaf_reg"": 5.0, ""learning_rate"": 0.08}",1,832,208,29,20,Years_since_PD_diagnosis | Age | MCATOT | FRZGT12M | SCAU14 | SCAU16 | GDS_TOTAL | NQ_GAUSSIAN_REVISION | NP1RTOT | NP1SLPD | NP1URIN | NP3GAIT_COMBINED_MAX | NP3PSTBL_COMBINED_MAX | NHY_COMBINED_MAX | NP3TOT_COMBINED_MAX | NP4TOT | NP1CNST | FOG_FORM_MISSING | NQ_FORM_MISSING | PART_IV_FORM_MISSING | DOPTHERST_Missing | DOPTHERST_No | DOPTHERST_Yes | FEATPOSHYP_No | FEATPOSHYP_Uncertain | FEATPOSHYP_Yes | ANYFAMPD_Missing | ANYFAMPD_No | ANYFAMPD_Yes,0.4176770830017631,0.48680230204176067,0.5176767676767676,0.5817307692307693,0.6363636363636364,0.4666666666666667,0.45,0.4666666666666667
42,direct,2,SEL_06,raw__corrected_fdr__q<=0.05,selector_configuration,corrected_fdr,q<=0.05,,raw,catboost,native,3,"{""auto_class_weights"": ""Balanced"", ""depth"": 4, ""iterations"": 300, ""l2_leaf_reg"": 5.0, ""learning_rate"": 0.08}",2,832,208,29,20,Years_since_PD_diagnosis | Age | MCATOT | FRZGT12M | SCAU14 | SCAU16 | GDS_TOTAL | NQ_GAUSSIAN_REVISION | NP1RTOT | NP1SLPD | NP1URIN | NP3GAIT_COMBINED_MAX | NP3PSTBL_COMBINED_MAX | NHY_COMBINED_MAX | NP3TOT_COMBINED_MAX | NP4TOT | NP1CNST | FOG_FORM_MISSING | NQ_FORM_MISSING | PART_IV_FORM_MISSING | DOPTHERST_Missing | DOPTHERST_No | DOPTHERST_Yes | FEATPOSHYP_No | FEATPOSHYP_Uncertain | FEATPOSHYP_Yes | ANYFAMPD_Missing | ANYFAMPD_No | ANYFAMPD_Yes,0.4176219169967226,0.5673456977804804,0.5945301438259185,0.6538461538461539,0.704225352112676,0.5555555555555556,0.5238095238095238,0.5555555555555556
42,direct,2,SEL_06,raw__corrected_fdr__q<=0.05,selector_configuration,corrected_fdr,q<=0.05,,raw,catboost,native,3,"{""auto_class_weights"": ""Balanced"", ""depth"": 4, ""iterations"": 300, ""l2_leaf_reg"": 5.0, ""learning_rate"": 0.08}",3,832,208,29,20,Years_since_PD_diagnosis | Age | MCATOT | FRZGT12M | SCAU14 | SCAU16 | GDS_TOTAL | NQ_GAUSSIAN_REVISION | NP1RTOT | NP1SLPD | NP1URIN | NP3GAIT_COMBINED_MAX | NP3PSTBL_COMBINED_MAX | NHY_COMBINED_MAX | NP3TOT_COMBINED_MAX | NP4TOT | NP1CNST | FOG_FORM_MISSING | NQ_FORM_MISSING | PART_IV_FORM_MISSING | DOPTHERST_Missing | DOPTHERST_No | DOPTHERST_Yes | ANYFAMPD_Missing | ANYFAMPD_No | ANYFAMPD_Yes | DXBRADY_No | DXBRADY_Unknown | DXBRADY_Yes,0.4238351669991971,0.525124183006536,0.5683098591549296,0.6105769230769231,0.6549295774647887,0.5,0.55,0.5
42,direct,2,SEL_06,raw__corrected_fdr__q<=0.05,selector_configuration,corrected_fdr,q<=0.05,,raw,catboost,native,3,"{""auto_class_weights"": ""Balanced"", ""depth"": 4, ""iterations"": 300, ""l2_leaf_reg"": 5.0, ""learning_rate"": 0.08}",4,832,208,29,20,Years_since_PD_diagnosis | Age | MCATOT | FRZGT12M | SCAU14 | SCAU16 | GDS_TOTAL | NQ_GAUSSIAN_REVISION | NP1RTOT | NP1SLPD | NP1URIN | NP3GAIT_COMBINED_MAX | NP3PSTBL_COMBINED_MAX | NHY_COMBINED_MAX | NP3TOT_COMBINED_MAX | NP4TOT | NP1CNST | FOG_FORM_MISSING | NQ_FORM_MISSING | PART_IV_FORM_MISSING | DOPTHERST_Missing | DOPTHERST_No | DOPTHERST_Yes | FEATPOSHYP_No | FEATPOSHYP_Uncertain | FEATPOSHYP_Yes | ANYFAMPD_Missing | ANYFAMPD_No | ANYFAMPD_Yes,0.3705934579993482,0.5013227513227513,0.538507858746683,0.6298076923076923,0.7394366197183099,0.32608695652173914,0.55,0.32608695652173914
42,direct,2,SEL_06,raw__corrected_fdr__q<=0.05,selector_configuration,corrected_fdr,q<=0.05,,raw,catboost,native,4,"{""auto_class_weights"": null, ""depth"": 6, ""iterations"": 300, ""l2_leaf_reg"": 5.0, ""learning_rate"": 0.03}",0,832,208,29,20,Years_since_PD_diagnosis | Age | MCATOT | FRZGT12M | SCAU14 | SCAU16 | GDS_TOTAL | NQ_GAUSSIAN_REVISION | NP1RTOT | NP1SLPD | NP1URIN | NP3GAIT_COMBINED_MAX | NP3PSTBL_COMBINED_MAX | NHY_COMBINED_MAX | NP3TOT_COMBINED_MAX | NP4TOT | NP1CNST | FOG_FORM_MISSING | NQ_FORM_MISSING | PART_IV_FORM_MISSING | DOPTHERST_Missing | DOPTHERST_No | DOPTHERST_Yes | FEATPOSHYP_No | FEATPOSHYP_Uncertain | FEATPOSHYP_Yes | ANYFAMPD_Missing | ANYFAMPD_No | ANYFAMPD_Yes,0.7898029579991999,0.46401871024785374,0.45130795130795126,0.7115384615384616,0.965034965034965,0.08888888888888889,0.3,0.08888888888888889
42,direct,2,SEL_06,raw__corrected_fdr__q<=0.05,selector_configuration,corrected_fdr,q<=0.05,,raw,catboost,native,4,"{""auto_class_weights"": null, ""depth"": 6, ""iterations"": 300, ""l2_leaf_reg"": 5.0, ""learning_rate"": 0.03}",1,832,208,29,20,Years_since_PD_diagnosis | Age | MCATOT | FRZGT12M | SCAU14 | SCAU16 | GDS_TOTAL | NQ_GAUSSIAN_REVISION | NP1RTOT | NP1SLPD | NP1URIN | NP3GAIT_COMBINED_MAX | NP3PSTBL_COMBINED_MAX | NHY_COMBINED_MAX | NP3TOT_COMBINED_MAX | NP4TOT | NP1CNST | FOG_FORM_MISSING | NQ_FORM_MISSING | PART_IV_FORM_MISSING | DOPTHERST_Missing | DOPTHERST_No | DOPTHERST_Yes | FEATPOSHYP_No | FEATPOSHYP_Uncertain | FEATPOSHYP_Yes | ANYFAMPD_Missing | ANYFAMPD_No | ANYFAMPD_Yes,0.7789875000016764,0.4666799415903358,0.44795389795389795,0.6923076923076923,0.916083916083916,0.17777777777777778,0.25,0.17777777777777778
42,direct,2,SEL_06,raw__corrected_fdr__q<=0.05,selector_configuration,corrected_fdr,q<=0.05,,raw,catboost,native,4,"{""auto_class_weights"": null, ""depth"": 6, ""iterations"": 300, ""l2_leaf_reg"": 5.0, ""learning_rate"": 0.03}",2,832,208,29,20,Years_since_PD_diagnosis | Age | MCATOT | FRZGT12M | SCAU14 | SCAU16 | GDS_TOTAL | NQ_GAUSSIAN_REVISION | NP1RTOT | NP1SLPD | NP1URIN | NP3GAIT_COMBINED_MAX | NP3PSTBL_COMBINED_MAX | NHY_COMBINED_MAX | NP3TOT_COMBINED_MAX | NP4TOT | NP1CNST | FOG_FORM_MISSING | NQ_FORM_MISSING | PART_IV_FORM_MISSING | DOPTHERST_Missing | DOPTHERST_No | DOPTHERST_Yes | FEATPOSHYP_No | FEATPOSHYP_Uncertain | FEATPOSHYP_Yes | ANYFAMPD_Missing | ANYFAMPD_No | ANYFAMPD_Yes,0.7763842919994204,0.5167460156291132,0.4950443401147626,0.7163461538461539,0.9295774647887324,0.2222222222222222,0.3333333333333333,0.2222222222222222
42,direct,2,SEL_06,raw__corrected_fdr__q<=0.05,selector_configuration,corrected_fdr,q<=0.05,,raw,catboost,native,4,"{""auto_class_weights"": null, ""depth"": 6, ""iterations"": 300, ""l2_leaf_reg"": 5.0, ""learning_rate"": 0.03}",3,832,208,29,20,Years_since_PD_diagnosis | Age | MCATOT | FRZGT12M | SCAU14 | SCAU16 | GDS_TOTAL | NQ_GAUSSIAN_REVISION | NP1RTOT | NP1SLPD | NP1URIN | NP3GAIT_COMBINED_MAX | NP3PSTBL_COMBINED_MAX | NHY_COMBINED_MAX | NP3TOT_COMBINED_MAX | NP4TOT | NP1CNST | FOG_FORM_MISSING | NQ_FORM_MISSING | PART_IV_FORM_MISSING | DOPTHERST_Missing | DOPTHERST_No | DOPTHERST_Yes | ANYFAMPD_Missing | ANYFAMPD_No | ANYFAMPD_Yes | DXBRADY_No | DXBRADY_Unknown | DXBRADY_Yes,0.8099915830025566,0.49139140797180464,0.47466829965299046,0.7259615384615384,0.971830985915493,0.15217391304347827,0.3,0.15217391304347827
42,direct,2,SEL_06,raw__corrected_fdr__q<=0.05,selector_configuration,corrected_fdr,q<=0.05,,raw,catboost,native,4,"{""auto_class_weights"": null, ""depth"": 6, ""iterations"": 300, ""l2_leaf_reg"": 5.0, ""learning_rate"": 0.03}",4,832,208,29,20,Years_since_PD_diagnosis | Age | MCATOT | FRZGT12M | SCAU14 | SCAU16 | GDS_TOTAL | NQ_GAUSSIAN_REVISION | NP1RTOT | NP1SLPD | NP1URIN | NP3GAIT_COMBINED_MAX | NP3PSTBL_COMBINED_MAX | NHY_COMBINED_MAX | NP3TOT_COMBINED_MAX | NP4TOT | NP1CNST | FOG_FORM_MISSING | NQ_FORM_MISSING | PART_IV_FORM_MISSING | DOPTHERST_Missing | DOPTHERST_No | DOPTHERST_Yes | FEATPOSHYP_No | FEATPOSHYP_Uncertain | FEATPOSHYP_Yes | ANYFAMPD_Missing | ANYFAMPD_No | ANYFAMPD_Yes,0.766505583000253,0.38356562137049943,0.4004082465809349,0.6826923076923077,0.9577464788732394,0.043478260869565216,0.2,0.043478260869565216
42,direct,2,SEL_06,raw__corrected_fdr__q<=0.05,selector_configuration,corrected_fdr,q<=0.05,,raw,catboost,native,5,"{""auto_class_weights"": ""Balanced"", ""depth"": 6, ""iterations"": 300, ""l2_leaf_reg"": 5.0, ""learning_rate"": 0.03}",0,832,208,29,20,Years_since_PD_diagnosis | Age | MCATOT | FRZGT12M | SCAU14 | SCAU16 | GDS_TOTAL | NQ_GAUSSIAN_REVISION | NP1RTOT | NP1SLPD | NP1URIN | NP3GAIT_COMBINED_MAX | NP3PSTBL_COMBINED_MAX | NHY_COMBINED_MAX | NP3TOT_COMBINED_MAX | NP4TOT | NP1CNST | FOG_FORM_MISSING | NQ_FORM_MISSING | PART_IV_FORM_MISSING | DOPTHERST_Missing | DOPTHERST_No | DOPTHERST_Yes | FEATPOSHYP_No | FEATPOSHYP_Uncertain | FEATPOSHYP_Yes | ANYFAMPD_Missing | ANYFAMPD_No | ANYFAMPD_Yes,0.8099869580000814,0.5316715599921708,0.571030821030821,0.6153846153846154,0.6853146853146853,0.37777777777777777,0.65,0.37777777777777777
42,direct,2,SEL_06,raw__corrected_fdr__q<=0.05,selector_configuration,corrected_fdr,q<=0.05,,raw,catboost,native,5,"{""auto_class_weights"": ""Balanced"", ""depth"": 6, ""iterations"": 300, ""l2_leaf_reg"": 5.0, ""learning_rate"": 0.03}",1,832,208,29,20,Years_since_PD_diagnosis | Age | MCATOT | FRZGT12M | SCAU14 | SCAU16 | GDS_TOTAL | NQ_GAUSSIAN_REVISION | NP1RTOT | NP1SLPD | NP1URIN | NP3GAIT_COMBINED_MAX | NP3PSTBL_COMBINED_MAX | NHY_COMBINED_MAX | NP3TOT_COMBINED_MAX | NP4TOT | NP1CNST | FOG_FORM_MISSING | NQ_FORM_MISSING | PART_IV_FORM_MISSING | DOPTHERST_Missing | DOPTHERST_No | DOPTHERST_Yes | FEATPOSHYP_No | FEATPOSHYP_Uncertain | FEATPOSHYP_Yes | ANYFAMPD_Missing | ANYFAMPD_No | ANYFAMPD_Yes,0.783372165999026,0.5244602016494814,0.5810541310541311,0.6009615384615384,0.6153846153846154,0.5777777777777777,0.55,0.5777777777777777
42,direct,2,SEL_06,raw__corrected_fdr__q<=0.05,selector_configuration,corrected_fdr,q<=0.05,,raw,catboost,native,5,"{""auto_class_weights"": ""Balanced"", ""depth"": 6, ""iterations"": 300, ""l2_leaf_reg"": 5.0, ""learning_rate"": 0.03}",2,832,208,29,20,Years_since_PD_diagnosis | Age | MCATOT | FRZGT12M | SCAU14 | SCAU16 | GDS_TOTAL | NQ_GAUSSIAN_REVISION | NP1RTOT | NP1SLPD | NP1URIN | NP3GAIT_COMBINED_MAX | NP3PSTBL_COMBINED_MAX | NHY_COMBINED_MAX | NP3TOT_COMBINED_MAX | NP4TOT | NP1CNST | FOG_FORM_MISSING | NQ_FORM_MISSING | PART_IV_FORM_MISSING | DOPTHERST_Missing | DOPTHERST_No | DOPTHERST_Yes | FEATPOSHYP_No | FEATPOSHYP_Uncertain | FEATPOSHYP_Yes | ANYFAMPD_Missing | ANYFAMPD_No | ANYFAMPD_Yes,0.7894444169978669,0.5309979930669586,0.558782323571056,0.6394230769230769,0.7112676056338029,0.4888888888888889,0.47619047619047616,0.4888888888888889
42,direct,2,SEL_06,raw__corrected_fdr__q<=0.05,selector_configuration,corrected_fdr,q<=0.05,,raw,catboost,native,5,"{""auto_class_weights"": ""Balanced"", ""depth"": 6, ""iterations"": 300, ""l2_leaf_reg"": 5.0, ""learning_rate"": 0.03}",3,832,208,29,20,Years_since_PD_diagnosis | Age | MCATOT | FRZGT12M | SCAU14 | SCAU16 | GDS_TOTAL | NQ_GAUSSIAN_REVISION | NP1RTOT | NP1SLPD | NP1URIN | NP3GAIT_COMBINED_MAX | NP3PSTBL_COMBINED_MAX | NHY_COMBINED_MAX | NP3TOT_COMBINED_MAX | NP4TOT | NP1CNST | FOG_FORM_MISSING | NQ_FORM_MISSING | PART_IV_FORM_MISSING | DOPTHERST_Missing | DOPTHERST_No | DOPTHERST_Yes | ANYFAMPD_Missing | ANYFAMPD_No | ANYFAMPD_Yes | DXBRADY_No | DXBRADY_Unknown | DXBRADY_Yes,0.8057077080011368,0.5255539881267266,0.5702796489079404,0.6153846153846154,0.676056338028169,0.43478260869565216,0.6,0.43478260869565216
42,direct,2,SEL_06,raw__corrected_fdr__q<=0.05,selector_configuration,corrected_fdr,q<=0.05,,raw,catboost,native,5,"{""auto_class_weights"": ""Balanced"", ""depth"": 6, ""iterations"": 300, ""l2_leaf_reg"": 5.0, ""learning_rate"": 0.03}",4,832,208,29,20,Years_since_PD_diagnosis | Age | MCATOT | FRZGT12M | SCAU14 | SCAU16 | GDS_TOTAL | NQ_GAUSSIAN_REVISION | NP1RTOT | NP1SLPD | NP1URIN | NP3GAIT_COMBINED_MAX | NP3PSTBL_COMBINED_MAX | NHY_COMBINED_MAX | NP3TOT_COMBINED_MAX | NP4TOT | NP1CNST | FOG_FORM_MISSING | NQ_FORM_MISSING | PART_IV_FORM_MISSING | DOPTHERST_Missing | DOPTHERST_No | DOPTHERST_Yes | FEATPOSHYP_No | FEATPOSHYP_Uncertain | FEATPOSHYP_Yes | ANYFAMPD_Missing | ANYFAMPD_No | ANYFAMPD_Yes,0.7549911249989236,0.5468779475570648,0.5914064094713206,0.6586538461538461,0.7394366197183099,0.43478260869565216,0.6,0.43478260869565216
42,direct,2,SEL_06,raw__corrected_fdr__q<=0.05,selector_configuration,corrected_fdr,q<=0.05,,raw,catboost,native,6,"{""auto_class_weights"": null, ""depth"": 6, ""iterations"": 300, ""l2_leaf_reg"": 5.0, ""learning_rate"": 0.08}",0,832,208,29,20,Years_since_PD_diagnosis | Age | MCATOT | FRZGT12M | SCAU14 | SCAU16 | GDS_TOTAL | NQ_GAUSSIAN_REVISION | NP1RTOT | NP1SLPD | NP1URIN | NP3GAIT_COMBINED_MAX | NP3PSTBL_COMBINED_MAX | NHY_COMBINED_MAX | NP3TOT_COMBINED_MAX | NP4TOT | NP1CNST | FOG_FORM_MISSING | NQ_FORM_MISSING | PART_IV_FORM_MISSING | DOPTHERST_Missing | DOPTHERST_No | DOPTHERST_Yes | FEATPOSHYP_No | FEATPOSHYP_Uncertain | FEATPOSHYP_Yes | ANYFAMPD_Missing | ANYFAMPD_No | ANYFAMPD_Yes,0.827270583002246,0.5168326032125315,0.49252784252784254,0.7355769230769231,0.972027972027972,0.15555555555555556,0.35,0.15555555555555556
42,direct,2,SEL_06,raw__corrected_fdr__q<=0.05,selector_configuration,corrected_fdr,q<=0.05,,raw,catboost,native,6,"{""auto_class_weights"": null, ""depth"": 6, ""iterations"": 300, ""l2_leaf_reg"": 5.0, ""learning_rate"": 0.08}",1,832,208,29,20,Years_since_PD_diagnosis | Age | MCATOT | FRZGT12M | SCAU14 | SCAU16 | GDS_TOTAL | NQ_GAUSSIAN_REVISION | NP1RTOT | NP1SLPD | NP1URIN | NP3GAIT_COMBINED_MAX | NP3PSTBL_COMBINED_MAX | NHY_COMBINED_MAX | NP3TOT_COMBINED_MAX | NP4TOT | NP1CNST | FOG_FORM_MISSING | NQ_FORM_MISSING | PART_IV_FORM_MISSING | DOPTHERST_Missing | DOPTHERST_No | DOPTHERST_Yes | FEATPOSHYP_No | FEATPOSHYP_Uncertain | FEATPOSHYP_Yes | ANYFAMPD_Missing | ANYFAMPD_No | ANYFAMPD_Yes,0.800226625000505,0.47592255672330347,0.4557109557109557,0.6682692307692307,0.8671328671328671,0.2,0.3,0.2
42,direct,2,SEL_06,raw__corrected_fdr__q<=0.05,selector_configuration,corrected_fdr,q<=0.05,,raw,catboost,native,6,"{""auto_class_weights"": null, ""depth"": 6, ""iterations"": 300, ""l2_leaf_reg"": 5.0, ""learning_rate"": 0.08}",2,832,208,29,20,Years_since_PD_diagnosis | Age | MCATOT | FRZGT12M | SCAU14 | SCAU16 | GDS_TOTAL | NQ_GAUSSIAN_REVISION | NP1RTOT | NP1SLPD | NP1URIN | NP3GAIT_COMBINED_MAX | NP3PSTBL_COMBINED_MAX | NHY_COMBINED_MAX | NP3TOT_COMBINED_MAX | NP4TOT | NP1CNST | FOG_FORM_MISSING | NQ_FORM_MISSING | PART_IV_FORM_MISSING | DOPTHERST_Missing | DOPTHERST_No | DOPTHERST_Yes | FEATPOSHYP_No | FEATPOSHYP_Uncertain | FEATPOSHYP_Yes | ANYFAMPD_Missing | ANYFAMPD_No | ANYFAMPD_Yes,0.7833797919993231,0.5213844978873743,0.49435129294284225,0.7115384615384616,0.9084507042253521,0.28888888888888886,0.2857142857142857,0.28888888888888886
42,direct,2,SEL_06,raw__corrected_fdr__q<=0.05,selector_configuration,corrected_fdr,q<=0.05,,raw,catboost,native,6,"{""auto_class_weights"": null, ""depth"": 6, ""iterations"": 300, ""l2_leaf_reg"": 5.0, ""learning_rate"": 0.08}",3,832,208,29,20,Years_since_PD_diagnosis | Age | MCATOT | FRZGT12M | SCAU14 | SCAU16 | GDS_TOTAL | NQ_GAUSSIAN_REVISION | NP1RTOT | NP1SLPD | NP1URIN | NP3GAIT_COMBINED_MAX | NP3PSTBL_COMBINED_MAX | NHY_COMBINED_MAX | NP3TOT_COMBINED_MAX | NP4TOT | NP1CNST | FOG_FORM_MISSING | NQ_FORM_MISSING | PART_IV_FORM_MISSING | DOPTHERST_Missing | DOPTHERST_No | DOPTHERST_Yes | ANYFAMPD_Missing | ANYFAMPD_No | ANYFAMPD_Yes | DXBRADY_No | DXBRADY_Unknown | DXBRADY_Yes,0.7976506249979138,0.5387662705149973,0.5062053480302102,0.7403846153846154,0.9577464788732394,0.2608695652173913,0.3,0.2608695652173913
42,direct,2,SEL_06,raw__corrected_fdr__q<=0.05,selector_configuration,corrected_fdr,q<=0.05,,raw,catboost,native,6,"{""auto_class_weights"": null, ""depth"": 6, ""iterations"": 300, ""l2_leaf_reg"": 5.0, ""learning_rate"": 0.08}",4,832,208,29,20,Years_since_PD_diagnosis | Age | MCATOT | FRZGT12M | SCAU14 | SCAU16 | GDS_TOTAL | NQ_GAUSSIAN_REVISION | NP1RTOT | NP1SLPD | NP1URIN | NP3GAIT_COMBINED_MAX | NP3PSTBL_COMBINED_MAX | NHY_COMBINED_MAX | NP3TOT_COMBINED_MAX | NP4TOT | NP1CNST | FOG_FORM_MISSING | NQ_FORM_MISSING | PART_IV_FORM_MISSING | DOPTHERST_Missing | DOPTHERST_No | DOPTHERST_Yes | FEATPOSHYP_No | FEATPOSHYP_Uncertain | FEATPOSHYP_Yes | ANYFAMPD_Missing | ANYFAMPD_No | ANYFAMPD_Yes,0.7314317500022298,0.433165637731046,0.42980200040824657,0.6826923076923077,0.9154929577464789,0.17391304347826086,0.2,0.17391304347826086
42,direct,2,SEL_06,raw__corrected_fdr__q<=0.05,selector_configuration,corrected_fdr,q<=0.05,,raw,catboost,native,7,"{""auto_class_weights"": ""Balanced"", ""depth"": 6, ""iterations"": 300, ""l2_leaf_reg"": 5.0, ""learning_rate"": 0.08}",0,832,208,29,20,Years_since_PD_diagnosis | Age | MCATOT | FRZGT12M | SCAU14 | SCAU16 | GDS_TOTAL | NQ_GAUSSIAN_REVISION | NP1RTOT | NP1SLPD | NP1URIN | NP3GAIT_COMBINED_MAX | NP3PSTBL_COMBINED_MAX | NHY_COMBINED_MAX | NP3TOT_COMBINED_MAX | NP4TOT | NP1CNST | FOG_FORM_MISSING | NQ_FORM_MISSING | PART_IV_FORM_MISSING | DOPTHERST_Missing | DOPTHERST_No | DOPTHERST_Yes | FEATPOSHYP_No | FEATPOSHYP_Uncertain | FEATPOSHYP_Yes | ANYFAMPD_Missing | ANYFAMPD_No | ANYFAMPD_Yes,0.7875312910000503,0.5931414574402939,0.593991193991194,0.6923076923076923,0.8041958041958042,0.37777777777777777,0.6,0.37777777777777777
42,direct,2,SEL_06,raw__corrected_fdr__q<=0.05,selector_configuration,corrected_fdr,q<=0.05,,raw,catboost,native,7,"{""auto_class_weights"": ""Balanced"", ""depth"": 6, ""iterations"": 300, ""l2_leaf_reg"": 5.0, ""learning_rate"": 0.08}",1,832,208,29,20,Years_since_PD_diagnosis | Age | MCATOT | FRZGT12M | SCAU14 | SCAU16 | GDS_TOTAL | NQ_GAUSSIAN_REVISION | NP1RTOT | NP1SLPD | NP1URIN | NP3GAIT_COMBINED_MAX | NP3PSTBL_COMBINED_MAX | NHY_COMBINED_MAX | NP3TOT_COMBINED_MAX | NP4TOT | NP1CNST | FOG_FORM_MISSING | NQ_FORM_MISSING | PART_IV_FORM_MISSING | DOPTHERST_Missing | DOPTHERST_No | DOPTHERST_Yes | FEATPOSHYP_No | FEATPOSHYP_Uncertain | FEATPOSHYP_Yes | ANYFAMPD_Missing | ANYFAMPD_No | ANYFAMPD_Yes,0.7836249169995426,0.5412138494993294,0.5673918673918674,0.6442307692307693,0.7132867132867133,0.4888888888888889,0.5,0.4888888888888889
42,direct,2,SEL_06,raw__corrected_fdr__q<=0.05,selector_configuration,corrected_fdr,q<=0.05,,raw,catboost,native,7,"{""auto_class_weights"": ""Balanced"", ""depth"": 6, ""iterations"": 300, ""l2_leaf_reg"": 5.0, ""learning_rate"": 0.08}",2,832,208,29,20,Years_since_PD_diagnosis | Age | MCATOT | FRZGT12M | SCAU14 | SCAU16 | GDS_TOTAL | NQ_GAUSSIAN_REVISION | NP1RTOT | NP1SLPD | NP1URIN | NP3GAIT_COMBINED_MAX | NP3PSTBL_COMBINED_MAX | NHY_COMBINED_MAX | NP3TOT_COMBINED_MAX | NP4TOT | NP1CNST | FOG_FORM_MISSING | NQ_FORM_MISSING | PART_IV_FORM_MISSING | DOPTHERST_Missing | DOPTHERST_No | DOPTHERST_Yes | FEATPOSHYP_No | FEATPOSHYP_Uncertain | FEATPOSHYP_Yes | ANYFAMPD_Missing | ANYFAMPD_No | ANYFAMPD_Yes,0.7888861669998732,0.5081481481481481,0.5124152321335419,0.6586538461538461,0.7816901408450704,0.4222222222222222,0.3333333333333333,0.4222222222222222
42,direct,2,SEL_06,raw__corrected_fdr__q<=0.05,selector_configuration,corrected_fdr,q<=0.05,,raw,catboost,native,7,"{""auto_class_weights"": ""Balanced"", ""depth"": 6, ""iterations"": 300, ""l2_leaf_reg"": 5.0, ""learning_rate"": 0.08}",3,832,208,29,20,Years_since_PD_diagnosis | Age | MCATOT | FRZGT12M | SCAU14 | SCAU16 | GDS_TOTAL | NQ_GAUSSIAN_REVISION | NP1RTOT | NP1SLPD | NP1URIN | NP3GAIT_COMBINED_MAX | NP3PSTBL_COMBINED_MAX | NHY_COMBINED_MAX | NP3TOT_COMBINED_MAX | NP4TOT | NP1CNST | FOG_FORM_MISSING | NQ_FORM_MISSING | PART_IV_FORM_MISSING | DOPTHERST_Missing | DOPTHERST_No | DOPTHERST_Yes | ANYFAMPD_Missing | ANYFAMPD_No | ANYFAMPD_Yes | DXBRADY_No | DXBRADY_Unknown | DXBRADY_Yes,0.7935232909985643,0.5198032332784105,0.5388548683404776,0.6490384615384616,0.7535211267605634,0.41304347826086957,0.45,0.41304347826086957
42,direct,2,SEL_06,raw__corrected_fdr__q<=0.05,selector_configuration,corrected_fdr,q<=0.05,,raw,catboost,native,7,"{""auto_class_weights"": ""Balanced"", ""depth"": 6, ""iterations"": 300, ""l2_leaf_reg"": 5.0, ""learning_rate"": 0.08}",4,832,208,29,20,Years_since_PD_diagnosis | Age | MCATOT | FRZGT12M | SCAU14 | SCAU16 | GDS_TOTAL | NQ_GAUSSIAN_REVISION | NP1RTOT | NP1SLPD | NP1URIN | NP3GAIT_COMBINED_MAX | NP3PSTBL_COMBINED_MAX | NHY_COMBINED_MAX | NP3TOT_COMBINED_MAX | NP4TOT | NP1CNST | FOG_FORM_MISSING | NQ_FORM_MISSING | PART_IV_FORM_MISSING | DOPTHERST_Missing | DOPTHERST_No | DOPTHERST_Yes | FEATPOSHYP_No | FEATPOSHYP_Uncertain | FEATPOSHYP_Yes | ANYFAMPD_Missing | ANYFAMPD_No | ANYFAMPD_Yes,0.7457646250004473,0.477154021653654,0.4859256991222698,0.6394230769230769,0.7816901408450704,0.32608695652173914,0.35,0.32608695652173914
42,direct,2,SEL_06,raw__corrected_fdr__q<=0.05,selector_configuration,corrected_fdr,q<=0.05,,raw,catboost,native,8,"{""auto_class_weights"": null, ""depth"": 4, ""iterations"": 600, ""l2_leaf_reg"": 5.0, ""learning_rate"": 0.03}",0,832,208,29,20,Years_since_PD_diagnosis | Age | MCATOT | FRZGT12M | SCAU14 | SCAU16 | GDS_TOTAL | NQ_GAUSSIAN_REVISION | NP1RTOT | NP1SLPD | NP1URIN | NP3GAIT_COMBINED_MAX | NP3PSTBL_COMBINED_MAX | NHY_COMBINED_MAX | NP3TOT_COMBINED_MAX | NP4TOT | NP1CNST | FOG_FORM_MISSING | NQ_FORM_MISSING | PART_IV_FORM_MISSING | DOPTHERST_Missing | DOPTHERST_No | DOPTHERST_Yes | FEATPOSHYP_No | FEATPOSHYP_Uncertain | FEATPOSHYP_Yes | ANYFAMPD_Missing | ANYFAMPD_No | ANYFAMPD_Yes,0.5891882919968339,0.49765186186245,0.4823102823102823,0.7163461538461539,0.958041958041958,0.08888888888888889,0.4,0.08888888888888889
42,direct,2,SEL_06,raw__corrected_fdr__q<=0.05,selector_configuration,corrected_fdr,q<=0.05,,raw,catboost,native,8,"{""auto_class_weights"": null, ""depth"": 4, ""iterations"": 600, ""l2_leaf_reg"": 5.0, ""learning_rate"": 0.03}",1,832,208,29,20,Years_since_PD_diagnosis | Age | MCATOT | FRZGT12M | SCAU14 | SCAU16 | GDS_TOTAL | NQ_GAUSSIAN_REVISION | NP1RTOT | NP1SLPD | NP1URIN | NP3GAIT_COMBINED_MAX | NP3PSTBL_COMBINED_MAX | NHY_COMBINED_MAX | NP3TOT_COMBINED_MAX | NP4TOT | NP1CNST | FOG_FORM_MISSING | NQ_FORM_MISSING | PART_IV_FORM_MISSING | DOPTHERST_Missing | DOPTHERST_No | DOPTHERST_Yes | FEATPOSHYP_No | FEATPOSHYP_Uncertain | FEATPOSHYP_Yes | ANYFAMPD_Missing | ANYFAMPD_No | ANYFAMPD_Yes,0.5765106250000827,0.4956928096452658,0.47244237244237247,0.6923076923076923,0.8951048951048951,0.2222222222222222,0.3,0.2222222222222222
42,direct,2,SEL_06,raw__corrected_fdr__q<=0.05,selector_configuration,corrected_fdr,q<=0.05,,raw,catboost,native,8,"{""auto_class_weights"": null, ""depth"": 4, ""iterations"": 600, ""l2_leaf_reg"": 5.0, ""learning_rate"": 0.03}",2,832,208,29,20,Years_since_PD_diagnosis | Age | MCATOT | FRZGT12M | SCAU14 | SCAU16 | GDS_TOTAL | NQ_GAUSSIAN_REVISION | NP1RTOT | NP1SLPD | NP1URIN | NP3GAIT_COMBINED_MAX | NP3PSTBL_COMBINED_MAX | NHY_COMBINED_MAX | NP3TOT_COMBINED_MAX | NP4TOT | NP1CNST | FOG_FORM_MISSING | NQ_FORM_MISSING | PART_IV_FORM_MISSING | DOPTHERST_Missing | DOPTHERST_No | DOPTHERST_Yes | FEATPOSHYP_No | FEATPOSHYP_Uncertain | FEATPOSHYP_Yes | ANYFAMPD_Missing | ANYFAMPD_No | ANYFAMPD_Yes,0.5807170410007529,0.5174089272676922,0.4939861390565616,0.7211538461538461,0.9295774647887324,0.26666666666666666,0.2857142857142857,0.26666666666666666
42,direct,2,SEL_06,raw__corrected_fdr__q<=0.05,selector_configuration,corrected_fdr,q<=0.05,,raw,catboost,native,8,"{""auto_class_weights"": null, ""depth"": 4, ""iterations"": 600, ""l2_leaf_reg"": 5.0, ""learning_rate"": 0.03}",3,832,208,29,20,Years_since_PD_diagnosis | Age | MCATOT | FRZGT12M | SCAU14 | SCAU16 | GDS_TOTAL | NQ_GAUSSIAN_REVISION | NP1RTOT | NP1SLPD | NP1URIN | NP3GAIT_COMBINED_MAX | NP3PSTBL_COMBINED_MAX | NHY_COMBINED_MAX | NP3TOT_COMBINED_MAX | NP4TOT | NP1CNST | FOG_FORM_MISSING | NQ_FORM_MISSING | PART_IV_FORM_MISSING | DOPTHERST_Missing | DOPTHERST_No | DOPTHERST_Yes | ANYFAMPD_Missing | ANYFAMPD_No | ANYFAMPD_Yes | DXBRADY_No | DXBRADY_Unknown | DXBRADY_Yes,0.6021177919974434,0.5354166666666667,0.5085527658705858,0.7451923076923077,0.9647887323943662,0.2608695652173913,0.3,0.2608695652173913
42,direct,2,SEL_06,raw__corrected_fdr__q<=0.05,selector_configuration,corrected_fdr,q<=0.05,,raw,catboost,native,8,"{""auto_class_weights"": null, ""depth"": 4, ""iterations"": 600, ""l2_leaf_reg"": 5.0, ""learning_rate"": 0.03}",4,832,208,29,20,Years_since_PD_diagnosis | Age | MCATOT | FRZGT12M | SCAU14 | SCAU16 | GDS_TOTAL | NQ_GAUSSIAN_REVISION | NP1RTOT | NP1SLPD | NP1URIN | NP3GAIT_COMBINED_MAX | NP3PSTBL_COMBINED_MAX | NHY_COMBINED_MAX | NP3TOT_COMBINED_MAX | NP4TOT | NP1CNST | FOG_FORM_MISSING | NQ_FORM_MISSING | PART_IV_FORM_MISSING | DOPTHERST_Missing | DOPTHERST_No | DOPTHERST_Yes | FEATPOSHYP_No | FEATPOSHYP_Uncertain | FEATPOSHYP_Yes | ANYFAMPD_Missing | ANYFAMPD_No | ANYFAMPD_Yes,0.531088333002117,0.43472222222222223,0.4435394978567055,0.6923076923076923,0.9436619718309859,0.08695652173913043,0.3,0.08695652173913043
42,direct,2,SEL_06,raw__corrected_fdr__q<=0.05,selector_configuration,corrected_fdr,q<=0.05,,raw,catboost,native,9,"{""auto_class_weights"": ""Balanced"", ""depth"": 4, ""iterations"": 600, ""l2_leaf_reg"": 5.0, ""learning_rate"": 0.03}",0,832,208,29,20,Years_since_PD_diagnosis | Age | MCATOT | FRZGT12M | SCAU14 | SCAU16 | GDS_TOTAL | NQ_GAUSSIAN_REVISION | NP1RTOT | NP1SLPD | NP1URIN | NP3GAIT_COMBINED_MAX | NP3PSTBL_COMBINED_MAX | NHY_COMBINED_MAX | NP3TOT_COMBINED_MAX | NP4TOT | NP1CNST | FOG_FORM_MISSING | NQ_FORM_MISSING | PART_IV_FORM_MISSING | DOPTHERST_Missing | DOPTHERST_No | DOPTHERST_Yes | FEATPOSHYP_No | FEATPOSHYP_Uncertain | FEATPOSHYP_Yes | ANYFAMPD_Missing | ANYFAMPD_No | ANYFAMPD_Yes,0.5990052499982994,0.5773034117861705,0.6265863765863765,0.6394230769230769,0.6853146853146853,0.4444444444444444,0.75,0.4444444444444444
42,direct,2,SEL_06,raw__corrected_fdr__q<=0.05,selector_configuration,corrected_fdr,q<=0.05,,raw,catboost,native,9,"{""auto_class_weights"": ""Balanced"", ""depth"": 4, ""iterations"": 600, ""l2_leaf_reg"": 5.0, ""learning_rate"": 0.03}",1,832,208,29,20,Years_since_PD_diagnosis | Age | MCATOT | FRZGT12M | SCAU14 | SCAU16 | GDS_TOTAL | NQ_GAUSSIAN_REVISION | NP1RTOT | NP1SLPD | NP1URIN | NP3GAIT_COMBINED_MAX | NP3PSTBL_COMBINED_MAX | NHY_COMBINED_MAX | NP3TOT_COMBINED_MAX | NP4TOT | NP1CNST | FOG_FORM_MISSING | NQ_FORM_MISSING | PART_IV_FORM_MISSING | DOPTHERST_Missing | DOPTHERST_No | DOPTHERST_Yes | FEATPOSHYP_No | FEATPOSHYP_Uncertain | FEATPOSHYP_Yes | ANYFAMPD_Missing | ANYFAMPD_No | ANYFAMPD_Yes,0.5912072909995914,0.5022585851839483,0.5486790986790987,0.5865384615384616,0.6293706293706294,0.4666666666666667,0.55,0.4666666666666667
42,direct,2,SEL_06,raw__corrected_fdr__q<=0.05,selector_configuration,corrected_fdr,q<=0.05,,raw,catboost,native,9,"{""auto_class_weights"": ""Balanced"", ""depth"": 4, ""iterations"": 600, ""l2_leaf_reg"": 5.0, ""learning_rate"": 0.03}",2,832,208,29,20,Years_since_PD_diagnosis | Age | MCATOT | FRZGT12M | SCAU14 | SCAU16 | GDS_TOTAL | NQ_GAUSSIAN_REVISION | NP1RTOT | NP1SLPD | NP1URIN | NP3GAIT_COMBINED_MAX | NP3PSTBL_COMBINED_MAX | NHY_COMBINED_MAX | NP3TOT_COMBINED_MAX | NP4TOT | NP1CNST | FOG_FORM_MISSING | NQ_FORM_MISSING | PART_IV_FORM_MISSING | DOPTHERST_Missing | DOPTHERST_No | DOPTHERST_Yes | FEATPOSHYP_No | FEATPOSHYP_Uncertain | FEATPOSHYP_Yes | ANYFAMPD_Missing | ANYFAMPD_No | ANYFAMPD_Yes,0.5879285000009986,0.5246220985953791,0.5493926522095536,0.6201923076923077,0.6830985915492958,0.4888888888888889,0.47619047619047616,0.4888888888888889
42,direct,2,SEL_06,raw__corrected_fdr__q<=0.05,selector_configuration,corrected_fdr,q<=0.05,,raw,catboost,native,9,"{""auto_class_weights"": ""Balanced"", ""depth"": 4, ""iterations"": 600, ""l2_leaf_reg"": 5.0, ""learning_rate"": 0.03}",3,832,208,29,20,Years_since_PD_diagnosis | Age | MCATOT | FRZGT12M | SCAU14 | SCAU16 | GDS_TOTAL | NQ_GAUSSIAN_REVISION | NP1RTOT | NP1SLPD | NP1URIN | NP3GAIT_COMBINED_MAX | NP3PSTBL_COMBINED_MAX | NHY_COMBINED_MAX | NP3TOT_COMBINED_MAX | NP4TOT | NP1CNST | FOG_FORM_MISSING | NQ_FORM_MISSING | PART_IV_FORM_MISSING | DOPTHERST_Missing | DOPTHERST_No | DOPTHERST_Yes | ANYFAMPD_Missing | ANYFAMPD_No | ANYFAMPD_Yes | DXBRADY_No | DXBRADY_Unknown | DXBRADY_Yes,0.5914276250005059,0.4997047548569953,0.5416717697489284,0.5961538461538461,0.6619718309859155,0.41304347826086957,0.55,0.41304347826086957
42,direct,2,SEL_06,raw__corrected_fdr__q<=0.05,selector_configuration,corrected_fdr,q<=0.05,,raw,catboost,native,9,"{""auto_class_weights"": ""Balanced"", ""depth"": 4, ""iterations"": 600, ""l2_leaf_reg"": 5.0, ""learning_rate"": 0.03}",4,832,208,29,20,Years_since_PD_diagnosis | Age | MCATOT | FRZGT12M | SCAU14 | SCAU16 | GDS_TOTAL | NQ_GAUSSIAN_REVISION | NP1RTOT | NP1SLPD | NP1URIN | NP3GAIT_COMBINED_MAX | NP3PSTBL_COMBINED_MAX | NHY_COMBINED_MAX | NP3TOT_COMBINED_MAX | NP4TOT | NP1CNST | FOG_FORM_MISSING | NQ_FORM_MISSING | PART_IV_FORM_MISSING | DOPTHERST_Missing | DOPTHERST_No | DOPTHERST_Yes | FEATPOSHYP_No | FEATPOSHYP_Uncertain | FEATPOSHYP_Yes | ANYFAMPD_Missing | ANYFAMPD_No | ANYFAMPD_Yes,0.5578055000005406,0.5065095507414404,0.5386813635435803,0.6394230769230769,0.7464788732394366,0.3695652173913043,0.5,0.3695652173913043
42,direct,2,SEL_06,raw__corrected_fdr__q<=0.05,selector_configuration,corrected_fdr,q<=0.05,,raw,catboost,native,10,"{""auto_class_weights"": null, ""depth"": 4, ""iterations"": 600, ""l2_leaf_reg"": 5.0, ""learning_rate"": 0.08}",0,832,208,29,20,Years_since_PD_diagnosis | Age | MCATOT | FRZGT12M | SCAU14 | SCAU16 | GDS_TOTAL | NQ_GAUSSIAN_REVISION | NP1RTOT | NP1SLPD | NP1URIN | NP3GAIT_COMBINED_MAX | NP3PSTBL_COMBINED_MAX | NHY_COMBINED_MAX | NP3TOT_COMBINED_MAX | NP4TOT | NP1CNST | FOG_FORM_MISSING | NQ_FORM_MISSING | PART_IV_FORM_MISSING | DOPTHERST_Missing | DOPTHERST_No | DOPTHERST_Yes | FEATPOSHYP_No | FEATPOSHYP_Uncertain | FEATPOSHYP_Yes | ANYFAMPD_Missing | ANYFAMPD_No | ANYFAMPD_Yes,0.6182939169993915,0.5428942374912613,0.5161227661227661,0.7355769230769231,0.965034965034965,0.13333333333333333,0.45,0.13333333333333333
42,direct,2,SEL_06,raw__corrected_fdr__q<=0.05,selector_configuration,corrected_fdr,q<=0.05,,raw,catboost,native,10,"{""auto_class_weights"": null, ""depth"": 4, ""iterations"": 600, ""l2_leaf_reg"": 5.0, ""learning_rate"": 0.08}",1,832,208,29,20,Years_since_PD_diagnosis | Age | MCATOT | FRZGT12M | SCAU14 | SCAU16 | GDS_TOTAL | NQ_GAUSSIAN_REVISION | NP1RTOT | NP1SLPD | NP1URIN | NP3GAIT_COMBINED_MAX | NP3PSTBL_COMBINED_MAX | NHY_COMBINED_MAX | NP3TOT_COMBINED_MAX | NP4TOT | NP1CNST | FOG_FORM_MISSING | NQ_FORM_MISSING | PART_IV_FORM_MISSING | DOPTHERST_Missing | DOPTHERST_No | DOPTHERST_Yes | FEATPOSHYP_No | FEATPOSHYP_Uncertain | FEATPOSHYP_Yes | ANYFAMPD_Missing | ANYFAMPD_No | ANYFAMPD_Yes,0.5853527500003111,0.4777548446279097,0.4635327635327635,0.6634615384615384,0.8461538461538461,0.24444444444444444,0.3,0.24444444444444444
42,direct,2,SEL_06,raw__corrected_fdr__q<=0.05,selector_configuration,corrected_fdr,q<=0.05,,raw,catboost,native,10,"{""auto_class_weights"": null, ""depth"": 4, ""iterations"": 600, ""l2_leaf_reg"": 5.0, ""learning_rate"": 0.08}",2,832,208,29,20,Years_since_PD_diagnosis | Age | MCATOT | FRZGT12M | SCAU14 | SCAU16 | GDS_TOTAL | NQ_GAUSSIAN_REVISION | NP1RTOT | NP1SLPD | NP1URIN | NP3GAIT_COMBINED_MAX | NP3PSTBL_COMBINED_MAX | NHY_COMBINED_MAX | NP3TOT_COMBINED_MAX | NP4TOT | NP1CNST | FOG_FORM_MISSING | NQ_FORM_MISSING | PART_IV_FORM_MISSING | DOPTHERST_Missing | DOPTHERST_No | DOPTHERST_Yes | FEATPOSHYP_No | FEATPOSHYP_Uncertain | FEATPOSHYP_Yes | ANYFAMPD_Missing | ANYFAMPD_No | ANYFAMPD_Yes,0.7416094170002907,0.504683291735409,0.4822490498546837,0.6971153846153846,0.8943661971830986,0.26666666666666666,0.2857142857142857,0.26666666666666666
42,direct,2,SEL_06,raw__corrected_fdr__q<=0.05,selector_configuration,corrected_fdr,q<=0.05,,raw,catboost,native,10,"{""auto_class_weights"": null, ""depth"": 4, ""iterations"": 600, ""l2_leaf_reg"": 5.0, ""learning_rate"": 0.08}",3,832,208,29,20,Years_since_PD_diagnosis | Age | MCATOT | FRZGT12M | SCAU14 | SCAU16 | GDS_TOTAL | NQ_GAUSSIAN_REVISION | NP1RTOT | NP1SLPD | NP1URIN | NP3GAIT_COMBINED_MAX | NP3PSTBL_COMBINED_MAX | NHY_COMBINED_MAX | NP3TOT_COMBINED_MAX | NP4TOT | NP1CNST | FOG_FORM_MISSING | NQ_FORM_MISSING | PART_IV_FORM_MISSING | DOPTHERST_Missing | DOPTHERST_No | DOPTHERST_Yes | ANYFAMPD_Missing | ANYFAMPD_No | ANYFAMPD_Yes | DXBRADY_No | DXBRADY_Unknown | DXBRADY_Yes,0.664181500000268,0.5313774976779922,0.5042355582771995,0.7355769230769231,0.9366197183098591,0.32608695652173914,0.25,0.32608695652173914
42,direct,2,SEL_06,raw__corrected_fdr__q<=0.05,selector_configuration,corrected_fdr,q<=0.05,,raw,catboost,native,10,"{""auto_class_weights"": null, ""depth"": 4, ""iterations"": 600, ""l2_leaf_reg"": 5.0, ""learning_rate"": 0.08}",4,832,208,29,20,Years_since_PD_diagnosis | Age | MCATOT | FRZGT12M | SCAU14 | SCAU16 | GDS_TOTAL | NQ_GAUSSIAN_REVISION | NP1RTOT | NP1SLPD | NP1URIN | NP3GAIT_COMBINED_MAX | NP3PSTBL_COMBINED_MAX | NHY_COMBINED_MAX | NP3TOT_COMBINED_MAX | NP4TOT | NP1CNST | FOG_FORM_MISSING | NQ_FORM_MISSING | PART_IV_FORM_MISSING | DOPTHERST_Missing | DOPTHERST_No | DOPTHERST_Yes | FEATPOSHYP_No | FEATPOSHYP_Uncertain | FEATPOSHYP_Yes | ANYFAMPD_Missing | ANYFAMPD_No | ANYFAMPD_Yes,0.6259993749990826,0.50724238248354,0.4942947540314349,0.7067307692307693,0.9154929577464789,0.21739130434782608,0.35,0.21739130434782608
42,direct,2,SEL_06,raw__corrected_fdr__q<=0.05,selector_configuration,corrected_fdr,q<=0.05,,raw,catboost,native,11,"{""auto_class_weights"": ""Balanced"", ""depth"": 4, ""iterations"": 600, ""l2_leaf_reg"": 5.0, ""learning_rate"": 0.08}",0,832,208,29,20,Years_since_PD_diagnosis | Age | MCATOT | FRZGT12M | SCAU14 | SCAU16 | GDS_TOTAL | NQ_GAUSSIAN_REVISION | NP1RTOT | NP1SLPD | NP1URIN | NP3GAIT_COMBINED_MAX | NP3PSTBL_COMBINED_MAX | NHY_COMBINED_MAX | NP3TOT_COMBINED_MAX | NP4TOT | NP1CNST | FOG_FORM_MISSING | NQ_FORM_MISSING | PART_IV_FORM_MISSING | DOPTHERST_Missing | DOPTHERST_No | DOPTHERST_Yes | FEATPOSHYP_No | FEATPOSHYP_Uncertain | FEATPOSHYP_Yes | ANYFAMPD_Missing | ANYFAMPD_No | ANYFAMPD_Yes,0.7698809579997032,0.5710822510822511,0.5827505827505828,0.6586538461538461,0.7482517482517482,0.4,0.6,0.4
42,direct,2,SEL_06,raw__corrected_fdr__q<=0.05,selector_configuration,corrected_fdr,q<=0.05,,raw,catboost,native,11,"{""auto_class_weights"": ""Balanced"", ""depth"": 4, ""iterations"": 600, ""l2_leaf_reg"": 5.0, ""learning_rate"": 0.08}",1,832,208,29,20,Years_since_PD_diagnosis | Age | MCATOT | FRZGT12M | SCAU14 | SCAU16 | GDS_TOTAL | NQ_GAUSSIAN_REVISION | NP1RTOT | NP1SLPD | NP1URIN | NP3GAIT_COMBINED_MAX | NP3PSTBL_COMBINED_MAX | NHY_COMBINED_MAX | NP3TOT_COMBINED_MAX | NP4TOT | NP1CNST | FOG_FORM_MISSING | NQ_FORM_MISSING | PART_IV_FORM_MISSING | DOPTHERST_Missing | DOPTHERST_No | DOPTHERST_Yes | FEATPOSHYP_No | FEATPOSHYP_Uncertain | FEATPOSHYP_Yes | ANYFAMPD_Missing | ANYFAMPD_No | ANYFAMPD_Yes,0.6289977499982342,0.5187895173281166,0.5354312354312354,0.6201923076923077,0.7062937062937062,0.4,0.5,0.4
42,direct,2,SEL_06,raw__corrected_fdr__q<=0.05,selector_configuration,corrected_fdr,q<=0.05,,raw,catboost,native,11,"{""auto_class_weights"": ""Balanced"", ""depth"": 4, ""iterations"": 600, ""l2_leaf_reg"": 5.0, ""learning_rate"": 0.08}",2,832,208,29,20,Years_since_PD_diagnosis | Age | MCATOT | FRZGT12M | SCAU14 | SCAU16 | GDS_TOTAL | NQ_GAUSSIAN_REVISION | NP1RTOT | NP1SLPD | NP1URIN | NP3GAIT_COMBINED_MAX | NP3PSTBL_COMBINED_MAX | NHY_COMBINED_MAX | NP3TOT_COMBINED_MAX | NP4TOT | NP1CNST | FOG_FORM_MISSING | NQ_FORM_MISSING | PART_IV_FORM_MISSING | DOPTHERST_Missing | DOPTHERST_No | DOPTHERST_Yes | FEATPOSHYP_No | FEATPOSHYP_Uncertain | FEATPOSHYP_Yes | ANYFAMPD_Missing | ANYFAMPD_No | ANYFAMPD_Yes,0.6716693329981354,0.5430030520151878,0.5532230419554364,0.6730769230769231,0.7676056338028169,0.5111111111111111,0.38095238095238093,0.5111111111111111
42,direct,2,SEL_06,raw__corrected_fdr__q<=0.05,selector_configuration,corrected_fdr,q<=0.05,,raw,catboost,native,11,"{""auto_class_weights"": ""Balanced"", ""depth"": 4, ""iterations"": 600, ""l2_leaf_reg"": 5.0, ""learning_rate"": 0.08}",3,832,208,29,20,Years_since_PD_diagnosis | Age | MCATOT | FRZGT12M | SCAU14 | SCAU16 | GDS_TOTAL | NQ_GAUSSIAN_REVISION | NP1RTOT | NP1SLPD | NP1URIN | NP3GAIT_COMBINED_MAX | NP3PSTBL_COMBINED_MAX | NHY_COMBINED_MAX | NP3TOT_COMBINED_MAX | NP4TOT | NP1CNST | FOG_FORM_MISSING | NQ_FORM_MISSING | PART_IV_FORM_MISSING | DOPTHERST_Missing | DOPTHERST_No | DOPTHERST_Yes | ANYFAMPD_Missing | ANYFAMPD_No | ANYFAMPD_Yes | DXBRADY_No | DXBRADY_Unknown | DXBRADY_Yes,0.8164560420009366,0.5469632637421046,0.574739742804654,0.6538461538461539,0.7394366197183099,0.43478260869565216,0.55,0.43478260869565216
42,direct,2,SEL_06,raw__corrected_fdr__q<=0.05,selector_configuration,corrected_fdr,q<=0.05,,raw,catboost,native,11,"{""auto_class_weights"": ""Balanced"", ""depth"": 4, ""iterations"": 600, ""l2_leaf_reg"": 5.0, ""learning_rate"": 0.08}",4,832,208,29,20,Years_since_PD_diagnosis | Age | MCATOT | FRZGT12M | SCAU14 | SCAU16 | GDS_TOTAL | NQ_GAUSSIAN_REVISION | NP1RTOT | NP1SLPD | NP1URIN | NP3GAIT_COMBINED_MAX | NP3PSTBL_COMBINED_MAX | NHY_COMBINED_MAX | NP3TOT_COMBINED_MAX | NP4TOT | NP1CNST | FOG_FORM_MISSING | NQ_FORM_MISSING | PART_IV_FORM_MISSING | DOPTHERST_Missing | DOPTHERST_No | DOPTHERST_Yes | FEATPOSHYP_No | FEATPOSHYP_Uncertain | FEATPOSHYP_Yes | ANYFAMPD_Missing | ANYFAMPD_No | ANYFAMPD_Yes,0.5758375000004889,0.4884649873644738,0.5002449479485609,0.6394230769230769,0.7746478873239436,0.32608695652173914,0.4,0.32608695652173914
42,direct,2,SEL_06,raw__corrected_fdr__q<=0.05,selector_configuration,corrected_fdr,q<=0.05,,raw,catboost,native,12,"{""auto_class_weights"": null, ""depth"": 6, ""iterations"": 600, ""l2_leaf_reg"": 5.0, ""learning_rate"": 0.03}",0,832,208,29,20,Years_since_PD_diagnosis | Age | MCATOT | FRZGT12M | SCAU14 | SCAU16 | GDS_TOTAL | NQ_GAUSSIAN_REVISION | NP1RTOT | NP1SLPD | NP1URIN | NP3GAIT_COMBINED_MAX | NP3PSTBL_COMBINED_MAX | NHY_COMBINED_MAX | NP3TOT_COMBINED_MAX | NP4TOT | NP1CNST | FOG_FORM_MISSING | NQ_FORM_MISSING | PART_IV_FORM_MISSING | DOPTHERST_Missing | DOPTHERST_No | DOPTHERST_Yes | FEATPOSHYP_No | FEATPOSHYP_Uncertain | FEATPOSHYP_Yes | ANYFAMPD_Missing | ANYFAMPD_No | ANYFAMPD_Yes,1.5195912499984843,0.5038773404098481,0.4827894327894328,0.7259615384615384,0.965034965034965,0.13333333333333333,0.35,0.13333333333333333
42,direct,2,SEL_06,raw__corrected_fdr__q<=0.05,selector_configuration,corrected_fdr,q<=0.05,,raw,catboost,native,12,"{""auto_class_weights"": null, ""depth"": 6, ""iterations"": 600, ""l2_leaf_reg"": 5.0, ""learning_rate"": 0.03}",1,832,208,29,20,Years_since_PD_diagnosis | Age | MCATOT | FRZGT12M | SCAU14 | SCAU16 | GDS_TOTAL | NQ_GAUSSIAN_REVISION | NP1RTOT | NP1SLPD | NP1URIN | NP3GAIT_COMBINED_MAX | NP3PSTBL_COMBINED_MAX | NHY_COMBINED_MAX | NP3TOT_COMBINED_MAX | NP4TOT | NP1CNST | FOG_FORM_MISSING | NQ_FORM_MISSING | PART_IV_FORM_MISSING | DOPTHERST_Missing | DOPTHERST_No | DOPTHERST_Yes | FEATPOSHYP_No | FEATPOSHYP_Uncertain | FEATPOSHYP_Yes | ANYFAMPD_Missing | ANYFAMPD_No | ANYFAMPD_Yes,1.3510434170020744,0.46978665680108517,0.4506993006993007,0.6875,0.9020979020979021,0.2,0.25,0.2
42,direct,2,SEL_06,raw__corrected_fdr__q<=0.05,selector_configuration,corrected_fdr,q<=0.05,,raw,catboost,native,12,"{""auto_class_weights"": null, ""depth"": 6, ""iterations"": 600, ""l2_leaf_reg"": 5.0, ""learning_rate"": 0.03}",2,832,208,29,20,Years_since_PD_diagnosis | Age | MCATOT | FRZGT12M | SCAU14 | SCAU16 | GDS_TOTAL | NQ_GAUSSIAN_REVISION | NP1RTOT | NP1SLPD | NP1URIN | NP3GAIT_COMBINED_MAX | NP3PSTBL_COMBINED_MAX | NHY_COMBINED_MAX | NP3TOT_COMBINED_MAX | NP4TOT | NP1CNST | FOG_FORM_MISSING | NQ_FORM_MISSING | PART_IV_FORM_MISSING | DOPTHERST_Missing | DOPTHERST_No | DOPTHERST_Yes | FEATPOSHYP_No | FEATPOSHYP_Uncertain | FEATPOSHYP_Yes | ANYFAMPD_Missing | ANYFAMPD_No | ANYFAMPD_Yes,1.330399458998727,0.49861641626347514,0.4791713242417468,0.7115384615384616,0.9295774647887324,0.2222222222222222,0.2857142857142857,0.2222222222222222
42,direct,2,SEL_06,raw__corrected_fdr__q<=0.05,selector_configuration,corrected_fdr,q<=0.05,,raw,catboost,native,12,"{""auto_class_weights"": null, ""depth"": 6, ""iterations"": 600, ""l2_leaf_reg"": 5.0, ""learning_rate"": 0.03}",3,832,208,29,20,Years_since_PD_diagnosis | Age | MCATOT | FRZGT12M | SCAU14 | SCAU16 | GDS_TOTAL | NQ_GAUSSIAN_REVISION | NP1RTOT | NP1SLPD | NP1URIN | NP3GAIT_COMBINED_MAX | NP3PSTBL_COMBINED_MAX | NHY_COMBINED_MAX | NP3TOT_COMBINED_MAX | NP4TOT | NP1CNST | FOG_FORM_MISSING | NQ_FORM_MISSING | PART_IV_FORM_MISSING | DOPTHERST_Missing | DOPTHERST_No | DOPTHERST_Yes | ANYFAMPD_Missing | ANYFAMPD_No | ANYFAMPD_Yes | DXBRADY_No | DXBRADY_Unknown | DXBRADY_Yes,1.4251184999993711,0.5622617686296931,0.5301183915084712,0.75,0.9577464788732394,0.2826086956521739,0.35,0.2826086956521739
42,direct,2,SEL_06,raw__corrected_fdr__q<=0.05,selector_configuration,corrected_fdr,q<=0.05,,raw,catboost,native,12,"{""auto_class_weights"": null, ""depth"": 6, ""iterations"": 600, ""l2_leaf_reg"": 5.0, ""learning_rate"": 0.03}",4,832,208,29,20,Years_since_PD_diagnosis | Age | MCATOT | FRZGT12M | SCAU14 | SCAU16 | GDS_TOTAL | NQ_GAUSSIAN_REVISION | NP1RTOT | NP1SLPD | NP1URIN | NP3GAIT_COMBINED_MAX | NP3PSTBL_COMBINED_MAX | NHY_COMBINED_MAX | NP3TOT_COMBINED_MAX | NP4TOT | NP1CNST | FOG_FORM_MISSING | NQ_FORM_MISSING | PART_IV_FORM_MISSING | DOPTHERST_Missing | DOPTHERST_No | DOPTHERST_Yes | FEATPOSHYP_No | FEATPOSHYP_Uncertain | FEATPOSHYP_Yes | ANYFAMPD_Missing | ANYFAMPD_No | ANYFAMPD_Yes,1.2902851250000822,0.44627938131774453,0.44606042049397837,0.7067307692307693,0.9577464788732394,0.13043478260869565,0.25,0.13043478260869565
42,direct,2,SEL_06,raw__corrected_fdr__q<=0.05,selector_configuration,corrected_fdr,q<=0.05,,raw,catboost,native,13,"{""auto_class_weights"": ""Balanced"", ""depth"": 6, ""iterations"": 600, ""l2_leaf_reg"": 5.0, ""learning_rate"": 0.03}",0,832,208,29,20,Years_since_PD_diagnosis | Age | MCATOT | FRZGT12M | SCAU14 | SCAU16 | GDS_TOTAL | NQ_GAUSSIAN_REVISION | NP1RTOT | NP1SLPD | NP1URIN | NP3GAIT_COMBINED_MAX | NP3PSTBL_COMBINED_MAX | NHY_COMBINED_MAX | NP3TOT_COMBINED_MAX | NP4TOT | NP1CNST | FOG_FORM_MISSING | NQ_FORM_MISSING | PART_IV_FORM_MISSING | DOPTHERST_Missing | DOPTHERST_No | DOPTHERST_Yes | FEATPOSHYP_No | FEATPOSHYP_Uncertain | FEATPOSHYP_Yes | ANYFAMPD_Missing | ANYFAMPD_No | ANYFAMPD_Yes,1.3431176660014899,0.5908792740342595,0.5924889924889926,0.6682692307692307,0.7552447552447552,0.4222222222222222,0.6,0.4222222222222222
42,direct,2,SEL_06,raw__corrected_fdr__q<=0.05,selector_configuration,corrected_fdr,q<=0.05,,raw,catboost,native,13,"{""auto_class_weights"": ""Balanced"", ""depth"": 6, ""iterations"": 600, ""l2_leaf_reg"": 5.0, ""learning_rate"": 0.03}",1,832,208,29,20,Years_since_PD_diagnosis | Age | MCATOT | FRZGT12M | SCAU14 | SCAU16 | GDS_TOTAL | NQ_GAUSSIAN_REVISION | NP1RTOT | NP1SLPD | NP1URIN | NP3GAIT_COMBINED_MAX | NP3PSTBL_COMBINED_MAX | NHY_COMBINED_MAX | NP3TOT_COMBINED_MAX | NP4TOT | NP1CNST | FOG_FORM_MISSING | NQ_FORM_MISSING | PART_IV_FORM_MISSING | DOPTHERST_Missing | DOPTHERST_No | DOPTHERST_Yes | FEATPOSHYP_No | FEATPOSHYP_Uncertain | FEATPOSHYP_Yes | ANYFAMPD_Missing | ANYFAMPD_No | ANYFAMPD_Yes,1.3475081249998766,0.5086048798335278,0.5344081844081844,0.6057692307692307,0.6643356643356644,0.4888888888888889,0.45,0.4888888888888889
42,direct,2,SEL_06,raw__corrected_fdr__q<=0.05,selector_configuration,corrected_fdr,q<=0.05,,raw,catboost,native,13,"{""auto_class_weights"": ""Balanced"", ""depth"": 6, ""iterations"": 600, ""l2_leaf_reg"": 5.0, ""learning_rate"": 0.03}",2,832,208,29,20,Years_since_PD_diagnosis | Age | MCATOT | FRZGT12M | SCAU14 | SCAU16 | GDS_TOTAL | NQ_GAUSSIAN_REVISION | NP1RTOT | NP1SLPD | NP1URIN | NP3GAIT_COMBINED_MAX | NP3PSTBL_COMBINED_MAX | NHY_COMBINED_MAX | NP3TOT_COMBINED_MAX | NP4TOT | NP1CNST | FOG_FORM_MISSING | NQ_FORM_MISSING | PART_IV_FORM_MISSING | DOPTHERST_Missing | DOPTHERST_No | DOPTHERST_Yes | FEATPOSHYP_No | FEATPOSHYP_Uncertain | FEATPOSHYP_Yes | ANYFAMPD_Missing | ANYFAMPD_No | ANYFAMPD_Yes,1.3646965410007397,0.5520243344725937,0.5678068410462777,0.6682692307692307,0.7605633802816901,0.4666666666666667,0.47619047619047616,0.4666666666666667
42,direct,2,SEL_06,raw__corrected_fdr__q<=0.05,selector_configuration,corrected_fdr,q<=0.05,,raw,catboost,native,13,"{""auto_class_weights"": ""Balanced"", ""depth"": 6, ""iterations"": 600, ""l2_leaf_reg"": 5.0, ""learning_rate"": 0.03}",3,832,208,29,20,Years_since_PD_diagnosis | Age | MCATOT | FRZGT12M | SCAU14 | SCAU16 | GDS_TOTAL | NQ_GAUSSIAN_REVISION | NP1RTOT | NP1SLPD | NP1URIN | NP3GAIT_COMBINED_MAX | NP3PSTBL_COMBINED_MAX | NHY_COMBINED_MAX | NP3TOT_COMBINED_MAX | NP4TOT | NP1CNST | FOG_FORM_MISSING | NQ_FORM_MISSING | PART_IV_FORM_MISSING | DOPTHERST_Missing | DOPTHERST_No | DOPTHERST_Yes | ANYFAMPD_Missing | ANYFAMPD_No | ANYFAMPD_Yes | DXBRADY_No | DXBRADY_Unknown | DXBRADY_Yes,1.4403347919978842,0.5024841551187024,0.5273219024290671,0.6153846153846154,0.6971830985915493,0.43478260869565216,0.45,0.43478260869565216
42,direct,2,SEL_06,raw__corrected_fdr__q<=0.05,selector_configuration,corrected_fdr,q<=0.05,,raw,catboost,native,13,"{""auto_class_weights"": ""Balanced"", ""depth"": 6, ""iterations"": 600, ""l2_leaf_reg"": 5.0, ""learning_rate"": 0.03}",4,832,208,29,20,Years_since_PD_diagnosis | Age | MCATOT | FRZGT12M | SCAU14 | SCAU16 | GDS_TOTAL | NQ_GAUSSIAN_REVISION | NP1RTOT | NP1SLPD | NP1URIN | NP3GAIT_COMBINED_MAX | NP3PSTBL_COMBINED_MAX | NHY_COMBINED_MAX | NP3TOT_COMBINED_MAX | NP4TOT | NP1CNST | FOG_FORM_MISSING | NQ_FORM_MISSING | PART_IV_FORM_MISSING | DOPTHERST_Missing | DOPTHERST_No | DOPTHERST_Yes | FEATPOSHYP_No | FEATPOSHYP_Uncertain | FEATPOSHYP_Yes | ANYFAMPD_Missing | ANYFAMPD_No | ANYFAMPD_Yes,1.3374199579993729,0.4979837591602298,0.5194631557460706,0.6394230769230769,0.7605633802816901,0.34782608695652173,0.45,0.34782608695652173
42,direct,2,SEL_06,raw__corrected_fdr__q<=0.05,selector_configuration,corrected_fdr,q<=0.05,,raw,catboost,native,14,"{""auto_class_weights"": null, ""depth"": 6, ""iterations"": 600, ""l2_leaf_reg"": 5.0, ""learning_rate"": 0.08}",0,832,208,29,20,Years_since_PD_diagnosis | Age | MCATOT | FRZGT12M | SCAU14 | SCAU16 | GDS_TOTAL | NQ_GAUSSIAN_REVISION | NP1RTOT | NP1SLPD | NP1URIN | NP3GAIT_COMBINED_MAX | NP3PSTBL_COMBINED_MAX | NHY_COMBINED_MAX | NP3TOT_COMBINED_MAX | NP4TOT | NP1CNST | FOG_FORM_MISSING | NQ_FORM_MISSING | PART_IV_FORM_MISSING | DOPTHERST_Missing | DOPTHERST_No | DOPTHERST_Yes | FEATPOSHYP_No | FEATPOSHYP_Uncertain | FEATPOSHYP_Yes | ANYFAMPD_Missing | ANYFAMPD_No | ANYFAMPD_Yes,1.3841640840000764,0.5374276261373035,0.5096089096089096,0.7307692307692307,0.951048951048951,0.17777777777777778,0.4,0.17777777777777778
42,direct,2,SEL_06,raw__corrected_fdr__q<=0.05,selector_configuration,corrected_fdr,q<=0.05,,raw,catboost,native,14,"{""auto_class_weights"": null, ""depth"": 6, ""iterations"": 600, ""l2_leaf_reg"": 5.0, ""learning_rate"": 0.08}",1,832,208,29,20,Years_since_PD_diagnosis | Age | MCATOT | FRZGT12M | SCAU14 | SCAU16 | GDS_TOTAL | NQ_GAUSSIAN_REVISION | NP1RTOT | NP1SLPD | NP1URIN | NP3GAIT_COMBINED_MAX | NP3PSTBL_COMBINED_MAX | NHY_COMBINED_MAX | NP3TOT_COMBINED_MAX | NP4TOT | NP1CNST | FOG_FORM_MISSING | NQ_FORM_MISSING | PART_IV_FORM_MISSING | DOPTHERST_Missing | DOPTHERST_No | DOPTHERST_Yes | FEATPOSHYP_No | FEATPOSHYP_Uncertain | FEATPOSHYP_Yes | ANYFAMPD_Missing | ANYFAMPD_No | ANYFAMPD_Yes,1.3497027910016186,0.4552837226039554,0.43671328671328674,0.6586538461538461,0.8601398601398601,0.2,0.25,0.2
42,direct,2,SEL_06,raw__corrected_fdr__q<=0.05,selector_configuration,corrected_fdr,q<=0.05,,raw,catboost,native,14,"{""auto_class_weights"": null, ""depth"": 6, ""iterations"": 600, ""l2_leaf_reg"": 5.0, ""learning_rate"": 0.08}",2,832,208,29,20,Years_since_PD_diagnosis | Age | MCATOT | FRZGT12M | SCAU14 | SCAU16 | GDS_TOTAL | NQ_GAUSSIAN_REVISION | NP1RTOT | NP1SLPD | NP1URIN | NP3GAIT_COMBINED_MAX | NP3PSTBL_COMBINED_MAX | NHY_COMBINED_MAX | NP3TOT_COMBINED_MAX | NP4TOT | NP1CNST | FOG_FORM_MISSING | NQ_FORM_MISSING | PART_IV_FORM_MISSING | DOPTHERST_Missing | DOPTHERST_No | DOPTHERST_Yes | FEATPOSHYP_No | FEATPOSHYP_Uncertain | FEATPOSHYP_Yes | ANYFAMPD_Missing | ANYFAMPD_No | ANYFAMPD_Yes,1.3359558330012078,0.47922478890004844,0.4602578433564349,0.6971153846153846,0.9014084507042254,0.28888888888888886,0.19047619047619047,0.28888888888888886
42,direct,2,SEL_06,raw__corrected_fdr__q<=0.05,selector_configuration,corrected_fdr,q<=0.05,,raw,catboost,native,14,"{""auto_class_weights"": null, ""depth"": 6, ""iterations"": 600, ""l2_leaf_reg"": 5.0, ""learning_rate"": 0.08}",3,832,208,29,20,Years_since_PD_diagnosis | Age | MCATOT | FRZGT12M | SCAU14 | SCAU16 | GDS_TOTAL | NQ_GAUSSIAN_REVISION | NP1RTOT | NP1SLPD | NP1URIN | NP3GAIT_COMBINED_MAX | NP3PSTBL_COMBINED_MAX | NHY_COMBINED_MAX | NP3TOT_COMBINED_MAX | NP4TOT | NP1CNST | FOG_FORM_MISSING | NQ_FORM_MISSING | PART_IV_FORM_MISSING | DOPTHERST_Missing | DOPTHERST_No | DOPTHERST_Yes | ANYFAMPD_Missing | ANYFAMPD_No | ANYFAMPD_Yes | DXBRADY_No | DXBRADY_Unknown | DXBRADY_Yes,1.334438042002148,0.5154521640278762,0.4848438456827924,0.7259615384615384,0.9436619718309859,0.2608695652173913,0.25,0.2608695652173913
42,direct,2,SEL_06,raw__corrected_fdr__q<=0.05,selector_configuration,corrected_fdr,q<=0.05,,raw,catboost,native,14,"{""auto_class_weights"": null, ""depth"": 6, ""iterations"": 600, ""l2_leaf_reg"": 5.0, ""learning_rate"": 0.08}",4,832,208,29,20,Years_since_PD_diagnosis | Age | MCATOT | FRZGT12M | SCAU14 | SCAU16 | GDS_TOTAL | NQ_GAUSSIAN_REVISION | NP1RTOT | NP1SLPD | NP1URIN | NP3GAIT_COMBINED_MAX | NP3PSTBL_COMBINED_MAX | NHY_COMBINED_MAX | NP3TOT_COMBINED_MAX | NP4TOT | NP1CNST | FOG_FORM_MISSING | NQ_FORM_MISSING | PART_IV_FORM_MISSING | DOPTHERST_Missing | DOPTHERST_No | DOPTHERST_Yes | FEATPOSHYP_No | FEATPOSHYP_Uncertain | FEATPOSHYP_Yes | ANYFAMPD_Missing | ANYFAMPD_No | ANYFAMPD_Yes,1.3925771669964888,0.4140690464219876,0.41551337007552563,0.6634615384615384,0.8943661971830986,0.15217391304347827,0.2,0.15217391304347827
42,direct,2,SEL_06,raw__corrected_fdr__q<=0.05,selector_configuration,corrected_fdr,q<=0.05,,raw,catboost,native,15,"{""auto_class_weights"": ""Balanced"", ""depth"": 6, ""iterations"": 600, ""l2_leaf_reg"": 5.0, ""learning_rate"": 0.08}",0,832,208,29,20,Years_since_PD_diagnosis | Age | MCATOT | FRZGT12M | SCAU14 | SCAU16 | GDS_TOTAL | NQ_GAUSSIAN_REVISION | NP1RTOT | NP1SLPD | NP1URIN | NP3GAIT_COMBINED_MAX | NP3PSTBL_COMBINED_MAX | NHY_COMBINED_MAX | NP3TOT_COMBINED_MAX | NP4TOT | NP1CNST | FOG_FORM_MISSING | NQ_FORM_MISSING | PART_IV_FORM_MISSING | DOPTHERST_Missing | DOPTHERST_No | DOPTHERST_Yes | FEATPOSHYP_No | FEATPOSHYP_Uncertain | FEATPOSHYP_Yes | ANYFAMPD_Missing | ANYFAMPD_No | ANYFAMPD_Yes,1.3637350000026345,0.5958611455687478,0.5853405853405853,0.7163461538461539,0.8671328671328671,0.28888888888888886,0.6,0.28888888888888886
42,direct,2,SEL_06,raw__corrected_fdr__q<=0.05,selector_configuration,corrected_fdr,q<=0.05,,raw,catboost,native,15,"{""auto_class_weights"": ""Balanced"", ""depth"": 6, ""iterations"": 600, ""l2_leaf_reg"": 5.0, ""learning_rate"": 0.08}",1,832,208,29,20,Years_since_PD_diagnosis | Age | MCATOT | FRZGT12M | SCAU14 | SCAU16 | GDS_TOTAL | NQ_GAUSSIAN_REVISION | NP1RTOT | NP1SLPD | NP1URIN | NP3GAIT_COMBINED_MAX | NP3PSTBL_COMBINED_MAX | NHY_COMBINED_MAX | NP3TOT_COMBINED_MAX | NP4TOT | NP1CNST | FOG_FORM_MISSING | NQ_FORM_MISSING | PART_IV_FORM_MISSING | DOPTHERST_Missing | DOPTHERST_No | DOPTHERST_Yes | FEATPOSHYP_No | FEATPOSHYP_Uncertain | FEATPOSHYP_Yes | ANYFAMPD_Missing | ANYFAMPD_No | ANYFAMPD_Yes,1.3337675000002491,0.5283805608574365,0.5332297332297332,0.6538461538461539,0.7552447552447552,0.4444444444444444,0.4,0.4444444444444444
42,direct,2,SEL_06,raw__corrected_fdr__q<=0.05,selector_configuration,corrected_fdr,q<=0.05,,raw,catboost,native,15,"{""auto_class_weights"": ""Balanced"", ""depth"": 6, ""iterations"": 600, ""l2_leaf_reg"": 5.0, ""learning_rate"": 0.08}",2,832,208,29,20,Years_since_PD_diagnosis | Age | MCATOT | FRZGT12M | SCAU14 | SCAU16 | GDS_TOTAL | NQ_GAUSSIAN_REVISION | NP1RTOT | NP1SLPD | NP1URIN | NP3GAIT_COMBINED_MAX | NP3PSTBL_COMBINED_MAX | NHY_COMBINED_MAX | NP3TOT_COMBINED_MAX | NP4TOT | NP1CNST | FOG_FORM_MISSING | NQ_FORM_MISSING | PART_IV_FORM_MISSING | DOPTHERST_Missing | DOPTHERST_No | DOPTHERST_Yes | FEATPOSHYP_No | FEATPOSHYP_Uncertain | FEATPOSHYP_Yes | ANYFAMPD_Missing | ANYFAMPD_No | ANYFAMPD_Yes,1.3488173330006248,0.5271355281959736,0.5203815485505626,0.6923076923076923,0.8309859154929577,0.4444444444444444,0.2857142857142857,0.4444444444444444
42,direct,2,SEL_06,raw__corrected_fdr__q<=0.05,selector_configuration,corrected_fdr,q<=0.05,,raw,catboost,native,15,"{""auto_class_weights"": ""Balanced"", ""depth"": 6, ""iterations"": 600, ""l2_leaf_reg"": 5.0, ""learning_rate"": 0.08}",3,832,208,29,20,Years_since_PD_diagnosis | Age | MCATOT | FRZGT12M | SCAU14 | SCAU16 | GDS_TOTAL | NQ_GAUSSIAN_REVISION | NP1RTOT | NP1SLPD | NP1URIN | NP3GAIT_COMBINED_MAX | NP3PSTBL_COMBINED_MAX | NHY_COMBINED_MAX | NP3TOT_COMBINED_MAX | NP4TOT | NP1CNST | FOG_FORM_MISSING | NQ_FORM_MISSING | PART_IV_FORM_MISSING | DOPTHERST_Missing | DOPTHERST_No | DOPTHERST_Yes | ANYFAMPD_Missing | ANYFAMPD_No | ANYFAMPD_Yes | DXBRADY_No | DXBRADY_Unknown | DXBRADY_Yes,1.3446080419998907,0.5699767822479351,0.5768218003674219,0.7067307692307693,0.823943661971831,0.45652173913043476,0.45,0.45652173913043476
42,direct,2,SEL_06,raw__corrected_fdr__q<=0.05,selector_configuration,corrected_fdr,q<=0.05,,raw,catboost,native,15,"{""auto_class_weights"": ""Balanced"", ""depth"": 6, ""iterations"": 600, ""l2_leaf_reg"": 5.0, ""learning_rate"": 0.08}",4,832,208,29,20,Years_since_PD_diagnosis | Age | MCATOT | FRZGT12M | SCAU14 | SCAU16 | GDS_TOTAL | NQ_GAUSSIAN_REVISION | NP1RTOT | NP1SLPD | NP1URIN | NP3GAIT_COMBINED_MAX | NP3PSTBL_COMBINED_MAX | NHY_COMBINED_MAX | NP3TOT_COMBINED_MAX | NP4TOT | NP1CNST | FOG_FORM_MISSING | NQ_FORM_MISSING | PART_IV_FORM_MISSING | DOPTHERST_Missing | DOPTHERST_No | DOPTHERST_Yes | FEATPOSHYP_No | FEATPOSHYP_Uncertain | FEATPOSHYP_Yes | ANYFAMPD_Missing | ANYFAMPD_No | ANYFAMPD_Yes,1.2872928329998103,0.47172375562171975,0.47374974484588694,0.6538461538461539,0.8169014084507042,0.30434782608695654,0.3,0.30434782608695654
42,stage_1,1,SEL_06,raw__corrected_fdr__q<=0.05,selector_configuration,corrected_fdr,q<=0.05,,raw,extra_trees,unscaled_dense,0,"{""class_weight"": null, ""max_depth"": null, ""min_samples_leaf"": 1, ""n_estimators"": 300}",0,832,208,29,20,Years_since_PD_diagnosis | Age | MCATOT | FRZGT12M | SCAU14 | SCAU16 | GDS_TOTAL | NQ_GAUSSIAN_REVISION | NP1RTOT | NP1SLPD | NP1URIN | NP3GAIT_COMBINED_MAX | NP3PSTBL_COMBINED_MAX | NHY_COMBINED_MAX | NP3TOT_COMBINED_MAX | NP4TOT | NP1CNST | FOG_FORM_MISSING | NQ_FORM_MISSING | PART_IV_FORM_MISSING | DOPTHERST_Missing | DOPTHERST_No | DOPTHERST_Yes | FEATPOSHYP_No | FEATPOSHYP_Uncertain | FEATPOSHYP_Yes | ANYFAMPD_Missing | ANYFAMPD_No | ANYFAMPD_Yes,0.2900620410000556,0.6580539098607276,0.6468531468531469,0.7451923076923077,0.9090909090909091,0.38461538461538464,,0.38461538461538464
42,stage_1,1,SEL_06,raw__corrected_fdr__q<=0.05,selector_configuration,corrected_fdr,q<=0.05,,raw,extra_trees,unscaled_dense,0,"{""class_weight"": null, ""max_depth"": null, ""min_samples_leaf"": 1, ""n_estimators"": 300}",1,832,208,29,20,Years_since_PD_diagnosis | Age | MCATOT | FRZGT12M | SCAU14 | SCAU16 | GDS_TOTAL | NQ_GAUSSIAN_REVISION | NP1RTOT | NP1SLPD | NP1URIN | NP3GAIT_COMBINED_MAX | NP3PSTBL_COMBINED_MAX | NHY_COMBINED_MAX | NP3TOT_COMBINED_MAX | NP4TOT | NP1CNST | FOG_FORM_MISSING | NQ_FORM_MISSING | PART_IV_FORM_MISSING | DOPTHERST_Missing | DOPTHERST_No | DOPTHERST_Yes | FEATPOSHYP_No | FEATPOSHYP_Uncertain | FEATPOSHYP_Yes | ANYFAMPD_Missing | ANYFAMPD_No | ANYFAMPD_Yes,0.2998583749977115,0.6369315571887919,0.6286713286713287,0.7259615384615384,0.8881118881118881,0.36923076923076925,,0.36923076923076925
42,stage_1,1,SEL_06,raw__corrected_fdr__q<=0.05,selector_configuration,corrected_fdr,q<=0.05,,raw,extra_trees,unscaled_dense,0,"{""class_weight"": null, ""max_depth"": null, ""min_samples_leaf"": 1, ""n_estimators"": 300}",2,832,208,29,20,Years_since_PD_diagnosis | Age | MCATOT | FRZGT12M | SCAU14 | SCAU16 | GDS_TOTAL | NQ_GAUSSIAN_REVISION | NP1RTOT | NP1SLPD | NP1URIN | NP3GAIT_COMBINED_MAX | NP3PSTBL_COMBINED_MAX | NHY_COMBINED_MAX | NP3TOT_COMBINED_MAX | NP4TOT | NP1CNST | FOG_FORM_MISSING | NQ_FORM_MISSING | PART_IV_FORM_MISSING | DOPTHERST_Missing | DOPTHERST_No | DOPTHERST_Yes | ANYFAMPD_Missing | ANYFAMPD_No | ANYFAMPD_Yes | DXBRADY_No | DXBRADY_Unknown | DXBRADY_Yes,0.25248758399902727,0.6705615157039118,0.6593043107127614,0.7451923076923077,0.8943661971830986,0.42424242424242425,,0.42424242424242425
42,stage_1,1,SEL_06,raw__corrected_fdr__q<=0.05,selector_configuration,corrected_fdr,q<=0.05,,raw,extra_trees,unscaled_dense,0,"{""class_weight"": null, ""max_depth"": null, ""min_samples_leaf"": 1, ""n_estimators"": 300}",3,832,208,29,20,Years_since_PD_diagnosis | Age | MCATOT | FRZGT12M | SCAU14 | SCAU16 | GDS_TOTAL | NQ_GAUSSIAN_REVISION | NP1RTOT | NP1SLPD | NP1URIN | NP3GAIT_COMBINED_MAX | NP3PSTBL_COMBINED_MAX | NHY_COMBINED_MAX | NP3TOT_COMBINED_MAX | NP4TOT | NP1CNST | FOG_FORM_MISSING | NQ_FORM_MISSING | PART_IV_FORM_MISSING | DOPTHERST_Missing | DOPTHERST_No | DOPTHERST_Yes | ANYFAMPD_Missing | ANYFAMPD_No | ANYFAMPD_Yes | DXBRADY_No | DXBRADY_Unknown | DXBRADY_Yes,0.2984303330013063,0.6623376623376623,0.6517285531370038,0.7403846153846154,0.8943661971830986,0.4090909090909091,,0.4090909090909091
42,stage_1,1,SEL_06,raw__corrected_fdr__q<=0.05,selector_configuration,corrected_fdr,q<=0.05,,raw,extra_trees,unscaled_dense,0,"{""class_weight"": null, ""max_depth"": null, ""min_samples_leaf"": 1, ""n_estimators"": 300}",4,832,208,29,20,Years_since_PD_diagnosis | Age | MCATOT | FRZGT12M | SCAU14 | SCAU16 | GDS_TOTAL | NQ_GAUSSIAN_REVISION | NP1RTOT | NP1SLPD | NP1URIN | NP3GAIT_COMBINED_MAX | NP3PSTBL_COMBINED_MAX | NHY_COMBINED_MAX | NP3TOT_COMBINED_MAX | NP4TOT | NP1CNST | FOG_FORM_MISSING | NQ_FORM_MISSING | PART_IV_FORM_MISSING | DOPTHERST_Missing | DOPTHERST_No | DOPTHERST_Yes | FEATPOSHYP_No | FEATPOSHYP_Uncertain | FEATPOSHYP_Yes | ANYFAMPD_Missing | ANYFAMPD_No | ANYFAMPD_Yes,0.23723570899892366,0.6414118501043462,0.6330559112249253,0.7259615384615384,0.8873239436619719,0.3787878787878788,,0.3787878787878788
42,stage_1,1,SEL_06,raw__corrected_fdr__q<=0.05,selector_configuration,corrected_fdr,q<=0.05,,raw,extra_trees,unscaled_dense,1,"{""class_weight"": null, ""max_depth"": null, ""min_samples_leaf"": 5, ""n_estimators"": 300}",0,832,208,29,20,Years_since_PD_diagnosis | Age | MCATOT | FRZGT12M | SCAU14 | SCAU16 | GDS_TOTAL | NQ_GAUSSIAN_REVISION | NP1RTOT | NP1SLPD | NP1URIN | NP3GAIT_COMBINED_MAX | NP3PSTBL_COMBINED_MAX | NHY_COMBINED_MAX | NP3TOT_COMBINED_MAX | NP4TOT | NP1CNST | FOG_FORM_MISSING | NQ_FORM_MISSING | PART_IV_FORM_MISSING | DOPTHERST_Missing | DOPTHERST_No | DOPTHERST_Yes | FEATPOSHYP_No | FEATPOSHYP_Uncertain | FEATPOSHYP_Yes | ANYFAMPD_Missing | ANYFAMPD_No | ANYFAMPD_Yes,0.2911253329984902,0.6248565338580094,0.618881118881119,0.7355769230769231,0.9300699300699301,0.3076923076923077,,0.3076923076923077
42,stage_1,1,SEL_06,raw__corrected_fdr__q<=0.05,selector_configuration,corrected_fdr,q<=0.05,,raw,extra_trees,unscaled_dense,1,"{""class_weight"": null, ""max_depth"": null, ""min_samples_leaf"": 5, ""n_estimators"": 300}",1,832,208,29,20,Years_since_PD_diagnosis | Age | MCATOT | FRZGT12M | SCAU14 | SCAU16 | GDS_TOTAL | NQ_GAUSSIAN_REVISION | NP1RTOT | NP1SLPD | NP1URIN | NP3GAIT_COMBINED_MAX | NP3PSTBL_COMBINED_MAX | NHY_COMBINED_MAX | NP3TOT_COMBINED_MAX | NP4TOT | NP1CNST | FOG_FORM_MISSING | NQ_FORM_MISSING | PART_IV_FORM_MISSING | DOPTHERST_Missing | DOPTHERST_No | DOPTHERST_Yes | FEATPOSHYP_No | FEATPOSHYP_Uncertain | FEATPOSHYP_Yes | ANYFAMPD_Missing | ANYFAMPD_No | ANYFAMPD_Yes,0.29125883300002897,0.6322466577747449,0.6244755244755245,0.7259615384615384,0.8951048951048951,0.35384615384615387,,0.35384615384615387
42,stage_1,1,SEL_06,raw__corrected_fdr__q<=0.05,selector_configuration,corrected_fdr,q<=0.05,,raw,extra_trees,unscaled_dense,1,"{""class_weight"": null, ""max_depth"": null, ""min_samples_leaf"": 5, ""n_estimators"": 300}",2,832,208,29,20,Years_since_PD_diagnosis | Age | MCATOT | FRZGT12M | SCAU14 | SCAU16 | GDS_TOTAL | NQ_GAUSSIAN_REVISION | NP1RTOT | NP1SLPD | NP1URIN | NP3GAIT_COMBINED_MAX | NP3PSTBL_COMBINED_MAX | NHY_COMBINED_MAX | NP3TOT_COMBINED_MAX | NP4TOT | NP1CNST | FOG_FORM_MISSING | NQ_FORM_MISSING | PART_IV_FORM_MISSING | DOPTHERST_Missing | DOPTHERST_No | DOPTHERST_Yes | ANYFAMPD_Missing | ANYFAMPD_No | ANYFAMPD_Yes | DXBRADY_No | DXBRADY_Unknown | DXBRADY_Yes,0.24142333299823804,0.700627775225846,0.6844857020913359,0.7740384615384616,0.9295774647887324,0.4393939393939394,,0.4393939393939394
42,stage_1,1,SEL_06,raw__corrected_fdr__q<=0.05,selector_configuration,corrected_fdr,q<=0.05,,raw,extra_trees,unscaled_dense,1,"{""class_weight"": null, ""max_depth"": null, ""min_samples_leaf"": 5, ""n_estimators"": 300}",3,832,208,29,20,Years_since_PD_diagnosis | Age | MCATOT | FRZGT12M | SCAU14 | SCAU16 | GDS_TOTAL | NQ_GAUSSIAN_REVISION | NP1RTOT | NP1SLPD | NP1URIN | NP3GAIT_COMBINED_MAX | NP3PSTBL_COMBINED_MAX | NHY_COMBINED_MAX | NP3TOT_COMBINED_MAX | NP4TOT | NP1CNST | FOG_FORM_MISSING | NQ_FORM_MISSING | PART_IV_FORM_MISSING | DOPTHERST_Missing | DOPTHERST_No | DOPTHERST_Yes | ANYFAMPD_Missing | ANYFAMPD_No | ANYFAMPD_Yes | DXBRADY_No | DXBRADY_Unknown | DXBRADY_Yes,0.28273670799899264,0.7096684140326933,0.6915279556124626,0.7836538461538461,0.9436619718309859,0.4393939393939394,,0.4393939393939394
42,stage_1,1,SEL_06,raw__corrected_fdr__q<=0.05,selector_configuration,corrected_fdr,q<=0.05,,raw,extra_trees,unscaled_dense,1,"{""class_weight"": null, ""max_depth"": null, ""min_samples_leaf"": 5, ""n_estimators"": 300}",4,832,208,29,20,Years_since_PD_diagnosis | Age | MCATOT | FRZGT12M | SCAU14 | SCAU16 | GDS_TOTAL | NQ_GAUSSIAN_REVISION | NP1RTOT | NP1SLPD | NP1URIN | NP3GAIT_COMBINED_MAX | NP3PSTBL_COMBINED_MAX | NHY_COMBINED_MAX | NP3TOT_COMBINED_MAX | NP4TOT | NP1CNST | FOG_FORM_MISSING | NQ_FORM_MISSING | PART_IV_FORM_MISSING | DOPTHERST_Missing | DOPTHERST_No | DOPTHERST_Yes | FEATPOSHYP_No | FEATPOSHYP_Uncertain | FEATPOSHYP_Yes | ANYFAMPD_Missing | ANYFAMPD_No | ANYFAMPD_Yes,0.23756541699913214,0.649306856500562,0.6395646606914213,0.7403846153846154,0.9154929577464789,0.36363636363636365,,0.36363636363636365
42,stage_1,1,SEL_06,raw__corrected_fdr__q<=0.05,selector_configuration,corrected_fdr,q<=0.05,,raw,extra_trees,unscaled_dense,2,"{""class_weight"": null, ""max_depth"": 6, ""min_samples_leaf"": 1, ""n_estimators"": 300}",0,832,208,29,20,Years_since_PD_diagnosis | Age | MCATOT | FRZGT12M | SCAU14 | SCAU16 | GDS_TOTAL | NQ_GAUSSIAN_REVISION | NP1RTOT | NP1SLPD | NP1URIN | NP3GAIT_COMBINED_MAX | NP3PSTBL_COMBINED_MAX | NHY_COMBINED_MAX | NP3TOT_COMBINED_MAX | NP4TOT | NP1CNST | FOG_FORM_MISSING | NQ_FORM_MISSING | PART_IV_FORM_MISSING | DOPTHERST_Missing | DOPTHERST_No | DOPTHERST_Yes | FEATPOSHYP_No | FEATPOSHYP_Uncertain | FEATPOSHYP_Yes | ANYFAMPD_Missing | ANYFAMPD_No | ANYFAMPD_Yes,0.28945924999788986,0.611214953271028,0.6076923076923078,0.7259615384615384,0.9230769230769231,0.2923076923076923,,0.2923076923076923
42,stage_1,1,SEL_06,raw__corrected_fdr__q<=0.05,selector_configuration,corrected_fdr,q<=0.05,,raw,extra_trees,unscaled_dense,2,"{""class_weight"": null, ""max_depth"": 6, ""min_samples_leaf"": 1, ""n_estimators"": 300}",1,832,208,29,20,Years_since_PD_diagnosis | Age | MCATOT | FRZGT12M | SCAU14 | SCAU16 | GDS_TOTAL | NQ_GAUSSIAN_REVISION | NP1RTOT | NP1SLPD | NP1URIN | NP3GAIT_COMBINED_MAX | NP3PSTBL_COMBINED_MAX | NHY_COMBINED_MAX | NP3TOT_COMBINED_MAX | NP4TOT | NP1CNST | FOG_FORM_MISSING | NQ_FORM_MISSING | PART_IV_FORM_MISSING | DOPTHERST_Missing | DOPTHERST_No | DOPTHERST_Yes | FEATPOSHYP_No | FEATPOSHYP_Uncertain | FEATPOSHYP_Yes | ANYFAMPD_Missing | ANYFAMPD_No | ANYFAMPD_Yes,0.28908654200131423,0.5702902115100836,0.5741258741258741,0.6971153846153846,0.9020979020979021,0.24615384615384617,,0.24615384615384617
42,stage_1,1,SEL_06,raw__corrected_fdr__q<=0.05,selector_configuration,corrected_fdr,q<=0.05,,raw,extra_trees,unscaled_dense,2,"{""class_weight"": null, ""max_depth"": 6, ""min_samples_leaf"": 1, ""n_estimators"": 300}",2,832,208,29,20,Years_since_PD_diagnosis | Age | MCATOT | FRZGT12M | SCAU14 | SCAU16 | GDS_TOTAL | NQ_GAUSSIAN_REVISION | NP1RTOT | NP1SLPD | NP1URIN | NP3GAIT_COMBINED_MAX | NP3PSTBL_COMBINED_MAX | NHY_COMBINED_MAX | NP3TOT_COMBINED_MAX | NP4TOT | NP1CNST | FOG_FORM_MISSING | NQ_FORM_MISSING | PART_IV_FORM_MISSING | DOPTHERST_Missing | DOPTHERST_No | DOPTHERST_Yes | ANYFAMPD_Missing | ANYFAMPD_No | ANYFAMPD_Yes | DXBRADY_No | DXBRADY_Unknown | DXBRADY_Yes,0.23647574999995413,0.6882727613338329,0.6728553137003841,0.7692307692307693,0.9366197183098591,0.4090909090909091,,0.4090909090909091
42,stage_1,1,SEL_06,raw__corrected_fdr__q<=0.05,selector_configuration,corrected_fdr,q<=0.05,,raw,extra_trees,unscaled_dense,2,"{""class_weight"": null, ""max_depth"": 6, ""min_samples_leaf"": 1, ""n_estimators"": 300}",3,832,208,29,20,Years_since_PD_diagnosis | Age | MCATOT | FRZGT12M | SCAU14 | SCAU16 | GDS_TOTAL | NQ_GAUSSIAN_REVISION | NP1RTOT | NP1SLPD | NP1URIN | NP3GAIT_COMBINED_MAX | NP3PSTBL_COMBINED_MAX | NHY_COMBINED_MAX | NP3TOT_COMBINED_MAX | NP4TOT | NP1CNST | FOG_FORM_MISSING | NQ_FORM_MISSING | PART_IV_FORM_MISSING | DOPTHERST_Missing | DOPTHERST_No | DOPTHERST_Yes | ANYFAMPD_Missing | ANYFAMPD_No | ANYFAMPD_Yes | DXBRADY_No | DXBRADY_Unknown | DXBRADY_Yes,0.28588133299854235,0.7012613962782566,0.683952198036705,0.7788461538461539,0.9436619718309859,0.42424242424242425,,0.42424242424242425
42,stage_1,1,SEL_06,raw__corrected_fdr__q<=0.05,selector_configuration,corrected_fdr,q<=0.05,,raw,extra_trees,unscaled_dense,2,"{""class_weight"": null, ""max_depth"": 6, ""min_samples_leaf"": 1, ""n_estimators"": 300}",4,832,208,29,20,Years_since_PD_diagnosis | Age | MCATOT | FRZGT12M | SCAU14 | SCAU16 | GDS_TOTAL | NQ_GAUSSIAN_REVISION | NP1RTOT | NP1SLPD | NP1URIN | NP3GAIT_COMBINED_MAX | NP3PSTBL_COMBINED_MAX | NHY_COMBINED_MAX | NP3TOT_COMBINED_MAX | NP4TOT | NP1CNST | FOG_FORM_MISSING | NQ_FORM_MISSING | PART_IV_FORM_MISSING | DOPTHERST_Missing | DOPTHERST_No | DOPTHERST_Yes | FEATPOSHYP_No | FEATPOSHYP_Uncertain | FEATPOSHYP_Yes | ANYFAMPD_Missing | ANYFAMPD_No | ANYFAMPD_Yes,0.23595129200111842,0.6529328712617123,0.6425522833973538,0.75,0.9366197183098591,0.3484848484848485,,0.3484848484848485
42,stage_1,1,SEL_06,raw__corrected_fdr__q<=0.05,selector_configuration,corrected_fdr,q<=0.05,,raw,extra_trees,unscaled_dense,3,"{""class_weight"": null, ""max_depth"": 6, ""min_samples_leaf"": 5, ""n_estimators"": 300}",0,832,208,29,20,Years_since_PD_diagnosis | Age | MCATOT | FRZGT12M | SCAU14 | SCAU16 | GDS_TOTAL | NQ_GAUSSIAN_REVISION | NP1RTOT | NP1SLPD | NP1URIN | NP3GAIT_COMBINED_MAX | NP3PSTBL_COMBINED_MAX | NHY_COMBINED_MAX | NP3TOT_COMBINED_MAX | NP4TOT | NP1CNST | FOG_FORM_MISSING | NQ_FORM_MISSING | PART_IV_FORM_MISSING | DOPTHERST_Missing | DOPTHERST_No | DOPTHERST_Yes | FEATPOSHYP_No | FEATPOSHYP_Uncertain | FEATPOSHYP_Yes | ANYFAMPD_Missing | ANYFAMPD_No | ANYFAMPD_Yes,0.2848567920009373,0.6231884057971014,0.6181818181818182,0.7403846153846154,0.9440559440559441,0.2923076923076923,,0.2923076923076923
42,stage_1,1,SEL_06,raw__corrected_fdr__q<=0.05,selector_configuration,corrected_fdr,q<=0.05,,raw,extra_trees,unscaled_dense,3,"{""class_weight"": null, ""max_depth"": 6, ""min_samples_leaf"": 5, ""n_estimators"": 300}",1,832,208,29,20,Years_since_PD_diagnosis | Age | MCATOT | FRZGT12M | SCAU14 | SCAU16 | GDS_TOTAL | NQ_GAUSSIAN_REVISION | NP1RTOT | NP1SLPD | NP1URIN | NP3GAIT_COMBINED_MAX | NP3PSTBL_COMBINED_MAX | NHY_COMBINED_MAX | NP3TOT_COMBINED_MAX | NP4TOT | NP1CNST | FOG_FORM_MISSING | NQ_FORM_MISSING | PART_IV_FORM_MISSING | DOPTHERST_Missing | DOPTHERST_No | DOPTHERST_Yes | FEATPOSHYP_No | FEATPOSHYP_Uncertain | FEATPOSHYP_Yes | ANYFAMPD_Missing | ANYFAMPD_No | ANYFAMPD_Yes,0.28619370899832575,0.5876833619664332,0.5888111888111888,0.7115384615384616,0.916083916083916,0.26153846153846155,,0.26153846153846155
42,stage_1,1,SEL_06,raw__corrected_fdr__q<=0.05,selector_configuration,corrected_fdr,q<=0.05,,raw,extra_trees,unscaled_dense,3,"{""class_weight"": null, ""max_depth"": 6, ""min_samples_leaf"": 5, ""n_estimators"": 300}",2,832,208,29,20,Years_since_PD_diagnosis | Age | MCATOT | FRZGT12M | SCAU14 | SCAU16 | GDS_TOTAL | NQ_GAUSSIAN_REVISION | NP1RTOT | NP1SLPD | NP1URIN | NP3GAIT_COMBINED_MAX | NP3PSTBL_COMBINED_MAX | NHY_COMBINED_MAX | NP3TOT_COMBINED_MAX | NP4TOT | NP1CNST | FOG_FORM_MISSING | NQ_FORM_MISSING | PART_IV_FORM_MISSING | DOPTHERST_Missing | DOPTHERST_No | DOPTHERST_Yes | ANYFAMPD_Missing | ANYFAMPD_No | ANYFAMPD_Yes | DXBRADY_No | DXBRADY_Unknown | DXBRADY_Yes,0.24635316700005205,0.6752381862791957,0.6612249253094323,0.7644230769230769,0.9436619718309859,0.3787878787878788,,0.3787878787878788
42,stage_1,1,SEL_06,raw__corrected_fdr__q<=0.05,selector_configuration,corrected_fdr,q<=0.05,,raw,extra_trees,unscaled_dense,3,"{""class_weight"": null, ""max_depth"": 6, ""min_samples_leaf"": 5, ""n_estimators"": 300}",3,832,208,29,20,Years_since_PD_diagnosis | Age | MCATOT | FRZGT12M | SCAU14 | SCAU16 | GDS_TOTAL | NQ_GAUSSIAN_REVISION | NP1RTOT | NP1SLPD | NP1URIN | NP3GAIT_COMBINED_MAX | NP3PSTBL_COMBINED_MAX | NHY_COMBINED_MAX | NP3TOT_COMBINED_MAX | NP4TOT | NP1CNST | FOG_FORM_MISSING | NQ_FORM_MISSING | PART_IV_FORM_MISSING | DOPTHERST_Missing | DOPTHERST_No | DOPTHERST_Yes | ANYFAMPD_Missing | ANYFAMPD_No | ANYFAMPD_Yes | DXBRADY_No | DXBRADY_Unknown | DXBRADY_Yes,0.2909036669989291,0.7012613962782566,0.683952198036705,0.7788461538461539,0.9436619718309859,0.42424242424242425,,0.42424242424242425
42,stage_1,1,SEL_06,raw__corrected_fdr__q<=0.05,selector_configuration,corrected_fdr,q<=0.05,,raw,extra_trees,unscaled_dense,3,"{""class_weight"": null, ""max_depth"": 6, ""min_samples_leaf"": 5, ""n_estimators"": 300}",4,832,208,29,20,Years_since_PD_diagnosis | Age | MCATOT | FRZGT12M | SCAU14 | SCAU16 | GDS_TOTAL | NQ_GAUSSIAN_REVISION | NP1RTOT | NP1SLPD | NP1URIN | NP3GAIT_COMBINED_MAX | NP3PSTBL_COMBINED_MAX | NHY_COMBINED_MAX | NP3TOT_COMBINED_MAX | NP4TOT | NP1CNST | FOG_FORM_MISSING | NQ_FORM_MISSING | PART_IV_FORM_MISSING | DOPTHERST_Missing | DOPTHERST_No | DOPTHERST_Yes | FEATPOSHYP_No | FEATPOSHYP_Uncertain | FEATPOSHYP_Yes | ANYFAMPD_Missing | ANYFAMPD_No | ANYFAMPD_Yes,0.23712020799939637,0.6426589137042421,0.6344430217669654,0.75,0.9507042253521126,0.3181818181818182,,0.3181818181818182
42,stage_1,1,SEL_06,raw__corrected_fdr__q<=0.05,selector_configuration,corrected_fdr,q<=0.05,,raw,extra_trees,unscaled_dense,4,"{""class_weight"": ""balanced"", ""max_depth"": null, ""min_samples_leaf"": 1, ""n_estimators"": 300}",0,832,208,29,20,Years_since_PD_diagnosis | Age | MCATOT | FRZGT12M | SCAU14 | SCAU16 | GDS_TOTAL | NQ_GAUSSIAN_REVISION | NP1RTOT | NP1SLPD | NP1URIN | NP3GAIT_COMBINED_MAX | NP3PSTBL_COMBINED_MAX | NHY_COMBINED_MAX | NP3TOT_COMBINED_MAX | NP4TOT | NP1CNST | FOG_FORM_MISSING | NQ_FORM_MISSING | PART_IV_FORM_MISSING | DOPTHERST_Missing | DOPTHERST_No | DOPTHERST_Yes | FEATPOSHYP_No | FEATPOSHYP_Uncertain | FEATPOSHYP_Yes | ANYFAMPD_Missing | ANYFAMPD_No | ANYFAMPD_Yes,0.2964864160021534,0.6445569620253164,0.634965034965035,0.7403846153846154,0.916083916083916,0.35384615384615387,,0.35384615384615387
42,stage_1,1,SEL_06,raw__corrected_fdr__q<=0.05,selector_configuration,corrected_fdr,q<=0.05,,raw,extra_trees,unscaled_dense,4,"{""class_weight"": ""balanced"", ""max_depth"": null, ""min_samples_leaf"": 1, ""n_estimators"": 300}",1,832,208,29,20,Years_since_PD_diagnosis | Age | MCATOT | FRZGT12M | SCAU14 | SCAU16 | GDS_TOTAL | NQ_GAUSSIAN_REVISION | NP1RTOT | NP1SLPD | NP1URIN | NP3GAIT_COMBINED_MAX | NP3PSTBL_COMBINED_MAX | NHY_COMBINED_MAX | NP3TOT_COMBINED_MAX | NP4TOT | NP1CNST | FOG_FORM_MISSING | NQ_FORM_MISSING | PART_IV_FORM_MISSING | DOPTHERST_Missing | DOPTHERST_No | DOPTHERST_Yes | FEATPOSHYP_No | FEATPOSHYP_Uncertain | FEATPOSHYP_Yes | ANYFAMPD_Missing | ANYFAMPD_No | ANYFAMPD_Yes,0.3058444160014915,0.6451502838177363,0.6356643356643357,0.7355769230769231,0.9020979020979021,0.36923076923076925,,0.36923076923076925
42,stage_1,1,SEL_06,raw__corrected_fdr__q<=0.05,selector_configuration,corrected_fdr,q<=0.05,,raw,extra_trees,unscaled_dense,4,"{""class_weight"": ""balanced"", ""max_depth"": null, ""min_samples_leaf"": 1, ""n_estimators"": 300}",2,832,208,29,20,Years_since_PD_diagnosis | Age | MCATOT | FRZGT12M | SCAU14 | SCAU16 | GDS_TOTAL | NQ_GAUSSIAN_REVISION | NP1RTOT | NP1SLPD | NP1URIN | NP3GAIT_COMBINED_MAX | NP3PSTBL_COMBINED_MAX | NHY_COMBINED_MAX | NP3TOT_COMBINED_MAX | NP4TOT | NP1CNST | FOG_FORM_MISSING | NQ_FORM_MISSING | PART_IV_FORM_MISSING | DOPTHERST_Missing | DOPTHERST_No | DOPTHERST_Yes | ANYFAMPD_Missing | ANYFAMPD_No | ANYFAMPD_Yes | DXBRADY_No | DXBRADY_Unknown | DXBRADY_Yes,0.24951329200121108,0.6829931566207453,0.6704011950490824,0.7548076923076923,0.9014084507042254,0.4393939393939394,,0.4393939393939394
42,stage_1,1,SEL_06,raw__corrected_fdr__q<=0.05,selector_configuration,corrected_fdr,q<=0.05,,raw,extra_trees,unscaled_dense,4,"{""class_weight"": ""balanced"", ""max_depth"": null, ""min_samples_leaf"": 1, ""n_estimators"": 300}",3,832,208,29,20,Years_since_PD_diagnosis | Age | MCATOT | FRZGT12M | SCAU14 | SCAU16 | GDS_TOTAL | NQ_GAUSSIAN_REVISION | NP1RTOT | NP1SLPD | NP1URIN | NP3GAIT_COMBINED_MAX | NP3PSTBL_COMBINED_MAX | NHY_COMBINED_MAX | NP3TOT_COMBINED_MAX | NP4TOT | NP1CNST | FOG_FORM_MISSING | NQ_FORM_MISSING | PART_IV_FORM_MISSING | DOPTHERST_Missing | DOPTHERST_No | DOPTHERST_Yes | ANYFAMPD_Missing | ANYFAMPD_No | ANYFAMPD_Yes | DXBRADY_No | DXBRADY_Unknown | DXBRADY_Yes,0.3006083750005928,0.6539512774806893,0.6446862996158771,0.7307692307692307,0.8802816901408451,0.4090909090909091,,0.4090909090909091
42,stage_1,1,SEL_06,raw__corrected_fdr__q<=0.05,selector_configuration,corrected_fdr,q<=0.05,,raw,extra_trees,unscaled_dense,4,"{""class_weight"": ""balanced"", ""max_depth"": null, ""min_samples_leaf"": 1, ""n_estimators"": 300}",4,832,208,29,20,Years_since_PD_diagnosis | Age | MCATOT | FRZGT12M | SCAU14 | SCAU16 | GDS_TOTAL | NQ_GAUSSIAN_REVISION | NP1RTOT | NP1SLPD | NP1URIN | NP3GAIT_COMBINED_MAX | NP3PSTBL_COMBINED_MAX | NHY_COMBINED_MAX | NP3TOT_COMBINED_MAX | NP4TOT | NP1CNST | FOG_FORM_MISSING | NQ_FORM_MISSING | PART_IV_FORM_MISSING | DOPTHERST_Missing | DOPTHERST_No | DOPTHERST_Yes | FEATPOSHYP_No | FEATPOSHYP_Uncertain | FEATPOSHYP_Yes | ANYFAMPD_Missing | ANYFAMPD_No | ANYFAMPD_Yes,0.24690704200111213,0.6622954914449857,0.6506615450277422,0.75,0.9225352112676056,0.3787878787878788,,0.3787878787878788
42,stage_1,1,SEL_06,raw__corrected_fdr__q<=0.05,selector_configuration,corrected_fdr,q<=0.05,,raw,extra_trees,unscaled_dense,5,"{""class_weight"": ""balanced"", ""max_depth"": null, ""min_samples_leaf"": 5, ""n_estimators"": 300}",0,832,208,29,20,Years_since_PD_diagnosis | Age | MCATOT | FRZGT12M | SCAU14 | SCAU16 | GDS_TOTAL | NQ_GAUSSIAN_REVISION | NP1RTOT | NP1SLPD | NP1URIN | NP3GAIT_COMBINED_MAX | NP3PSTBL_COMBINED_MAX | NHY_COMBINED_MAX | NP3TOT_COMBINED_MAX | NP4TOT | NP1CNST | FOG_FORM_MISSING | NQ_FORM_MISSING | PART_IV_FORM_MISSING | DOPTHERST_Missing | DOPTHERST_No | DOPTHERST_Yes | FEATPOSHYP_No | FEATPOSHYP_Uncertain | FEATPOSHYP_Yes | ANYFAMPD_Missing | ANYFAMPD_No | ANYFAMPD_Yes,0.29225170799691114,0.6789367658216257,0.6846153846153846,0.7163461538461539,0.7692307692307693,0.6,,0.6
42,stage_1,1,SEL_06,raw__corrected_fdr__q<=0.05,selector_configuration,corrected_fdr,q<=0.05,,raw,extra_trees,unscaled_dense,5,"{""class_weight"": ""balanced"", ""max_depth"": null, ""min_samples_leaf"": 5, ""n_estimators"": 300}",1,832,208,29,20,Years_since_PD_diagnosis | Age | MCATOT | FRZGT12M | SCAU14 | SCAU16 | GDS_TOTAL | NQ_GAUSSIAN_REVISION | NP1RTOT | NP1SLPD | NP1URIN | NP3GAIT_COMBINED_MAX | NP3PSTBL_COMBINED_MAX | NHY_COMBINED_MAX | NP3TOT_COMBINED_MAX | NP4TOT | NP1CNST | FOG_FORM_MISSING | NQ_FORM_MISSING | PART_IV_FORM_MISSING | DOPTHERST_Missing | DOPTHERST_No | DOPTHERST_Yes | FEATPOSHYP_No | FEATPOSHYP_Uncertain | FEATPOSHYP_Yes | ANYFAMPD_Missing | ANYFAMPD_No | ANYFAMPD_Yes,0.30109408299904317,0.6658015078482264,0.6888111888111887,0.6875,0.6853146853146853,0.6923076923076923,,0.6923076923076923
42,stage_1,1,SEL_06,raw__corrected_fdr__q<=0.05,selector_configuration,corrected_fdr,q<=0.05,,raw,extra_trees,unscaled_dense,5,"{""class_weight"": ""balanced"", ""max_depth"": null, ""min_samples_leaf"": 5, ""n_estimators"": 300}",2,832,208,29,20,Years_since_PD_diagnosis | Age | MCATOT | FRZGT12M | SCAU14 | SCAU16 | GDS_TOTAL | NQ_GAUSSIAN_REVISION | NP1RTOT | NP1SLPD | NP1URIN | NP3GAIT_COMBINED_MAX | NP3PSTBL_COMBINED_MAX | NHY_COMBINED_MAX | NP3TOT_COMBINED_MAX | NP4TOT | NP1CNST | FOG_FORM_MISSING | NQ_FORM_MISSING | PART_IV_FORM_MISSING | DOPTHERST_Missing | DOPTHERST_No | DOPTHERST_Yes | ANYFAMPD_Missing | ANYFAMPD_No | ANYFAMPD_Yes | DXBRADY_No | DXBRADY_Unknown | DXBRADY_Yes,0.24343975000010687,0.706959706959707,0.7171361502347418,0.7355769230769231,0.7676056338028169,0.6666666666666666,,0.6666666666666666
42,stage_1,1,SEL_06,raw__corrected_fdr__q<=0.05,selector_configuration,corrected_fdr,q<=0.05,,raw,extra_trees,unscaled_dense,5,"{""class_weight"": ""balanced"", ""max_depth"": null, ""min_samples_leaf"": 5, ""n_estimators"": 300}",3,832,208,29,20,Years_since_PD_diagnosis | Age | MCATOT | FRZGT12M | SCAU14 | SCAU16 | GDS_TOTAL | NQ_GAUSSIAN_REVISION | NP1RTOT | NP1SLPD | NP1URIN | NP3GAIT_COMBINED_MAX | NP3PSTBL_COMBINED_MAX | NHY_COMBINED_MAX | NP3TOT_COMBINED_MAX | NP4TOT | NP1CNST | FOG_FORM_MISSING | NQ_FORM_MISSING | PART_IV_FORM_MISSING | DOPTHERST_Missing | DOPTHERST_No | DOPTHERST_Yes | ANYFAMPD_Missing | ANYFAMPD_No | ANYFAMPD_Yes | DXBRADY_No | DXBRADY_Unknown | DXBRADY_Yes,0.300702167001873,0.704515474378488,0.7176696542893726,0.7307692307692307,0.7535211267605634,0.6818181818181818,,0.6818181818181818
42,stage_1,1,SEL_06,raw__corrected_fdr__q<=0.05,selector_configuration,corrected_fdr,q<=0.05,,raw,extra_trees,unscaled_dense,5,"{""class_weight"": ""balanced"", ""max_depth"": null, ""min_samples_leaf"": 5, ""n_estimators"": 300}",4,832,208,29,20,Years_since_PD_diagnosis | Age | MCATOT | FRZGT12M | SCAU14 | SCAU16 | GDS_TOTAL | NQ_GAUSSIAN_REVISION | NP1RTOT | NP1SLPD | NP1URIN | NP3GAIT_COMBINED_MAX | NP3PSTBL_COMBINED_MAX | NHY_COMBINED_MAX | NP3TOT_COMBINED_MAX | NP4TOT | NP1CNST | FOG_FORM_MISSING | NQ_FORM_MISSING | PART_IV_FORM_MISSING | DOPTHERST_Missing | DOPTHERST_No | DOPTHERST_Yes | FEATPOSHYP_No | FEATPOSHYP_Uncertain | FEATPOSHYP_Yes | ANYFAMPD_Missing | ANYFAMPD_No | ANYFAMPD_Yes,0.23731533300087904,0.6727788523533205,0.6797908664105847,0.7067307692307693,0.7535211267605634,0.6060606060606061,,0.6060606060606061
42,stage_1,1,SEL_06,raw__corrected_fdr__q<=0.05,selector_configuration,corrected_fdr,q<=0.05,,raw,extra_trees,unscaled_dense,6,"{""class_weight"": ""balanced"", ""max_depth"": 6, ""min_samples_leaf"": 1, ""n_estimators"": 300}",0,832,208,29,20,Years_since_PD_diagnosis | Age | MCATOT | FRZGT12M | SCAU14 | SCAU16 | GDS_TOTAL | NQ_GAUSSIAN_REVISION | NP1RTOT | NP1SLPD | NP1URIN | NP3GAIT_COMBINED_MAX | NP3PSTBL_COMBINED_MAX | NHY_COMBINED_MAX | NP3TOT_COMBINED_MAX | NP4TOT | NP1CNST | FOG_FORM_MISSING | NQ_FORM_MISSING | PART_IV_FORM_MISSING | DOPTHERST_Missing | DOPTHERST_No | DOPTHERST_Yes | FEATPOSHYP_No | FEATPOSHYP_Uncertain | FEATPOSHYP_Yes | ANYFAMPD_Missing | ANYFAMPD_No | ANYFAMPD_Yes,0.3011586249995162,0.6739552060362921,0.6762237762237762,0.7163461538461539,0.7832167832167832,0.5692307692307692,,0.5692307692307692
42,stage_1,1,SEL_06,raw__corrected_fdr__q<=0.05,selector_configuration,corrected_fdr,q<=0.05,,raw,extra_trees,unscaled_dense,6,"{""class_weight"": ""balanced"", ""max_depth"": 6, ""min_samples_leaf"": 1, ""n_estimators"": 300}",1,832,208,29,20,Years_since_PD_diagnosis | Age | MCATOT | FRZGT12M | SCAU14 | SCAU16 | GDS_TOTAL | NQ_GAUSSIAN_REVISION | NP1RTOT | NP1SLPD | NP1URIN | NP3GAIT_COMBINED_MAX | NP3PSTBL_COMBINED_MAX | NHY_COMBINED_MAX | NP3TOT_COMBINED_MAX | NP4TOT | NP1CNST | FOG_FORM_MISSING | NQ_FORM_MISSING | PART_IV_FORM_MISSING | DOPTHERST_Missing | DOPTHERST_No | DOPTHERST_Yes | FEATPOSHYP_No | FEATPOSHYP_Uncertain | FEATPOSHYP_Yes | ANYFAMPD_Missing | ANYFAMPD_No | ANYFAMPD_Yes,0.29871266599730006,0.6767919799498747,0.6951048951048951,0.7019230769230769,0.7132867132867133,0.676923076923077,,0.676923076923077
42,stage_1,1,SEL_06,raw__corrected_fdr__q<=0.05,selector_configuration,corrected_fdr,q<=0.05,,raw,extra_trees,unscaled_dense,6,"{""class_weight"": ""balanced"", ""max_depth"": 6, ""min_samples_leaf"": 1, ""n_estimators"": 300}",2,832,208,29,20,Years_since_PD_diagnosis | Age | MCATOT | FRZGT12M | SCAU14 | SCAU16 | GDS_TOTAL | NQ_GAUSSIAN_REVISION | NP1RTOT | NP1SLPD | NP1URIN | NP3GAIT_COMBINED_MAX | NP3PSTBL_COMBINED_MAX | NHY_COMBINED_MAX | NP3TOT_COMBINED_MAX | NP4TOT | NP1CNST | FOG_FORM_MISSING | NQ_FORM_MISSING | PART_IV_FORM_MISSING | DOPTHERST_Missing | DOPTHERST_No | DOPTHERST_Yes | ANYFAMPD_Missing | ANYFAMPD_No | ANYFAMPD_Yes | DXBRADY_No | DXBRADY_Unknown | DXBRADY_Yes,0.2508591250007157,0.7006271203865528,0.7095603926589842,0.7307692307692307,0.7676056338028169,0.6515151515151515,,0.6515151515151515
42,stage_1,1,SEL_06,raw__corrected_fdr__q<=0.05,selector_configuration,corrected_fdr,q<=0.05,,raw,extra_trees,unscaled_dense,6,"{""class_weight"": ""balanced"", ""max_depth"": 6, ""min_samples_leaf"": 1, ""n_estimators"": 300}",3,832,208,29,20,Years_since_PD_diagnosis | Age | MCATOT | FRZGT12M | SCAU14 | SCAU16 | GDS_TOTAL | NQ_GAUSSIAN_REVISION | NP1RTOT | NP1SLPD | NP1URIN | NP3GAIT_COMBINED_MAX | NP3PSTBL_COMBINED_MAX | NHY_COMBINED_MAX | NP3TOT_COMBINED_MAX | NP4TOT | NP1CNST | FOG_FORM_MISSING | NQ_FORM_MISSING | PART_IV_FORM_MISSING | DOPTHERST_Missing | DOPTHERST_No | DOPTHERST_Yes | ANYFAMPD_Missing | ANYFAMPD_No | ANYFAMPD_Yes | DXBRADY_No | DXBRADY_Unknown | DXBRADY_Yes,0.2985570410019136,0.711319008944176,0.7206572769953051,0.7403846153846154,0.7746478873239436,0.6666666666666666,,0.6666666666666666
42,stage_1,1,SEL_06,raw__corrected_fdr__q<=0.05,selector_configuration,corrected_fdr,q<=0.05,,raw,extra_trees,unscaled_dense,6,"{""class_weight"": ""balanced"", ""max_depth"": 6, ""min_samples_leaf"": 1, ""n_estimators"": 300}",4,832,208,29,20,Years_since_PD_diagnosis | Age | MCATOT | FRZGT12M | SCAU14 | SCAU16 | GDS_TOTAL | NQ_GAUSSIAN_REVISION | NP1RTOT | NP1SLPD | NP1URIN | NP3GAIT_COMBINED_MAX | NP3PSTBL_COMBINED_MAX | NHY_COMBINED_MAX | NP3TOT_COMBINED_MAX | NP4TOT | NP1CNST | FOG_FORM_MISSING | NQ_FORM_MISSING | PART_IV_FORM_MISSING | DOPTHERST_Missing | DOPTHERST_No | DOPTHERST_Yes | FEATPOSHYP_No | FEATPOSHYP_Uncertain | FEATPOSHYP_Yes | ANYFAMPD_Missing | ANYFAMPD_No | ANYFAMPD_Yes,0.2500069589987106,0.661344537815126,0.6641058472044388,0.7019230769230769,0.7676056338028169,0.5606060606060606,,0.5606060606060606
42,stage_1,1,SEL_06,raw__corrected_fdr__q<=0.05,selector_configuration,corrected_fdr,q<=0.05,,raw,extra_trees,unscaled_dense,7,"{""class_weight"": ""balanced"", ""max_depth"": 6, ""min_samples_leaf"": 5, ""n_estimators"": 300}",0,832,208,29,20,Years_since_PD_diagnosis | Age | MCATOT | FRZGT12M | SCAU14 | SCAU16 | GDS_TOTAL | NQ_GAUSSIAN_REVISION | NP1RTOT | NP1SLPD | NP1URIN | NP3GAIT_COMBINED_MAX | NP3PSTBL_COMBINED_MAX | NHY_COMBINED_MAX | NP3TOT_COMBINED_MAX | NP4TOT | NP1CNST | FOG_FORM_MISSING | NQ_FORM_MISSING | PART_IV_FORM_MISSING | DOPTHERST_Missing | DOPTHERST_No | DOPTHERST_Yes | FEATPOSHYP_No | FEATPOSHYP_Uncertain | FEATPOSHYP_Yes | ANYFAMPD_Missing | ANYFAMPD_No | ANYFAMPD_Yes,0.3036544159986079,0.6746950265874256,0.6811188811188811,0.7115384615384616,0.7622377622377622,0.6,,0.6
42,stage_1,1,SEL_06,raw__corrected_fdr__q<=0.05,selector_configuration,corrected_fdr,q<=0.05,,raw,extra_trees,unscaled_dense,7,"{""class_weight"": ""balanced"", ""max_depth"": 6, ""min_samples_leaf"": 5, ""n_estimators"": 300}",1,832,208,29,20,Years_since_PD_diagnosis | Age | MCATOT | FRZGT12M | SCAU14 | SCAU16 | GDS_TOTAL | NQ_GAUSSIAN_REVISION | NP1RTOT | NP1SLPD | NP1URIN | NP3GAIT_COMBINED_MAX | NP3PSTBL_COMBINED_MAX | NHY_COMBINED_MAX | NP3TOT_COMBINED_MAX | NP4TOT | NP1CNST | FOG_FORM_MISSING | NQ_FORM_MISSING | PART_IV_FORM_MISSING | DOPTHERST_Missing | DOPTHERST_No | DOPTHERST_Yes | FEATPOSHYP_No | FEATPOSHYP_Uncertain | FEATPOSHYP_Yes | ANYFAMPD_Missing | ANYFAMPD_No | ANYFAMPD_Yes,0.30055874999743537,0.6743457839409528,0.6958041958041958,0.6971153846153846,0.6993006993006993,0.6923076923076923,,0.6923076923076923
42,stage_1,1,SEL_06,raw__corrected_fdr__q<=0.05,selector_configuration,corrected_fdr,q<=0.05,,raw,extra_trees,unscaled_dense,7,"{""class_weight"": ""balanced"", ""max_depth"": 6, ""min_samples_leaf"": 5, ""n_estimators"": 300}",2,832,208,29,20,Years_since_PD_diagnosis | Age | MCATOT | FRZGT12M | SCAU14 | SCAU16 | GDS_TOTAL | NQ_GAUSSIAN_REVISION | NP1RTOT | NP1SLPD | NP1URIN | NP3GAIT_COMBINED_MAX | NP3PSTBL_COMBINED_MAX | NHY_COMBINED_MAX | NP3TOT_COMBINED_MAX | NP4TOT | NP1CNST | FOG_FORM_MISSING | NQ_FORM_MISSING | PART_IV_FORM_MISSING | DOPTHERST_Missing | DOPTHERST_No | DOPTHERST_Yes | ANYFAMPD_Missing | ANYFAMPD_No | ANYFAMPD_Yes | DXBRADY_No | DXBRADY_Unknown | DXBRADY_Yes,0.25438808299804805,0.704515474378488,0.7176696542893726,0.7307692307692307,0.7535211267605634,0.6818181818181818,,0.6818181818181818
42,stage_1,1,SEL_06,raw__corrected_fdr__q<=0.05,selector_configuration,corrected_fdr,q<=0.05,,raw,extra_trees,unscaled_dense,7,"{""class_weight"": ""balanced"", ""max_depth"": 6, ""min_samples_leaf"": 5, ""n_estimators"": 300}",3,832,208,29,20,Years_since_PD_diagnosis | Age | MCATOT | FRZGT12M | SCAU14 | SCAU16 | GDS_TOTAL | NQ_GAUSSIAN_REVISION | NP1RTOT | NP1SLPD | NP1URIN | NP3GAIT_COMBINED_MAX | NP3PSTBL_COMBINED_MAX | NHY_COMBINED_MAX | NP3TOT_COMBINED_MAX | NP4TOT | NP1CNST | FOG_FORM_MISSING | NQ_FORM_MISSING | PART_IV_FORM_MISSING | DOPTHERST_Missing | DOPTHERST_No | DOPTHERST_Yes | ANYFAMPD_Missing | ANYFAMPD_No | ANYFAMPD_Yes | DXBRADY_No | DXBRADY_Unknown | DXBRADY_Yes,0.29573470799732604,0.6876956355770454,0.6989970123772941,0.7163461538461539,0.7464788732394366,0.6515151515151515,,0.6515151515151515
42,stage_1,1,SEL_06,raw__corrected_fdr__q<=0.05,selector_configuration,corrected_fdr,q<=0.05,,raw,extra_trees,unscaled_dense,7,"{""class_weight"": ""balanced"", ""max_depth"": 6, ""min_samples_leaf"": 5, ""n_estimators"": 300}",4,832,208,29,20,Years_since_PD_diagnosis | Age | MCATOT | FRZGT12M | SCAU14 | SCAU16 | GDS_TOTAL | NQ_GAUSSIAN_REVISION | NP1RTOT | NP1SLPD | NP1URIN | NP3GAIT_COMBINED_MAX | NP3PSTBL_COMBINED_MAX | NHY_COMBINED_MAX | NP3TOT_COMBINED_MAX | NP4TOT | NP1CNST | FOG_FORM_MISSING | NQ_FORM_MISSING | PART_IV_FORM_MISSING | DOPTHERST_Missing | DOPTHERST_No | DOPTHERST_Yes | FEATPOSHYP_No | FEATPOSHYP_Uncertain | FEATPOSHYP_Yes | ANYFAMPD_Missing | ANYFAMPD_No | ANYFAMPD_Yes,0.25075645800097845,0.6704672363192479,0.6757362355953905,0.7067307692307693,0.7605633802816901,0.5909090909090909,,0.5909090909090909
42,stage_1,2,SEL_06,raw__corrected_fdr__q<=0.05,selector_configuration,corrected_fdr,q<=0.05,,raw,hist_gradient_boosting,native,0,"{""class_weight"": null, ""l2_regularization"": 0.0, ""learning_rate"": 0.05, ""max_leaf_nodes"": 15}",0,832,208,29,20,Years_since_PD_diagnosis | Age | MCATOT | FRZGT12M | SCAU14 | SCAU16 | GDS_TOTAL | NQ_GAUSSIAN_REVISION | NP1RTOT | NP1SLPD | NP1URIN | NP3GAIT_COMBINED_MAX | NP3PSTBL_COMBINED_MAX | NHY_COMBINED_MAX | NP3TOT_COMBINED_MAX | NP4TOT | NP1CNST | FOG_FORM_MISSING | NQ_FORM_MISSING | PART_IV_FORM_MISSING | DOPTHERST_Missing | DOPTHERST_No | DOPTHERST_Yes | FEATPOSHYP_No | FEATPOSHYP_Uncertain | FEATPOSHYP_Yes | ANYFAMPD_Missing | ANYFAMPD_No | ANYFAMPD_Yes,0.5883192090004741,0.6829931566207453,0.6706293706293707,0.7548076923076923,0.8951048951048951,0.4461538461538462,,0.4461538461538462
42,stage_1,2,SEL_06,raw__corrected_fdr__q<=0.05,selector_configuration,corrected_fdr,q<=0.05,,raw,hist_gradient_boosting,native,0,"{""class_weight"": null, ""l2_regularization"": 0.0, ""learning_rate"": 0.05, ""max_leaf_nodes"": 15}",1,832,208,29,20,Years_since_PD_diagnosis | Age | MCATOT | FRZGT12M | SCAU14 | SCAU16 | GDS_TOTAL | NQ_GAUSSIAN_REVISION | NP1RTOT | NP1SLPD | NP1URIN | NP3GAIT_COMBINED_MAX | NP3PSTBL_COMBINED_MAX | NHY_COMBINED_MAX | NP3TOT_COMBINED_MAX | NP4TOT | NP1CNST | FOG_FORM_MISSING | NQ_FORM_MISSING | PART_IV_FORM_MISSING | DOPTHERST_Missing | DOPTHERST_No | DOPTHERST_Yes | FEATPOSHYP_No | FEATPOSHYP_Uncertain | FEATPOSHYP_Yes | ANYFAMPD_Missing | ANYFAMPD_No | ANYFAMPD_Yes,0.5818875000004482,0.6015325670498084,0.6000000000000001,0.6634615384615384,0.7692307692307693,0.4307692307692308,,0.4307692307692308
42,stage_1,2,SEL_06,raw__corrected_fdr__q<=0.05,selector_configuration,corrected_fdr,q<=0.05,,raw,hist_gradient_boosting,native,0,"{""class_weight"": null, ""l2_regularization"": 0.0, ""learning_rate"": 0.05, ""max_leaf_nodes"": 15}",2,832,208,29,20,Years_since_PD_diagnosis | Age | MCATOT | FRZGT12M | SCAU14 | SCAU16 | GDS_TOTAL | NQ_GAUSSIAN_REVISION | NP1RTOT | NP1SLPD | NP1URIN | NP3GAIT_COMBINED_MAX | NP3PSTBL_COMBINED_MAX | NHY_COMBINED_MAX | NP3TOT_COMBINED_MAX | NP4TOT | NP1CNST | FOG_FORM_MISSING | NQ_FORM_MISSING | PART_IV_FORM_MISSING | DOPTHERST_Missing | DOPTHERST_No | DOPTHERST_Yes | ANYFAMPD_Missing | ANYFAMPD_No | ANYFAMPD_Yes | DXBRADY_No | DXBRADY_Unknown | DXBRADY_Yes,0.5465174999990268,0.6866637128932211,0.6744558258642765,0.7548076923076923,0.8943661971830986,0.45454545454545453,,0.45454545454545453
42,stage_1,2,SEL_06,raw__corrected_fdr__q<=0.05,selector_configuration,corrected_fdr,q<=0.05,,raw,hist_gradient_boosting,native,0,"{""class_weight"": null, ""l2_regularization"": 0.0, ""learning_rate"": 0.05, ""max_leaf_nodes"": 15}",3,832,208,29,20,Years_since_PD_diagnosis | Age | MCATOT | FRZGT12M | SCAU14 | SCAU16 | GDS_TOTAL | NQ_GAUSSIAN_REVISION | NP1RTOT | NP1SLPD | NP1URIN | NP3GAIT_COMBINED_MAX | NP3PSTBL_COMBINED_MAX | NHY_COMBINED_MAX | NP3TOT_COMBINED_MAX | NP4TOT | NP1CNST | FOG_FORM_MISSING | NQ_FORM_MISSING | PART_IV_FORM_MISSING | DOPTHERST_Missing | DOPTHERST_No | DOPTHERST_Yes | ANYFAMPD_Missing | ANYFAMPD_No | ANYFAMPD_Yes | DXBRADY_No | DXBRADY_Unknown | DXBRADY_Yes,0.5945455000000948,0.7250574712643678,0.7123346137430644,0.7788461538461539,0.8943661971830986,0.5303030303030303,,0.5303030303030303
42,stage_1,2,SEL_06,raw__corrected_fdr__q<=0.05,selector_configuration,corrected_fdr,q<=0.05,,raw,hist_gradient_boosting,native,0,"{""class_weight"": null, ""l2_regularization"": 0.0, ""learning_rate"": 0.05, ""max_leaf_nodes"": 15}",4,832,208,29,20,Years_since_PD_diagnosis | Age | MCATOT | FRZGT12M | SCAU14 | SCAU16 | GDS_TOTAL | NQ_GAUSSIAN_REVISION | NP1RTOT | NP1SLPD | NP1URIN | NP3GAIT_COMBINED_MAX | NP3PSTBL_COMBINED_MAX | NHY_COMBINED_MAX | NP3TOT_COMBINED_MAX | NP4TOT | NP1CNST | FOG_FORM_MISSING | NQ_FORM_MISSING | PART_IV_FORM_MISSING | DOPTHERST_Missing | DOPTHERST_No | DOPTHERST_Yes | FEATPOSHYP_No | FEATPOSHYP_Uncertain | FEATPOSHYP_Yes | ANYFAMPD_Missing | ANYFAMPD_No | ANYFAMPD_Yes,0.553732125001261,0.6373256373256373,0.629534784464362,0.7211538461538461,0.8802816901408451,0.3787878787878788,,0.3787878787878788
42,stage_1,2,SEL_06,raw__corrected_fdr__q<=0.05,selector_configuration,corrected_fdr,q<=0.05,,raw,hist_gradient_boosting,native,1,"{""class_weight"": null, ""l2_regularization"": 0.0, ""learning_rate"": 0.05, ""max_leaf_nodes"": 31}",0,832,208,29,20,Years_since_PD_diagnosis | Age | MCATOT | FRZGT12M | SCAU14 | SCAU16 | GDS_TOTAL | NQ_GAUSSIAN_REVISION | NP1RTOT | NP1SLPD | NP1URIN | NP3GAIT_COMBINED_MAX | NP3PSTBL_COMBINED_MAX | NHY_COMBINED_MAX | NP3TOT_COMBINED_MAX | NP4TOT | NP1CNST | FOG_FORM_MISSING | NQ_FORM_MISSING | PART_IV_FORM_MISSING | DOPTHERST_Missing | DOPTHERST_No | DOPTHERST_Yes | FEATPOSHYP_No | FEATPOSHYP_Uncertain | FEATPOSHYP_Yes | ANYFAMPD_Missing | ANYFAMPD_No | ANYFAMPD_Yes,1.0222862910013646,0.6901778673442565,0.679020979020979,0.7548076923076923,0.8811188811188811,0.47692307692307695,,0.47692307692307695
42,stage_1,2,SEL_06,raw__corrected_fdr__q<=0.05,selector_configuration,corrected_fdr,q<=0.05,,raw,hist_gradient_boosting,native,1,"{""class_weight"": null, ""l2_regularization"": 0.0, ""learning_rate"": 0.05, ""max_leaf_nodes"": 31}",1,832,208,29,20,Years_since_PD_diagnosis | Age | MCATOT | FRZGT12M | SCAU14 | SCAU16 | GDS_TOTAL | NQ_GAUSSIAN_REVISION | NP1RTOT | NP1SLPD | NP1URIN | NP3GAIT_COMBINED_MAX | NP3PSTBL_COMBINED_MAX | NHY_COMBINED_MAX | NP3TOT_COMBINED_MAX | NP4TOT | NP1CNST | FOG_FORM_MISSING | NQ_FORM_MISSING | PART_IV_FORM_MISSING | DOPTHERST_Missing | DOPTHERST_No | DOPTHERST_Yes | FEATPOSHYP_No | FEATPOSHYP_Uncertain | FEATPOSHYP_Yes | ANYFAMPD_Missing | ANYFAMPD_No | ANYFAMPD_Yes,1.033095290997153,0.5778520995912301,0.5755244755244755,0.6586538461538461,0.7972027972027972,0.35384615384615387,,0.35384615384615387
42,stage_1,2,SEL_06,raw__corrected_fdr__q<=0.05,selector_configuration,corrected_fdr,q<=0.05,,raw,hist_gradient_boosting,native,1,"{""class_weight"": null, ""l2_regularization"": 0.0, ""learning_rate"": 0.05, ""max_leaf_nodes"": 31}",2,832,208,29,20,Years_since_PD_diagnosis | Age | MCATOT | FRZGT12M | SCAU14 | SCAU16 | GDS_TOTAL | NQ_GAUSSIAN_REVISION | NP1RTOT | NP1SLPD | NP1URIN | NP3GAIT_COMBINED_MAX | NP3PSTBL_COMBINED_MAX | NHY_COMBINED_MAX | NP3TOT_COMBINED_MAX | NP4TOT | NP1CNST | FOG_FORM_MISSING | NQ_FORM_MISSING | PART_IV_FORM_MISSING | DOPTHERST_Missing | DOPTHERST_No | DOPTHERST_Yes | ANYFAMPD_Missing | ANYFAMPD_No | ANYFAMPD_Yes | DXBRADY_No | DXBRADY_Unknown | DXBRADY_Yes,0.9019892920005077,0.6866637128932211,0.6744558258642765,0.7548076923076923,0.8943661971830986,0.45454545454545453,,0.45454545454545453
42,stage_1,2,SEL_06,raw__corrected_fdr__q<=0.05,selector_configuration,corrected_fdr,q<=0.05,,raw,hist_gradient_boosting,native,1,"{""class_weight"": null, ""l2_regularization"": 0.0, ""learning_rate"": 0.05, ""max_leaf_nodes"": 31}",3,832,208,29,20,Years_since_PD_diagnosis | Age | MCATOT | FRZGT12M | SCAU14 | SCAU16 | GDS_TOTAL | NQ_GAUSSIAN_REVISION | NP1RTOT | NP1SLPD | NP1URIN | NP3GAIT_COMBINED_MAX | NP3PSTBL_COMBINED_MAX | NHY_COMBINED_MAX | NP3TOT_COMBINED_MAX | NP4TOT | NP1CNST | FOG_FORM_MISSING | NQ_FORM_MISSING | PART_IV_FORM_MISSING | DOPTHERST_Missing | DOPTHERST_No | DOPTHERST_Yes | ANYFAMPD_Missing | ANYFAMPD_No | ANYFAMPD_Yes | DXBRADY_No | DXBRADY_Unknown | DXBRADY_Yes,0.949503249998088,0.7100034855350297,0.6971830985915493,0.7692307692307693,0.8943661971830986,0.5,,0.5
42,stage_1,2,SEL_06,raw__corrected_fdr__q<=0.05,selector_configuration,corrected_fdr,q<=0.05,,raw,hist_gradient_boosting,native,1,"{""class_weight"": null, ""l2_regularization"": 0.0, ""learning_rate"": 0.05, ""max_leaf_nodes"": 31}",4,832,208,29,20,Years_since_PD_diagnosis | Age | MCATOT | FRZGT12M | SCAU14 | SCAU16 | GDS_TOTAL | NQ_GAUSSIAN_REVISION | NP1RTOT | NP1SLPD | NP1URIN | NP3GAIT_COMBINED_MAX | NP3PSTBL_COMBINED_MAX | NHY_COMBINED_MAX | NP3TOT_COMBINED_MAX | NP4TOT | NP1CNST | FOG_FORM_MISSING | NQ_FORM_MISSING | PART_IV_FORM_MISSING | DOPTHERST_Missing | DOPTHERST_No | DOPTHERST_Yes | FEATPOSHYP_No | FEATPOSHYP_Uncertain | FEATPOSHYP_Yes | ANYFAMPD_Missing | ANYFAMPD_No | ANYFAMPD_Yes,0.8879757920003613,0.6456982338702448,0.6371105420401195,0.7259615384615384,0.8802816901408451,0.3939393939393939,,0.3939393939393939
42,stage_1,2,SEL_06,raw__corrected_fdr__q<=0.05,selector_configuration,corrected_fdr,q<=0.05,,raw,hist_gradient_boosting,native,2,"{""class_weight"": null, ""l2_regularization"": 0.0, ""learning_rate"": 0.1, ""max_leaf_nodes"": 15}",0,832,208,29,20,Years_since_PD_diagnosis | Age | MCATOT | FRZGT12M | SCAU14 | SCAU16 | GDS_TOTAL | NQ_GAUSSIAN_REVISION | NP1RTOT | NP1SLPD | NP1URIN | NP3GAIT_COMBINED_MAX | NP3PSTBL_COMBINED_MAX | NHY_COMBINED_MAX | NP3TOT_COMBINED_MAX | NP4TOT | NP1CNST | FOG_FORM_MISSING | NQ_FORM_MISSING | PART_IV_FORM_MISSING | DOPTHERST_Missing | DOPTHERST_No | DOPTHERST_Yes | FEATPOSHYP_No | FEATPOSHYP_Uncertain | FEATPOSHYP_Yes | ANYFAMPD_Missing | ANYFAMPD_No | ANYFAMPD_Yes,0.5807067499990808,0.6858371093296154,0.6755244755244756,0.75,0.8741258741258742,0.47692307692307695,,0.47692307692307695
42,stage_1,2,SEL_06,raw__corrected_fdr__q<=0.05,selector_configuration,corrected_fdr,q<=0.05,,raw,hist_gradient_boosting,native,2,"{""class_weight"": null, ""l2_regularization"": 0.0, ""learning_rate"": 0.1, ""max_leaf_nodes"": 15}",1,832,208,29,20,Years_since_PD_diagnosis | Age | MCATOT | FRZGT12M | SCAU14 | SCAU16 | GDS_TOTAL | NQ_GAUSSIAN_REVISION | NP1RTOT | NP1SLPD | NP1URIN | NP3GAIT_COMBINED_MAX | NP3PSTBL_COMBINED_MAX | NHY_COMBINED_MAX | NP3TOT_COMBINED_MAX | NP4TOT | NP1CNST | FOG_FORM_MISSING | NQ_FORM_MISSING | PART_IV_FORM_MISSING | DOPTHERST_Missing | DOPTHERST_No | DOPTHERST_Yes | FEATPOSHYP_No | FEATPOSHYP_Uncertain | FEATPOSHYP_Yes | ANYFAMPD_Missing | ANYFAMPD_No | ANYFAMPD_Yes,0.5754281670015189,0.5976350707026674,0.5965034965034965,0.6586538461538461,0.7622377622377622,0.4307692307692308,,0.4307692307692308
42,stage_1,2,SEL_06,raw__corrected_fdr__q<=0.05,selector_configuration,corrected_fdr,q<=0.05,,raw,hist_gradient_boosting,native,2,"{""class_weight"": null, ""l2_regularization"": 0.0, ""learning_rate"": 0.1, ""max_leaf_nodes"": 15}",2,832,208,29,20,Years_since_PD_diagnosis | Age | MCATOT | FRZGT12M | SCAU14 | SCAU16 | GDS_TOTAL | NQ_GAUSSIAN_REVISION | NP1RTOT | NP1SLPD | NP1URIN | NP3GAIT_COMBINED_MAX | NP3PSTBL_COMBINED_MAX | NHY_COMBINED_MAX | NP3TOT_COMBINED_MAX | NP4TOT | NP1CNST | FOG_FORM_MISSING | NQ_FORM_MISSING | PART_IV_FORM_MISSING | DOPTHERST_Missing | DOPTHERST_No | DOPTHERST_Yes | ANYFAMPD_Missing | ANYFAMPD_No | ANYFAMPD_Yes | DXBRADY_No | DXBRADY_Unknown | DXBRADY_Yes,0.5380939999995462,0.6695074389715441,0.660371318822023,0.7355769230769231,0.8661971830985915,0.45454545454545453,,0.45454545454545453
42,stage_1,2,SEL_06,raw__corrected_fdr__q<=0.05,selector_configuration,corrected_fdr,q<=0.05,,raw,hist_gradient_boosting,native,2,"{""class_weight"": null, ""l2_regularization"": 0.0, ""learning_rate"": 0.1, ""max_leaf_nodes"": 15}",3,832,208,29,20,Years_since_PD_diagnosis | Age | MCATOT | FRZGT12M | SCAU14 | SCAU16 | GDS_TOTAL | NQ_GAUSSIAN_REVISION | NP1RTOT | NP1SLPD | NP1URIN | NP3GAIT_COMBINED_MAX | NP3PSTBL_COMBINED_MAX | NHY_COMBINED_MAX | NP3TOT_COMBINED_MAX | NP4TOT | NP1CNST | FOG_FORM_MISSING | NQ_FORM_MISSING | PART_IV_FORM_MISSING | DOPTHERST_Missing | DOPTHERST_No | DOPTHERST_Yes | ANYFAMPD_Missing | ANYFAMPD_No | ANYFAMPD_Yes | DXBRADY_No | DXBRADY_Unknown | DXBRADY_Yes,0.5812273330011521,0.6998556998556998,0.6906743491250533,0.7548076923076923,0.8661971830985915,0.5151515151515151,,0.5151515151515151
42,stage_1,2,SEL_06,raw__corrected_fdr__q<=0.05,selector_configuration,corrected_fdr,q<=0.05,,raw,hist_gradient_boosting,native,2,"{""class_weight"": null, ""l2_regularization"": 0.0, ""learning_rate"": 0.1, ""max_leaf_nodes"": 15}",4,832,208,29,20,Years_since_PD_diagnosis | Age | MCATOT | FRZGT12M | SCAU14 | SCAU16 | GDS_TOTAL | NQ_GAUSSIAN_REVISION | NP1RTOT | NP1SLPD | NP1URIN | NP3GAIT_COMBINED_MAX | NP3PSTBL_COMBINED_MAX | NHY_COMBINED_MAX | NP3TOT_COMBINED_MAX | NP4TOT | NP1CNST | FOG_FORM_MISSING | NQ_FORM_MISSING | PART_IV_FORM_MISSING | DOPTHERST_Missing | DOPTHERST_No | DOPTHERST_Yes | FEATPOSHYP_No | FEATPOSHYP_Uncertain | FEATPOSHYP_Yes | ANYFAMPD_Missing | ANYFAMPD_No | ANYFAMPD_Yes,0.5367643329991552,0.6248196248196248,0.6184379001280409,0.7115384615384616,0.8732394366197183,0.36363636363636365,,0.36363636363636365
42,stage_1,2,SEL_06,raw__corrected_fdr__q<=0.05,selector_configuration,corrected_fdr,q<=0.05,,raw,hist_gradient_boosting,native,3,"{""class_weight"": null, ""l2_regularization"": 0.0, ""learning_rate"": 0.1, ""max_leaf_nodes"": 31}",0,832,208,29,20,Years_since_PD_diagnosis | Age | MCATOT | FRZGT12M | SCAU14 | SCAU16 | GDS_TOTAL | NQ_GAUSSIAN_REVISION | NP1RTOT | NP1SLPD | NP1URIN | NP3GAIT_COMBINED_MAX | NP3PSTBL_COMBINED_MAX | NHY_COMBINED_MAX | NP3TOT_COMBINED_MAX | NP4TOT | NP1CNST | FOG_FORM_MISSING | NQ_FORM_MISSING | PART_IV_FORM_MISSING | DOPTHERST_Missing | DOPTHERST_No | DOPTHERST_Yes | FEATPOSHYP_No | FEATPOSHYP_Uncertain | FEATPOSHYP_Yes | ANYFAMPD_Missing | ANYFAMPD_No | ANYFAMPD_Yes,0.9367950840023695,0.6695074389715441,0.6608391608391608,0.7355769230769231,0.8601398601398601,0.46153846153846156,,0.46153846153846156
42,stage_1,2,SEL_06,raw__corrected_fdr__q<=0.05,selector_configuration,corrected_fdr,q<=0.05,,raw,hist_gradient_boosting,native,3,"{""class_weight"": null, ""l2_regularization"": 0.0, ""learning_rate"": 0.1, ""max_leaf_nodes"": 31}",1,832,208,29,20,Years_since_PD_diagnosis | Age | MCATOT | FRZGT12M | SCAU14 | SCAU16 | GDS_TOTAL | NQ_GAUSSIAN_REVISION | NP1RTOT | NP1SLPD | NP1URIN | NP3GAIT_COMBINED_MAX | NP3PSTBL_COMBINED_MAX | NHY_COMBINED_MAX | NP3TOT_COMBINED_MAX | NP4TOT | NP1CNST | FOG_FORM_MISSING | NQ_FORM_MISSING | PART_IV_FORM_MISSING | DOPTHERST_Missing | DOPTHERST_No | DOPTHERST_Yes | FEATPOSHYP_No | FEATPOSHYP_Uncertain | FEATPOSHYP_Yes | ANYFAMPD_Missing | ANYFAMPD_No | ANYFAMPD_Yes,0.9320938749988272,0.6056652169064347,0.6027972027972028,0.6730769230769231,0.7902097902097902,0.4153846153846154,,0.4153846153846154
42,stage_1,2,SEL_06,raw__corrected_fdr__q<=0.05,selector_configuration,corrected_fdr,q<=0.05,,raw,hist_gradient_boosting,native,3,"{""class_weight"": null, ""l2_regularization"": 0.0, ""learning_rate"": 0.1, ""max_leaf_nodes"": 31}",2,832,208,29,20,Years_since_PD_diagnosis | Age | MCATOT | FRZGT12M | SCAU14 | SCAU16 | GDS_TOTAL | NQ_GAUSSIAN_REVISION | NP1RTOT | NP1SLPD | NP1URIN | NP3GAIT_COMBINED_MAX | NP3PSTBL_COMBINED_MAX | NHY_COMBINED_MAX | NP3TOT_COMBINED_MAX | NP4TOT | NP1CNST | FOG_FORM_MISSING | NQ_FORM_MISSING | PART_IV_FORM_MISSING | DOPTHERST_Missing | DOPTHERST_No | DOPTHERST_Yes | ANYFAMPD_Missing | ANYFAMPD_No | ANYFAMPD_Yes | DXBRADY_No | DXBRADY_Unknown | DXBRADY_Yes,0.9026684999989811,0.661092530657748,0.6533290653008963,0.7259615384615384,0.852112676056338,0.45454545454545453,,0.45454545454545453
42,stage_1,2,SEL_06,raw__corrected_fdr__q<=0.05,selector_configuration,corrected_fdr,q<=0.05,,raw,hist_gradient_boosting,native,3,"{""class_weight"": null, ""l2_regularization"": 0.0, ""learning_rate"": 0.1, ""max_leaf_nodes"": 31}",3,832,208,29,20,Years_since_PD_diagnosis | Age | MCATOT | FRZGT12M | SCAU14 | SCAU16 | GDS_TOTAL | NQ_GAUSSIAN_REVISION | NP1RTOT | NP1SLPD | NP1URIN | NP3GAIT_COMBINED_MAX | NP3PSTBL_COMBINED_MAX | NHY_COMBINED_MAX | NP3TOT_COMBINED_MAX | NP4TOT | NP1CNST | FOG_FORM_MISSING | NQ_FORM_MISSING | PART_IV_FORM_MISSING | DOPTHERST_Missing | DOPTHERST_No | DOPTHERST_Yes | ANYFAMPD_Missing | ANYFAMPD_No | ANYFAMPD_Yes | DXBRADY_No | DXBRADY_Unknown | DXBRADY_Yes,0.9521168750034121,0.6786690433749257,0.666880068288519,0.75,0.8943661971830986,0.4393939393939394,,0.4393939393939394
42,stage_1,2,SEL_06,raw__corrected_fdr__q<=0.05,selector_configuration,corrected_fdr,q<=0.05,,raw,hist_gradient_boosting,native,3,"{""class_weight"": null, ""l2_regularization"": 0.0, ""learning_rate"": 0.1, ""max_leaf_nodes"": 31}",4,832,208,29,20,Years_since_PD_diagnosis | Age | MCATOT | FRZGT12M | SCAU14 | SCAU16 | GDS_TOTAL | NQ_GAUSSIAN_REVISION | NP1RTOT | NP1SLPD | NP1URIN | NP3GAIT_COMBINED_MAX | NP3PSTBL_COMBINED_MAX | NHY_COMBINED_MAX | NP3TOT_COMBINED_MAX | NP4TOT | NP1CNST | FOG_FORM_MISSING | NQ_FORM_MISSING | PART_IV_FORM_MISSING | DOPTHERST_Missing | DOPTHERST_No | DOPTHERST_Yes | FEATPOSHYP_No | FEATPOSHYP_Uncertain | FEATPOSHYP_Yes | ANYFAMPD_Missing | ANYFAMPD_No | ANYFAMPD_Yes,0.9036105410013988,0.6495875450214941,0.6416986769099445,0.7211538461538461,0.8591549295774648,0.42424242424242425,,0.42424242424242425
42,stage_1,2,SEL_06,raw__corrected_fdr__q<=0.05,selector_configuration,corrected_fdr,q<=0.05,,raw,hist_gradient_boosting,native,4,"{""class_weight"": null, ""l2_regularization"": 1.0, ""learning_rate"": 0.05, ""max_leaf_nodes"": 15}",0,832,208,29,20,Years_since_PD_diagnosis | Age | MCATOT | FRZGT12M | SCAU14 | SCAU16 | GDS_TOTAL | NQ_GAUSSIAN_REVISION | NP1RTOT | NP1SLPD | NP1URIN | NP3GAIT_COMBINED_MAX | NP3PSTBL_COMBINED_MAX | NHY_COMBINED_MAX | NP3TOT_COMBINED_MAX | NP4TOT | NP1CNST | FOG_FORM_MISSING | NQ_FORM_MISSING | PART_IV_FORM_MISSING | DOPTHERST_Missing | DOPTHERST_No | DOPTHERST_Yes | FEATPOSHYP_No | FEATPOSHYP_Uncertain | FEATPOSHYP_Yes | ANYFAMPD_Missing | ANYFAMPD_No | ANYFAMPD_Yes,0.5984324579985696,0.6748436748436748,0.662937062937063,0.75,0.8951048951048951,0.4307692307692308,,0.4307692307692308
42,stage_1,2,SEL_06,raw__corrected_fdr__q<=0.05,selector_configuration,corrected_fdr,q<=0.05,,raw,hist_gradient_boosting,native,4,"{""class_weight"": null, ""l2_regularization"": 1.0, ""learning_rate"": 0.05, ""max_leaf_nodes"": 15}",1,832,208,29,20,Years_since_PD_diagnosis | Age | MCATOT | FRZGT12M | SCAU14 | SCAU16 | GDS_TOTAL | NQ_GAUSSIAN_REVISION | NP1RTOT | NP1SLPD | NP1URIN | NP3GAIT_COMBINED_MAX | NP3PSTBL_COMBINED_MAX | NHY_COMBINED_MAX | NP3TOT_COMBINED_MAX | NP4TOT | NP1CNST | FOG_FORM_MISSING | NQ_FORM_MISSING | PART_IV_FORM_MISSING | DOPTHERST_Missing | DOPTHERST_No | DOPTHERST_Yes | FEATPOSHYP_No | FEATPOSHYP_Uncertain | FEATPOSHYP_Yes | ANYFAMPD_Missing | ANYFAMPD_No | ANYFAMPD_Yes,0.5953920840001956,0.6208572691117985,0.6181818181818182,0.6826923076923077,0.7902097902097902,0.4461538461538462,,0.4461538461538462
42,stage_1,2,SEL_06,raw__corrected_fdr__q<=0.05,selector_configuration,corrected_fdr,q<=0.05,,raw,hist_gradient_boosting,native,4,"{""class_weight"": null, ""l2_regularization"": 1.0, ""learning_rate"": 0.05, ""max_leaf_nodes"": 15}",2,832,208,29,20,Years_since_PD_diagnosis | Age | MCATOT | FRZGT12M | SCAU14 | SCAU16 | GDS_TOTAL | NQ_GAUSSIAN_REVISION | NP1RTOT | NP1SLPD | NP1URIN | NP3GAIT_COMBINED_MAX | NP3PSTBL_COMBINED_MAX | NHY_COMBINED_MAX | NP3TOT_COMBINED_MAX | NP4TOT | NP1CNST | FOG_FORM_MISSING | NQ_FORM_MISSING | PART_IV_FORM_MISSING | DOPTHERST_Missing | DOPTHERST_No | DOPTHERST_Yes | ANYFAMPD_Missing | ANYFAMPD_No | ANYFAMPD_Yes | DXBRADY_No | DXBRADY_Unknown | DXBRADY_Yes,0.5461764579995361,0.691027926322044,0.6779769526248399,0.7596153846153846,0.9014084507042254,0.45454545454545453,,0.45454545454545453
42,stage_1,2,SEL_06,raw__corrected_fdr__q<=0.05,selector_configuration,corrected_fdr,q<=0.05,,raw,hist_gradient_boosting,native,4,"{""class_weight"": null, ""l2_regularization"": 1.0, ""learning_rate"": 0.05, ""max_leaf_nodes"": 15}",3,832,208,29,20,Years_since_PD_diagnosis | Age | MCATOT | FRZGT12M | SCAU14 | SCAU16 | GDS_TOTAL | NQ_GAUSSIAN_REVISION | NP1RTOT | NP1SLPD | NP1URIN | NP3GAIT_COMBINED_MAX | NP3PSTBL_COMBINED_MAX | NHY_COMBINED_MAX | NP3TOT_COMBINED_MAX | NP4TOT | NP1CNST | FOG_FORM_MISSING | NQ_FORM_MISSING | PART_IV_FORM_MISSING | DOPTHERST_Missing | DOPTHERST_No | DOPTHERST_Yes | ANYFAMPD_Missing | ANYFAMPD_No | ANYFAMPD_Yes | DXBRADY_No | DXBRADY_Unknown | DXBRADY_Yes,0.5984891669977515,0.7205499814195466,0.7088134869825011,0.7740384615384616,0.8873239436619719,0.5303030303030303,,0.5303030303030303
42,stage_1,2,SEL_06,raw__corrected_fdr__q<=0.05,selector_configuration,corrected_fdr,q<=0.05,,raw,hist_gradient_boosting,native,4,"{""class_weight"": null, ""l2_regularization"": 1.0, ""learning_rate"": 0.05, ""max_leaf_nodes"": 15}",4,832,208,29,20,Years_since_PD_diagnosis | Age | MCATOT | FRZGT12M | SCAU14 | SCAU16 | GDS_TOTAL | NQ_GAUSSIAN_REVISION | NP1RTOT | NP1SLPD | NP1URIN | NP3GAIT_COMBINED_MAX | NP3PSTBL_COMBINED_MAX | NHY_COMBINED_MAX | NP3TOT_COMBINED_MAX | NP4TOT | NP1CNST | FOG_FORM_MISSING | NQ_FORM_MISSING | PART_IV_FORM_MISSING | DOPTHERST_Missing | DOPTHERST_No | DOPTHERST_Yes | FEATPOSHYP_No | FEATPOSHYP_Uncertain | FEATPOSHYP_Yes | ANYFAMPD_Missing | ANYFAMPD_No | ANYFAMPD_Yes,0.543951042000117,0.6328667072428484,0.6254801536491678,0.7211538461538461,0.8873239436619719,0.36363636363636365,,0.36363636363636365
42,stage_1,2,SEL_06,raw__corrected_fdr__q<=0.05,selector_configuration,corrected_fdr,q<=0.05,,raw,hist_gradient_boosting,native,5,"{""class_weight"": null, ""l2_regularization"": 1.0, ""learning_rate"": 0.05, ""max_leaf_nodes"": 31}",0,832,208,29,20,Years_since_PD_diagnosis | Age | MCATOT | FRZGT12M | SCAU14 | SCAU16 | GDS_TOTAL | NQ_GAUSSIAN_REVISION | NP1RTOT | NP1SLPD | NP1URIN | NP3GAIT_COMBINED_MAX | NP3PSTBL_COMBINED_MAX | NHY_COMBINED_MAX | NP3TOT_COMBINED_MAX | NP4TOT | NP1CNST | FOG_FORM_MISSING | NQ_FORM_MISSING | PART_IV_FORM_MISSING | DOPTHERST_Missing | DOPTHERST_No | DOPTHERST_Yes | FEATPOSHYP_No | FEATPOSHYP_Uncertain | FEATPOSHYP_Yes | ANYFAMPD_Missing | ANYFAMPD_No | ANYFAMPD_Yes,0.9097825409990037,0.7033868092691622,0.6895104895104895,0.7692307692307693,0.9020979020979021,0.47692307692307695,,0.47692307692307695
42,stage_1,2,SEL_06,raw__corrected_fdr__q<=0.05,selector_configuration,corrected_fdr,q<=0.05,,raw,hist_gradient_boosting,native,5,"{""class_weight"": null, ""l2_regularization"": 1.0, ""learning_rate"": 0.05, ""max_leaf_nodes"": 31}",1,832,208,29,20,Years_since_PD_diagnosis | Age | MCATOT | FRZGT12M | SCAU14 | SCAU16 | GDS_TOTAL | NQ_GAUSSIAN_REVISION | NP1RTOT | NP1SLPD | NP1URIN | NP3GAIT_COMBINED_MAX | NP3PSTBL_COMBINED_MAX | NHY_COMBINED_MAX | NP3TOT_COMBINED_MAX | NP4TOT | NP1CNST | FOG_FORM_MISSING | NQ_FORM_MISSING | PART_IV_FORM_MISSING | DOPTHERST_Missing | DOPTHERST_No | DOPTHERST_Yes | FEATPOSHYP_No | FEATPOSHYP_Uncertain | FEATPOSHYP_Yes | ANYFAMPD_Missing | ANYFAMPD_No | ANYFAMPD_Yes,0.9754123749989958,0.6172632987621278,0.613986013986014,0.6826923076923077,0.7972027972027972,0.4307692307692308,,0.4307692307692308
42,stage_1,2,SEL_06,raw__corrected_fdr__q<=0.05,selector_configuration,corrected_fdr,q<=0.05,,raw,hist_gradient_boosting,native,5,"{""class_weight"": null, ""l2_regularization"": 1.0, ""learning_rate"": 0.05, ""max_leaf_nodes"": 31}",2,832,208,29,20,Years_since_PD_diagnosis | Age | MCATOT | FRZGT12M | SCAU14 | SCAU16 | GDS_TOTAL | NQ_GAUSSIAN_REVISION | NP1RTOT | NP1SLPD | NP1URIN | NP3GAIT_COMBINED_MAX | NP3PSTBL_COMBINED_MAX | NHY_COMBINED_MAX | NP3TOT_COMBINED_MAX | NP4TOT | NP1CNST | FOG_FORM_MISSING | NQ_FORM_MISSING | PART_IV_FORM_MISSING | DOPTHERST_Missing | DOPTHERST_No | DOPTHERST_Yes | ANYFAMPD_Missing | ANYFAMPD_No | ANYFAMPD_Yes | DXBRADY_No | DXBRADY_Unknown | DXBRADY_Yes,0.8661246249976102,0.7055611729019211,0.693661971830986,0.7644230769230769,0.8873239436619719,0.5,,0.5
42,stage_1,2,SEL_06,raw__corrected_fdr__q<=0.05,selector_configuration,corrected_fdr,q<=0.05,,raw,hist_gradient_boosting,native,5,"{""class_weight"": null, ""l2_regularization"": 1.0, ""learning_rate"": 0.05, ""max_leaf_nodes"": 31}",3,832,208,29,20,Years_since_PD_diagnosis | Age | MCATOT | FRZGT12M | SCAU14 | SCAU16 | GDS_TOTAL | NQ_GAUSSIAN_REVISION | NP1RTOT | NP1SLPD | NP1URIN | NP3GAIT_COMBINED_MAX | NP3PSTBL_COMBINED_MAX | NHY_COMBINED_MAX | NP3TOT_COMBINED_MAX | NP4TOT | NP1CNST | FOG_FORM_MISSING | NQ_FORM_MISSING | PART_IV_FORM_MISSING | DOPTHERST_Missing | DOPTHERST_No | DOPTHERST_Yes | ANYFAMPD_Missing | ANYFAMPD_No | ANYFAMPD_Yes | DXBRADY_No | DXBRADY_Unknown | DXBRADY_Yes,0.9019813339982647,0.7205499814195466,0.7088134869825011,0.7740384615384616,0.8873239436619719,0.5303030303030303,,0.5303030303030303
42,stage_1,2,SEL_06,raw__corrected_fdr__q<=0.05,selector_configuration,corrected_fdr,q<=0.05,,raw,hist_gradient_boosting,native,5,"{""class_weight"": null, ""l2_regularization"": 1.0, ""learning_rate"": 0.05, ""max_leaf_nodes"": 31}",4,832,208,29,20,Years_since_PD_diagnosis | Age | MCATOT | FRZGT12M | SCAU14 | SCAU16 | GDS_TOTAL | NQ_GAUSSIAN_REVISION | NP1RTOT | NP1SLPD | NP1URIN | NP3GAIT_COMBINED_MAX | NP3PSTBL_COMBINED_MAX | NHY_COMBINED_MAX | NP3TOT_COMBINED_MAX | NP4TOT | NP1CNST | FOG_FORM_MISSING | NQ_FORM_MISSING | PART_IV_FORM_MISSING | DOPTHERST_Missing | DOPTHERST_No | DOPTHERST_Yes | FEATPOSHYP_No | FEATPOSHYP_Uncertain | FEATPOSHYP_Yes | ANYFAMPD_Missing | ANYFAMPD_No | ANYFAMPD_Yes,0.8691424160024326,0.6288298097571303,0.6219590268886044,0.7163461538461539,0.8802816901408451,0.36363636363636365,,0.36363636363636365
42,stage_1,2,SEL_06,raw__corrected_fdr__q<=0.05,selector_configuration,corrected_fdr,q<=0.05,,raw,hist_gradient_boosting,native,6,"{""class_weight"": null, ""l2_regularization"": 1.0, ""learning_rate"": 0.1, ""max_leaf_nodes"": 15}",0,832,208,29,20,Years_since_PD_diagnosis | Age | MCATOT | FRZGT12M | SCAU14 | SCAU16 | GDS_TOTAL | NQ_GAUSSIAN_REVISION | NP1RTOT | NP1SLPD | NP1URIN | NP3GAIT_COMBINED_MAX | NP3PSTBL_COMBINED_MAX | NHY_COMBINED_MAX | NP3TOT_COMBINED_MAX | NP4TOT | NP1CNST | FOG_FORM_MISSING | NQ_FORM_MISSING | PART_IV_FORM_MISSING | DOPTHERST_Missing | DOPTHERST_No | DOPTHERST_Yes | FEATPOSHYP_No | FEATPOSHYP_Uncertain | FEATPOSHYP_Yes | ANYFAMPD_Missing | ANYFAMPD_No | ANYFAMPD_Yes,0.5875576250000449,0.679157971145994,0.6664335664335664,0.7548076923076923,0.9020979020979021,0.4307692307692308,,0.4307692307692308
42,stage_1,2,SEL_06,raw__corrected_fdr__q<=0.05,selector_configuration,corrected_fdr,q<=0.05,,raw,hist_gradient_boosting,native,6,"{""class_weight"": null, ""l2_regularization"": 1.0, ""learning_rate"": 0.1, ""max_leaf_nodes"": 15}",1,832,208,29,20,Years_since_PD_diagnosis | Age | MCATOT | FRZGT12M | SCAU14 | SCAU16 | GDS_TOTAL | NQ_GAUSSIAN_REVISION | NP1RTOT | NP1SLPD | NP1URIN | NP3GAIT_COMBINED_MAX | NP3PSTBL_COMBINED_MAX | NHY_COMBINED_MAX | NP3TOT_COMBINED_MAX | NP4TOT | NP1CNST | FOG_FORM_MISSING | NQ_FORM_MISSING | PART_IV_FORM_MISSING | DOPTHERST_Missing | DOPTHERST_No | DOPTHERST_Yes | FEATPOSHYP_No | FEATPOSHYP_Uncertain | FEATPOSHYP_Yes | ANYFAMPD_Missing | ANYFAMPD_No | ANYFAMPD_Yes,0.5808106250005949,0.5940068728522336,0.5923076923076923,0.6586538461538461,0.7692307692307693,0.4153846153846154,,0.4153846153846154
42,stage_1,2,SEL_06,raw__corrected_fdr__q<=0.05,selector_configuration,corrected_fdr,q<=0.05,,raw,hist_gradient_boosting,native,6,"{""class_weight"": null, ""l2_regularization"": 1.0, ""learning_rate"": 0.1, ""max_leaf_nodes"": 15}",2,832,208,29,20,Years_since_PD_diagnosis | Age | MCATOT | FRZGT12M | SCAU14 | SCAU16 | GDS_TOTAL | NQ_GAUSSIAN_REVISION | NP1RTOT | NP1SLPD | NP1URIN | NP3GAIT_COMBINED_MAX | NP3PSTBL_COMBINED_MAX | NHY_COMBINED_MAX | NP3TOT_COMBINED_MAX | NP4TOT | NP1CNST | FOG_FORM_MISSING | NQ_FORM_MISSING | PART_IV_FORM_MISSING | DOPTHERST_Missing | DOPTHERST_No | DOPTHERST_Yes | ANYFAMPD_Missing | ANYFAMPD_No | ANYFAMPD_Yes | DXBRADY_No | DXBRADY_Unknown | DXBRADY_Yes,0.5367504169989843,0.7055611729019211,0.693661971830986,0.7644230769230769,0.8873239436619719,0.5,,0.5
42,stage_1,2,SEL_06,raw__corrected_fdr__q<=0.05,selector_configuration,corrected_fdr,q<=0.05,,raw,hist_gradient_boosting,native,6,"{""class_weight"": null, ""l2_regularization"": 1.0, ""learning_rate"": 0.1, ""max_leaf_nodes"": 15}",3,832,208,29,20,Years_since_PD_diagnosis | Age | MCATOT | FRZGT12M | SCAU14 | SCAU16 | GDS_TOTAL | NQ_GAUSSIAN_REVISION | NP1RTOT | NP1SLPD | NP1URIN | NP3GAIT_COMBINED_MAX | NP3PSTBL_COMBINED_MAX | NHY_COMBINED_MAX | NP3TOT_COMBINED_MAX | NP4TOT | NP1CNST | FOG_FORM_MISSING | NQ_FORM_MISSING | PART_IV_FORM_MISSING | DOPTHERST_Missing | DOPTHERST_No | DOPTHERST_Yes | ANYFAMPD_Missing | ANYFAMPD_No | ANYFAMPD_Yes | DXBRADY_No | DXBRADY_Unknown | DXBRADY_Yes,0.5823396670020884,0.7279035377090206,0.7163892445582587,0.7788461538461539,0.8873239436619719,0.5454545454545454,,0.5454545454545454
42,stage_1,2,SEL_06,raw__corrected_fdr__q<=0.05,selector_configuration,corrected_fdr,q<=0.05,,raw,hist_gradient_boosting,native,6,"{""class_weight"": null, ""l2_regularization"": 1.0, ""learning_rate"": 0.1, ""max_leaf_nodes"": 15}",4,832,208,29,20,Years_since_PD_diagnosis | Age | MCATOT | FRZGT12M | SCAU14 | SCAU16 | GDS_TOTAL | NQ_GAUSSIAN_REVISION | NP1RTOT | NP1SLPD | NP1URIN | NP3GAIT_COMBINED_MAX | NP3PSTBL_COMBINED_MAX | NHY_COMBINED_MAX | NP3TOT_COMBINED_MAX | NP4TOT | NP1CNST | FOG_FORM_MISSING | NQ_FORM_MISSING | PART_IV_FORM_MISSING | DOPTHERST_Missing | DOPTHERST_No | DOPTHERST_Yes | FEATPOSHYP_No | FEATPOSHYP_Uncertain | FEATPOSHYP_Yes | ANYFAMPD_Missing | ANYFAMPD_No | ANYFAMPD_Yes,0.5398817919995054,0.5998075998075998,0.596244131455399,0.6923076923076923,0.8591549295774648,0.3333333333333333,,0.3333333333333333
42,stage_1,2,SEL_06,raw__corrected_fdr__q<=0.05,selector_configuration,corrected_fdr,q<=0.05,,raw,hist_gradient_boosting,native,7,"{""class_weight"": null, ""l2_regularization"": 1.0, ""learning_rate"": 0.1, ""max_leaf_nodes"": 31}",0,832,208,29,20,Years_since_PD_diagnosis | Age | MCATOT | FRZGT12M | SCAU14 | SCAU16 | GDS_TOTAL | NQ_GAUSSIAN_REVISION | NP1RTOT | NP1SLPD | NP1URIN | NP3GAIT_COMBINED_MAX | NP3PSTBL_COMBINED_MAX | NHY_COMBINED_MAX | NP3TOT_COMBINED_MAX | NP4TOT | NP1CNST | FOG_FORM_MISSING | NQ_FORM_MISSING | PART_IV_FORM_MISSING | DOPTHERST_Missing | DOPTHERST_No | DOPTHERST_Yes | FEATPOSHYP_No | FEATPOSHYP_Uncertain | FEATPOSHYP_Yes | ANYFAMPD_Missing | ANYFAMPD_No | ANYFAMPD_Yes,0.9120819160016254,0.6829931566207453,0.6706293706293707,0.7548076923076923,0.8951048951048951,0.4461538461538462,,0.4461538461538462
42,stage_1,2,SEL_06,raw__corrected_fdr__q<=0.05,selector_configuration,corrected_fdr,q<=0.05,,raw,hist_gradient_boosting,native,7,"{""class_weight"": null, ""l2_regularization"": 1.0, ""learning_rate"": 0.1, ""max_leaf_nodes"": 31}",1,832,208,29,20,Years_since_PD_diagnosis | Age | MCATOT | FRZGT12M | SCAU14 | SCAU16 | GDS_TOTAL | NQ_GAUSSIAN_REVISION | NP1RTOT | NP1SLPD | NP1URIN | NP3GAIT_COMBINED_MAX | NP3PSTBL_COMBINED_MAX | NHY_COMBINED_MAX | NP3TOT_COMBINED_MAX | NP4TOT | NP1CNST | FOG_FORM_MISSING | NQ_FORM_MISSING | PART_IV_FORM_MISSING | DOPTHERST_Missing | DOPTHERST_No | DOPTHERST_Yes | FEATPOSHYP_No | FEATPOSHYP_Uncertain | FEATPOSHYP_Yes | ANYFAMPD_Missing | ANYFAMPD_No | ANYFAMPD_Yes,0.9110837919979531,0.6017647548489137,0.5993006993006993,0.6682692307692307,0.7832167832167832,0.4153846153846154,,0.4153846153846154
42,stage_1,2,SEL_06,raw__corrected_fdr__q<=0.05,selector_configuration,corrected_fdr,q<=0.05,,raw,hist_gradient_boosting,native,7,"{""class_weight"": null, ""l2_regularization"": 1.0, ""learning_rate"": 0.1, ""max_leaf_nodes"": 31}",2,832,208,29,20,Years_since_PD_diagnosis | Age | MCATOT | FRZGT12M | SCAU14 | SCAU16 | GDS_TOTAL | NQ_GAUSSIAN_REVISION | NP1RTOT | NP1SLPD | NP1URIN | NP3GAIT_COMBINED_MAX | NP3PSTBL_COMBINED_MAX | NHY_COMBINED_MAX | NP3TOT_COMBINED_MAX | NP4TOT | NP1CNST | FOG_FORM_MISSING | NQ_FORM_MISSING | PART_IV_FORM_MISSING | DOPTHERST_Missing | DOPTHERST_No | DOPTHERST_Yes | ANYFAMPD_Missing | ANYFAMPD_No | ANYFAMPD_Yes | DXBRADY_No | DXBRADY_Unknown | DXBRADY_Yes,0.8511679580005875,0.6967670011148273,0.6866197183098591,0.7548076923076923,0.8732394366197183,0.5,,0.5
42,stage_1,2,SEL_06,raw__corrected_fdr__q<=0.05,selector_configuration,corrected_fdr,q<=0.05,,raw,hist_gradient_boosting,native,7,"{""class_weight"": null, ""l2_regularization"": 1.0, ""learning_rate"": 0.1, ""max_leaf_nodes"": 31}",3,832,208,29,20,Years_since_PD_diagnosis | Age | MCATOT | FRZGT12M | SCAU14 | SCAU16 | GDS_TOTAL | NQ_GAUSSIAN_REVISION | NP1RTOT | NP1SLPD | NP1URIN | NP3GAIT_COMBINED_MAX | NP3PSTBL_COMBINED_MAX | NHY_COMBINED_MAX | NP3TOT_COMBINED_MAX | NP4TOT | NP1CNST | FOG_FORM_MISSING | NQ_FORM_MISSING | PART_IV_FORM_MISSING | DOPTHERST_Missing | DOPTHERST_No | DOPTHERST_Yes | ANYFAMPD_Missing | ANYFAMPD_No | ANYFAMPD_Yes | DXBRADY_No | DXBRADY_Unknown | DXBRADY_Yes,0.9184534999985772,0.7055611729019211,0.693661971830986,0.7644230769230769,0.8873239436619719,0.5,,0.5
42,stage_1,2,SEL_06,raw__corrected_fdr__q<=0.05,selector_configuration,corrected_fdr,q<=0.05,,raw,hist_gradient_boosting,native,7,"{""class_weight"": null, ""l2_regularization"": 1.0, ""learning_rate"": 0.1, ""max_leaf_nodes"": 31}",4,832,208,29,20,Years_since_PD_diagnosis | Age | MCATOT | FRZGT12M | SCAU14 | SCAU16 | GDS_TOTAL | NQ_GAUSSIAN_REVISION | NP1RTOT | NP1SLPD | NP1URIN | NP3GAIT_COMBINED_MAX | NP3PSTBL_COMBINED_MAX | NHY_COMBINED_MAX | NP3TOT_COMBINED_MAX | NP4TOT | NP1CNST | FOG_FORM_MISSING | NQ_FORM_MISSING | PART_IV_FORM_MISSING | DOPTHERST_Missing | DOPTHERST_No | DOPTHERST_Yes | FEATPOSHYP_No | FEATPOSHYP_Uncertain | FEATPOSHYP_Yes | ANYFAMPD_Missing | ANYFAMPD_No | ANYFAMPD_Yes,0.8632929170016723,0.6729840208101078,0.6644259496372172,0.7355769230769231,0.8591549295774648,0.4696969696969697,,0.4696969696969697
42,stage_1,2,SEL_06,raw__corrected_fdr__q<=0.05,selector_configuration,corrected_fdr,q<=0.05,,raw,hist_gradient_boosting,native,8,"{""class_weight"": ""balanced"", ""l2_regularization"": 0.0, ""learning_rate"": 0.05, ""max_leaf_nodes"": 15}",0,832,208,29,20,Years_since_PD_diagnosis | Age | MCATOT | FRZGT12M | SCAU14 | SCAU16 | GDS_TOTAL | NQ_GAUSSIAN_REVISION | NP1RTOT | NP1SLPD | NP1URIN | NP3GAIT_COMBINED_MAX | NP3PSTBL_COMBINED_MAX | NHY_COMBINED_MAX | NP3TOT_COMBINED_MAX | NP4TOT | NP1CNST | FOG_FORM_MISSING | NQ_FORM_MISSING | PART_IV_FORM_MISSING | DOPTHERST_Missing | DOPTHERST_No | DOPTHERST_Yes | FEATPOSHYP_No | FEATPOSHYP_Uncertain | FEATPOSHYP_Yes | ANYFAMPD_Missing | ANYFAMPD_No | ANYFAMPD_Yes,0.5868428339999809,0.6812715892268135,0.6888111888111887,0.7163461538461539,0.7622377622377622,0.6153846153846154,,0.6153846153846154
42,stage_1,2,SEL_06,raw__corrected_fdr__q<=0.05,selector_configuration,corrected_fdr,q<=0.05,,raw,hist_gradient_boosting,native,8,"{""class_weight"": ""balanced"", ""l2_regularization"": 0.0, ""learning_rate"": 0.05, ""max_leaf_nodes"": 15}",1,832,208,29,20,Years_since_PD_diagnosis | Age | MCATOT | FRZGT12M | SCAU14 | SCAU16 | GDS_TOTAL | NQ_GAUSSIAN_REVISION | NP1RTOT | NP1SLPD | NP1URIN | NP3GAIT_COMBINED_MAX | NP3PSTBL_COMBINED_MAX | NHY_COMBINED_MAX | NP3TOT_COMBINED_MAX | NP4TOT | NP1CNST | FOG_FORM_MISSING | NQ_FORM_MISSING | PART_IV_FORM_MISSING | DOPTHERST_Missing | DOPTHERST_No | DOPTHERST_Yes | FEATPOSHYP_No | FEATPOSHYP_Uncertain | FEATPOSHYP_Yes | ANYFAMPD_Missing | ANYFAMPD_No | ANYFAMPD_Yes,0.6011209169992071,0.6536796536796536,0.6636363636363636,0.6875,0.7272727272727273,0.6,,0.6
42,stage_1,2,SEL_06,raw__corrected_fdr__q<=0.05,selector_configuration,corrected_fdr,q<=0.05,,raw,hist_gradient_boosting,native,8,"{""class_weight"": ""balanced"", ""l2_regularization"": 0.0, ""learning_rate"": 0.05, ""max_leaf_nodes"": 15}",2,832,208,29,20,Years_since_PD_diagnosis | Age | MCATOT | FRZGT12M | SCAU14 | SCAU16 | GDS_TOTAL | NQ_GAUSSIAN_REVISION | NP1RTOT | NP1SLPD | NP1URIN | NP3GAIT_COMBINED_MAX | NP3PSTBL_COMBINED_MAX | NHY_COMBINED_MAX | NP3TOT_COMBINED_MAX | NP4TOT | NP1CNST | FOG_FORM_MISSING | NQ_FORM_MISSING | PART_IV_FORM_MISSING | DOPTHERST_Missing | DOPTHERST_No | DOPTHERST_Yes | ANYFAMPD_Missing | ANYFAMPD_No | ANYFAMPD_Yes | DXBRADY_No | DXBRADY_Unknown | DXBRADY_Yes,0.5415040830012003,0.6920759421343792,0.6979300042680324,0.7259615384615384,0.7746478873239436,0.6212121212121212,,0.6212121212121212
42,stage_1,2,SEL_06,raw__corrected_fdr__q<=0.05,selector_configuration,corrected_fdr,q<=0.05,,raw,hist_gradient_boosting,native,8,"{""class_weight"": ""balanced"", ""l2_regularization"": 0.0, ""learning_rate"": 0.05, ""max_leaf_nodes"": 15}",3,832,208,29,20,Years_since_PD_diagnosis | Age | MCATOT | FRZGT12M | SCAU14 | SCAU16 | GDS_TOTAL | NQ_GAUSSIAN_REVISION | NP1RTOT | NP1SLPD | NP1URIN | NP3GAIT_COMBINED_MAX | NP3PSTBL_COMBINED_MAX | NHY_COMBINED_MAX | NP3TOT_COMBINED_MAX | NP4TOT | NP1CNST | FOG_FORM_MISSING | NQ_FORM_MISSING | PART_IV_FORM_MISSING | DOPTHERST_Missing | DOPTHERST_No | DOPTHERST_Yes | ANYFAMPD_Missing | ANYFAMPD_No | ANYFAMPD_Yes | DXBRADY_No | DXBRADY_Unknown | DXBRADY_Yes,0.5988301249999495,0.7132352941176471,0.7247119078104993,0.7403846153846154,0.7676056338028169,0.6818181818181818,,0.6818181818181818
42,stage_1,2,SEL_06,raw__corrected_fdr__q<=0.05,selector_configuration,corrected_fdr,q<=0.05,,raw,hist_gradient_boosting,native,8,"{""class_weight"": ""balanced"", ""l2_regularization"": 0.0, ""learning_rate"": 0.05, ""max_leaf_nodes"": 15}",4,832,208,29,20,Years_since_PD_diagnosis | Age | MCATOT | FRZGT12M | SCAU14 | SCAU16 | GDS_TOTAL | NQ_GAUSSIAN_REVISION | NP1RTOT | NP1SLPD | NP1URIN | NP3GAIT_COMBINED_MAX | NP3PSTBL_COMBINED_MAX | NHY_COMBINED_MAX | NP3TOT_COMBINED_MAX | NP4TOT | NP1CNST | FOG_FORM_MISSING | NQ_FORM_MISSING | PART_IV_FORM_MISSING | DOPTHERST_Missing | DOPTHERST_No | DOPTHERST_Yes | FEATPOSHYP_No | FEATPOSHYP_Uncertain | FEATPOSHYP_Yes | ANYFAMPD_Missing | ANYFAMPD_No | ANYFAMPD_Yes,0.5499921250011539,0.6960599378304417,0.6968629961587709,0.7355769230769231,0.8028169014084507,0.5909090909090909,,0.5909090909090909
42,stage_1,2,SEL_06,raw__corrected_fdr__q<=0.05,selector_configuration,corrected_fdr,q<=0.05,,raw,hist_gradient_boosting,native,9,"{""class_weight"": ""balanced"", ""l2_regularization"": 0.0, ""learning_rate"": 0.05, ""max_leaf_nodes"": 31}",0,832,208,29,20,Years_since_PD_diagnosis | Age | MCATOT | FRZGT12M | SCAU14 | SCAU16 | GDS_TOTAL | NQ_GAUSSIAN_REVISION | NP1RTOT | NP1SLPD | NP1URIN | NP3GAIT_COMBINED_MAX | NP3PSTBL_COMBINED_MAX | NHY_COMBINED_MAX | NP3TOT_COMBINED_MAX | NP4TOT | NP1CNST | FOG_FORM_MISSING | NQ_FORM_MISSING | PART_IV_FORM_MISSING | DOPTHERST_Missing | DOPTHERST_No | DOPTHERST_Yes | FEATPOSHYP_No | FEATPOSHYP_Uncertain | FEATPOSHYP_Yes | ANYFAMPD_Missing | ANYFAMPD_No | ANYFAMPD_Yes,0.9807255410014477,0.6755244755244756,0.6755244755244756,0.7211538461538461,0.7972027972027972,0.5538461538461539,,0.5538461538461539
42,stage_1,2,SEL_06,raw__corrected_fdr__q<=0.05,selector_configuration,corrected_fdr,q<=0.05,,raw,hist_gradient_boosting,native,9,"{""class_weight"": ""balanced"", ""l2_regularization"": 0.0, ""learning_rate"": 0.05, ""max_leaf_nodes"": 31}",1,832,208,29,20,Years_since_PD_diagnosis | Age | MCATOT | FRZGT12M | SCAU14 | SCAU16 | GDS_TOTAL | NQ_GAUSSIAN_REVISION | NP1RTOT | NP1SLPD | NP1URIN | NP3GAIT_COMBINED_MAX | NP3PSTBL_COMBINED_MAX | NHY_COMBINED_MAX | NP3TOT_COMBINED_MAX | NP4TOT | NP1CNST | FOG_FORM_MISSING | NQ_FORM_MISSING | PART_IV_FORM_MISSING | DOPTHERST_Missing | DOPTHERST_No | DOPTHERST_Yes | FEATPOSHYP_No | FEATPOSHYP_Uncertain | FEATPOSHYP_Yes | ANYFAMPD_Missing | ANYFAMPD_No | ANYFAMPD_Yes,0.9531855419991189,0.6027522695759098,0.6062937062937064,0.6490384615384616,0.7202797202797203,0.49230769230769234,,0.49230769230769234
42,stage_1,2,SEL_06,raw__corrected_fdr__q<=0.05,selector_configuration,corrected_fdr,q<=0.05,,raw,hist_gradient_boosting,native,9,"{""class_weight"": ""balanced"", ""l2_regularization"": 0.0, ""learning_rate"": 0.05, ""max_leaf_nodes"": 31}",2,832,208,29,20,Years_since_PD_diagnosis | Age | MCATOT | FRZGT12M | SCAU14 | SCAU16 | GDS_TOTAL | NQ_GAUSSIAN_REVISION | NP1RTOT | NP1SLPD | NP1URIN | NP3GAIT_COMBINED_MAX | NP3PSTBL_COMBINED_MAX | NHY_COMBINED_MAX | NP3TOT_COMBINED_MAX | NP4TOT | NP1CNST | FOG_FORM_MISSING | NQ_FORM_MISSING | PART_IV_FORM_MISSING | DOPTHERST_Missing | DOPTHERST_No | DOPTHERST_Yes | ANYFAMPD_Missing | ANYFAMPD_No | ANYFAMPD_Yes | DXBRADY_No | DXBRADY_Unknown | DXBRADY_Yes,0.8953697090000787,0.6490156689433507,0.6484208279982928,0.6971153846153846,0.7816901408450704,0.5151515151515151,,0.5151515151515151
42,stage_1,2,SEL_06,raw__corrected_fdr__q<=0.05,selector_configuration,corrected_fdr,q<=0.05,,raw,hist_gradient_boosting,native,9,"{""class_weight"": ""balanced"", ""l2_regularization"": 0.0, ""learning_rate"": 0.05, ""max_leaf_nodes"": 31}",3,832,208,29,20,Years_since_PD_diagnosis | Age | MCATOT | FRZGT12M | SCAU14 | SCAU16 | GDS_TOTAL | NQ_GAUSSIAN_REVISION | NP1RTOT | NP1SLPD | NP1URIN | NP3GAIT_COMBINED_MAX | NP3PSTBL_COMBINED_MAX | NHY_COMBINED_MAX | NP3TOT_COMBINED_MAX | NP4TOT | NP1CNST | FOG_FORM_MISSING | NQ_FORM_MISSING | PART_IV_FORM_MISSING | DOPTHERST_Missing | DOPTHERST_No | DOPTHERST_Yes | ANYFAMPD_Missing | ANYFAMPD_No | ANYFAMPD_Yes | DXBRADY_No | DXBRADY_Unknown | DXBRADY_Yes,0.94384670799991,0.7137715676934476,0.7155356380708493,0.75,0.8098591549295775,0.6212121212121212,,0.6212121212121212
42,stage_1,2,SEL_06,raw__corrected_fdr__q<=0.05,selector_configuration,corrected_fdr,q<=0.05,,raw,hist_gradient_boosting,native,9,"{""class_weight"": ""balanced"", ""l2_regularization"": 0.0, ""learning_rate"": 0.05, ""max_leaf_nodes"": 31}",4,832,208,29,20,Years_since_PD_diagnosis | Age | MCATOT | FRZGT12M | SCAU14 | SCAU16 | GDS_TOTAL | NQ_GAUSSIAN_REVISION | NP1RTOT | NP1SLPD | NP1URIN | NP3GAIT_COMBINED_MAX | NP3PSTBL_COMBINED_MAX | NHY_COMBINED_MAX | NP3TOT_COMBINED_MAX | NP4TOT | NP1CNST | FOG_FORM_MISSING | NQ_FORM_MISSING | PART_IV_FORM_MISSING | DOPTHERST_Missing | DOPTHERST_No | DOPTHERST_Yes | FEATPOSHYP_No | FEATPOSHYP_Uncertain | FEATPOSHYP_Yes | ANYFAMPD_Missing | ANYFAMPD_No | ANYFAMPD_Yes,0.9017226659998414,0.6685303730113713,0.6665599658557405,0.7163461538461539,0.8028169014084507,0.5303030303030303,,0.5303030303030303
42,stage_1,2,SEL_06,raw__corrected_fdr__q<=0.05,selector_configuration,corrected_fdr,q<=0.05,,raw,hist_gradient_boosting,native,10,"{""class_weight"": ""balanced"", ""l2_regularization"": 0.0, ""learning_rate"": 0.1, ""max_leaf_nodes"": 15}",0,832,208,29,20,Years_since_PD_diagnosis | Age | MCATOT | FRZGT12M | SCAU14 | SCAU16 | GDS_TOTAL | NQ_GAUSSIAN_REVISION | NP1RTOT | NP1SLPD | NP1URIN | NP3GAIT_COMBINED_MAX | NP3PSTBL_COMBINED_MAX | NHY_COMBINED_MAX | NP3TOT_COMBINED_MAX | NP4TOT | NP1CNST | FOG_FORM_MISSING | NQ_FORM_MISSING | PART_IV_FORM_MISSING | DOPTHERST_Missing | DOPTHERST_No | DOPTHERST_Yes | FEATPOSHYP_No | FEATPOSHYP_Uncertain | FEATPOSHYP_Yes | ANYFAMPD_Missing | ANYFAMPD_No | ANYFAMPD_Yes,0.5787177089987381,0.7022391486373336,0.7013986013986014,0.7451923076923077,0.8181818181818182,0.5846153846153846,,0.5846153846153846
42,stage_1,2,SEL_06,raw__corrected_fdr__q<=0.05,selector_configuration,corrected_fdr,q<=0.05,,raw,hist_gradient_boosting,native,10,"{""class_weight"": ""balanced"", ""l2_regularization"": 0.0, ""learning_rate"": 0.1, ""max_leaf_nodes"": 15}",1,832,208,29,20,Years_since_PD_diagnosis | Age | MCATOT | FRZGT12M | SCAU14 | SCAU16 | GDS_TOTAL | NQ_GAUSSIAN_REVISION | NP1RTOT | NP1SLPD | NP1URIN | NP3GAIT_COMBINED_MAX | NP3PSTBL_COMBINED_MAX | NHY_COMBINED_MAX | NP3TOT_COMBINED_MAX | NP4TOT | NP1CNST | FOG_FORM_MISSING | NQ_FORM_MISSING | PART_IV_FORM_MISSING | DOPTHERST_Missing | DOPTHERST_No | DOPTHERST_Yes | FEATPOSHYP_No | FEATPOSHYP_Uncertain | FEATPOSHYP_Yes | ANYFAMPD_Missing | ANYFAMPD_No | ANYFAMPD_Yes,0.5748035420001543,0.6217116217116218,0.6300699300699301,0.6586538461538461,0.7062937062937062,0.5538461538461539,,0.5538461538461539
42,stage_1,2,SEL_06,raw__corrected_fdr__q<=0.05,selector_configuration,corrected_fdr,q<=0.05,,raw,hist_gradient_boosting,native,10,"{""class_weight"": ""balanced"", ""l2_regularization"": 0.0, ""learning_rate"": 0.1, ""max_leaf_nodes"": 15}",2,832,208,29,20,Years_since_PD_diagnosis | Age | MCATOT | FRZGT12M | SCAU14 | SCAU16 | GDS_TOTAL | NQ_GAUSSIAN_REVISION | NP1RTOT | NP1SLPD | NP1URIN | NP3GAIT_COMBINED_MAX | NP3PSTBL_COMBINED_MAX | NHY_COMBINED_MAX | NP3TOT_COMBINED_MAX | NP4TOT | NP1CNST | FOG_FORM_MISSING | NQ_FORM_MISSING | PART_IV_FORM_MISSING | DOPTHERST_Missing | DOPTHERST_No | DOPTHERST_Yes | ANYFAMPD_Missing | ANYFAMPD_No | ANYFAMPD_Yes | DXBRADY_No | DXBRADY_Unknown | DXBRADY_Yes,0.5218246670010558,0.6697364242616703,0.6711481007255655,0.7115384615384616,0.7816901408450704,0.5606060606060606,,0.5606060606060606
42,stage_1,2,SEL_06,raw__corrected_fdr__q<=0.05,selector_configuration,corrected_fdr,q<=0.05,,raw,hist_gradient_boosting,native,10,"{""class_weight"": ""balanced"", ""l2_regularization"": 0.0, ""learning_rate"": 0.1, ""max_leaf_nodes"": 15}",3,832,208,29,20,Years_since_PD_diagnosis | Age | MCATOT | FRZGT12M | SCAU14 | SCAU16 | GDS_TOTAL | NQ_GAUSSIAN_REVISION | NP1RTOT | NP1SLPD | NP1URIN | NP3GAIT_COMBINED_MAX | NP3PSTBL_COMBINED_MAX | NHY_COMBINED_MAX | NP3TOT_COMBINED_MAX | NP4TOT | NP1CNST | FOG_FORM_MISSING | NQ_FORM_MISSING | PART_IV_FORM_MISSING | DOPTHERST_Missing | DOPTHERST_No | DOPTHERST_Yes | ANYFAMPD_Missing | ANYFAMPD_No | ANYFAMPD_Yes | DXBRADY_No | DXBRADY_Unknown | DXBRADY_Yes,0.5975071670000034,0.7050420168067226,0.7084933845497225,0.7403846153846154,0.795774647887324,0.6212121212121212,,0.6212121212121212
42,stage_1,2,SEL_06,raw__corrected_fdr__q<=0.05,selector_configuration,corrected_fdr,q<=0.05,,raw,hist_gradient_boosting,native,10,"{""class_weight"": ""balanced"", ""l2_regularization"": 0.0, ""learning_rate"": 0.1, ""max_leaf_nodes"": 15}",4,832,208,29,20,Years_since_PD_diagnosis | Age | MCATOT | FRZGT12M | SCAU14 | SCAU16 | GDS_TOTAL | NQ_GAUSSIAN_REVISION | NP1RTOT | NP1SLPD | NP1URIN | NP3GAIT_COMBINED_MAX | NP3PSTBL_COMBINED_MAX | NHY_COMBINED_MAX | NP3TOT_COMBINED_MAX | NP4TOT | NP1CNST | FOG_FORM_MISSING | NQ_FORM_MISSING | PART_IV_FORM_MISSING | DOPTHERST_Missing | DOPTHERST_No | DOPTHERST_Yes | FEATPOSHYP_No | FEATPOSHYP_Uncertain | FEATPOSHYP_Yes | ANYFAMPD_Missing | ANYFAMPD_No | ANYFAMPD_Yes,0.5433689579986094,0.6783031374281927,0.6730687153222364,0.7307692307692307,0.8309859154929577,0.5151515151515151,,0.5151515151515151
42,stage_1,2,SEL_06,raw__corrected_fdr__q<=0.05,selector_configuration,corrected_fdr,q<=0.05,,raw,hist_gradient_boosting,native,11,"{""class_weight"": ""balanced"", ""l2_regularization"": 0.0, ""learning_rate"": 0.1, ""max_leaf_nodes"": 31}",0,832,208,29,20,Years_since_PD_diagnosis | Age | MCATOT | FRZGT12M | SCAU14 | SCAU16 | GDS_TOTAL | NQ_GAUSSIAN_REVISION | NP1RTOT | NP1SLPD | NP1URIN | NP3GAIT_COMBINED_MAX | NP3PSTBL_COMBINED_MAX | NHY_COMBINED_MAX | NP3TOT_COMBINED_MAX | NP4TOT | NP1CNST | FOG_FORM_MISSING | NQ_FORM_MISSING | PART_IV_FORM_MISSING | DOPTHERST_Missing | DOPTHERST_No | DOPTHERST_Yes | FEATPOSHYP_No | FEATPOSHYP_Uncertain | FEATPOSHYP_Yes | ANYFAMPD_Missing | ANYFAMPD_No | ANYFAMPD_Yes,0.9502619999984745,0.6926108374384237,0.6895104895104895,0.7403846153846154,0.8251748251748252,0.5538461538461539,,0.5538461538461539
42,stage_1,2,SEL_06,raw__corrected_fdr__q<=0.05,selector_configuration,corrected_fdr,q<=0.05,,raw,hist_gradient_boosting,native,11,"{""class_weight"": ""balanced"", ""l2_regularization"": 0.0, ""learning_rate"": 0.1, ""max_leaf_nodes"": 31}",1,832,208,29,20,Years_since_PD_diagnosis | Age | MCATOT | FRZGT12M | SCAU14 | SCAU16 | GDS_TOTAL | NQ_GAUSSIAN_REVISION | NP1RTOT | NP1SLPD | NP1URIN | NP3GAIT_COMBINED_MAX | NP3PSTBL_COMBINED_MAX | NHY_COMBINED_MAX | NP3TOT_COMBINED_MAX | NP4TOT | NP1CNST | FOG_FORM_MISSING | NQ_FORM_MISSING | PART_IV_FORM_MISSING | DOPTHERST_Missing | DOPTHERST_No | DOPTHERST_Yes | FEATPOSHYP_No | FEATPOSHYP_Uncertain | FEATPOSHYP_Yes | ANYFAMPD_Missing | ANYFAMPD_No | ANYFAMPD_Yes,0.9383298329994432,0.6208572691117985,0.6181818181818182,0.6826923076923077,0.7902097902097902,0.4461538461538462,,0.4461538461538462
42,stage_1,2,SEL_06,raw__corrected_fdr__q<=0.05,selector_configuration,corrected_fdr,q<=0.05,,raw,hist_gradient_boosting,native,11,"{""class_weight"": ""balanced"", ""l2_regularization"": 0.0, ""learning_rate"": 0.1, ""max_leaf_nodes"": 31}",2,832,208,29,20,Years_since_PD_diagnosis | Age | MCATOT | FRZGT12M | SCAU14 | SCAU16 | GDS_TOTAL | NQ_GAUSSIAN_REVISION | NP1RTOT | NP1SLPD | NP1URIN | NP3GAIT_COMBINED_MAX | NP3PSTBL_COMBINED_MAX | NHY_COMBINED_MAX | NP3TOT_COMBINED_MAX | NP4TOT | NP1CNST | FOG_FORM_MISSING | NQ_FORM_MISSING | PART_IV_FORM_MISSING | DOPTHERST_Missing | DOPTHERST_No | DOPTHERST_Yes | ANYFAMPD_Missing | ANYFAMPD_No | ANYFAMPD_Yes | DXBRADY_No | DXBRADY_Unknown | DXBRADY_Yes,0.895041959000082,0.6783031374281927,0.6730687153222364,0.7307692307692307,0.8309859154929577,0.5151515151515151,,0.5151515151515151
42,stage_1,2,SEL_06,raw__corrected_fdr__q<=0.05,selector_configuration,corrected_fdr,q<=0.05,,raw,hist_gradient_boosting,native,11,"{""class_weight"": ""balanced"", ""l2_regularization"": 0.0, ""learning_rate"": 0.1, ""max_leaf_nodes"": 31}",3,832,208,29,20,Years_since_PD_diagnosis | Age | MCATOT | FRZGT12M | SCAU14 | SCAU16 | GDS_TOTAL | NQ_GAUSSIAN_REVISION | NP1RTOT | NP1SLPD | NP1URIN | NP3GAIT_COMBINED_MAX | NP3PSTBL_COMBINED_MAX | NHY_COMBINED_MAX | NP3TOT_COMBINED_MAX | NP4TOT | NP1CNST | FOG_FORM_MISSING | NQ_FORM_MISSING | PART_IV_FORM_MISSING | DOPTHERST_Missing | DOPTHERST_No | DOPTHERST_Yes | ANYFAMPD_Missing | ANYFAMPD_No | ANYFAMPD_Yes | DXBRADY_No | DXBRADY_Unknown | DXBRADY_Yes,0.954151499998261,0.7242598320813081,0.7174562526675203,0.7692307692307693,0.8591549295774648,0.5757575757575758,,0.5757575757575758
42,stage_1,2,SEL_06,raw__corrected_fdr__q<=0.05,selector_configuration,corrected_fdr,q<=0.05,,raw,hist_gradient_boosting,native,11,"{""class_weight"": ""balanced"", ""l2_regularization"": 0.0, ""learning_rate"": 0.1, ""max_leaf_nodes"": 31}",4,832,208,29,20,Years_since_PD_diagnosis | Age | MCATOT | FRZGT12M | SCAU14 | SCAU16 | GDS_TOTAL | NQ_GAUSSIAN_REVISION | NP1RTOT | NP1SLPD | NP1URIN | NP3GAIT_COMBINED_MAX | NP3PSTBL_COMBINED_MAX | NHY_COMBINED_MAX | NP3TOT_COMBINED_MAX | NP4TOT | NP1CNST | FOG_FORM_MISSING | NQ_FORM_MISSING | PART_IV_FORM_MISSING | DOPTHERST_Missing | DOPTHERST_No | DOPTHERST_Yes | FEATPOSHYP_No | FEATPOSHYP_Uncertain | FEATPOSHYP_Yes | ANYFAMPD_Missing | ANYFAMPD_No | ANYFAMPD_Yes,0.9160068749988568,0.6520575443292072,0.6468203158344004,0.7115384615384616,0.823943661971831,0.4696969696969697,,0.4696969696969697
42,stage_1,2,SEL_06,raw__corrected_fdr__q<=0.05,selector_configuration,corrected_fdr,q<=0.05,,raw,hist_gradient_boosting,native,12,"{""class_weight"": ""balanced"", ""l2_regularization"": 1.0, ""learning_rate"": 0.05, ""max_leaf_nodes"": 15}",0,832,208,29,20,Years_since_PD_diagnosis | Age | MCATOT | FRZGT12M | SCAU14 | SCAU16 | GDS_TOTAL | NQ_GAUSSIAN_REVISION | NP1RTOT | NP1SLPD | NP1URIN | NP3GAIT_COMBINED_MAX | NP3PSTBL_COMBINED_MAX | NHY_COMBINED_MAX | NP3TOT_COMBINED_MAX | NP4TOT | NP1CNST | FOG_FORM_MISSING | NQ_FORM_MISSING | PART_IV_FORM_MISSING | DOPTHERST_Missing | DOPTHERST_No | DOPTHERST_Yes | FEATPOSHYP_No | FEATPOSHYP_Uncertain | FEATPOSHYP_Yes | ANYFAMPD_Missing | ANYFAMPD_No | ANYFAMPD_Yes,0.6060582909994991,0.7026143790849673,0.7160839160839161,0.7307692307692307,0.7552447552447552,0.676923076923077,,0.676923076923077
42,stage_1,2,SEL_06,raw__corrected_fdr__q<=0.05,selector_configuration,corrected_fdr,q<=0.05,,raw,hist_gradient_boosting,native,12,"{""class_weight"": ""balanced"", ""l2_regularization"": 1.0, ""learning_rate"": 0.05, ""max_leaf_nodes"": 15}",1,832,208,29,20,Years_since_PD_diagnosis | Age | MCATOT | FRZGT12M | SCAU14 | SCAU16 | GDS_TOTAL | NQ_GAUSSIAN_REVISION | NP1RTOT | NP1SLPD | NP1URIN | NP3GAIT_COMBINED_MAX | NP3PSTBL_COMBINED_MAX | NHY_COMBINED_MAX | NP3TOT_COMBINED_MAX | NP4TOT | NP1CNST | FOG_FORM_MISSING | NQ_FORM_MISSING | PART_IV_FORM_MISSING | DOPTHERST_Missing | DOPTHERST_No | DOPTHERST_Yes | FEATPOSHYP_No | FEATPOSHYP_Uncertain | FEATPOSHYP_Yes | ANYFAMPD_Missing | ANYFAMPD_No | ANYFAMPD_Yes,0.5955513330009126,0.6306443429731101,0.641958041958042,0.6634615384615384,0.6993006993006993,0.5846153846153846,,0.5846153846153846
42,stage_1,2,SEL_06,raw__corrected_fdr__q<=0.05,selector_configuration,corrected_fdr,q<=0.05,,raw,hist_gradient_boosting,native,12,"{""class_weight"": ""balanced"", ""l2_regularization"": 1.0, ""learning_rate"": 0.05, ""max_leaf_nodes"": 15}",2,832,208,29,20,Years_since_PD_diagnosis | Age | MCATOT | FRZGT12M | SCAU14 | SCAU16 | GDS_TOTAL | NQ_GAUSSIAN_REVISION | NP1RTOT | NP1SLPD | NP1URIN | NP3GAIT_COMBINED_MAX | NP3PSTBL_COMBINED_MAX | NHY_COMBINED_MAX | NP3TOT_COMBINED_MAX | NP4TOT | NP1CNST | FOG_FORM_MISSING | NQ_FORM_MISSING | PART_IV_FORM_MISSING | DOPTHERST_Missing | DOPTHERST_No | DOPTHERST_Yes | ANYFAMPD_Missing | ANYFAMPD_No | ANYFAMPD_Yes | DXBRADY_No | DXBRADY_Unknown | DXBRADY_Yes,0.5389881660012179,0.6813725490196079,0.6914212548015365,0.7115384615384616,0.7464788732394366,0.6363636363636364,,0.6363636363636364
42,stage_1,2,SEL_06,raw__corrected_fdr__q<=0.05,selector_configuration,corrected_fdr,q<=0.05,,raw,hist_gradient_boosting,native,12,"{""class_weight"": ""balanced"", ""l2_regularization"": 1.0, ""learning_rate"": 0.05, ""max_leaf_nodes"": 15}",3,832,208,29,20,Years_since_PD_diagnosis | Age | MCATOT | FRZGT12M | SCAU14 | SCAU16 | GDS_TOTAL | NQ_GAUSSIAN_REVISION | NP1RTOT | NP1SLPD | NP1URIN | NP3GAIT_COMBINED_MAX | NP3PSTBL_COMBINED_MAX | NHY_COMBINED_MAX | NP3TOT_COMBINED_MAX | NP4TOT | NP1CNST | FOG_FORM_MISSING | NQ_FORM_MISSING | PART_IV_FORM_MISSING | DOPTHERST_Missing | DOPTHERST_No | DOPTHERST_Yes | ANYFAMPD_Missing | ANYFAMPD_No | ANYFAMPD_Yes | DXBRADY_No | DXBRADY_Unknown | DXBRADY_Yes,0.6524723330003326,0.7156931012250161,0.7241784037558685,0.7451923076923077,0.7816901408450704,0.6666666666666666,,0.6666666666666666
42,stage_1,2,SEL_06,raw__corrected_fdr__q<=0.05,selector_configuration,corrected_fdr,q<=0.05,,raw,hist_gradient_boosting,native,12,"{""class_weight"": ""balanced"", ""l2_regularization"": 1.0, ""learning_rate"": 0.05, ""max_leaf_nodes"": 15}",4,832,208,29,20,Years_since_PD_diagnosis | Age | MCATOT | FRZGT12M | SCAU14 | SCAU16 | GDS_TOTAL | NQ_GAUSSIAN_REVISION | NP1RTOT | NP1SLPD | NP1URIN | NP3GAIT_COMBINED_MAX | NP3PSTBL_COMBINED_MAX | NHY_COMBINED_MAX | NP3TOT_COMBINED_MAX | NP4TOT | NP1CNST | FOG_FORM_MISSING | NQ_FORM_MISSING | PART_IV_FORM_MISSING | DOPTHERST_Missing | DOPTHERST_No | DOPTHERST_Yes | FEATPOSHYP_No | FEATPOSHYP_Uncertain | FEATPOSHYP_Yes | ANYFAMPD_Missing | ANYFAMPD_No | ANYFAMPD_Yes,0.5503162909990351,0.7200828157349897,0.7276995305164319,0.75,0.7887323943661971,0.6666666666666666,,0.6666666666666666
42,stage_1,2,SEL_06,raw__corrected_fdr__q<=0.05,selector_configuration,corrected_fdr,q<=0.05,,raw,hist_gradient_boosting,native,13,"{""class_weight"": ""balanced"", ""l2_regularization"": 1.0, ""learning_rate"": 0.05, ""max_leaf_nodes"": 31}",0,832,208,29,20,Years_since_PD_diagnosis | Age | MCATOT | FRZGT12M | SCAU14 | SCAU16 | GDS_TOTAL | NQ_GAUSSIAN_REVISION | NP1RTOT | NP1SLPD | NP1URIN | NP3GAIT_COMBINED_MAX | NP3PSTBL_COMBINED_MAX | NHY_COMBINED_MAX | NP3TOT_COMBINED_MAX | NP4TOT | NP1CNST | FOG_FORM_MISSING | NQ_FORM_MISSING | PART_IV_FORM_MISSING | DOPTHERST_Missing | DOPTHERST_No | DOPTHERST_Yes | FEATPOSHYP_No | FEATPOSHYP_Uncertain | FEATPOSHYP_Yes | ANYFAMPD_Missing | ANYFAMPD_No | ANYFAMPD_Yes,0.9017690420005238,0.6920759421343792,0.7,0.7259615384615384,0.7692307692307693,0.6307692307692307,,0.6307692307692307
42,stage_1,2,SEL_06,raw__corrected_fdr__q<=0.05,selector_configuration,corrected_fdr,q<=0.05,,raw,hist_gradient_boosting,native,13,"{""class_weight"": ""balanced"", ""l2_regularization"": 1.0, ""learning_rate"": 0.05, ""max_leaf_nodes"": 31}",1,832,208,29,20,Years_since_PD_diagnosis | Age | MCATOT | FRZGT12M | SCAU14 | SCAU16 | GDS_TOTAL | NQ_GAUSSIAN_REVISION | NP1RTOT | NP1SLPD | NP1URIN | NP3GAIT_COMBINED_MAX | NP3PSTBL_COMBINED_MAX | NHY_COMBINED_MAX | NP3TOT_COMBINED_MAX | NP4TOT | NP1CNST | FOG_FORM_MISSING | NQ_FORM_MISSING | PART_IV_FORM_MISSING | DOPTHERST_Missing | DOPTHERST_No | DOPTHERST_Yes | FEATPOSHYP_No | FEATPOSHYP_Uncertain | FEATPOSHYP_Yes | ANYFAMPD_Missing | ANYFAMPD_No | ANYFAMPD_Yes,0.924365625000064,0.64472049689441,0.6517482517482518,0.6826923076923077,0.7342657342657343,0.5692307692307692,,0.5692307692307692
42,stage_1,2,SEL_06,raw__corrected_fdr__q<=0.05,selector_configuration,corrected_fdr,q<=0.05,,raw,hist_gradient_boosting,native,13,"{""class_weight"": ""balanced"", ""l2_regularization"": 1.0, ""learning_rate"": 0.05, ""max_leaf_nodes"": 31}",2,832,208,29,20,Years_since_PD_diagnosis | Age | MCATOT | FRZGT12M | SCAU14 | SCAU16 | GDS_TOTAL | NQ_GAUSSIAN_REVISION | NP1RTOT | NP1SLPD | NP1URIN | NP3GAIT_COMBINED_MAX | NP3PSTBL_COMBINED_MAX | NHY_COMBINED_MAX | NP3TOT_COMBINED_MAX | NP4TOT | NP1CNST | FOG_FORM_MISSING | NQ_FORM_MISSING | PART_IV_FORM_MISSING | DOPTHERST_Missing | DOPTHERST_No | DOPTHERST_Yes | ANYFAMPD_Missing | ANYFAMPD_No | ANYFAMPD_Yes | DXBRADY_No | DXBRADY_Unknown | DXBRADY_Yes,0.8668578330034507,0.6984315276130222,0.700917626973965,0.7355769230769231,0.795774647887324,0.6060606060606061,,0.6060606060606061
42,stage_1,2,SEL_06,raw__corrected_fdr__q<=0.05,selector_configuration,corrected_fdr,q<=0.05,,raw,hist_gradient_boosting,native,13,"{""class_weight"": ""balanced"", ""l2_regularization"": 1.0, ""learning_rate"": 0.05, ""max_leaf_nodes"": 31}",3,832,208,29,20,Years_since_PD_diagnosis | Age | MCATOT | FRZGT12M | SCAU14 | SCAU16 | GDS_TOTAL | NQ_GAUSSIAN_REVISION | NP1RTOT | NP1SLPD | NP1URIN | NP3GAIT_COMBINED_MAX | NP3PSTBL_COMBINED_MAX | NHY_COMBINED_MAX | NP3TOT_COMBINED_MAX | NP4TOT | NP1CNST | FOG_FORM_MISSING | NQ_FORM_MISSING | PART_IV_FORM_MISSING | DOPTHERST_Missing | DOPTHERST_No | DOPTHERST_Yes | ANYFAMPD_Missing | ANYFAMPD_No | ANYFAMPD_Yes | DXBRADY_No | DXBRADY_Unknown | DXBRADY_Yes,0.9104593339980056,0.7093976538816397,0.712014511310286,0.7451923076923077,0.8028169014084507,0.6212121212121212,,0.6212121212121212
42,stage_1,2,SEL_06,raw__corrected_fdr__q<=0.05,selector_configuration,corrected_fdr,q<=0.05,,raw,hist_gradient_boosting,native,13,"{""class_weight"": ""balanced"", ""l2_regularization"": 1.0, ""learning_rate"": 0.05, ""max_leaf_nodes"": 31}",4,832,208,29,20,Years_since_PD_diagnosis | Age | MCATOT | FRZGT12M | SCAU14 | SCAU16 | GDS_TOTAL | NQ_GAUSSIAN_REVISION | NP1RTOT | NP1SLPD | NP1URIN | NP3GAIT_COMBINED_MAX | NP3PSTBL_COMBINED_MAX | NHY_COMBINED_MAX | NP3TOT_COMBINED_MAX | NP4TOT | NP1CNST | FOG_FORM_MISSING | NQ_FORM_MISSING | PART_IV_FORM_MISSING | DOPTHERST_Missing | DOPTHERST_No | DOPTHERST_Yes | FEATPOSHYP_No | FEATPOSHYP_Uncertain | FEATPOSHYP_Yes | ANYFAMPD_Missing | ANYFAMPD_No | ANYFAMPD_Yes,0.8639134160002868,0.6614583333333333,0.6589842082799829,0.7115384615384616,0.8028169014084507,0.5151515151515151,,0.5151515151515151
42,stage_1,2,SEL_06,raw__corrected_fdr__q<=0.05,selector_configuration,corrected_fdr,q<=0.05,,raw,hist_gradient_boosting,native,14,"{""class_weight"": ""balanced"", ""l2_regularization"": 1.0, ""learning_rate"": 0.1, ""max_leaf_nodes"": 15}",0,832,208,29,20,Years_since_PD_diagnosis | Age | MCATOT | FRZGT12M | SCAU14 | SCAU16 | GDS_TOTAL | NQ_GAUSSIAN_REVISION | NP1RTOT | NP1SLPD | NP1URIN | NP3GAIT_COMBINED_MAX | NP3PSTBL_COMBINED_MAX | NHY_COMBINED_MAX | NP3TOT_COMBINED_MAX | NP4TOT | NP1CNST | FOG_FORM_MISSING | NQ_FORM_MISSING | PART_IV_FORM_MISSING | DOPTHERST_Missing | DOPTHERST_No | DOPTHERST_Yes | FEATPOSHYP_No | FEATPOSHYP_Uncertain | FEATPOSHYP_Yes | ANYFAMPD_Missing | ANYFAMPD_No | ANYFAMPD_Yes,0.603070042001491,0.6892872385830133,0.6909090909090909,0.7307692307692307,0.7972027972027972,0.5846153846153846,,0.5846153846153846
42,stage_1,2,SEL_06,raw__corrected_fdr__q<=0.05,selector_configuration,corrected_fdr,q<=0.05,,raw,hist_gradient_boosting,native,14,"{""class_weight"": ""balanced"", ""l2_regularization"": 1.0, ""learning_rate"": 0.1, ""max_leaf_nodes"": 15}",1,832,208,29,20,Years_since_PD_diagnosis | Age | MCATOT | FRZGT12M | SCAU14 | SCAU16 | GDS_TOTAL | NQ_GAUSSIAN_REVISION | NP1RTOT | NP1SLPD | NP1URIN | NP3GAIT_COMBINED_MAX | NP3PSTBL_COMBINED_MAX | NHY_COMBINED_MAX | NP3TOT_COMBINED_MAX | NP4TOT | NP1CNST | FOG_FORM_MISSING | NQ_FORM_MISSING | PART_IV_FORM_MISSING | DOPTHERST_Missing | DOPTHERST_No | DOPTHERST_Yes | FEATPOSHYP_No | FEATPOSHYP_Uncertain | FEATPOSHYP_Yes | ANYFAMPD_Missing | ANYFAMPD_No | ANYFAMPD_Yes,0.5935382910029148,0.635402767966931,0.6398601398601398,0.6778846153846154,0.7412587412587412,0.5384615384615384,,0.5384615384615384
42,stage_1,2,SEL_06,raw__corrected_fdr__q<=0.05,selector_configuration,corrected_fdr,q<=0.05,,raw,hist_gradient_boosting,native,14,"{""class_weight"": ""balanced"", ""l2_regularization"": 1.0, ""learning_rate"": 0.1, ""max_leaf_nodes"": 15}",2,832,208,29,20,Years_since_PD_diagnosis | Age | MCATOT | FRZGT12M | SCAU14 | SCAU16 | GDS_TOTAL | NQ_GAUSSIAN_REVISION | NP1RTOT | NP1SLPD | NP1URIN | NP3GAIT_COMBINED_MAX | NP3PSTBL_COMBINED_MAX | NHY_COMBINED_MAX | NP3TOT_COMBINED_MAX | NP4TOT | NP1CNST | FOG_FORM_MISSING | NQ_FORM_MISSING | PART_IV_FORM_MISSING | DOPTHERST_Missing | DOPTHERST_No | DOPTHERST_Yes | ANYFAMPD_Missing | ANYFAMPD_No | ANYFAMPD_Yes | DXBRADY_No | DXBRADY_Unknown | DXBRADY_Yes,0.5332246660000237,0.7114810072556552,0.7114810072556552,0.75,0.8169014084507042,0.6060606060606061,,0.6060606060606061
42,stage_1,2,SEL_06,raw__corrected_fdr__q<=0.05,selector_configuration,corrected_fdr,q<=0.05,,raw,hist_gradient_boosting,native,14,"{""class_weight"": ""balanced"", ""l2_regularization"": 1.0, ""learning_rate"": 0.1, ""max_leaf_nodes"": 15}",3,832,208,29,20,Years_since_PD_diagnosis | Age | MCATOT | FRZGT12M | SCAU14 | SCAU16 | GDS_TOTAL | NQ_GAUSSIAN_REVISION | NP1RTOT | NP1SLPD | NP1URIN | NP3GAIT_COMBINED_MAX | NP3PSTBL_COMBINED_MAX | NHY_COMBINED_MAX | NP3TOT_COMBINED_MAX | NP4TOT | NP1CNST | FOG_FORM_MISSING | NQ_FORM_MISSING | PART_IV_FORM_MISSING | DOPTHERST_Missing | DOPTHERST_No | DOPTHERST_Yes | ANYFAMPD_Missing | ANYFAMPD_No | ANYFAMPD_Yes | DXBRADY_No | DXBRADY_Unknown | DXBRADY_Yes,0.5838088329983293,0.726890756302521,0.7306871532223644,0.7596153846153846,0.8098591549295775,0.6515151515151515,,0.6515151515151515
42,stage_1,2,SEL_06,raw__corrected_fdr__q<=0.05,selector_configuration,corrected_fdr,q<=0.05,,raw,hist_gradient_boosting,native,14,"{""class_weight"": ""balanced"", ""l2_regularization"": 1.0, ""learning_rate"": 0.1, ""max_leaf_nodes"": 15}",4,832,208,29,20,Years_since_PD_diagnosis | Age | MCATOT | FRZGT12M | SCAU14 | SCAU16 | GDS_TOTAL | NQ_GAUSSIAN_REVISION | NP1RTOT | NP1SLPD | NP1URIN | NP3GAIT_COMBINED_MAX | NP3PSTBL_COMBINED_MAX | NHY_COMBINED_MAX | NP3TOT_COMBINED_MAX | NP4TOT | NP1CNST | FOG_FORM_MISSING | NQ_FORM_MISSING | PART_IV_FORM_MISSING | DOPTHERST_Missing | DOPTHERST_No | DOPTHERST_Yes | FEATPOSHYP_No | FEATPOSHYP_Uncertain | FEATPOSHYP_Yes | ANYFAMPD_Missing | ANYFAMPD_No | ANYFAMPD_Yes,0.5367041249992326,0.6740618556701031,0.6695475885616731,0.7259615384615384,0.823943661971831,0.5151515151515151,,0.5151515151515151
42,stage_1,2,SEL_06,raw__corrected_fdr__q<=0.05,selector_configuration,corrected_fdr,q<=0.05,,raw,hist_gradient_boosting,native,15,"{""class_weight"": ""balanced"", ""l2_regularization"": 1.0, ""learning_rate"": 0.1, ""max_leaf_nodes"": 31}",0,832,208,29,20,Years_since_PD_diagnosis | Age | MCATOT | FRZGT12M | SCAU14 | SCAU16 | GDS_TOTAL | NQ_GAUSSIAN_REVISION | NP1RTOT | NP1SLPD | NP1URIN | NP3GAIT_COMBINED_MAX | NP3PSTBL_COMBINED_MAX | NHY_COMBINED_MAX | NP3TOT_COMBINED_MAX | NP4TOT | NP1CNST | FOG_FORM_MISSING | NQ_FORM_MISSING | PART_IV_FORM_MISSING | DOPTHERST_Missing | DOPTHERST_No | DOPTHERST_Yes | FEATPOSHYP_No | FEATPOSHYP_Uncertain | FEATPOSHYP_Yes | ANYFAMPD_Missing | ANYFAMPD_No | ANYFAMPD_Yes,0.9151304160004656,0.6926108374384237,0.6895104895104895,0.7403846153846154,0.8251748251748252,0.5538461538461539,,0.5538461538461539
42,stage_1,2,SEL_06,raw__corrected_fdr__q<=0.05,selector_configuration,corrected_fdr,q<=0.05,,raw,hist_gradient_boosting,native,15,"{""class_weight"": ""balanced"", ""l2_regularization"": 1.0, ""learning_rate"": 0.1, ""max_leaf_nodes"": 31}",1,832,208,29,20,Years_since_PD_diagnosis | Age | MCATOT | FRZGT12M | SCAU14 | SCAU16 | GDS_TOTAL | NQ_GAUSSIAN_REVISION | NP1RTOT | NP1SLPD | NP1URIN | NP3GAIT_COMBINED_MAX | NP3PSTBL_COMBINED_MAX | NHY_COMBINED_MAX | NP3TOT_COMBINED_MAX | NP4TOT | NP1CNST | FOG_FORM_MISSING | NQ_FORM_MISSING | PART_IV_FORM_MISSING | DOPTHERST_Missing | DOPTHERST_No | DOPTHERST_Yes | FEATPOSHYP_No | FEATPOSHYP_Uncertain | FEATPOSHYP_Yes | ANYFAMPD_Missing | ANYFAMPD_No | ANYFAMPD_Yes,0.9225366250029765,0.6186933765509179,0.6202797202797203,0.6682692307692307,0.7482517482517482,0.49230769230769234,,0.49230769230769234
42,stage_1,2,SEL_06,raw__corrected_fdr__q<=0.05,selector_configuration,corrected_fdr,q<=0.05,,raw,hist_gradient_boosting,native,15,"{""class_weight"": ""balanced"", ""l2_regularization"": 1.0, ""learning_rate"": 0.1, ""max_leaf_nodes"": 31}",2,832,208,29,20,Years_since_PD_diagnosis | Age | MCATOT | FRZGT12M | SCAU14 | SCAU16 | GDS_TOTAL | NQ_GAUSSIAN_REVISION | NP1RTOT | NP1SLPD | NP1URIN | NP3GAIT_COMBINED_MAX | NP3PSTBL_COMBINED_MAX | NHY_COMBINED_MAX | NP3TOT_COMBINED_MAX | NP4TOT | NP1CNST | FOG_FORM_MISSING | NQ_FORM_MISSING | PART_IV_FORM_MISSING | DOPTHERST_Missing | DOPTHERST_No | DOPTHERST_Yes | ANYFAMPD_Missing | ANYFAMPD_No | ANYFAMPD_Yes | DXBRADY_No | DXBRADY_Unknown | DXBRADY_Yes,0.865502959000878,0.6926108374384237,0.6882202304737516,0.7403846153846154,0.8309859154929577,0.5454545454545454,,0.5454545454545454
42,stage_1,2,SEL_06,raw__corrected_fdr__q<=0.05,selector_configuration,corrected_fdr,q<=0.05,,raw,hist_gradient_boosting,native,15,"{""class_weight"": ""balanced"", ""l2_regularization"": 1.0, ""learning_rate"": 0.1, ""max_leaf_nodes"": 31}",3,832,208,29,20,Years_since_PD_diagnosis | Age | MCATOT | FRZGT12M | SCAU14 | SCAU16 | GDS_TOTAL | NQ_GAUSSIAN_REVISION | NP1RTOT | NP1SLPD | NP1URIN | NP3GAIT_COMBINED_MAX | NP3PSTBL_COMBINED_MAX | NHY_COMBINED_MAX | NP3TOT_COMBINED_MAX | NP4TOT | NP1CNST | FOG_FORM_MISSING | NQ_FORM_MISSING | PART_IV_FORM_MISSING | DOPTHERST_Missing | DOPTHERST_No | DOPTHERST_Yes | ANYFAMPD_Missing | ANYFAMPD_No | ANYFAMPD_Yes | DXBRADY_No | DXBRADY_Unknown | DXBRADY_Yes,0.9121068749991537,0.6867132867132867,0.685232607767819,0.7307692307692307,0.8098591549295775,0.5606060606060606,,0.5606060606060606
42,stage_1,2,SEL_06,raw__corrected_fdr__q<=0.05,selector_configuration,corrected_fdr,q<=0.05,,raw,hist_gradient_boosting,native,15,"{""class_weight"": ""balanced"", ""l2_regularization"": 1.0, ""learning_rate"": 0.1, ""max_leaf_nodes"": 31}",4,832,208,29,20,Years_since_PD_diagnosis | Age | MCATOT | FRZGT12M | SCAU14 | SCAU16 | GDS_TOTAL | NQ_GAUSSIAN_REVISION | NP1RTOT | NP1SLPD | NP1URIN | NP3GAIT_COMBINED_MAX | NP3PSTBL_COMBINED_MAX | NHY_COMBINED_MAX | NP3TOT_COMBINED_MAX | NP4TOT | NP1CNST | FOG_FORM_MISSING | NQ_FORM_MISSING | PART_IV_FORM_MISSING | DOPTHERST_Missing | DOPTHERST_No | DOPTHERST_Yes | FEATPOSHYP_No | FEATPOSHYP_Uncertain | FEATPOSHYP_Yes | ANYFAMPD_Missing | ANYFAMPD_No | ANYFAMPD_Yes,0.8850673330016434,0.6584564860426929,0.6549295774647887,0.7115384615384616,0.8098591549295775,0.5,,0.5
42,stage_2,1,SEL_07,raw__extra_trees__threshold=median,selector_configuration,extra_trees,threshold=median,,raw,random_forest,unscaled_dense,0,"{""class_weight"": null, ""max_depth"": null, ""min_samples_leaf"": 1, ""n_estimators"": 300}",0,263,65,25,13,Years_since_PD_diagnosis | FRZGT12M | SCAU14 | NQ_GAUSSIAN_REVISION | NP1RTOT | NP3GAIT_COMBINED_MAX | NP3PSTBL_COMBINED_MAX | NHY_COMBINED_MAX | NP4TOT | FOG_FORM_MISSING | NQ_FORM_MISSING | PART_IV_FORM_MISSING | DOPTHERST_Missing | DOPTHERST_No | DOPTHERST_Yes | FEATPOSHYP_No | FEATPOSHYP_Uncertain | FEATPOSHYP_Yes | ANYFAMPD_Missing | ANYFAMPD_No | ANYFAMPD_Yes | DOMSIDE_Left | DOMSIDE_Right | DOMSIDE_Symmetric | DOMSIDE_Unknown,0.23713320900060353,0.6823069403714566,0.6666666666666667,0.7692307692307693,0.9333333333333333,0.4,,0.9333333333333333
42,stage_2,1,SEL_07,raw__extra_trees__threshold=median,selector_configuration,extra_trees,threshold=median,,raw,random_forest,unscaled_dense,0,"{""class_weight"": null, ""max_depth"": null, ""min_samples_leaf"": 1, ""n_estimators"": 300}",1,263,65,25,13,Years_since_PD_diagnosis | FRZGT12M | SCAU14 | NQ_GAUSSIAN_REVISION | NP1URIN | NP3GAIT_COMBINED_MAX | NP3PSTBL_COMBINED_MAX | NHY_COMBINED_MAX | NP4TOT | FOG_FORM_MISSING | NQ_FORM_MISSING | PART_IV_FORM_MISSING | DXRIGID_No | DXRIGID_Unknown | DXRIGID_Yes | DOPTHERST_Missing | DOPTHERST_No | DOPTHERST_Yes | ANYFAMPD_Missing | ANYFAMPD_No | ANYFAMPD_Yes | DOMSIDE_Left | DOMSIDE_Right | DOMSIDE_Symmetric | DOMSIDE_Unknown,0.2365662499978498,0.654795376444861,0.6444444444444444,0.7384615384615385,0.8888888888888888,0.4,,0.8888888888888888
42,stage_2,1,SEL_07,raw__extra_trees__threshold=median,selector_configuration,extra_trees,threshold=median,,raw,random_forest,unscaled_dense,0,"{""class_weight"": null, ""max_depth"": null, ""min_samples_leaf"": 1, ""n_estimators"": 300}",2,262,66,25,13,Years_since_PD_diagnosis | FRZGT12M | SCAU14 | NQ_GAUSSIAN_REVISION | NP1RTOT | NP3GAIT_COMBINED_MAX | NP3PSTBL_COMBINED_MAX | NHY_COMBINED_MAX | NP4TOT | FOG_FORM_MISSING | NQ_FORM_MISSING | PART_IV_FORM_MISSING | DOPTHERST_Missing | DOPTHERST_No | DOPTHERST_Yes | FEATPOSHYP_No | FEATPOSHYP_Uncertain | FEATPOSHYP_Yes | ANYFAMPD_Missing | ANYFAMPD_No | ANYFAMPD_Yes | DOMSIDE_Left | DOMSIDE_Right | DOMSIDE_Symmetric | DOMSIDE_Unknown,0.21700433400110342,0.7226890756302521,0.7047619047619047,0.7878787878787878,0.9333333333333333,0.47619047619047616,,0.9333333333333333
42,stage_2,1,SEL_07,raw__extra_trees__threshold=median,selector_configuration,extra_trees,threshold=median,,raw,random_forest,unscaled_dense,0,"{""class_weight"": null, ""max_depth"": null, ""min_samples_leaf"": 1, ""n_estimators"": 300}",3,262,66,25,13,Years_since_PD_diagnosis | FRZGT12M | SCAU14 | NQ_GAUSSIAN_REVISION | NP1RTOT | NP3GAIT_COMBINED_MAX | NP3PSTBL_COMBINED_MAX | NHY_COMBINED_MAX | NP4TOT | FOG_FORM_MISSING | NQ_FORM_MISSING | PART_IV_FORM_MISSING | DOPTHERST_Missing | DOPTHERST_No | DOPTHERST_Yes | ANYFAMPD_Missing | ANYFAMPD_No | ANYFAMPD_Yes | DXTREMOR_No | DXTREMOR_Unknown | DXTREMOR_Yes | DOMSIDE_Left | DOMSIDE_Right | DOMSIDE_Symmetric | DOMSIDE_Unknown,0.22432341699823155,0.6674132138857782,0.6630434782608696,0.7272727272727273,0.8260869565217391,0.5,,0.8260869565217391
42,stage_2,1,SEL_07,raw__extra_trees__threshold=median,selector_configuration,extra_trees,threshold=median,,raw,random_forest,unscaled_dense,0,"{""class_weight"": null, ""max_depth"": null, ""min_samples_leaf"": 1, ""n_estimators"": 300}",4,262,66,25,13,Years_since_PD_diagnosis | FRZGT12M | SCAU14 | NQ_GAUSSIAN_REVISION | NP1URIN | NP3GAIT_COMBINED_MAX | NP3PSTBL_COMBINED_MAX | NHY_COMBINED_MAX | NP4TOT | FOG_FORM_MISSING | NQ_FORM_MISSING | PART_IV_FORM_MISSING | DOPTHERST_Missing | DOPTHERST_No | DOPTHERST_Yes | FEATPOSHYP_No | FEATPOSHYP_Uncertain | FEATPOSHYP_Yes | ANYFAMPD_Missing | ANYFAMPD_No | ANYFAMPD_Yes | DOMSIDE_Left | DOMSIDE_Right | DOMSIDE_Symmetric | DOMSIDE_Unknown,0.23463750000155414,0.7043673012318029,0.6989130434782609,0.7575757575757576,0.8478260869565217,0.55,,0.8478260869565217
42,stage_2,1,SEL_07,raw__extra_trees__threshold=median,selector_configuration,extra_trees,threshold=median,,raw,random_forest,unscaled_dense,1,"{""class_weight"": null, ""max_depth"": null, ""min_samples_leaf"": 5, ""n_estimators"": 300}",0,263,65,25,13,Years_since_PD_diagnosis | FRZGT12M | SCAU14 | NQ_GAUSSIAN_REVISION | NP1RTOT | NP3GAIT_COMBINED_MAX | NP3PSTBL_COMBINED_MAX | NHY_COMBINED_MAX | NP4TOT | FOG_FORM_MISSING | NQ_FORM_MISSING | PART_IV_FORM_MISSING | DOPTHERST_Missing | DOPTHERST_No | DOPTHERST_Yes | FEATPOSHYP_No | FEATPOSHYP_Uncertain | FEATPOSHYP_Yes | ANYFAMPD_Missing | ANYFAMPD_No | ANYFAMPD_Yes | DOMSIDE_Left | DOMSIDE_Right | DOMSIDE_Symmetric | DOMSIDE_Unknown,0.21785075000298093,0.6671218846022533,0.6527777777777778,0.7692307692307693,0.9555555555555556,0.35,,0.9555555555555556
42,stage_2,1,SEL_07,raw__extra_trees__threshold=median,selector_configuration,extra_trees,threshold=median,,raw,random_forest,unscaled_dense,1,"{""class_weight"": null, ""max_depth"": null, ""min_samples_leaf"": 5, ""n_estimators"": 300}",1,263,65,25,13,Years_since_PD_diagnosis | FRZGT12M | SCAU14 | NQ_GAUSSIAN_REVISION | NP1URIN | NP3GAIT_COMBINED_MAX | NP3PSTBL_COMBINED_MAX | NHY_COMBINED_MAX | NP4TOT | FOG_FORM_MISSING | NQ_FORM_MISSING | PART_IV_FORM_MISSING | DXRIGID_No | DXRIGID_Unknown | DXRIGID_Yes | DOPTHERST_Missing | DOPTHERST_No | DOPTHERST_Yes | ANYFAMPD_Missing | ANYFAMPD_No | ANYFAMPD_Yes | DOMSIDE_Left | DOMSIDE_Right | DOMSIDE_Symmetric | DOMSIDE_Unknown,0.2167176670009212,0.6533333333333333,0.6416666666666666,0.7538461538461538,0.9333333333333333,0.35,,0.9333333333333333
42,stage_2,1,SEL_07,raw__extra_trees__threshold=median,selector_configuration,extra_trees,threshold=median,,raw,random_forest,unscaled_dense,1,"{""class_weight"": null, ""max_depth"": null, ""min_samples_leaf"": 5, ""n_estimators"": 300}",2,262,66,25,13,Years_since_PD_diagnosis | FRZGT12M | SCAU14 | NQ_GAUSSIAN_REVISION | NP1RTOT | NP3GAIT_COMBINED_MAX | NP3PSTBL_COMBINED_MAX | NHY_COMBINED_MAX | NP4TOT | FOG_FORM_MISSING | NQ_FORM_MISSING | PART_IV_FORM_MISSING | DOPTHERST_Missing | DOPTHERST_No | DOPTHERST_Yes | FEATPOSHYP_No | FEATPOSHYP_Uncertain | FEATPOSHYP_Yes | ANYFAMPD_Missing | ANYFAMPD_No | ANYFAMPD_Yes | DOMSIDE_Left | DOMSIDE_Right | DOMSIDE_Symmetric | DOMSIDE_Unknown,0.21656200000143144,0.641648035771319,0.6333333333333333,0.7424242424242424,0.9333333333333333,0.3333333333333333,,0.9333333333333333
42,stage_2,1,SEL_07,raw__extra_trees__threshold=median,selector_configuration,extra_trees,threshold=median,,raw,random_forest,unscaled_dense,1,"{""class_weight"": null, ""max_depth"": null, ""min_samples_leaf"": 5, ""n_estimators"": 300}",3,262,66,25,13,Years_since_PD_diagnosis | FRZGT12M | SCAU14 | NQ_GAUSSIAN_REVISION | NP1RTOT | NP3GAIT_COMBINED_MAX | NP3PSTBL_COMBINED_MAX | NHY_COMBINED_MAX | NP4TOT | FOG_FORM_MISSING | NQ_FORM_MISSING | PART_IV_FORM_MISSING | DOPTHERST_Missing | DOPTHERST_No | DOPTHERST_Yes | ANYFAMPD_Missing | ANYFAMPD_No | ANYFAMPD_Yes | DXTREMOR_No | DXTREMOR_Unknown | DXTREMOR_Yes | DOMSIDE_Left | DOMSIDE_Right | DOMSIDE_Symmetric | DOMSIDE_Unknown,0.22597562500232016,0.65625,0.6489130434782608,0.7272727272727273,0.8478260869565217,0.45,,0.8478260869565217
42,stage_2,1,SEL_07,raw__extra_trees__threshold=median,selector_configuration,extra_trees,threshold=median,,raw,random_forest,unscaled_dense,1,"{""class_weight"": null, ""max_depth"": null, ""min_samples_leaf"": 5, ""n_estimators"": 300}",4,262,66,25,13,Years_since_PD_diagnosis | FRZGT12M | SCAU14 | NQ_GAUSSIAN_REVISION | NP1URIN | NP3GAIT_COMBINED_MAX | NP3PSTBL_COMBINED_MAX | NHY_COMBINED_MAX | NP4TOT | FOG_FORM_MISSING | NQ_FORM_MISSING | PART_IV_FORM_MISSING | DOPTHERST_Missing | DOPTHERST_No | DOPTHERST_Yes | FEATPOSHYP_No | FEATPOSHYP_Uncertain | FEATPOSHYP_Yes | ANYFAMPD_Missing | ANYFAMPD_No | ANYFAMPD_Yes | DOMSIDE_Left | DOMSIDE_Right | DOMSIDE_Symmetric | DOMSIDE_Unknown,0.23043545900145546,0.6695139911634757,0.6597826086956522,0.7424242424242424,0.8695652173913043,0.45,,0.8695652173913043
42,stage_2,1,SEL_07,raw__extra_trees__threshold=median,selector_configuration,extra_trees,threshold=median,,raw,random_forest,unscaled_dense,2,"{""class_weight"": null, ""max_depth"": 6, ""min_samples_leaf"": 1, ""n_estimators"": 300}",0,263,65,25,13,Years_since_PD_diagnosis | FRZGT12M | SCAU14 | NQ_GAUSSIAN_REVISION | NP1RTOT | NP3GAIT_COMBINED_MAX | NP3PSTBL_COMBINED_MAX | NHY_COMBINED_MAX | NP4TOT | FOG_FORM_MISSING | NQ_FORM_MISSING | PART_IV_FORM_MISSING | DOPTHERST_Missing | DOPTHERST_No | DOPTHERST_Yes | FEATPOSHYP_No | FEATPOSHYP_Uncertain | FEATPOSHYP_Yes | ANYFAMPD_Missing | ANYFAMPD_No | ANYFAMPD_Yes | DOMSIDE_Left | DOMSIDE_Right | DOMSIDE_Symmetric | DOMSIDE_Unknown,0.2144562079993193,0.6671218846022533,0.6527777777777778,0.7692307692307693,0.9555555555555556,0.35,,0.9555555555555556
42,stage_2,1,SEL_07,raw__extra_trees__threshold=median,selector_configuration,extra_trees,threshold=median,,raw,random_forest,unscaled_dense,2,"{""class_weight"": null, ""max_depth"": 6, ""min_samples_leaf"": 1, ""n_estimators"": 300}",1,263,65,25,13,Years_since_PD_diagnosis | FRZGT12M | SCAU14 | NQ_GAUSSIAN_REVISION | NP1URIN | NP3GAIT_COMBINED_MAX | NP3PSTBL_COMBINED_MAX | NHY_COMBINED_MAX | NP4TOT | FOG_FORM_MISSING | NQ_FORM_MISSING | PART_IV_FORM_MISSING | DXRIGID_No | DXRIGID_Unknown | DXRIGID_Yes | DOPTHERST_Missing | DOPTHERST_No | DOPTHERST_Yes | ANYFAMPD_Missing | ANYFAMPD_No | ANYFAMPD_Yes | DOMSIDE_Left | DOMSIDE_Right | DOMSIDE_Symmetric | DOMSIDE_Unknown,0.23498929199922713,0.61,0.6055555555555555,0.7230769230769231,0.9111111111111111,0.3,,0.9111111111111111
42,stage_2,1,SEL_07,raw__extra_trees__threshold=median,selector_configuration,extra_trees,threshold=median,,raw,random_forest,unscaled_dense,2,"{""class_weight"": null, ""max_depth"": 6, ""min_samples_leaf"": 1, ""n_estimators"": 300}",2,262,66,25,13,Years_since_PD_diagnosis | FRZGT12M | SCAU14 | NQ_GAUSSIAN_REVISION | NP1RTOT | NP3GAIT_COMBINED_MAX | NP3PSTBL_COMBINED_MAX | NHY_COMBINED_MAX | NP4TOT | FOG_FORM_MISSING | NQ_FORM_MISSING | PART_IV_FORM_MISSING | DOPTHERST_Missing | DOPTHERST_No | DOPTHERST_Yes | FEATPOSHYP_No | FEATPOSHYP_Uncertain | FEATPOSHYP_Yes | ANYFAMPD_Missing | ANYFAMPD_No | ANYFAMPD_Yes | DOMSIDE_Left | DOMSIDE_Right | DOMSIDE_Symmetric | DOMSIDE_Unknown,0.21474579200003063,0.641648035771319,0.6333333333333333,0.7424242424242424,0.9333333333333333,0.3333333333333333,,0.9333333333333333
42,stage_2,1,SEL_07,raw__extra_trees__threshold=median,selector_configuration,extra_trees,threshold=median,,raw,random_forest,unscaled_dense,2,"{""class_weight"": null, ""max_depth"": 6, ""min_samples_leaf"": 1, ""n_estimators"": 300}",3,262,66,25,13,Years_since_PD_diagnosis | FRZGT12M | SCAU14 | NQ_GAUSSIAN_REVISION | NP1RTOT | NP3GAIT_COMBINED_MAX | NP3PSTBL_COMBINED_MAX | NHY_COMBINED_MAX | NP4TOT | FOG_FORM_MISSING | NQ_FORM_MISSING | PART_IV_FORM_MISSING | DOPTHERST_Missing | DOPTHERST_No | DOPTHERST_Yes | ANYFAMPD_Missing | ANYFAMPD_No | ANYFAMPD_Yes | DXTREMOR_No | DXTREMOR_Unknown | DXTREMOR_Yes | DOMSIDE_Left | DOMSIDE_Right | DOMSIDE_Symmetric | DOMSIDE_Unknown,0.2195935419986199,0.6674132138857782,0.6630434782608696,0.7272727272727273,0.8260869565217391,0.5,,0.8260869565217391
42,stage_2,1,SEL_07,raw__extra_trees__threshold=median,selector_configuration,extra_trees,threshold=median,,raw,random_forest,unscaled_dense,2,"{""class_weight"": null, ""max_depth"": 6, ""min_samples_leaf"": 1, ""n_estimators"": 300}",4,262,66,25,13,Years_since_PD_diagnosis | FRZGT12M | SCAU14 | NQ_GAUSSIAN_REVISION | NP1URIN | NP3GAIT_COMBINED_MAX | NP3PSTBL_COMBINED_MAX | NHY_COMBINED_MAX | NP4TOT | FOG_FORM_MISSING | NQ_FORM_MISSING | PART_IV_FORM_MISSING | DOPTHERST_Missing | DOPTHERST_No | DOPTHERST_Yes | FEATPOSHYP_No | FEATPOSHYP_Uncertain | FEATPOSHYP_Yes | ANYFAMPD_Missing | ANYFAMPD_No | ANYFAMPD_Yes | DOMSIDE_Left | DOMSIDE_Right | DOMSIDE_Symmetric | DOMSIDE_Unknown,0.23823395799990976,0.6565656565656566,0.6456521739130434,0.7424242424242424,0.8913043478260869,0.4,,0.8913043478260869
42,stage_2,1,SEL_07,raw__extra_trees__threshold=median,selector_configuration,extra_trees,threshold=median,,raw,random_forest,unscaled_dense,3,"{""class_weight"": null, ""max_depth"": 6, ""min_samples_leaf"": 5, ""n_estimators"": 300}",0,263,65,25,13,Years_since_PD_diagnosis | FRZGT12M | SCAU14 | NQ_GAUSSIAN_REVISION | NP1RTOT | NP3GAIT_COMBINED_MAX | NP3PSTBL_COMBINED_MAX | NHY_COMBINED_MAX | NP4TOT | FOG_FORM_MISSING | NQ_FORM_MISSING | PART_IV_FORM_MISSING | DOPTHERST_Missing | DOPTHERST_No | DOPTHERST_Yes | FEATPOSHYP_No | FEATPOSHYP_Uncertain | FEATPOSHYP_Yes | ANYFAMPD_Missing | ANYFAMPD_No | ANYFAMPD_Yes | DOMSIDE_Left | DOMSIDE_Right | DOMSIDE_Symmetric | DOMSIDE_Unknown,0.2198362500021176,0.6671218846022533,0.6527777777777778,0.7692307692307693,0.9555555555555556,0.35,,0.9555555555555556
42,stage_2,1,SEL_07,raw__extra_trees__threshold=median,selector_configuration,extra_trees,threshold=median,,raw,random_forest,unscaled_dense,3,"{""class_weight"": null, ""max_depth"": 6, ""min_samples_leaf"": 5, ""n_estimators"": 300}",1,263,65,25,13,Years_since_PD_diagnosis | FRZGT12M | SCAU14 | NQ_GAUSSIAN_REVISION | NP1URIN | NP3GAIT_COMBINED_MAX | NP3PSTBL_COMBINED_MAX | NHY_COMBINED_MAX | NP4TOT | FOG_FORM_MISSING | NQ_FORM_MISSING | PART_IV_FORM_MISSING | DXRIGID_No | DXRIGID_Unknown | DXRIGID_Yes | DOPTHERST_Missing | DOPTHERST_No | DOPTHERST_Yes | ANYFAMPD_Missing | ANYFAMPD_No | ANYFAMPD_Yes | DOMSIDE_Left | DOMSIDE_Right | DOMSIDE_Symmetric | DOMSIDE_Unknown,0.21187933400142356,0.6533333333333333,0.6416666666666666,0.7538461538461538,0.9333333333333333,0.35,,0.9333333333333333
42,stage_2,1,SEL_07,raw__extra_trees__threshold=median,selector_configuration,extra_trees,threshold=median,,raw,random_forest,unscaled_dense,3,"{""class_weight"": null, ""max_depth"": 6, ""min_samples_leaf"": 5, ""n_estimators"": 300}",2,262,66,25,13,Years_since_PD_diagnosis | FRZGT12M | SCAU14 | NQ_GAUSSIAN_REVISION | NP1RTOT | NP3GAIT_COMBINED_MAX | NP3PSTBL_COMBINED_MAX | NHY_COMBINED_MAX | NP4TOT | FOG_FORM_MISSING | NQ_FORM_MISSING | PART_IV_FORM_MISSING | DOPTHERST_Missing | DOPTHERST_No | DOPTHERST_Yes | FEATPOSHYP_No | FEATPOSHYP_Uncertain | FEATPOSHYP_Yes | ANYFAMPD_Missing | ANYFAMPD_No | ANYFAMPD_Yes | DOMSIDE_Left | DOMSIDE_Right | DOMSIDE_Symmetric | DOMSIDE_Unknown,0.21172858299905783,0.641648035771319,0.6333333333333333,0.7424242424242424,0.9333333333333333,0.3333333333333333,,0.9333333333333333
42,stage_2,1,SEL_07,raw__extra_trees__threshold=median,selector_configuration,extra_trees,threshold=median,,raw,random_forest,unscaled_dense,3,"{""class_weight"": null, ""max_depth"": 6, ""min_samples_leaf"": 5, ""n_estimators"": 300}",3,262,66,25,13,Years_since_PD_diagnosis | FRZGT12M | SCAU14 | NQ_GAUSSIAN_REVISION | NP1RTOT | NP3GAIT_COMBINED_MAX | NP3PSTBL_COMBINED_MAX | NHY_COMBINED_MAX | NP4TOT | FOG_FORM_MISSING | NQ_FORM_MISSING | PART_IV_FORM_MISSING | DOPTHERST_Missing | DOPTHERST_No | DOPTHERST_Yes | ANYFAMPD_Missing | ANYFAMPD_No | ANYFAMPD_Yes | DXTREMOR_No | DXTREMOR_Unknown | DXTREMOR_Yes | DOMSIDE_Left | DOMSIDE_Right | DOMSIDE_Symmetric | DOMSIDE_Unknown,0.22098383299817215,0.65625,0.6489130434782608,0.7272727272727273,0.8478260869565217,0.45,,0.8478260869565217
42,stage_2,1,SEL_07,raw__extra_trees__threshold=median,selector_configuration,extra_trees,threshold=median,,raw,random_forest,unscaled_dense,3,"{""class_weight"": null, ""max_depth"": 6, ""min_samples_leaf"": 5, ""n_estimators"": 300}",4,262,66,25,13,Years_since_PD_diagnosis | FRZGT12M | SCAU14 | NQ_GAUSSIAN_REVISION | NP1URIN | NP3GAIT_COMBINED_MAX | NP3PSTBL_COMBINED_MAX | NHY_COMBINED_MAX | NP4TOT | FOG_FORM_MISSING | NQ_FORM_MISSING | PART_IV_FORM_MISSING | DOPTHERST_Missing | DOPTHERST_No | DOPTHERST_Yes | FEATPOSHYP_No | FEATPOSHYP_Uncertain | FEATPOSHYP_Yes | ANYFAMPD_Missing | ANYFAMPD_No | ANYFAMPD_Yes | DOMSIDE_Left | DOMSIDE_Right | DOMSIDE_Symmetric | DOMSIDE_Unknown,0.21312137499990058,0.6695139911634757,0.6597826086956522,0.7424242424242424,0.8695652173913043,0.45,,0.8695652173913043
42,stage_2,1,SEL_07,raw__extra_trees__threshold=median,selector_configuration,extra_trees,threshold=median,,raw,random_forest,unscaled_dense,4,"{""class_weight"": ""balanced"", ""max_depth"": null, ""min_samples_leaf"": 1, ""n_estimators"": 300}",0,263,65,25,13,Years_since_PD_diagnosis | FRZGT12M | SCAU14 | NQ_GAUSSIAN_REVISION | NP1RTOT | NP3GAIT_COMBINED_MAX | NP3PSTBL_COMBINED_MAX | NHY_COMBINED_MAX | NP4TOT | FOG_FORM_MISSING | NQ_FORM_MISSING | PART_IV_FORM_MISSING | DOPTHERST_Missing | DOPTHERST_No | DOPTHERST_Yes | FEATPOSHYP_No | FEATPOSHYP_Uncertain | FEATPOSHYP_Yes | ANYFAMPD_Missing | ANYFAMPD_No | ANYFAMPD_Yes | DOMSIDE_Left | DOMSIDE_Right | DOMSIDE_Symmetric | DOMSIDE_Unknown,0.22532037500059232,0.6823069403714566,0.6666666666666667,0.7692307692307693,0.9333333333333333,0.4,,0.9333333333333333
42,stage_2,1,SEL_07,raw__extra_trees__threshold=median,selector_configuration,extra_trees,threshold=median,,raw,random_forest,unscaled_dense,4,"{""class_weight"": ""balanced"", ""max_depth"": null, ""min_samples_leaf"": 1, ""n_estimators"": 300}",1,263,65,25,13,Years_since_PD_diagnosis | FRZGT12M | SCAU14 | NQ_GAUSSIAN_REVISION | NP1URIN | NP3GAIT_COMBINED_MAX | NP3PSTBL_COMBINED_MAX | NHY_COMBINED_MAX | NP4TOT | FOG_FORM_MISSING | NQ_FORM_MISSING | PART_IV_FORM_MISSING | DXRIGID_No | DXRIGID_Unknown | DXRIGID_Yes | DOPTHERST_Missing | DOPTHERST_No | DOPTHERST_Yes | ANYFAMPD_Missing | ANYFAMPD_No | ANYFAMPD_Yes | DOMSIDE_Left | DOMSIDE_Right | DOMSIDE_Symmetric | DOMSIDE_Unknown,0.22979629199835472,0.6399478657543174,0.6305555555555555,0.7384615384615385,0.9111111111111111,0.35,,0.9111111111111111
42,stage_2,1,SEL_07,raw__extra_trees__threshold=median,selector_configuration,extra_trees,threshold=median,,raw,random_forest,unscaled_dense,4,"{""class_weight"": ""balanced"", ""max_depth"": null, ""min_samples_leaf"": 1, ""n_estimators"": 300}",2,262,66,25,13,Years_since_PD_diagnosis | FRZGT12M | SCAU14 | NQ_GAUSSIAN_REVISION | NP1RTOT | NP3GAIT_COMBINED_MAX | NP3PSTBL_COMBINED_MAX | NHY_COMBINED_MAX | NP4TOT | FOG_FORM_MISSING | NQ_FORM_MISSING | PART_IV_FORM_MISSING | DOPTHERST_Missing | DOPTHERST_No | DOPTHERST_Yes | FEATPOSHYP_No | FEATPOSHYP_Uncertain | FEATPOSHYP_Yes | ANYFAMPD_Missing | ANYFAMPD_No | ANYFAMPD_Yes | DOMSIDE_Left | DOMSIDE_Right | DOMSIDE_Symmetric | DOMSIDE_Unknown,0.23772174999976414,0.6838070903864579,0.6682539682539683,0.7727272727272727,0.9555555555555556,0.38095238095238093,,0.9555555555555556
42,stage_2,1,SEL_07,raw__extra_trees__threshold=median,selector_configuration,extra_trees,threshold=median,,raw,random_forest,unscaled_dense,4,"{""class_weight"": ""balanced"", ""max_depth"": null, ""min_samples_leaf"": 1, ""n_estimators"": 300}",3,262,66,25,13,Years_since_PD_diagnosis | FRZGT12M | SCAU14 | NQ_GAUSSIAN_REVISION | NP1RTOT | NP3GAIT_COMBINED_MAX | NP3PSTBL_COMBINED_MAX | NHY_COMBINED_MAX | NP4TOT | FOG_FORM_MISSING | NQ_FORM_MISSING | PART_IV_FORM_MISSING | DOPTHERST_Missing | DOPTHERST_No | DOPTHERST_Yes | ANYFAMPD_Missing | ANYFAMPD_No | ANYFAMPD_Yes | DXTREMOR_No | DXTREMOR_Unknown | DXTREMOR_Yes | DOMSIDE_Left | DOMSIDE_Right | DOMSIDE_Symmetric | DOMSIDE_Unknown,0.22423875000094995,0.6674132138857782,0.6630434782608696,0.7272727272727273,0.8260869565217391,0.5,,0.8260869565217391
42,stage_2,1,SEL_07,raw__extra_trees__threshold=median,selector_configuration,extra_trees,threshold=median,,raw,random_forest,unscaled_dense,4,"{""class_weight"": ""balanced"", ""max_depth"": null, ""min_samples_leaf"": 1, ""n_estimators"": 300}",4,262,66,25,13,Years_since_PD_diagnosis | FRZGT12M | SCAU14 | NQ_GAUSSIAN_REVISION | NP1URIN | NP3GAIT_COMBINED_MAX | NP3PSTBL_COMBINED_MAX | NHY_COMBINED_MAX | NP4TOT | FOG_FORM_MISSING | NQ_FORM_MISSING | PART_IV_FORM_MISSING | DOPTHERST_Missing | DOPTHERST_No | DOPTHERST_Yes | FEATPOSHYP_No | FEATPOSHYP_Uncertain | FEATPOSHYP_Yes | ANYFAMPD_Missing | ANYFAMPD_No | ANYFAMPD_Yes | DOMSIDE_Left | DOMSIDE_Right | DOMSIDE_Symmetric | DOMSIDE_Unknown,0.22551045799991698,0.6161616161616161,0.6097826086956522,0.7121212121212122,0.8695652173913043,0.35,,0.8695652173913043
42,stage_2,1,SEL_07,raw__extra_trees__threshold=median,selector_configuration,extra_trees,threshold=median,,raw,random_forest,unscaled_dense,5,"{""class_weight"": ""balanced"", ""max_depth"": null, ""min_samples_leaf"": 5, ""n_estimators"": 300}",0,263,65,25,13,Years_since_PD_diagnosis | FRZGT12M | SCAU14 | NQ_GAUSSIAN_REVISION | NP1RTOT | NP3GAIT_COMBINED_MAX | NP3PSTBL_COMBINED_MAX | NHY_COMBINED_MAX | NP4TOT | FOG_FORM_MISSING | NQ_FORM_MISSING | PART_IV_FORM_MISSING | DOPTHERST_Missing | DOPTHERST_No | DOPTHERST_Yes | FEATPOSHYP_No | FEATPOSHYP_Uncertain | FEATPOSHYP_Yes | ANYFAMPD_Missing | ANYFAMPD_No | ANYFAMPD_Yes | DOMSIDE_Left | DOMSIDE_Right | DOMSIDE_Symmetric | DOMSIDE_Unknown,0.2137136669989559,0.7619047619047619,0.7583333333333333,0.8,0.8666666666666667,0.65,,0.8666666666666667
42,stage_2,1,SEL_07,raw__extra_trees__threshold=median,selector_configuration,extra_trees,threshold=median,,raw,random_forest,unscaled_dense,5,"{""class_weight"": ""balanced"", ""max_depth"": null, ""min_samples_leaf"": 5, ""n_estimators"": 300}",1,263,65,25,13,Years_since_PD_diagnosis | FRZGT12M | SCAU14 | NQ_GAUSSIAN_REVISION | NP1URIN | NP3GAIT_COMBINED_MAX | NP3PSTBL_COMBINED_MAX | NHY_COMBINED_MAX | NP4TOT | FOG_FORM_MISSING | NQ_FORM_MISSING | PART_IV_FORM_MISSING | DXRIGID_No | DXRIGID_Unknown | DXRIGID_Yes | DOPTHERST_Missing | DOPTHERST_No | DOPTHERST_Yes | ANYFAMPD_Missing | ANYFAMPD_No | ANYFAMPD_Yes | DOMSIDE_Left | DOMSIDE_Right | DOMSIDE_Symmetric | DOMSIDE_Unknown,0.21761658399918815,0.6653318077803203,0.6611111111111111,0.7230769230769231,0.8222222222222222,0.5,,0.8222222222222222
42,stage_2,1,SEL_07,raw__extra_trees__threshold=median,selector_configuration,extra_trees,threshold=median,,raw,random_forest,unscaled_dense,5,"{""class_weight"": ""balanced"", ""max_depth"": null, ""min_samples_leaf"": 5, ""n_estimators"": 300}",2,262,66,25,13,Years_since_PD_diagnosis | FRZGT12M | SCAU14 | NQ_GAUSSIAN_REVISION | NP1RTOT | NP3GAIT_COMBINED_MAX | NP3PSTBL_COMBINED_MAX | NHY_COMBINED_MAX | NP4TOT | FOG_FORM_MISSING | NQ_FORM_MISSING | PART_IV_FORM_MISSING | DOPTHERST_Missing | DOPTHERST_No | DOPTHERST_Yes | FEATPOSHYP_No | FEATPOSHYP_Uncertain | FEATPOSHYP_Yes | ANYFAMPD_Missing | ANYFAMPD_No | ANYFAMPD_Yes | DOMSIDE_Left | DOMSIDE_Right | DOMSIDE_Symmetric | DOMSIDE_Unknown,0.21293312499983585,0.7134099616858238,0.7222222222222222,0.7424242424242424,0.7777777777777778,0.6666666666666666,,0.7777777777777778
42,stage_2,1,SEL_07,raw__extra_trees__threshold=median,selector_configuration,extra_trees,threshold=median,,raw,random_forest,unscaled_dense,5,"{""class_weight"": ""balanced"", ""max_depth"": null, ""min_samples_leaf"": 5, ""n_estimators"": 300}",3,262,66,25,13,Years_since_PD_diagnosis | FRZGT12M | SCAU14 | NQ_GAUSSIAN_REVISION | NP1RTOT | NP3GAIT_COMBINED_MAX | NP3PSTBL_COMBINED_MAX | NHY_COMBINED_MAX | NP4TOT | FOG_FORM_MISSING | NQ_FORM_MISSING | PART_IV_FORM_MISSING | DOPTHERST_Missing | DOPTHERST_No | DOPTHERST_Yes | ANYFAMPD_Missing | ANYFAMPD_No | ANYFAMPD_Yes | DXTREMOR_No | DXTREMOR_Unknown | DXTREMOR_Yes | DOMSIDE_Left | DOMSIDE_Right | DOMSIDE_Symmetric | DOMSIDE_Unknown,0.23344920800082036,0.6459770114942529,0.658695652173913,0.6818181818181818,0.717391304347826,0.6,,0.717391304347826
42,stage_2,1,SEL_07,raw__extra_trees__threshold=median,selector_configuration,extra_trees,threshold=median,,raw,random_forest,unscaled_dense,5,"{""class_weight"": ""balanced"", ""max_depth"": null, ""min_samples_leaf"": 5, ""n_estimators"": 300}",4,262,66,25,13,Years_since_PD_diagnosis | FRZGT12M | SCAU14 | NQ_GAUSSIAN_REVISION | NP1URIN | NP3GAIT_COMBINED_MAX | NP3PSTBL_COMBINED_MAX | NHY_COMBINED_MAX | NP4TOT | FOG_FORM_MISSING | NQ_FORM_MISSING | PART_IV_FORM_MISSING | DOPTHERST_Missing | DOPTHERST_No | DOPTHERST_Yes | FEATPOSHYP_No | FEATPOSHYP_Uncertain | FEATPOSHYP_Yes | ANYFAMPD_Missing | ANYFAMPD_No | ANYFAMPD_Yes | DOMSIDE_Left | DOMSIDE_Right | DOMSIDE_Symmetric | DOMSIDE_Unknown,0.2127368329965975,0.6857142857142857,0.691304347826087,0.7272727272727273,0.782608695652174,0.6,,0.782608695652174
42,stage_2,1,SEL_07,raw__extra_trees__threshold=median,selector_configuration,extra_trees,threshold=median,,raw,random_forest,unscaled_dense,6,"{""class_weight"": ""balanced"", ""max_depth"": 6, ""min_samples_leaf"": 1, ""n_estimators"": 300}",0,263,65,25,13,Years_since_PD_diagnosis | FRZGT12M | SCAU14 | NQ_GAUSSIAN_REVISION | NP1RTOT | NP3GAIT_COMBINED_MAX | NP3PSTBL_COMBINED_MAX | NHY_COMBINED_MAX | NP4TOT | FOG_FORM_MISSING | NQ_FORM_MISSING | PART_IV_FORM_MISSING | DOPTHERST_Missing | DOPTHERST_No | DOPTHERST_Yes | FEATPOSHYP_No | FEATPOSHYP_Uncertain | FEATPOSHYP_Yes | ANYFAMPD_Missing | ANYFAMPD_No | ANYFAMPD_Yes | DOMSIDE_Left | DOMSIDE_Right | DOMSIDE_Symmetric | DOMSIDE_Unknown,0.21629575000042678,0.7610294117647058,0.7416666666666667,0.8153846153846154,0.9333333333333333,0.55,,0.9333333333333333
42,stage_2,1,SEL_07,raw__extra_trees__threshold=median,selector_configuration,extra_trees,threshold=median,,raw,random_forest,unscaled_dense,6,"{""class_weight"": ""balanced"", ""max_depth"": 6, ""min_samples_leaf"": 1, ""n_estimators"": 300}",1,263,65,25,13,Years_since_PD_diagnosis | FRZGT12M | SCAU14 | NQ_GAUSSIAN_REVISION | NP1URIN | NP3GAIT_COMBINED_MAX | NP3PSTBL_COMBINED_MAX | NHY_COMBINED_MAX | NP4TOT | FOG_FORM_MISSING | NQ_FORM_MISSING | PART_IV_FORM_MISSING | DXRIGID_No | DXRIGID_Unknown | DXRIGID_Yes | DOPTHERST_Missing | DOPTHERST_No | DOPTHERST_Yes | ANYFAMPD_Missing | ANYFAMPD_No | ANYFAMPD_Yes | DOMSIDE_Left | DOMSIDE_Right | DOMSIDE_Symmetric | DOMSIDE_Unknown,0.21349745800034725,0.6415441176470589,0.6333333333333333,0.7230769230769231,0.8666666666666667,0.4,,0.8666666666666667
42,stage_2,1,SEL_07,raw__extra_trees__threshold=median,selector_configuration,extra_trees,threshold=median,,raw,random_forest,unscaled_dense,6,"{""class_weight"": ""balanced"", ""max_depth"": 6, ""min_samples_leaf"": 1, ""n_estimators"": 300}",2,262,66,25,13,Years_since_PD_diagnosis | FRZGT12M | SCAU14 | NQ_GAUSSIAN_REVISION | NP1RTOT | NP3GAIT_COMBINED_MAX | NP3PSTBL_COMBINED_MAX | NHY_COMBINED_MAX | NP4TOT | FOG_FORM_MISSING | NQ_FORM_MISSING | PART_IV_FORM_MISSING | DOPTHERST_Missing | DOPTHERST_No | DOPTHERST_Yes | FEATPOSHYP_No | FEATPOSHYP_Uncertain | FEATPOSHYP_Yes | ANYFAMPD_Missing | ANYFAMPD_No | ANYFAMPD_Yes | DOMSIDE_Left | DOMSIDE_Right | DOMSIDE_Symmetric | DOMSIDE_Unknown,0.2154967079986818,0.7043673012318029,0.6952380952380952,0.7575757575757576,0.8666666666666667,0.5238095238095238,,0.8666666666666667
42,stage_2,1,SEL_07,raw__extra_trees__threshold=median,selector_configuration,extra_trees,threshold=median,,raw,random_forest,unscaled_dense,6,"{""class_weight"": ""balanced"", ""max_depth"": 6, ""min_samples_leaf"": 1, ""n_estimators"": 300}",3,262,66,25,13,Years_since_PD_diagnosis | FRZGT12M | SCAU14 | NQ_GAUSSIAN_REVISION | NP1RTOT | NP3GAIT_COMBINED_MAX | NP3PSTBL_COMBINED_MAX | NHY_COMBINED_MAX | NP4TOT | FOG_FORM_MISSING | NQ_FORM_MISSING | PART_IV_FORM_MISSING | DOPTHERST_Missing | DOPTHERST_No | DOPTHERST_Yes | ANYFAMPD_Missing | ANYFAMPD_No | ANYFAMPD_Yes | DXTREMOR_No | DXTREMOR_Unknown | DXTREMOR_Yes | DOMSIDE_Left | DOMSIDE_Right | DOMSIDE_Symmetric | DOMSIDE_Unknown,0.2278420830007235,0.6723281944081526,0.6804347826086956,0.7121212121212122,0.7608695652173914,0.6,,0.7608695652173914
42,stage_2,1,SEL_07,raw__extra_trees__threshold=median,selector_configuration,extra_trees,threshold=median,,raw,random_forest,unscaled_dense,6,"{""class_weight"": ""balanced"", ""max_depth"": 6, ""min_samples_leaf"": 1, ""n_estimators"": 300}",4,262,66,25,13,Years_since_PD_diagnosis | FRZGT12M | SCAU14 | NQ_GAUSSIAN_REVISION | NP1URIN | NP3GAIT_COMBINED_MAX | NP3PSTBL_COMBINED_MAX | NHY_COMBINED_MAX | NP4TOT | FOG_FORM_MISSING | NQ_FORM_MISSING | PART_IV_FORM_MISSING | DOPTHERST_Missing | DOPTHERST_No | DOPTHERST_Yes | FEATPOSHYP_No | FEATPOSHYP_Uncertain | FEATPOSHYP_Yes | ANYFAMPD_Missing | ANYFAMPD_No | ANYFAMPD_Yes | DOMSIDE_Left | DOMSIDE_Right | DOMSIDE_Symmetric | DOMSIDE_Unknown,0.23068741599854548,0.680796586059744,0.6739130434782609,0.7424242424242424,0.8478260869565217,0.5,,0.8478260869565217
42,stage_2,1,SEL_07,raw__extra_trees__threshold=median,selector_configuration,extra_trees,threshold=median,,raw,random_forest,unscaled_dense,7,"{""class_weight"": ""balanced"", ""max_depth"": 6, ""min_samples_leaf"": 5, ""n_estimators"": 300}",0,263,65,25,13,Years_since_PD_diagnosis | FRZGT12M | SCAU14 | NQ_GAUSSIAN_REVISION | NP1RTOT | NP3GAIT_COMBINED_MAX | NP3PSTBL_COMBINED_MAX | NHY_COMBINED_MAX | NP4TOT | FOG_FORM_MISSING | NQ_FORM_MISSING | PART_IV_FORM_MISSING | DOPTHERST_Missing | DOPTHERST_No | DOPTHERST_Yes | FEATPOSHYP_No | FEATPOSHYP_Uncertain | FEATPOSHYP_Yes | ANYFAMPD_Missing | ANYFAMPD_No | ANYFAMPD_Yes | DOMSIDE_Left | DOMSIDE_Right | DOMSIDE_Symmetric | DOMSIDE_Unknown,0.22989933300050325,0.7684297067689778,0.7722222222222221,0.8,0.8444444444444444,0.7,,0.8444444444444444
42,stage_2,1,SEL_07,raw__extra_trees__threshold=median,selector_configuration,extra_trees,threshold=median,,raw,random_forest,unscaled_dense,7,"{""class_weight"": ""balanced"", ""max_depth"": 6, ""min_samples_leaf"": 5, ""n_estimators"": 300}",1,263,65,25,13,Years_since_PD_diagnosis | FRZGT12M | SCAU14 | NQ_GAUSSIAN_REVISION | NP1URIN | NP3GAIT_COMBINED_MAX | NP3PSTBL_COMBINED_MAX | NHY_COMBINED_MAX | NP4TOT | FOG_FORM_MISSING | NQ_FORM_MISSING | PART_IV_FORM_MISSING | DXRIGID_No | DXRIGID_Unknown | DXRIGID_Yes | DOPTHERST_Missing | DOPTHERST_No | DOPTHERST_Yes | ANYFAMPD_Missing | ANYFAMPD_No | ANYFAMPD_Yes | DOMSIDE_Left | DOMSIDE_Right | DOMSIDE_Symmetric | DOMSIDE_Unknown,0.25830012499864097,0.6653318077803203,0.6611111111111111,0.7230769230769231,0.8222222222222222,0.5,,0.8222222222222222
42,stage_2,1,SEL_07,raw__extra_trees__threshold=median,selector_configuration,extra_trees,threshold=median,,raw,random_forest,unscaled_dense,7,"{""class_weight"": ""balanced"", ""max_depth"": 6, ""min_samples_leaf"": 5, ""n_estimators"": 300}",2,262,66,25,13,Years_since_PD_diagnosis | FRZGT12M | SCAU14 | NQ_GAUSSIAN_REVISION | NP1RTOT | NP3GAIT_COMBINED_MAX | NP3PSTBL_COMBINED_MAX | NHY_COMBINED_MAX | NP4TOT | FOG_FORM_MISSING | NQ_FORM_MISSING | PART_IV_FORM_MISSING | DOPTHERST_Missing | DOPTHERST_No | DOPTHERST_Yes | FEATPOSHYP_No | FEATPOSHYP_Uncertain | FEATPOSHYP_Yes | ANYFAMPD_Missing | ANYFAMPD_No | ANYFAMPD_Yes | DOMSIDE_Left | DOMSIDE_Right | DOMSIDE_Symmetric | DOMSIDE_Unknown,0.21579270800066297,0.7134099616858238,0.7222222222222222,0.7424242424242424,0.7777777777777778,0.6666666666666666,,0.7777777777777778
42,stage_2,1,SEL_07,raw__extra_trees__threshold=median,selector_configuration,extra_trees,threshold=median,,raw,random_forest,unscaled_dense,7,"{""class_weight"": ""balanced"", ""max_depth"": 6, ""min_samples_leaf"": 5, ""n_estimators"": 300}",3,262,66,25,13,Years_since_PD_diagnosis | FRZGT12M | SCAU14 | NQ_GAUSSIAN_REVISION | NP1RTOT | NP3GAIT_COMBINED_MAX | NP3PSTBL_COMBINED_MAX | NHY_COMBINED_MAX | NP4TOT | FOG_FORM_MISSING | NQ_FORM_MISSING | PART_IV_FORM_MISSING | DOPTHERST_Missing | DOPTHERST_No | DOPTHERST_Yes | ANYFAMPD_Missing | ANYFAMPD_No | ANYFAMPD_Yes | DXTREMOR_No | DXTREMOR_Unknown | DXTREMOR_Yes | DOMSIDE_Left | DOMSIDE_Right | DOMSIDE_Symmetric | DOMSIDE_Unknown,0.23502799999914714,0.6329625884732053,0.6478260869565218,0.6666666666666666,0.6956521739130435,0.6,,0.6956521739130435
42,stage_2,1,SEL_07,raw__extra_trees__threshold=median,selector_configuration,extra_trees,threshold=median,,raw,random_forest,unscaled_dense,7,"{""class_weight"": ""balanced"", ""max_depth"": 6, ""min_samples_leaf"": 5, ""n_estimators"": 300}",4,262,66,25,13,Years_since_PD_diagnosis | FRZGT12M | SCAU14 | NQ_GAUSSIAN_REVISION | NP1URIN | NP3GAIT_COMBINED_MAX | NP3PSTBL_COMBINED_MAX | NHY_COMBINED_MAX | NP4TOT | FOG_FORM_MISSING | NQ_FORM_MISSING | PART_IV_FORM_MISSING | DOPTHERST_Missing | DOPTHERST_No | DOPTHERST_Yes | FEATPOSHYP_No | FEATPOSHYP_Uncertain | FEATPOSHYP_Yes | ANYFAMPD_Missing | ANYFAMPD_No | ANYFAMPD_Yes | DOMSIDE_Left | DOMSIDE_Right | DOMSIDE_Symmetric | DOMSIDE_Unknown,0.22244258299906505,0.6857142857142857,0.691304347826087,0.7272727272727273,0.782608695652174,0.6,,0.782608695652174
42,stage_2,2,SEL_07,raw__extra_trees__threshold=median,selector_configuration,extra_trees,threshold=median,,raw,extra_trees,unscaled_dense,0,"{""class_weight"": null, ""max_depth"": null, ""min_samples_leaf"": 1, ""n_estimators"": 300}",0,263,65,25,13,Years_since_PD_diagnosis | FRZGT12M | SCAU14 | NQ_GAUSSIAN_REVISION | NP1RTOT | NP3GAIT_COMBINED_MAX | NP3PSTBL_COMBINED_MAX | NHY_COMBINED_MAX | NP4TOT | FOG_FORM_MISSING | NQ_FORM_MISSING | PART_IV_FORM_MISSING | DOPTHERST_Missing | DOPTHERST_No | DOPTHERST_Yes | FEATPOSHYP_No | FEATPOSHYP_Uncertain | FEATPOSHYP_Yes | ANYFAMPD_Missing | ANYFAMPD_No | ANYFAMPD_Yes | DOMSIDE_Left | DOMSIDE_Right | DOMSIDE_Symmetric | DOMSIDE_Unknown,0.2050140419996751,0.6683673469387755,0.6555555555555556,0.7538461538461538,0.9111111111111111,0.4,,0.9111111111111111
42,stage_2,2,SEL_07,raw__extra_trees__threshold=median,selector_configuration,extra_trees,threshold=median,,raw,extra_trees,unscaled_dense,0,"{""class_weight"": null, ""max_depth"": null, ""min_samples_leaf"": 1, ""n_estimators"": 300}",1,263,65,25,13,Years_since_PD_diagnosis | FRZGT12M | SCAU14 | NQ_GAUSSIAN_REVISION | NP1URIN | NP3GAIT_COMBINED_MAX | NP3PSTBL_COMBINED_MAX | NHY_COMBINED_MAX | NP4TOT | FOG_FORM_MISSING | NQ_FORM_MISSING | PART_IV_FORM_MISSING | DXRIGID_No | DXRIGID_Unknown | DXRIGID_Yes | DOPTHERST_Missing | DOPTHERST_No | DOPTHERST_Yes | ANYFAMPD_Missing | ANYFAMPD_No | ANYFAMPD_Yes | DOMSIDE_Left | DOMSIDE_Right | DOMSIDE_Symmetric | DOMSIDE_Unknown,0.20449549999830197,0.6683673469387755,0.6555555555555556,0.7538461538461538,0.9111111111111111,0.4,,0.9111111111111111
42,stage_2,2,SEL_07,raw__extra_trees__threshold=median,selector_configuration,extra_trees,threshold=median,,raw,extra_trees,unscaled_dense,0,"{""class_weight"": null, ""max_depth"": null, ""min_samples_leaf"": 1, ""n_estimators"": 300}",2,262,66,25,13,Years_since_PD_diagnosis | FRZGT12M | SCAU14 | NQ_GAUSSIAN_REVISION | NP1RTOT | NP3GAIT_COMBINED_MAX | NP3PSTBL_COMBINED_MAX | NHY_COMBINED_MAX | NP4TOT | FOG_FORM_MISSING | NQ_FORM_MISSING | PART_IV_FORM_MISSING | DOPTHERST_Missing | DOPTHERST_No | DOPTHERST_Yes | FEATPOSHYP_No | FEATPOSHYP_Uncertain | FEATPOSHYP_Yes | ANYFAMPD_Missing | ANYFAMPD_No | ANYFAMPD_Yes | DOMSIDE_Left | DOMSIDE_Right | DOMSIDE_Symmetric | DOMSIDE_Unknown,0.1996603330007929,0.6830732292917168,0.6698412698412698,0.7575757575757576,0.9111111111111111,0.42857142857142855,,0.9111111111111111
42,stage_2,2,SEL_07,raw__extra_trees__threshold=median,selector_configuration,extra_trees,threshold=median,,raw,extra_trees,unscaled_dense,0,"{""class_weight"": null, ""max_depth"": null, ""min_samples_leaf"": 1, ""n_estimators"": 300}",3,262,66,25,13,Years_since_PD_diagnosis | FRZGT12M | SCAU14 | NQ_GAUSSIAN_REVISION | NP1RTOT | NP3GAIT_COMBINED_MAX | NP3PSTBL_COMBINED_MAX | NHY_COMBINED_MAX | NP4TOT | FOG_FORM_MISSING | NQ_FORM_MISSING | PART_IV_FORM_MISSING | DOPTHERST_Missing | DOPTHERST_No | DOPTHERST_Yes | ANYFAMPD_Missing | ANYFAMPD_No | ANYFAMPD_Yes | DXTREMOR_No | DXTREMOR_Unknown | DXTREMOR_Yes | DOMSIDE_Left | DOMSIDE_Right | DOMSIDE_Symmetric | DOMSIDE_Unknown,0.19273675000295043,0.7183499288762447,0.7097826086956522,0.7727272727272727,0.8695652173913043,0.55,,0.8695652173913043
42,stage_2,2,SEL_07,raw__extra_trees__threshold=median,selector_configuration,extra_trees,threshold=median,,raw,extra_trees,unscaled_dense,0,"{""class_weight"": null, ""max_depth"": null, ""min_samples_leaf"": 1, ""n_estimators"": 300}",4,262,66,25,13,Years_since_PD_diagnosis | FRZGT12M | SCAU14 | NQ_GAUSSIAN_REVISION | NP1URIN | NP3GAIT_COMBINED_MAX | NP3PSTBL_COMBINED_MAX | NHY_COMBINED_MAX | NP4TOT | FOG_FORM_MISSING | NQ_FORM_MISSING | PART_IV_FORM_MISSING | DOPTHERST_Missing | DOPTHERST_No | DOPTHERST_Yes | FEATPOSHYP_No | FEATPOSHYP_Uncertain | FEATPOSHYP_Yes | ANYFAMPD_Missing | ANYFAMPD_No | ANYFAMPD_Yes | DOMSIDE_Left | DOMSIDE_Right | DOMSIDE_Symmetric | DOMSIDE_Unknown,0.19349924999914947,0.5642256902761105,0.5630434782608695,0.6666666666666666,0.8260869565217391,0.3,,0.8260869565217391
42,stage_2,2,SEL_07,raw__extra_trees__threshold=median,selector_configuration,extra_trees,threshold=median,,raw,extra_trees,unscaled_dense,1,"{""class_weight"": null, ""max_depth"": null, ""min_samples_leaf"": 5, ""n_estimators"": 300}",0,263,65,25,13,Years_since_PD_diagnosis | FRZGT12M | SCAU14 | NQ_GAUSSIAN_REVISION | NP1RTOT | NP3GAIT_COMBINED_MAX | NP3PSTBL_COMBINED_MAX | NHY_COMBINED_MAX | NP4TOT | FOG_FORM_MISSING | NQ_FORM_MISSING | PART_IV_FORM_MISSING | DOPTHERST_Missing | DOPTHERST_No | DOPTHERST_Yes | FEATPOSHYP_No | FEATPOSHYP_Uncertain | FEATPOSHYP_Yes | ANYFAMPD_Missing | ANYFAMPD_No | ANYFAMPD_Yes | DOMSIDE_Left | DOMSIDE_Right | DOMSIDE_Symmetric | DOMSIDE_Unknown,0.18968300000051386,0.6533333333333333,0.6416666666666666,0.7538461538461538,0.9333333333333333,0.35,,0.9333333333333333
42,stage_2,2,SEL_07,raw__extra_trees__threshold=median,selector_configuration,extra_trees,threshold=median,,raw,extra_trees,unscaled_dense,1,"{""class_weight"": null, ""max_depth"": null, ""min_samples_leaf"": 5, ""n_estimators"": 300}",1,263,65,25,13,Years_since_PD_diagnosis | FRZGT12M | SCAU14 | NQ_GAUSSIAN_REVISION | NP1URIN | NP3GAIT_COMBINED_MAX | NP3PSTBL_COMBINED_MAX | NHY_COMBINED_MAX | NP4TOT | FOG_FORM_MISSING | NQ_FORM_MISSING | PART_IV_FORM_MISSING | DXRIGID_No | DXRIGID_Unknown | DXRIGID_Yes | DOPTHERST_Missing | DOPTHERST_No | DOPTHERST_Yes | ANYFAMPD_Missing | ANYFAMPD_No | ANYFAMPD_Yes | DOMSIDE_Left | DOMSIDE_Right | DOMSIDE_Symmetric | DOMSIDE_Unknown,0.18939720799971838,0.5903361344537815,0.5916666666666667,0.7230769230769231,0.9333333333333333,0.25,,0.9333333333333333
42,stage_2,2,SEL_07,raw__extra_trees__threshold=median,selector_configuration,extra_trees,threshold=median,,raw,extra_trees,unscaled_dense,1,"{""class_weight"": null, ""max_depth"": null, ""min_samples_leaf"": 5, ""n_estimators"": 300}",2,262,66,25,13,Years_since_PD_diagnosis | FRZGT12M | SCAU14 | NQ_GAUSSIAN_REVISION | NP1RTOT | NP3GAIT_COMBINED_MAX | NP3PSTBL_COMBINED_MAX | NHY_COMBINED_MAX | NP4TOT | FOG_FORM_MISSING | NQ_FORM_MISSING | PART_IV_FORM_MISSING | DOPTHERST_Missing | DOPTHERST_No | DOPTHERST_Yes | FEATPOSHYP_No | FEATPOSHYP_Uncertain | FEATPOSHYP_Yes | ANYFAMPD_Missing | ANYFAMPD_No | ANYFAMPD_Yes | DOMSIDE_Left | DOMSIDE_Right | DOMSIDE_Symmetric | DOMSIDE_Unknown,0.2034719170005701,0.6838070903864579,0.6682539682539683,0.7727272727272727,0.9555555555555556,0.38095238095238093,,0.9555555555555556
42,stage_2,2,SEL_07,raw__extra_trees__threshold=median,selector_configuration,extra_trees,threshold=median,,raw,extra_trees,unscaled_dense,1,"{""class_weight"": null, ""max_depth"": null, ""min_samples_leaf"": 5, ""n_estimators"": 300}",3,262,66,25,13,Years_since_PD_diagnosis | FRZGT12M | SCAU14 | NQ_GAUSSIAN_REVISION | NP1RTOT | NP3GAIT_COMBINED_MAX | NP3PSTBL_COMBINED_MAX | NHY_COMBINED_MAX | NP4TOT | FOG_FORM_MISSING | NQ_FORM_MISSING | PART_IV_FORM_MISSING | DOPTHERST_Missing | DOPTHERST_No | DOPTHERST_Yes | ANYFAMPD_Missing | ANYFAMPD_No | ANYFAMPD_Yes | DXTREMOR_No | DXTREMOR_Unknown | DXTREMOR_Yes | DOMSIDE_Left | DOMSIDE_Right | DOMSIDE_Symmetric | DOMSIDE_Unknown,0.18231825000111712,0.6434573829531813,0.6347826086956522,0.7272727272727273,0.8695652173913043,0.4,,0.8695652173913043
42,stage_2,2,SEL_07,raw__extra_trees__threshold=median,selector_configuration,extra_trees,threshold=median,,raw,extra_trees,unscaled_dense,1,"{""class_weight"": null, ""max_depth"": null, ""min_samples_leaf"": 5, ""n_estimators"": 300}",4,262,66,25,13,Years_since_PD_diagnosis | FRZGT12M | SCAU14 | NQ_GAUSSIAN_REVISION | NP1URIN | NP3GAIT_COMBINED_MAX | NP3PSTBL_COMBINED_MAX | NHY_COMBINED_MAX | NP4TOT | FOG_FORM_MISSING | NQ_FORM_MISSING | PART_IV_FORM_MISSING | DOPTHERST_Missing | DOPTHERST_No | DOPTHERST_Yes | FEATPOSHYP_No | FEATPOSHYP_Uncertain | FEATPOSHYP_Yes | ANYFAMPD_Missing | ANYFAMPD_No | ANYFAMPD_Yes | DOMSIDE_Left | DOMSIDE_Right | DOMSIDE_Symmetric | DOMSIDE_Unknown,0.20369379199837567,0.5573299265410412,0.5597826086956521,0.6818181818181818,0.8695652173913043,0.25,,0.8695652173913043
42,stage_2,2,SEL_07,raw__extra_trees__threshold=median,selector_configuration,extra_trees,threshold=median,,raw,extra_trees,unscaled_dense,2,"{""class_weight"": null, ""max_depth"": 6, ""min_samples_leaf"": 1, ""n_estimators"": 300}",0,263,65,25,13,Years_since_PD_diagnosis | FRZGT12M | SCAU14 | NQ_GAUSSIAN_REVISION | NP1RTOT | NP3GAIT_COMBINED_MAX | NP3PSTBL_COMBINED_MAX | NHY_COMBINED_MAX | NP4TOT | FOG_FORM_MISSING | NQ_FORM_MISSING | PART_IV_FORM_MISSING | DOPTHERST_Missing | DOPTHERST_No | DOPTHERST_Yes | FEATPOSHYP_No | FEATPOSHYP_Uncertain | FEATPOSHYP_Yes | ANYFAMPD_Missing | ANYFAMPD_No | ANYFAMPD_Yes | DOMSIDE_Left | DOMSIDE_Right | DOMSIDE_Symmetric | DOMSIDE_Unknown,0.19167791699874215,0.5903361344537815,0.5916666666666667,0.7230769230769231,0.9333333333333333,0.25,,0.9333333333333333
42,stage_2,2,SEL_07,raw__extra_trees__threshold=median,selector_configuration,extra_trees,threshold=median,,raw,extra_trees,unscaled_dense,2,"{""class_weight"": null, ""max_depth"": 6, ""min_samples_leaf"": 1, ""n_estimators"": 300}",1,263,65,25,13,Years_since_PD_diagnosis | FRZGT12M | SCAU14 | NQ_GAUSSIAN_REVISION | NP1URIN | NP3GAIT_COMBINED_MAX | NP3PSTBL_COMBINED_MAX | NHY_COMBINED_MAX | NP4TOT | FOG_FORM_MISSING | NQ_FORM_MISSING | PART_IV_FORM_MISSING | DXRIGID_No | DXRIGID_Unknown | DXRIGID_Yes | DOPTHERST_Missing | DOPTHERST_No | DOPTHERST_Yes | ANYFAMPD_Missing | ANYFAMPD_No | ANYFAMPD_Yes | DOMSIDE_Left | DOMSIDE_Right | DOMSIDE_Symmetric | DOMSIDE_Unknown,0.18564745800176752,0.6227381358825538,0.6166666666666667,0.7384615384615385,0.9333333333333333,0.3,,0.9333333333333333
42,stage_2,2,SEL_07,raw__extra_trees__threshold=median,selector_configuration,extra_trees,threshold=median,,raw,extra_trees,unscaled_dense,2,"{""class_weight"": null, ""max_depth"": 6, ""min_samples_leaf"": 1, ""n_estimators"": 300}",2,262,66,25,13,Years_since_PD_diagnosis | FRZGT12M | SCAU14 | NQ_GAUSSIAN_REVISION | NP1RTOT | NP3GAIT_COMBINED_MAX | NP3PSTBL_COMBINED_MAX | NHY_COMBINED_MAX | NP4TOT | FOG_FORM_MISSING | NQ_FORM_MISSING | PART_IV_FORM_MISSING | DOPTHERST_Missing | DOPTHERST_No | DOPTHERST_Yes | FEATPOSHYP_No | FEATPOSHYP_Uncertain | FEATPOSHYP_Yes | ANYFAMPD_Missing | ANYFAMPD_No | ANYFAMPD_Yes | DOMSIDE_Left | DOMSIDE_Right | DOMSIDE_Symmetric | DOMSIDE_Unknown,0.1874035000000731,0.6838070903864579,0.6682539682539683,0.7727272727272727,0.9555555555555556,0.38095238095238093,,0.9555555555555556
42,stage_2,2,SEL_07,raw__extra_trees__threshold=median,selector_configuration,extra_trees,threshold=median,,raw,extra_trees,unscaled_dense,2,"{""class_weight"": null, ""max_depth"": 6, ""min_samples_leaf"": 1, ""n_estimators"": 300}",3,262,66,25,13,Years_since_PD_diagnosis | FRZGT12M | SCAU14 | NQ_GAUSSIAN_REVISION | NP1RTOT | NP3GAIT_COMBINED_MAX | NP3PSTBL_COMBINED_MAX | NHY_COMBINED_MAX | NP4TOT | FOG_FORM_MISSING | NQ_FORM_MISSING | PART_IV_FORM_MISSING | DOPTHERST_Missing | DOPTHERST_No | DOPTHERST_Yes | ANYFAMPD_Missing | ANYFAMPD_No | ANYFAMPD_Yes | DXTREMOR_No | DXTREMOR_Unknown | DXTREMOR_Yes | DOMSIDE_Left | DOMSIDE_Right | DOMSIDE_Symmetric | DOMSIDE_Unknown,0.17814816600002814,0.6565656565656566,0.6456521739130434,0.7424242424242424,0.8913043478260869,0.4,,0.8913043478260869
42,stage_2,2,SEL_07,raw__extra_trees__threshold=median,selector_configuration,extra_trees,threshold=median,,raw,extra_trees,unscaled_dense,2,"{""class_weight"": null, ""max_depth"": 6, ""min_samples_leaf"": 1, ""n_estimators"": 300}",4,262,66,25,13,Years_since_PD_diagnosis | FRZGT12M | SCAU14 | NQ_GAUSSIAN_REVISION | NP1URIN | NP3GAIT_COMBINED_MAX | NP3PSTBL_COMBINED_MAX | NHY_COMBINED_MAX | NP4TOT | FOG_FORM_MISSING | NQ_FORM_MISSING | PART_IV_FORM_MISSING | DOPTHERST_Missing | DOPTHERST_No | DOPTHERST_Yes | FEATPOSHYP_No | FEATPOSHYP_Uncertain | FEATPOSHYP_Yes | ANYFAMPD_Missing | ANYFAMPD_No | ANYFAMPD_Yes | DOMSIDE_Left | DOMSIDE_Right | DOMSIDE_Symmetric | DOMSIDE_Unknown,0.20284866600195528,0.5875,0.5847826086956521,0.696969696969697,0.8695652173913043,0.3,,0.8695652173913043
42,stage_2,2,SEL_07,raw__extra_trees__threshold=median,selector_configuration,extra_trees,threshold=median,,raw,extra_trees,unscaled_dense,3,"{""class_weight"": null, ""max_depth"": 6, ""min_samples_leaf"": 5, ""n_estimators"": 300}",0,263,65,25,13,Years_since_PD_diagnosis | FRZGT12M | SCAU14 | NQ_GAUSSIAN_REVISION | NP1RTOT | NP3GAIT_COMBINED_MAX | NP3PSTBL_COMBINED_MAX | NHY_COMBINED_MAX | NP4TOT | FOG_FORM_MISSING | NQ_FORM_MISSING | PART_IV_FORM_MISSING | DOPTHERST_Missing | DOPTHERST_No | DOPTHERST_Yes | FEATPOSHYP_No | FEATPOSHYP_Uncertain | FEATPOSHYP_Yes | ANYFAMPD_Missing | ANYFAMPD_No | ANYFAMPD_Yes | DOMSIDE_Left | DOMSIDE_Right | DOMSIDE_Symmetric | DOMSIDE_Unknown,0.18173812500026543,0.5903361344537815,0.5916666666666667,0.7230769230769231,0.9333333333333333,0.25,,0.9333333333333333
42,stage_2,2,SEL_07,raw__extra_trees__threshold=median,selector_configuration,extra_trees,threshold=median,,raw,extra_trees,unscaled_dense,3,"{""class_weight"": null, ""max_depth"": 6, ""min_samples_leaf"": 5, ""n_estimators"": 300}",1,263,65,25,13,Years_since_PD_diagnosis | FRZGT12M | SCAU14 | NQ_GAUSSIAN_REVISION | NP1URIN | NP3GAIT_COMBINED_MAX | NP3PSTBL_COMBINED_MAX | NHY_COMBINED_MAX | NP4TOT | FOG_FORM_MISSING | NQ_FORM_MISSING | PART_IV_FORM_MISSING | DXRIGID_No | DXRIGID_Unknown | DXRIGID_Yes | DOPTHERST_Missing | DOPTHERST_No | DOPTHERST_Yes | ANYFAMPD_Missing | ANYFAMPD_No | ANYFAMPD_Yes | DOMSIDE_Left | DOMSIDE_Right | DOMSIDE_Symmetric | DOMSIDE_Unknown,0.19296754199967836,0.5903361344537815,0.5916666666666667,0.7230769230769231,0.9333333333333333,0.25,,0.9333333333333333
42,stage_2,2,SEL_07,raw__extra_trees__threshold=median,selector_configuration,extra_trees,threshold=median,,raw,extra_trees,unscaled_dense,3,"{""class_weight"": null, ""max_depth"": 6, ""min_samples_leaf"": 5, ""n_estimators"": 300}",2,262,66,25,13,Years_since_PD_diagnosis | FRZGT12M | SCAU14 | NQ_GAUSSIAN_REVISION | NP1RTOT | NP3GAIT_COMBINED_MAX | NP3PSTBL_COMBINED_MAX | NHY_COMBINED_MAX | NP4TOT | FOG_FORM_MISSING | NQ_FORM_MISSING | PART_IV_FORM_MISSING | DOPTHERST_Missing | DOPTHERST_No | DOPTHERST_Yes | FEATPOSHYP_No | FEATPOSHYP_Uncertain | FEATPOSHYP_Yes | ANYFAMPD_Missing | ANYFAMPD_No | ANYFAMPD_Yes | DOMSIDE_Left | DOMSIDE_Right | DOMSIDE_Symmetric | DOMSIDE_Unknown,0.19589491700025974,0.6243722798794777,0.6206349206349207,0.7424242424242424,0.9555555555555556,0.2857142857142857,,0.9555555555555556
42,stage_2,2,SEL_07,raw__extra_trees__threshold=median,selector_configuration,extra_trees,threshold=median,,raw,extra_trees,unscaled_dense,3,"{""class_weight"": null, ""max_depth"": 6, ""min_samples_leaf"": 5, ""n_estimators"": 300}",3,262,66,25,13,Years_since_PD_diagnosis | FRZGT12M | SCAU14 | NQ_GAUSSIAN_REVISION | NP1RTOT | NP3GAIT_COMBINED_MAX | NP3PSTBL_COMBINED_MAX | NHY_COMBINED_MAX | NP4TOT | FOG_FORM_MISSING | NQ_FORM_MISSING | PART_IV_FORM_MISSING | DOPTHERST_Missing | DOPTHERST_No | DOPTHERST_Yes | ANYFAMPD_Missing | ANYFAMPD_No | ANYFAMPD_Yes | DXTREMOR_No | DXTREMOR_Unknown | DXTREMOR_Yes | DOMSIDE_Left | DOMSIDE_Right | DOMSIDE_Symmetric | DOMSIDE_Unknown,0.19949970800007577,0.6161616161616161,0.6097826086956522,0.7121212121212122,0.8695652173913043,0.35,,0.8695652173913043
42,stage_2,2,SEL_07,raw__extra_trees__threshold=median,selector_configuration,extra_trees,threshold=median,,raw,extra_trees,unscaled_dense,3,"{""class_weight"": null, ""max_depth"": 6, ""min_samples_leaf"": 5, ""n_estimators"": 300}",4,262,66,25,13,Years_since_PD_diagnosis | FRZGT12M | SCAU14 | NQ_GAUSSIAN_REVISION | NP1URIN | NP3GAIT_COMBINED_MAX | NP3PSTBL_COMBINED_MAX | NHY_COMBINED_MAX | NP4TOT | FOG_FORM_MISSING | NQ_FORM_MISSING | PART_IV_FORM_MISSING | DOPTHERST_Missing | DOPTHERST_No | DOPTHERST_Yes | FEATPOSHYP_No | FEATPOSHYP_Uncertain | FEATPOSHYP_Yes | ANYFAMPD_Missing | ANYFAMPD_No | ANYFAMPD_Yes | DOMSIDE_Left | DOMSIDE_Right | DOMSIDE_Symmetric | DOMSIDE_Unknown,0.18724591700083693,0.5686274509803921,0.5706521739130435,0.696969696969697,0.8913043478260869,0.25,,0.8913043478260869
42,stage_2,2,SEL_07,raw__extra_trees__threshold=median,selector_configuration,extra_trees,threshold=median,,raw,extra_trees,unscaled_dense,4,"{""class_weight"": ""balanced"", ""max_depth"": null, ""min_samples_leaf"": 1, ""n_estimators"": 300}",0,263,65,25,13,Years_since_PD_diagnosis | FRZGT12M | SCAU14 | NQ_GAUSSIAN_REVISION | NP1RTOT | NP3GAIT_COMBINED_MAX | NP3PSTBL_COMBINED_MAX | NHY_COMBINED_MAX | NP4TOT | FOG_FORM_MISSING | NQ_FORM_MISSING | PART_IV_FORM_MISSING | DOPTHERST_Missing | DOPTHERST_No | DOPTHERST_Yes | FEATPOSHYP_No | FEATPOSHYP_Uncertain | FEATPOSHYP_Yes | ANYFAMPD_Missing | ANYFAMPD_No | ANYFAMPD_Yes | DOMSIDE_Left | DOMSIDE_Right | DOMSIDE_Symmetric | DOMSIDE_Unknown,0.205378082999232,0.6954076850984068,0.6805555555555556,0.7692307692307693,0.9111111111111111,0.45,,0.9111111111111111
42,stage_2,2,SEL_07,raw__extra_trees__threshold=median,selector_configuration,extra_trees,threshold=median,,raw,extra_trees,unscaled_dense,4,"{""class_weight"": ""balanced"", ""max_depth"": null, ""min_samples_leaf"": 1, ""n_estimators"": 300}",1,263,65,25,13,Years_since_PD_diagnosis | FRZGT12M | SCAU14 | NQ_GAUSSIAN_REVISION | NP1URIN | NP3GAIT_COMBINED_MAX | NP3PSTBL_COMBINED_MAX | NHY_COMBINED_MAX | NP4TOT | FOG_FORM_MISSING | NQ_FORM_MISSING | PART_IV_FORM_MISSING | DXRIGID_No | DXRIGID_Unknown | DXRIGID_Yes | DOPTHERST_Missing | DOPTHERST_No | DOPTHERST_Yes | ANYFAMPD_Missing | ANYFAMPD_No | ANYFAMPD_Yes | DOMSIDE_Left | DOMSIDE_Right | DOMSIDE_Symmetric | DOMSIDE_Unknown,0.20927041699906113,0.6399478657543174,0.6305555555555555,0.7384615384615385,0.9111111111111111,0.35,,0.9111111111111111
42,stage_2,2,SEL_07,raw__extra_trees__threshold=median,selector_configuration,extra_trees,threshold=median,,raw,extra_trees,unscaled_dense,4,"{""class_weight"": ""balanced"", ""max_depth"": null, ""min_samples_leaf"": 1, ""n_estimators"": 300}",2,262,66,25,13,Years_since_PD_diagnosis | FRZGT12M | SCAU14 | NQ_GAUSSIAN_REVISION | NP1RTOT | NP3GAIT_COMBINED_MAX | NP3PSTBL_COMBINED_MAX | NHY_COMBINED_MAX | NP4TOT | FOG_FORM_MISSING | NQ_FORM_MISSING | PART_IV_FORM_MISSING | DOPTHERST_Missing | DOPTHERST_No | DOPTHERST_Yes | FEATPOSHYP_No | FEATPOSHYP_Uncertain | FEATPOSHYP_Yes | ANYFAMPD_Missing | ANYFAMPD_No | ANYFAMPD_Yes | DOMSIDE_Left | DOMSIDE_Right | DOMSIDE_Symmetric | DOMSIDE_Unknown,0.20213329099715338,0.6830732292917168,0.6698412698412698,0.7575757575757576,0.9111111111111111,0.42857142857142855,,0.9111111111111111
42,stage_2,2,SEL_07,raw__extra_trees__threshold=median,selector_configuration,extra_trees,threshold=median,,raw,extra_trees,unscaled_dense,4,"{""class_weight"": ""balanced"", ""max_depth"": null, ""min_samples_leaf"": 1, ""n_estimators"": 300}",3,262,66,25,13,Years_since_PD_diagnosis | FRZGT12M | SCAU14 | NQ_GAUSSIAN_REVISION | NP1RTOT | NP3GAIT_COMBINED_MAX | NP3PSTBL_COMBINED_MAX | NHY_COMBINED_MAX | NP4TOT | FOG_FORM_MISSING | NQ_FORM_MISSING | PART_IV_FORM_MISSING | DOPTHERST_Missing | DOPTHERST_No | DOPTHERST_Yes | ANYFAMPD_Missing | ANYFAMPD_No | ANYFAMPD_Yes | DXTREMOR_No | DXTREMOR_Unknown | DXTREMOR_Yes | DOMSIDE_Left | DOMSIDE_Right | DOMSIDE_Symmetric | DOMSIDE_Unknown,0.20238583299942547,0.6695139911634757,0.6597826086956522,0.7424242424242424,0.8695652173913043,0.45,,0.8695652173913043
42,stage_2,2,SEL_07,raw__extra_trees__threshold=median,selector_configuration,extra_trees,threshold=median,,raw,extra_trees,unscaled_dense,4,"{""class_weight"": ""balanced"", ""max_depth"": null, ""min_samples_leaf"": 1, ""n_estimators"": 300}",4,262,66,25,13,Years_since_PD_diagnosis | FRZGT12M | SCAU14 | NQ_GAUSSIAN_REVISION | NP1URIN | NP3GAIT_COMBINED_MAX | NP3PSTBL_COMBINED_MAX | NHY_COMBINED_MAX | NP4TOT | FOG_FORM_MISSING | NQ_FORM_MISSING | PART_IV_FORM_MISSING | DOPTHERST_Missing | DOPTHERST_No | DOPTHERST_Yes | FEATPOSHYP_No | FEATPOSHYP_Uncertain | FEATPOSHYP_Yes | ANYFAMPD_Missing | ANYFAMPD_No | ANYFAMPD_Yes | DOMSIDE_Left | DOMSIDE_Right | DOMSIDE_Symmetric | DOMSIDE_Unknown,0.19908558299721335,0.5642256902761105,0.5630434782608695,0.6666666666666666,0.8260869565217391,0.3,,0.8260869565217391
42,stage_2,2,SEL_07,raw__extra_trees__threshold=median,selector_configuration,extra_trees,threshold=median,,raw,extra_trees,unscaled_dense,5,"{""class_weight"": ""balanced"", ""max_depth"": null, ""min_samples_leaf"": 5, ""n_estimators"": 300}",0,263,65,25,13,Years_since_PD_diagnosis | FRZGT12M | SCAU14 | NQ_GAUSSIAN_REVISION | NP1RTOT | NP3GAIT_COMBINED_MAX | NP3PSTBL_COMBINED_MAX | NHY_COMBINED_MAX | NP4TOT | FOG_FORM_MISSING | NQ_FORM_MISSING | PART_IV_FORM_MISSING | DOPTHERST_Missing | DOPTHERST_No | DOPTHERST_Yes | FEATPOSHYP_No | FEATPOSHYP_Uncertain | FEATPOSHYP_Yes | ANYFAMPD_Missing | ANYFAMPD_No | ANYFAMPD_Yes | DOMSIDE_Left | DOMSIDE_Right | DOMSIDE_Symmetric | DOMSIDE_Unknown,0.20143999999709195,0.7472222222222222,0.7472222222222222,0.7846153846153846,0.8444444444444444,0.65,,0.8444444444444444
42,stage_2,2,SEL_07,raw__extra_trees__threshold=median,selector_configuration,extra_trees,threshold=median,,raw,extra_trees,unscaled_dense,5,"{""class_weight"": ""balanced"", ""max_depth"": null, ""min_samples_leaf"": 5, ""n_estimators"": 300}",1,263,65,25,13,Years_since_PD_diagnosis | FRZGT12M | SCAU14 | NQ_GAUSSIAN_REVISION | NP1URIN | NP3GAIT_COMBINED_MAX | NP3PSTBL_COMBINED_MAX | NHY_COMBINED_MAX | NP4TOT | FOG_FORM_MISSING | NQ_FORM_MISSING | PART_IV_FORM_MISSING | DXRIGID_No | DXRIGID_Unknown | DXRIGID_Yes | DOPTHERST_Missing | DOPTHERST_No | DOPTHERST_Yes | ANYFAMPD_Missing | ANYFAMPD_No | ANYFAMPD_Yes | DOMSIDE_Left | DOMSIDE_Right | DOMSIDE_Symmetric | DOMSIDE_Unknown,0.1888489999982994,0.6698743651430099,0.6777777777777778,0.7076923076923077,0.7555555555555555,0.6,,0.7555555555555555
42,stage_2,2,SEL_07,raw__extra_trees__threshold=median,selector_configuration,extra_trees,threshold=median,,raw,extra_trees,unscaled_dense,5,"{""class_weight"": ""balanced"", ""max_depth"": null, ""min_samples_leaf"": 5, ""n_estimators"": 300}",2,262,66,25,13,Years_since_PD_diagnosis | FRZGT12M | SCAU14 | NQ_GAUSSIAN_REVISION | NP1RTOT | NP3GAIT_COMBINED_MAX | NP3PSTBL_COMBINED_MAX | NHY_COMBINED_MAX | NP4TOT | FOG_FORM_MISSING | NQ_FORM_MISSING | PART_IV_FORM_MISSING | DOPTHERST_Missing | DOPTHERST_No | DOPTHERST_Yes | FEATPOSHYP_No | FEATPOSHYP_Uncertain | FEATPOSHYP_Yes | ANYFAMPD_Missing | ANYFAMPD_No | ANYFAMPD_Yes | DOMSIDE_Left | DOMSIDE_Right | DOMSIDE_Symmetric | DOMSIDE_Unknown,0.20126787499975762,0.6931818181818181,0.6984126984126984,0.7272727272727273,0.7777777777777778,0.6190476190476191,,0.7777777777777778
42,stage_2,2,SEL_07,raw__extra_trees__threshold=median,selector_configuration,extra_trees,threshold=median,,raw,extra_trees,unscaled_dense,5,"{""class_weight"": ""balanced"", ""max_depth"": null, ""min_samples_leaf"": 5, ""n_estimators"": 300}",3,262,66,25,13,Years_since_PD_diagnosis | FRZGT12M | SCAU14 | NQ_GAUSSIAN_REVISION | NP1RTOT | NP3GAIT_COMBINED_MAX | NP3PSTBL_COMBINED_MAX | NHY_COMBINED_MAX | NP4TOT | FOG_FORM_MISSING | NQ_FORM_MISSING | PART_IV_FORM_MISSING | DOPTHERST_Missing | DOPTHERST_No | DOPTHERST_Yes | ANYFAMPD_Missing | ANYFAMPD_No | ANYFAMPD_Yes | DXTREMOR_No | DXTREMOR_Unknown | DXTREMOR_Yes | DOMSIDE_Left | DOMSIDE_Right | DOMSIDE_Symmetric | DOMSIDE_Unknown,0.19051050000052783,0.6200250312891114,0.6369565217391304,0.6515151515151515,0.6739130434782609,0.6,,0.6739130434782609
42,stage_2,2,SEL_07,raw__extra_trees__threshold=median,selector_configuration,extra_trees,threshold=median,,raw,extra_trees,unscaled_dense,5,"{""class_weight"": ""balanced"", ""max_depth"": null, ""min_samples_leaf"": 5, ""n_estimators"": 300}",4,262,66,25,13,Years_since_PD_diagnosis | FRZGT12M | SCAU14 | NQ_GAUSSIAN_REVISION | NP1URIN | NP3GAIT_COMBINED_MAX | NP3PSTBL_COMBINED_MAX | NHY_COMBINED_MAX | NP4TOT | FOG_FORM_MISSING | NQ_FORM_MISSING | PART_IV_FORM_MISSING | DOPTHERST_Missing | DOPTHERST_No | DOPTHERST_Yes | FEATPOSHYP_No | FEATPOSHYP_Uncertain | FEATPOSHYP_Yes | ANYFAMPD_Missing | ANYFAMPD_No | ANYFAMPD_Yes | DOMSIDE_Left | DOMSIDE_Right | DOMSIDE_Symmetric | DOMSIDE_Unknown,0.19250124999962281,0.6723281944081526,0.6804347826086956,0.7121212121212122,0.7608695652173914,0.6,,0.7608695652173914
42,stage_2,2,SEL_07,raw__extra_trees__threshold=median,selector_configuration,extra_trees,threshold=median,,raw,extra_trees,unscaled_dense,6,"{""class_weight"": ""balanced"", ""max_depth"": 6, ""min_samples_leaf"": 1, ""n_estimators"": 300}",0,263,65,25,13,Years_since_PD_diagnosis | FRZGT12M | SCAU14 | NQ_GAUSSIAN_REVISION | NP1RTOT | NP3GAIT_COMBINED_MAX | NP3PSTBL_COMBINED_MAX | NHY_COMBINED_MAX | NP4TOT | FOG_FORM_MISSING | NQ_FORM_MISSING | PART_IV_FORM_MISSING | DOPTHERST_Missing | DOPTHERST_No | DOPTHERST_Yes | FEATPOSHYP_No | FEATPOSHYP_Uncertain | FEATPOSHYP_Yes | ANYFAMPD_Missing | ANYFAMPD_No | ANYFAMPD_Yes | DOMSIDE_Left | DOMSIDE_Right | DOMSIDE_Symmetric | DOMSIDE_Unknown,0.19628587499755668,0.711111111111111,0.711111111111111,0.7538461538461538,0.8222222222222222,0.6,,0.8222222222222222
42,stage_2,2,SEL_07,raw__extra_trees__threshold=median,selector_configuration,extra_trees,threshold=median,,raw,extra_trees,unscaled_dense,6,"{""class_weight"": ""balanced"", ""max_depth"": 6, ""min_samples_leaf"": 1, ""n_estimators"": 300}",1,263,65,25,13,Years_since_PD_diagnosis | FRZGT12M | SCAU14 | NQ_GAUSSIAN_REVISION | NP1URIN | NP3GAIT_COMBINED_MAX | NP3PSTBL_COMBINED_MAX | NHY_COMBINED_MAX | NP4TOT | FOG_FORM_MISSING | NQ_FORM_MISSING | PART_IV_FORM_MISSING | DXRIGID_No | DXRIGID_Unknown | DXRIGID_Yes | DOPTHERST_Missing | DOPTHERST_No | DOPTHERST_Yes | ANYFAMPD_Missing | ANYFAMPD_No | ANYFAMPD_Yes | DOMSIDE_Left | DOMSIDE_Right | DOMSIDE_Symmetric | DOMSIDE_Unknown,0.1931750000003376,0.6615511098931215,0.663888888888889,0.7076923076923077,0.7777777777777778,0.55,,0.7777777777777778
42,stage_2,2,SEL_07,raw__extra_trees__threshold=median,selector_configuration,extra_trees,threshold=median,,raw,extra_trees,unscaled_dense,6,"{""class_weight"": ""balanced"", ""max_depth"": 6, ""min_samples_leaf"": 1, ""n_estimators"": 300}",2,262,66,25,13,Years_since_PD_diagnosis | FRZGT12M | SCAU14 | NQ_GAUSSIAN_REVISION | NP1RTOT | NP3GAIT_COMBINED_MAX | NP3PSTBL_COMBINED_MAX | NHY_COMBINED_MAX | NP4TOT | FOG_FORM_MISSING | NQ_FORM_MISSING | PART_IV_FORM_MISSING | DOPTHERST_Missing | DOPTHERST_No | DOPTHERST_Yes | FEATPOSHYP_No | FEATPOSHYP_Uncertain | FEATPOSHYP_Yes | ANYFAMPD_Missing | ANYFAMPD_No | ANYFAMPD_Yes | DOMSIDE_Left | DOMSIDE_Right | DOMSIDE_Symmetric | DOMSIDE_Unknown,0.20775183300065692,0.7130434782608696,0.7079365079365079,0.7575757575757576,0.8444444444444444,0.5714285714285714,,0.8444444444444444
42,stage_2,2,SEL_07,raw__extra_trees__threshold=median,selector_configuration,extra_trees,threshold=median,,raw,extra_trees,unscaled_dense,6,"{""class_weight"": ""balanced"", ""max_depth"": 6, ""min_samples_leaf"": 1, ""n_estimators"": 300}",3,262,66,25,13,Years_since_PD_diagnosis | FRZGT12M | SCAU14 | NQ_GAUSSIAN_REVISION | NP1RTOT | NP3GAIT_COMBINED_MAX | NP3PSTBL_COMBINED_MAX | NHY_COMBINED_MAX | NP4TOT | FOG_FORM_MISSING | NQ_FORM_MISSING | PART_IV_FORM_MISSING | DOPTHERST_Missing | DOPTHERST_No | DOPTHERST_Yes | ANYFAMPD_Missing | ANYFAMPD_No | ANYFAMPD_Yes | DXTREMOR_No | DXTREMOR_Unknown | DXTREMOR_Yes | DOMSIDE_Left | DOMSIDE_Right | DOMSIDE_Symmetric | DOMSIDE_Unknown,0.1925950830009242,0.6459770114942529,0.658695652173913,0.6818181818181818,0.717391304347826,0.6,,0.717391304347826
42,stage_2,2,SEL_07,raw__extra_trees__threshold=median,selector_configuration,extra_trees,threshold=median,,raw,extra_trees,unscaled_dense,6,"{""class_weight"": ""balanced"", ""max_depth"": 6, ""min_samples_leaf"": 1, ""n_estimators"": 300}",4,262,66,25,13,Years_since_PD_diagnosis | FRZGT12M | SCAU14 | NQ_GAUSSIAN_REVISION | NP1URIN | NP3GAIT_COMBINED_MAX | NP3PSTBL_COMBINED_MAX | NHY_COMBINED_MAX | NP4TOT | FOG_FORM_MISSING | NQ_FORM_MISSING | PART_IV_FORM_MISSING | DOPTHERST_Missing | DOPTHERST_No | DOPTHERST_Yes | FEATPOSHYP_No | FEATPOSHYP_Uncertain | FEATPOSHYP_Yes | ANYFAMPD_Missing | ANYFAMPD_No | ANYFAMPD_Yes | DOMSIDE_Left | DOMSIDE_Right | DOMSIDE_Symmetric | DOMSIDE_Unknown,0.21115800000188756,0.6857142857142857,0.691304347826087,0.7272727272727273,0.782608695652174,0.6,,0.782608695652174
42,stage_2,2,SEL_07,raw__extra_trees__threshold=median,selector_configuration,extra_trees,threshold=median,,raw,extra_trees,unscaled_dense,7,"{""class_weight"": ""balanced"", ""max_depth"": 6, ""min_samples_leaf"": 5, ""n_estimators"": 300}",0,263,65,25,13,Years_since_PD_diagnosis | FRZGT12M | SCAU14 | NQ_GAUSSIAN_REVISION | NP1RTOT | NP3GAIT_COMBINED_MAX | NP3PSTBL_COMBINED_MAX | NHY_COMBINED_MAX | NP4TOT | FOG_FORM_MISSING | NQ_FORM_MISSING | PART_IV_FORM_MISSING | DOPTHERST_Missing | DOPTHERST_No | DOPTHERST_Yes | FEATPOSHYP_No | FEATPOSHYP_Uncertain | FEATPOSHYP_Yes | ANYFAMPD_Missing | ANYFAMPD_No | ANYFAMPD_Yes | DOMSIDE_Left | DOMSIDE_Right | DOMSIDE_Symmetric | DOMSIDE_Unknown,0.20194483299928834,0.7537878787878788,0.7611111111111111,0.7846153846153846,0.8222222222222222,0.7,,0.8222222222222222
42,stage_2,2,SEL_07,raw__extra_trees__threshold=median,selector_configuration,extra_trees,threshold=median,,raw,extra_trees,unscaled_dense,7,"{""class_weight"": ""balanced"", ""max_depth"": 6, ""min_samples_leaf"": 5, ""n_estimators"": 300}",1,263,65,25,13,Years_since_PD_diagnosis | FRZGT12M | SCAU14 | NQ_GAUSSIAN_REVISION | NP1URIN | NP3GAIT_COMBINED_MAX | NP3PSTBL_COMBINED_MAX | NHY_COMBINED_MAX | NP4TOT | FOG_FORM_MISSING | NQ_FORM_MISSING | PART_IV_FORM_MISSING | DXRIGID_No | DXRIGID_Unknown | DXRIGID_Yes | DOPTHERST_Missing | DOPTHERST_No | DOPTHERST_Yes | ANYFAMPD_Missing | ANYFAMPD_No | ANYFAMPD_Yes | DOMSIDE_Left | DOMSIDE_Right | DOMSIDE_Symmetric | DOMSIDE_Unknown,0.19908070800011046,0.6834415584415584,0.6888888888888889,0.7230769230769231,0.7777777777777778,0.6,,0.7777777777777778
42,stage_2,2,SEL_07,raw__extra_trees__threshold=median,selector_configuration,extra_trees,threshold=median,,raw,extra_trees,unscaled_dense,7,"{""class_weight"": ""balanced"", ""max_depth"": 6, ""min_samples_leaf"": 5, ""n_estimators"": 300}",2,262,66,25,13,Years_since_PD_diagnosis | FRZGT12M | SCAU14 | NQ_GAUSSIAN_REVISION | NP1RTOT | NP3GAIT_COMBINED_MAX | NP3PSTBL_COMBINED_MAX | NHY_COMBINED_MAX | NP4TOT | FOG_FORM_MISSING | NQ_FORM_MISSING | PART_IV_FORM_MISSING | DOPTHERST_Missing | DOPTHERST_No | DOPTHERST_Yes | FEATPOSHYP_No | FEATPOSHYP_Uncertain | FEATPOSHYP_Yes | ANYFAMPD_Missing | ANYFAMPD_No | ANYFAMPD_Yes | DOMSIDE_Left | DOMSIDE_Right | DOMSIDE_Symmetric | DOMSIDE_Unknown,0.18733266700292006,0.7134099616858238,0.7222222222222222,0.7424242424242424,0.7777777777777778,0.6666666666666666,,0.7777777777777778
42,stage_2,2,SEL_07,raw__extra_trees__threshold=median,selector_configuration,extra_trees,threshold=median,,raw,extra_trees,unscaled_dense,7,"{""class_weight"": ""balanced"", ""max_depth"": 6, ""min_samples_leaf"": 5, ""n_estimators"": 300}",3,262,66,25,13,Years_since_PD_diagnosis | FRZGT12M | SCAU14 | NQ_GAUSSIAN_REVISION | NP1RTOT | NP3GAIT_COMBINED_MAX | NP3PSTBL_COMBINED_MAX | NHY_COMBINED_MAX | NP4TOT | FOG_FORM_MISSING | NQ_FORM_MISSING | PART_IV_FORM_MISSING | DOPTHERST_Missing | DOPTHERST_No | DOPTHERST_Yes | ANYFAMPD_Missing | ANYFAMPD_No | ANYFAMPD_Yes | DXTREMOR_No | DXTREMOR_Unknown | DXTREMOR_Yes | DOMSIDE_Left | DOMSIDE_Right | DOMSIDE_Symmetric | DOMSIDE_Unknown,0.18914629199935007,0.6071428571428572,0.6260869565217391,0.6363636363636364,0.6521739130434783,0.6,,0.6521739130434783
42,stage_2,2,SEL_07,raw__extra_trees__threshold=median,selector_configuration,extra_trees,threshold=median,,raw,extra_trees,unscaled_dense,7,"{""class_weight"": ""balanced"", ""max_depth"": 6, ""min_samples_leaf"": 5, ""n_estimators"": 300}",4,262,66,25,13,Years_since_PD_diagnosis | FRZGT12M | SCAU14 | NQ_GAUSSIAN_REVISION | NP1URIN | NP3GAIT_COMBINED_MAX | NP3PSTBL_COMBINED_MAX | NHY_COMBINED_MAX | NP4TOT | FOG_FORM_MISSING | NQ_FORM_MISSING | PART_IV_FORM_MISSING | DOPTHERST_Missing | DOPTHERST_No | DOPTHERST_Yes | FEATPOSHYP_No | FEATPOSHYP_Uncertain | FEATPOSHYP_Yes | ANYFAMPD_Missing | ANYFAMPD_No | ANYFAMPD_Yes | DOMSIDE_Left | DOMSIDE_Right | DOMSIDE_Symmetric | DOMSIDE_Unknown,0.189588791999995,0.6723281944081526,0.6804347826086956,0.7121212121212122,0.7608695652173914,0.6,,0.7608695652173914
