split_seed,target,inner_validation_fold,configuration_id,pipeline_key,candidate_kind,feature_set,selector,selector_parameter,reference_model,training_patients,validation_patients,processed_input_columns,selected_columns,selected_groups,selected_group_names,selected_column_names,fit_seconds,macro_f1,balanced_accuracy,accuracy,recall_class_0,recall_class_1,recall_class_2,priority_recall
42,direct,0,SEL_01,raw__none__all,selector_configuration,final_26,none,all,logistic,832,208,47,47,26,ANYFAMPD | Age | BMI | DOMSIDE | DOPTHERST | DXBRADY | DXPOSINS | DXRIGID | DXTREMOR | FEATPOSHYP | GDS_TOTAL | GROUP_FREEZING_FORM | GROUP_NEUROQOL_FORM | GROUP_PART_IV_FORM | MCATOT | NHY_COMBINED_MAX | NP1CNST | NP1RTOT | NP1SLPD | NP1URIN | NP3GAIT_COMBINED_MAX | NP3PSTBL_COMBINED_MAX | NP3TOT_COMBINED_MAX | SCAU14 | SCAU16 | Years_since_PD_diagnosis,Years_since_PD_diagnosis | Age | MCATOT | FRZGT12M | SCAU14 | SCAU16 | GDS_TOTAL | NQ_GAUSSIAN_REVISION | NP1RTOT | BMI | NP1SLPD | NP1URIN | NP3GAIT_COMBINED_MAX | NP3PSTBL_COMBINED_MAX | NHY_COMBINED_MAX | NP3TOT_COMBINED_MAX | NP4TOT | NP1CNST | FOG_FORM_MISSING | NQ_FORM_MISSING | PART_IV_FORM_MISSING | DXPOSINS_Missing | DXPOSINS_No | DXPOSINS_Unknown | DXPOSINS_Yes | DXRIGID_No | DXRIGID_Unknown | DXRIGID_Yes | DOPTHERST_Missing | DOPTHERST_No | DOPTHERST_Yes | FEATPOSHYP_No | FEATPOSHYP_Uncertain | FEATPOSHYP_Yes | ANYFAMPD_Missing | ANYFAMPD_No | ANYFAMPD_Yes | DXTREMOR_No | DXTREMOR_Unknown | DXTREMOR_Yes | DXBRADY_No | DXBRADY_Unknown | DXBRADY_Yes | DOMSIDE_Left | DOMSIDE_Right | DOMSIDE_Symmetric | DOMSIDE_Unknown,0.03994570799841313,0.5031313288674248,0.5357808857808858,0.5913461538461539,0.6573426573426573,0.4,0.55,0.4
42,direct,0,SEL_02,raw__corrected_fdr__q<=0.05,selector_configuration,final_26,corrected_fdr,q<=0.05,logistic,832,208,47,29,20,ANYFAMPD | Age | DOPTHERST | FEATPOSHYP | GDS_TOTAL | GROUP_FREEZING_FORM | GROUP_NEUROQOL_FORM | GROUP_PART_IV_FORM | MCATOT | NHY_COMBINED_MAX | NP1CNST | NP1RTOT | NP1SLPD | NP1URIN | NP3GAIT_COMBINED_MAX | NP3PSTBL_COMBINED_MAX | NP3TOT_COMBINED_MAX | SCAU14 | SCAU16 | Years_since_PD_diagnosis,Years_since_PD_diagnosis | Age | MCATOT | FRZGT12M | SCAU14 | SCAU16 | GDS_TOTAL | NQ_GAUSSIAN_REVISION | NP1RTOT | NP1SLPD | NP1URIN | NP3GAIT_COMBINED_MAX | NP3PSTBL_COMBINED_MAX | NHY_COMBINED_MAX | NP3TOT_COMBINED_MAX | NP4TOT | NP1CNST | FOG_FORM_MISSING | NQ_FORM_MISSING | PART_IV_FORM_MISSING | DOPTHERST_Missing | DOPTHERST_No | DOPTHERST_Yes | FEATPOSHYP_No | FEATPOSHYP_Uncertain | FEATPOSHYP_Yes | ANYFAMPD_Missing | ANYFAMPD_No | ANYFAMPD_Yes,0.009872083999653114,0.5193373645754598,0.565954415954416,0.6153846153846154,0.6923076923076923,0.35555555555555557,0.65,0.35555555555555557
42,direct,0,SEL_03,raw__l1__C=0.1,selector_configuration,final_26,l1,C=0.1,logistic,832,208,47,41,22,ANYFAMPD | Age | BMI | DOMSIDE | DOPTHERST | DXBRADY | DXPOSINS | DXTREMOR | FEATPOSHYP | GDS_TOTAL | GROUP_FREEZING_FORM | GROUP_NEUROQOL_FORM | GROUP_PART_IV_FORM | MCATOT | NHY_COMBINED_MAX | NP1CNST | NP1RTOT | NP1URIN | NP3GAIT_COMBINED_MAX | NP3TOT_COMBINED_MAX | SCAU14 | Years_since_PD_diagnosis,Years_since_PD_diagnosis | Age | MCATOT | FRZGT12M | SCAU14 | GDS_TOTAL | NQ_GAUSSIAN_REVISION | NP1RTOT | BMI | NP1URIN | NP3GAIT_COMBINED_MAX | NHY_COMBINED_MAX | NP3TOT_COMBINED_MAX | NP4TOT | NP1CNST | FOG_FORM_MISSING | NQ_FORM_MISSING | PART_IV_FORM_MISSING | DXPOSINS_Missing | DXPOSINS_No | DXPOSINS_Unknown | DXPOSINS_Yes | DOPTHERST_Missing | DOPTHERST_No | DOPTHERST_Yes | FEATPOSHYP_No | FEATPOSHYP_Uncertain | FEATPOSHYP_Yes | ANYFAMPD_Missing | ANYFAMPD_No | ANYFAMPD_Yes | DXTREMOR_No | DXTREMOR_Unknown | DXTREMOR_Yes | DXBRADY_No | DXBRADY_Unknown | DXBRADY_Yes | DOMSIDE_Left | DOMSIDE_Right | DOMSIDE_Symmetric | DOMSIDE_Unknown,0.01731633300005342,0.5338447366749254,0.5826210826210826,0.6201923076923077,0.6923076923076923,0.35555555555555557,0.7,0.35555555555555557
42,direct,0,SEL_04,raw__l1__C=1.0,selector_configuration,final_26,l1,C=1.0,logistic,832,208,47,47,26,ANYFAMPD | Age | BMI | DOMSIDE | DOPTHERST | DXBRADY | DXPOSINS | DXRIGID | DXTREMOR | FEATPOSHYP | GDS_TOTAL | GROUP_FREEZING_FORM | GROUP_NEUROQOL_FORM | GROUP_PART_IV_FORM | MCATOT | NHY_COMBINED_MAX | NP1CNST | NP1RTOT | NP1SLPD | NP1URIN | NP3GAIT_COMBINED_MAX | NP3PSTBL_COMBINED_MAX | NP3TOT_COMBINED_MAX | SCAU14 | SCAU16 | Years_since_PD_diagnosis,Years_since_PD_diagnosis | Age | MCATOT | FRZGT12M | SCAU14 | SCAU16 | GDS_TOTAL | NQ_GAUSSIAN_REVISION | NP1RTOT | BMI | NP1SLPD | NP1URIN | NP3GAIT_COMBINED_MAX | NP3PSTBL_COMBINED_MAX | NHY_COMBINED_MAX | NP3TOT_COMBINED_MAX | NP4TOT | NP1CNST | FOG_FORM_MISSING | NQ_FORM_MISSING | PART_IV_FORM_MISSING | DXPOSINS_Missing | DXPOSINS_No | DXPOSINS_Unknown | DXPOSINS_Yes | DXRIGID_No | DXRIGID_Unknown | DXRIGID_Yes | DOPTHERST_Missing | DOPTHERST_No | DOPTHERST_Yes | FEATPOSHYP_No | FEATPOSHYP_Uncertain | FEATPOSHYP_Yes | ANYFAMPD_Missing | ANYFAMPD_No | ANYFAMPD_Yes | DXTREMOR_No | DXTREMOR_Unknown | DXTREMOR_Yes | DXBRADY_No | DXBRADY_Unknown | DXBRADY_Yes | DOMSIDE_Left | DOMSIDE_Right | DOMSIDE_Symmetric | DOMSIDE_Unknown,0.017335749998892425,0.5031313288674248,0.5357808857808858,0.5913461538461539,0.6573426573426573,0.4,0.55,0.4
42,direct,0,SEL_05,raw__none__all,selector_configuration,final_26,none,all,extra_trees,832,208,47,47,26,ANYFAMPD | Age | BMI | DOMSIDE | DOPTHERST | DXBRADY | DXPOSINS | DXRIGID | DXTREMOR | FEATPOSHYP | GDS_TOTAL | GROUP_FREEZING_FORM | GROUP_NEUROQOL_FORM | GROUP_PART_IV_FORM | MCATOT | NHY_COMBINED_MAX | NP1CNST | NP1RTOT | NP1SLPD | NP1URIN | NP3GAIT_COMBINED_MAX | NP3PSTBL_COMBINED_MAX | NP3TOT_COMBINED_MAX | SCAU14 | SCAU16 | Years_since_PD_diagnosis,Years_since_PD_diagnosis | Age | MCATOT | FRZGT12M | SCAU14 | SCAU16 | GDS_TOTAL | NQ_GAUSSIAN_REVISION | NP1RTOT | BMI | NP1SLPD | NP1URIN | NP3GAIT_COMBINED_MAX | NP3PSTBL_COMBINED_MAX | NHY_COMBINED_MAX | NP3TOT_COMBINED_MAX | NP4TOT | NP1CNST | FOG_FORM_MISSING | NQ_FORM_MISSING | PART_IV_FORM_MISSING | DXPOSINS_Missing | DXPOSINS_No | DXPOSINS_Unknown | DXPOSINS_Yes | DXRIGID_No | DXRIGID_Unknown | DXRIGID_Yes | DOPTHERST_Missing | DOPTHERST_No | DOPTHERST_Yes | FEATPOSHYP_No | FEATPOSHYP_Uncertain | FEATPOSHYP_Yes | ANYFAMPD_Missing | ANYFAMPD_No | ANYFAMPD_Yes | DXTREMOR_No | DXTREMOR_Unknown | DXTREMOR_Yes | DXBRADY_No | DXBRADY_Unknown | DXBRADY_Yes | DOMSIDE_Left | DOMSIDE_Right | DOMSIDE_Symmetric | DOMSIDE_Unknown,0.17956741700254497,0.5334156122200047,0.5887852887852888,0.6538461538461539,0.7552447552447552,0.3111111111111111,0.7,0.3111111111111111
42,direct,0,SEL_06,raw__corrected_fdr__q<=0.05,selector_configuration,final_26,corrected_fdr,q<=0.05,extra_trees,832,208,47,29,20,ANYFAMPD | Age | DOPTHERST | FEATPOSHYP | GDS_TOTAL | GROUP_FREEZING_FORM | GROUP_NEUROQOL_FORM | GROUP_PART_IV_FORM | MCATOT | NHY_COMBINED_MAX | NP1CNST | NP1RTOT | NP1SLPD | NP1URIN | NP3GAIT_COMBINED_MAX | NP3PSTBL_COMBINED_MAX | NP3TOT_COMBINED_MAX | SCAU14 | SCAU16 | Years_since_PD_diagnosis,Years_since_PD_diagnosis | Age | MCATOT | FRZGT12M | SCAU14 | SCAU16 | GDS_TOTAL | NQ_GAUSSIAN_REVISION | NP1RTOT | NP1SLPD | NP1URIN | NP3GAIT_COMBINED_MAX | NP3PSTBL_COMBINED_MAX | NHY_COMBINED_MAX | NP3TOT_COMBINED_MAX | NP4TOT | NP1CNST | FOG_FORM_MISSING | NQ_FORM_MISSING | PART_IV_FORM_MISSING | DOPTHERST_Missing | DOPTHERST_No | DOPTHERST_Yes | FEATPOSHYP_No | FEATPOSHYP_Uncertain | FEATPOSHYP_Yes | ANYFAMPD_Missing | ANYFAMPD_No | ANYFAMPD_Yes,0.10961133300224901,0.5338300296195033,0.5975653975653975,0.6442307692307693,0.7482517482517482,0.24444444444444444,0.8,0.24444444444444444
42,direct,0,SEL_07,raw__extra_trees__threshold=median,selector_configuration,final_26,extra_trees,threshold=median,extra_trees,832,208,47,22,13,ANYFAMPD | DOPTHERST | FEATPOSHYP | GDS_TOTAL | GROUP_FREEZING_FORM | GROUP_NEUROQOL_FORM | GROUP_PART_IV_FORM | NHY_COMBINED_MAX | NP1CNST | NP1RTOT | NP3GAIT_COMBINED_MAX | NP3PSTBL_COMBINED_MAX | Years_since_PD_diagnosis,Years_since_PD_diagnosis | FRZGT12M | GDS_TOTAL | NQ_GAUSSIAN_REVISION | NP1RTOT | NP3GAIT_COMBINED_MAX | NP3PSTBL_COMBINED_MAX | NHY_COMBINED_MAX | NP4TOT | NP1CNST | FOG_FORM_MISSING | NQ_FORM_MISSING | PART_IV_FORM_MISSING | DOPTHERST_Missing | DOPTHERST_No | DOPTHERST_Yes | FEATPOSHYP_No | FEATPOSHYP_Uncertain | FEATPOSHYP_Yes | ANYFAMPD_Missing | ANYFAMPD_No | ANYFAMPD_Yes,0.06752483300078893,0.5296451914098973,0.5933825433825434,0.6442307692307693,0.7412587412587412,0.28888888888888886,0.75,0.28888888888888886
42,direct,0,SEL_08,raw__extra_trees__threshold=1.25*median,selector_configuration,final_26,extra_trees,threshold=1.25*median,extra_trees,832,208,47,19,10,ANYFAMPD | DOPTHERST | FEATPOSHYP | GROUP_FREEZING_FORM | GROUP_NEUROQOL_FORM | GROUP_PART_IV_FORM | NHY_COMBINED_MAX | NP3GAIT_COMBINED_MAX | NP3PSTBL_COMBINED_MAX | Years_since_PD_diagnosis,Years_since_PD_diagnosis | FRZGT12M | NQ_GAUSSIAN_REVISION | NP3GAIT_COMBINED_MAX | NP3PSTBL_COMBINED_MAX | NHY_COMBINED_MAX | NP4TOT | FOG_FORM_MISSING | NQ_FORM_MISSING | PART_IV_FORM_MISSING | DOPTHERST_Missing | DOPTHERST_No | DOPTHERST_Yes | FEATPOSHYP_No | FEATPOSHYP_Uncertain | FEATPOSHYP_Yes | ANYFAMPD_Missing | ANYFAMPD_No | ANYFAMPD_Yes,0.07411537500229315,0.48299390191269725,0.5443408443408443,0.625,0.7552447552447552,0.17777777777777778,0.7,0.17777777777777778
42,direct,1,SEL_01,raw__none__all,selector_configuration,final_26,none,all,logistic,832,208,47,47,26,ANYFAMPD | Age | BMI | DOMSIDE | DOPTHERST | DXBRADY | DXPOSINS | DXRIGID | DXTREMOR | FEATPOSHYP | GDS_TOTAL | GROUP_FREEZING_FORM | GROUP_NEUROQOL_FORM | GROUP_PART_IV_FORM | MCATOT | NHY_COMBINED_MAX | NP1CNST | NP1RTOT | NP1SLPD | NP1URIN | NP3GAIT_COMBINED_MAX | NP3PSTBL_COMBINED_MAX | NP3TOT_COMBINED_MAX | SCAU14 | SCAU16 | Years_since_PD_diagnosis,Years_since_PD_diagnosis | Age | MCATOT | FRZGT12M | SCAU14 | SCAU16 | GDS_TOTAL | NQ_GAUSSIAN_REVISION | NP1RTOT | BMI | NP1SLPD | NP1URIN | NP3GAIT_COMBINED_MAX | NP3PSTBL_COMBINED_MAX | NHY_COMBINED_MAX | NP3TOT_COMBINED_MAX | NP4TOT | NP1CNST | FOG_FORM_MISSING | NQ_FORM_MISSING | PART_IV_FORM_MISSING | DXPOSINS_Missing | DXPOSINS_No | DXPOSINS_Unknown | DXPOSINS_Yes | DXRIGID_No | DXRIGID_Unknown | DXRIGID_Yes | DOPTHERST_Missing | DOPTHERST_No | DOPTHERST_Yes | FEATPOSHYP_No | FEATPOSHYP_Uncertain | FEATPOSHYP_Yes | ANYFAMPD_Missing | ANYFAMPD_No | ANYFAMPD_Yes | DXTREMOR_No | DXTREMOR_Unknown | DXTREMOR_Yes | DXBRADY_No | DXBRADY_Unknown | DXBRADY_Yes | DOMSIDE_Left | DOMSIDE_Right | DOMSIDE_Symmetric | DOMSIDE_Unknown,0.07784191600148915,0.461040369303219,0.5005309505309505,0.5673076923076923,0.6293706293706294,0.4222222222222222,0.45,0.4222222222222222
42,direct,1,SEL_02,raw__corrected_fdr__q<=0.05,selector_configuration,final_26,corrected_fdr,q<=0.05,logistic,832,208,47,29,20,ANYFAMPD | Age | DOPTHERST | FEATPOSHYP | GDS_TOTAL | GROUP_FREEZING_FORM | GROUP_NEUROQOL_FORM | GROUP_PART_IV_FORM | MCATOT | NHY_COMBINED_MAX | NP1CNST | NP1RTOT | NP1SLPD | NP1URIN | NP3GAIT_COMBINED_MAX | NP3PSTBL_COMBINED_MAX | NP3TOT_COMBINED_MAX | SCAU14 | SCAU16 | Years_since_PD_diagnosis,Years_since_PD_diagnosis | Age | MCATOT | FRZGT12M | SCAU14 | SCAU16 | GDS_TOTAL | NQ_GAUSSIAN_REVISION | NP1RTOT | NP1SLPD | NP1URIN | NP3GAIT_COMBINED_MAX | NP3PSTBL_COMBINED_MAX | NHY_COMBINED_MAX | NP3TOT_COMBINED_MAX | NP4TOT | NP1CNST | FOG_FORM_MISSING | NQ_FORM_MISSING | PART_IV_FORM_MISSING | DOPTHERST_Missing | DOPTHERST_No | DOPTHERST_Yes | FEATPOSHYP_No | FEATPOSHYP_Uncertain | FEATPOSHYP_Yes | ANYFAMPD_Missing | ANYFAMPD_No | ANYFAMPD_Yes,0.19737137500123936,0.4919998184121796,0.5444962444962446,0.5865384615384616,0.6223776223776224,0.5111111111111111,0.5,0.5111111111111111
42,direct,1,SEL_03,raw__l1__C=0.1,selector_configuration,final_26,l1,C=0.1,logistic,832,208,47,40,23,ANYFAMPD | Age | BMI | DOMSIDE | DOPTHERST | DXBRADY | DXPOSINS | DXTREMOR | GDS_TOTAL | GROUP_FREEZING_FORM | GROUP_NEUROQOL_FORM | GROUP_PART_IV_FORM | MCATOT | NHY_COMBINED_MAX | NP1CNST | NP1RTOT | NP1URIN | NP3GAIT_COMBINED_MAX | NP3PSTBL_COMBINED_MAX | NP3TOT_COMBINED_MAX | SCAU14 | SCAU16 | Years_since_PD_diagnosis,Years_since_PD_diagnosis | Age | MCATOT | FRZGT12M | SCAU14 | SCAU16 | GDS_TOTAL | NQ_GAUSSIAN_REVISION | NP1RTOT | BMI | NP1URIN | NP3GAIT_COMBINED_MAX | NP3PSTBL_COMBINED_MAX | NHY_COMBINED_MAX | NP3TOT_COMBINED_MAX | NP4TOT | NP1CNST | FOG_FORM_MISSING | NQ_FORM_MISSING | PART_IV_FORM_MISSING | DXPOSINS_Missing | DXPOSINS_No | DXPOSINS_Unknown | DXPOSINS_Yes | DOPTHERST_Missing | DOPTHERST_No | DOPTHERST_Yes | ANYFAMPD_Missing | ANYFAMPD_No | ANYFAMPD_Yes | DXTREMOR_No | DXTREMOR_Unknown | DXTREMOR_Yes | DXBRADY_No | DXBRADY_Unknown | DXBRADY_Yes | DOMSIDE_Left | DOMSIDE_Right | DOMSIDE_Symmetric | DOMSIDE_Unknown,0.17676558300081524,0.4631229608928093,0.5056073556073556,0.5673076923076923,0.6223776223776224,0.4444444444444444,0.45,0.4444444444444444
42,direct,1,SEL_04,raw__l1__C=1.0,selector_configuration,final_26,l1,C=1.0,logistic,832,208,47,47,26,ANYFAMPD | Age | BMI | DOMSIDE | DOPTHERST | DXBRADY | DXPOSINS | DXRIGID | DXTREMOR | FEATPOSHYP | GDS_TOTAL | GROUP_FREEZING_FORM | GROUP_NEUROQOL_FORM | GROUP_PART_IV_FORM | MCATOT | NHY_COMBINED_MAX | NP1CNST | NP1RTOT | NP1SLPD | NP1URIN | NP3GAIT_COMBINED_MAX | NP3PSTBL_COMBINED_MAX | NP3TOT_COMBINED_MAX | SCAU14 | SCAU16 | Years_since_PD_diagnosis,Years_since_PD_diagnosis | Age | MCATOT | FRZGT12M | SCAU14 | SCAU16 | GDS_TOTAL | NQ_GAUSSIAN_REVISION | NP1RTOT | BMI | NP1SLPD | NP1URIN | NP3GAIT_COMBINED_MAX | NP3PSTBL_COMBINED_MAX | NHY_COMBINED_MAX | NP3TOT_COMBINED_MAX | NP4TOT | NP1CNST | FOG_FORM_MISSING | NQ_FORM_MISSING | PART_IV_FORM_MISSING | DXPOSINS_Missing | DXPOSINS_No | DXPOSINS_Unknown | DXPOSINS_Yes | DXRIGID_No | DXRIGID_Unknown | DXRIGID_Yes | DOPTHERST_Missing | DOPTHERST_No | DOPTHERST_Yes | FEATPOSHYP_No | FEATPOSHYP_Uncertain | FEATPOSHYP_Yes | ANYFAMPD_Missing | ANYFAMPD_No | ANYFAMPD_Yes | DXTREMOR_No | DXTREMOR_Unknown | DXTREMOR_Yes | DXBRADY_No | DXBRADY_Unknown | DXBRADY_Yes | DOMSIDE_Left | DOMSIDE_Right | DOMSIDE_Symmetric | DOMSIDE_Unknown,0.273546249998617,0.461040369303219,0.5005309505309505,0.5673076923076923,0.6293706293706294,0.4222222222222222,0.45,0.4222222222222222
42,direct,1,SEL_05,raw__none__all,selector_configuration,final_26,none,all,extra_trees,832,208,47,47,26,ANYFAMPD | Age | BMI | DOMSIDE | DOPTHERST | DXBRADY | DXPOSINS | DXRIGID | DXTREMOR | FEATPOSHYP | GDS_TOTAL | GROUP_FREEZING_FORM | GROUP_NEUROQOL_FORM | GROUP_PART_IV_FORM | MCATOT | NHY_COMBINED_MAX | NP1CNST | NP1RTOT | NP1SLPD | NP1URIN | NP3GAIT_COMBINED_MAX | NP3PSTBL_COMBINED_MAX | NP3TOT_COMBINED_MAX | SCAU14 | SCAU16 | Years_since_PD_diagnosis,Years_since_PD_diagnosis | Age | MCATOT | FRZGT12M | SCAU14 | SCAU16 | GDS_TOTAL | NQ_GAUSSIAN_REVISION | NP1RTOT | BMI | NP1SLPD | NP1URIN | NP3GAIT_COMBINED_MAX | NP3PSTBL_COMBINED_MAX | NHY_COMBINED_MAX | NP3TOT_COMBINED_MAX | NP4TOT | NP1CNST | FOG_FORM_MISSING | NQ_FORM_MISSING | PART_IV_FORM_MISSING | DXPOSINS_Missing | DXPOSINS_No | DXPOSINS_Unknown | DXPOSINS_Yes | DXRIGID_No | DXRIGID_Unknown | DXRIGID_Yes | DOPTHERST_Missing | DOPTHERST_No | DOPTHERST_Yes | FEATPOSHYP_No | FEATPOSHYP_Uncertain | FEATPOSHYP_Yes | ANYFAMPD_Missing | ANYFAMPD_No | ANYFAMPD_Yes | DXTREMOR_No | DXTREMOR_Unknown | DXTREMOR_Yes | DXBRADY_No | DXBRADY_Unknown | DXBRADY_Yes | DOMSIDE_Left | DOMSIDE_Right | DOMSIDE_Symmetric | DOMSIDE_Unknown,0.1588859160001448,0.5245421245421246,0.5923594923594923,0.6298076923076923,0.6993006993006993,0.37777777777777777,0.7,0.37777777777777777
42,direct,1,SEL_06,raw__corrected_fdr__q<=0.05,selector_configuration,final_26,corrected_fdr,q<=0.05,extra_trees,832,208,47,29,20,ANYFAMPD | Age | DOPTHERST | FEATPOSHYP | GDS_TOTAL | GROUP_FREEZING_FORM | GROUP_NEUROQOL_FORM | GROUP_PART_IV_FORM | MCATOT | NHY_COMBINED_MAX | NP1CNST | NP1RTOT | NP1SLPD | NP1URIN | NP3GAIT_COMBINED_MAX | NP3PSTBL_COMBINED_MAX | NP3TOT_COMBINED_MAX | SCAU14 | SCAU16 | Years_since_PD_diagnosis,Years_since_PD_diagnosis | Age | MCATOT | FRZGT12M | SCAU14 | SCAU16 | GDS_TOTAL | NQ_GAUSSIAN_REVISION | NP1RTOT | NP1SLPD | NP1URIN | NP3GAIT_COMBINED_MAX | NP3PSTBL_COMBINED_MAX | NHY_COMBINED_MAX | NP3TOT_COMBINED_MAX | NP4TOT | NP1CNST | FOG_FORM_MISSING | NQ_FORM_MISSING | PART_IV_FORM_MISSING | DOPTHERST_Missing | DOPTHERST_No | DOPTHERST_Yes | FEATPOSHYP_No | FEATPOSHYP_Uncertain | FEATPOSHYP_Yes | ANYFAMPD_Missing | ANYFAMPD_No | ANYFAMPD_Yes,0.12597137500051758,0.5099546044098573,0.5668479668479668,0.6153846153846154,0.6783216783216783,0.4222222222222222,0.6,0.4222222222222222
42,direct,1,SEL_07,raw__extra_trees__threshold=median,selector_configuration,final_26,extra_trees,threshold=median,extra_trees,832,208,47,21,13,ANYFAMPD | DOMSIDE | GROUP_FREEZING_FORM | GROUP_NEUROQOL_FORM | GROUP_PART_IV_FORM | NHY_COMBINED_MAX | NP1CNST | NP1RTOT | NP1URIN | NP3GAIT_COMBINED_MAX | NP3PSTBL_COMBINED_MAX | SCAU14 | Years_since_PD_diagnosis,Years_since_PD_diagnosis | FRZGT12M | SCAU14 | NQ_GAUSSIAN_REVISION | NP1RTOT | NP1URIN | NP3GAIT_COMBINED_MAX | NP3PSTBL_COMBINED_MAX | NHY_COMBINED_MAX | NP4TOT | NP1CNST | FOG_FORM_MISSING | NQ_FORM_MISSING | PART_IV_FORM_MISSING | ANYFAMPD_Missing | ANYFAMPD_No | ANYFAMPD_Yes | DOMSIDE_Left | DOMSIDE_Right | DOMSIDE_Symmetric | DOMSIDE_Unknown,0.07138583299820311,0.5139804639804639,0.5723387723387723,0.6057692307692307,0.6503496503496503,0.4666666666666667,0.6,0.4666666666666667
42,direct,1,SEL_08,raw__extra_trees__threshold=1.25*median,selector_configuration,final_26,extra_trees,threshold=1.25*median,extra_trees,832,208,47,13,10,GROUP_FREEZING_FORM | GROUP_NEUROQOL_FORM | GROUP_PART_IV_FORM | NHY_COMBINED_MAX | NP1CNST | NP1RTOT | NP1URIN | NP3GAIT_COMBINED_MAX | NP3PSTBL_COMBINED_MAX | Years_since_PD_diagnosis,Years_since_PD_diagnosis | FRZGT12M | NQ_GAUSSIAN_REVISION | NP1RTOT | NP1URIN | NP3GAIT_COMBINED_MAX | NP3PSTBL_COMBINED_MAX | NHY_COMBINED_MAX | NP4TOT | NP1CNST | FOG_FORM_MISSING | NQ_FORM_MISSING | PART_IV_FORM_MISSING,0.07402362499851733,0.48926687140719743,0.5574592074592074,0.5769230769230769,0.6223776223776224,0.4,0.65,0.4
42,direct,2,SEL_01,raw__none__all,selector_configuration,final_26,none,all,logistic,832,208,47,47,26,ANYFAMPD | Age | BMI | DOMSIDE | DOPTHERST | DXBRADY | DXPOSINS | DXRIGID | DXTREMOR | FEATPOSHYP | GDS_TOTAL | GROUP_FREEZING_FORM | GROUP_NEUROQOL_FORM | GROUP_PART_IV_FORM | MCATOT | NHY_COMBINED_MAX | NP1CNST | NP1RTOT | NP1SLPD | NP1URIN | NP3GAIT_COMBINED_MAX | NP3PSTBL_COMBINED_MAX | NP3TOT_COMBINED_MAX | SCAU14 | SCAU16 | Years_since_PD_diagnosis,Years_since_PD_diagnosis | Age | MCATOT | FRZGT12M | SCAU14 | SCAU16 | GDS_TOTAL | NQ_GAUSSIAN_REVISION | NP1RTOT | BMI | NP1SLPD | NP1URIN | NP3GAIT_COMBINED_MAX | NP3PSTBL_COMBINED_MAX | NHY_COMBINED_MAX | NP3TOT_COMBINED_MAX | NP4TOT | NP1CNST | FOG_FORM_MISSING | NQ_FORM_MISSING | PART_IV_FORM_MISSING | DXPOSINS_Missing | DXPOSINS_No | DXPOSINS_Unknown | DXPOSINS_Yes | DXRIGID_No | DXRIGID_Unknown | DXRIGID_Yes | DOPTHERST_Missing | DOPTHERST_No | DOPTHERST_Yes | FEATPOSHYP_No | FEATPOSHYP_Uncertain | FEATPOSHYP_Yes | ANYFAMPD_Missing | ANYFAMPD_No | ANYFAMPD_Yes | DXTREMOR_No | DXTREMOR_Unknown | DXTREMOR_Yes | DXBRADY_No | DXBRADY_Unknown | DXBRADY_Yes | DOMSIDE_Left | DOMSIDE_Right | DOMSIDE_Symmetric | DOMSIDE_Unknown,0.10082587500073714,0.5355533483193058,0.5602056785155377,0.625,0.6901408450704225,0.4666666666666667,0.5238095238095238,0.4666666666666667
42,direct,2,SEL_02,raw__corrected_fdr__q<=0.05,selector_configuration,final_26,corrected_fdr,q<=0.05,logistic,832,208,47,29,20,ANYFAMPD | Age | DOPTHERST | FEATPOSHYP | GDS_TOTAL | GROUP_FREEZING_FORM | GROUP_NEUROQOL_FORM | GROUP_PART_IV_FORM | MCATOT | NHY_COMBINED_MAX | NP1CNST | NP1RTOT | NP1SLPD | NP1URIN | NP3GAIT_COMBINED_MAX | NP3PSTBL_COMBINED_MAX | NP3TOT_COMBINED_MAX | SCAU14 | SCAU16 | Years_since_PD_diagnosis,Years_since_PD_diagnosis | Age | MCATOT | FRZGT12M | SCAU14 | SCAU16 | GDS_TOTAL | NQ_GAUSSIAN_REVISION | NP1RTOT | NP1SLPD | NP1URIN | NP3GAIT_COMBINED_MAX | NP3PSTBL_COMBINED_MAX | NHY_COMBINED_MAX | NP3TOT_COMBINED_MAX | NP4TOT | NP1CNST | FOG_FORM_MISSING | NQ_FORM_MISSING | PART_IV_FORM_MISSING | DOPTHERST_Missing | DOPTHERST_No | DOPTHERST_Yes | FEATPOSHYP_No | FEATPOSHYP_Uncertain | FEATPOSHYP_Yes | ANYFAMPD_Missing | ANYFAMPD_No | ANYFAMPD_Yes,0.010492125002201647,0.4870719776380154,0.5001192339220508,0.6057692307692307,0.6971830985915493,0.4222222222222222,0.38095238095238093,0.4222222222222222
42,direct,2,SEL_03,raw__l1__C=0.1,selector_configuration,final_26,l1,C=0.1,logistic,832,208,47,33,21,ANYFAMPD | Age | BMI | DOPTHERST | DXPOSINS | FEATPOSHYP | GDS_TOTAL | GROUP_FREEZING_FORM | GROUP_NEUROQOL_FORM | GROUP_PART_IV_FORM | MCATOT | NHY_COMBINED_MAX | NP1CNST | NP1RTOT | NP1URIN | NP3GAIT_COMBINED_MAX | NP3PSTBL_COMBINED_MAX | NP3TOT_COMBINED_MAX | SCAU14 | SCAU16 | Years_since_PD_diagnosis,Years_since_PD_diagnosis | Age | MCATOT | FRZGT12M | SCAU14 | SCAU16 | GDS_TOTAL | NQ_GAUSSIAN_REVISION | NP1RTOT | BMI | NP1URIN | NP3GAIT_COMBINED_MAX | NP3PSTBL_COMBINED_MAX | NHY_COMBINED_MAX | NP3TOT_COMBINED_MAX | NP4TOT | NP1CNST | FOG_FORM_MISSING | NQ_FORM_MISSING | PART_IV_FORM_MISSING | DXPOSINS_Missing | DXPOSINS_No | DXPOSINS_Unknown | DXPOSINS_Yes | DOPTHERST_Missing | DOPTHERST_No | DOPTHERST_Yes | FEATPOSHYP_No | FEATPOSHYP_Uncertain | FEATPOSHYP_Yes | ANYFAMPD_Missing | ANYFAMPD_No | ANYFAMPD_Yes,0.09175554199828184,0.5440210140784382,0.5649005141962888,0.6346153846153846,0.704225352112676,0.4666666666666667,0.5238095238095238,0.4666666666666667
42,direct,2,SEL_04,raw__l1__C=1.0,selector_configuration,final_26,l1,C=1.0,logistic,832,208,47,47,26,ANYFAMPD | Age | BMI | DOMSIDE | DOPTHERST | DXBRADY | DXPOSINS | DXRIGID | DXTREMOR | FEATPOSHYP | GDS_TOTAL | GROUP_FREEZING_FORM | GROUP_NEUROQOL_FORM | GROUP_PART_IV_FORM | MCATOT | NHY_COMBINED_MAX | NP1CNST | NP1RTOT | NP1SLPD | NP1URIN | NP3GAIT_COMBINED_MAX | NP3PSTBL_COMBINED_MAX | NP3TOT_COMBINED_MAX | SCAU14 | SCAU16 | Years_since_PD_diagnosis,Years_since_PD_diagnosis | Age | MCATOT | FRZGT12M | SCAU14 | SCAU16 | GDS_TOTAL | NQ_GAUSSIAN_REVISION | NP1RTOT | BMI | NP1SLPD | NP1URIN | NP3GAIT_COMBINED_MAX | NP3PSTBL_COMBINED_MAX | NHY_COMBINED_MAX | NP3TOT_COMBINED_MAX | NP4TOT | NP1CNST | FOG_FORM_MISSING | NQ_FORM_MISSING | PART_IV_FORM_MISSING | DXPOSINS_Missing | DXPOSINS_No | DXPOSINS_Unknown | DXPOSINS_Yes | DXRIGID_No | DXRIGID_Unknown | DXRIGID_Yes | DOPTHERST_Missing | DOPTHERST_No | DOPTHERST_Yes | FEATPOSHYP_No | FEATPOSHYP_Uncertain | FEATPOSHYP_Yes | ANYFAMPD_Missing | ANYFAMPD_No | ANYFAMPD_Yes | DXTREMOR_No | DXTREMOR_Unknown | DXTREMOR_Yes | DXBRADY_No | DXBRADY_Unknown | DXBRADY_Yes | DOMSIDE_Left | DOMSIDE_Right | DOMSIDE_Symmetric | DOMSIDE_Unknown,0.23324008400231833,0.5355533483193058,0.5602056785155377,0.625,0.6901408450704225,0.4666666666666667,0.5238095238095238,0.4666666666666667
42,direct,2,SEL_05,raw__none__all,selector_configuration,final_26,none,all,extra_trees,832,208,47,47,26,ANYFAMPD | Age | BMI | DOMSIDE | DOPTHERST | DXBRADY | DXPOSINS | DXRIGID | DXTREMOR | FEATPOSHYP | GDS_TOTAL | GROUP_FREEZING_FORM | GROUP_NEUROQOL_FORM | GROUP_PART_IV_FORM | MCATOT | NHY_COMBINED_MAX | NP1CNST | NP1RTOT | NP1SLPD | NP1URIN | NP3GAIT_COMBINED_MAX | NP3PSTBL_COMBINED_MAX | NP3TOT_COMBINED_MAX | SCAU14 | SCAU16 | Years_since_PD_diagnosis,Years_since_PD_diagnosis | Age | MCATOT | FRZGT12M | SCAU14 | SCAU16 | GDS_TOTAL | NQ_GAUSSIAN_REVISION | NP1RTOT | BMI | NP1SLPD | NP1URIN | NP3GAIT_COMBINED_MAX | NP3PSTBL_COMBINED_MAX | NHY_COMBINED_MAX | NP3TOT_COMBINED_MAX | NP4TOT | NP1CNST | FOG_FORM_MISSING | NQ_FORM_MISSING | PART_IV_FORM_MISSING | DXPOSINS_Missing | DXPOSINS_No | DXPOSINS_Unknown | DXPOSINS_Yes | DXRIGID_No | DXRIGID_Unknown | DXRIGID_Yes | DOPTHERST_Missing | DOPTHERST_No | DOPTHERST_Yes | FEATPOSHYP_No | FEATPOSHYP_Uncertain | FEATPOSHYP_Yes | ANYFAMPD_Missing | ANYFAMPD_No | ANYFAMPD_Yes | DXTREMOR_No | DXTREMOR_Unknown | DXTREMOR_Yes | DXBRADY_No | DXBRADY_Unknown | DXBRADY_Yes | DOMSIDE_Left | DOMSIDE_Right | DOMSIDE_Symmetric | DOMSIDE_Unknown,0.17291900000054738,0.5412965431628544,0.5899321857068336,0.6442307692307693,0.7253521126760564,0.37777777777777777,0.6666666666666666,0.37777777777777777
42,direct,2,SEL_06,raw__corrected_fdr__q<=0.05,selector_configuration,final_26,corrected_fdr,q<=0.05,extra_trees,832,208,47,29,20,ANYFAMPD | Age | DOPTHERST | FEATPOSHYP | GDS_TOTAL | GROUP_FREEZING_FORM | GROUP_NEUROQOL_FORM | GROUP_PART_IV_FORM | MCATOT | NHY_COMBINED_MAX | NP1CNST | NP1RTOT | NP1SLPD | NP1URIN | NP3GAIT_COMBINED_MAX | NP3PSTBL_COMBINED_MAX | NP3TOT_COMBINED_MAX | SCAU14 | SCAU16 | Years_since_PD_diagnosis,Years_since_PD_diagnosis | Age | MCATOT | FRZGT12M | SCAU14 | SCAU16 | GDS_TOTAL | NQ_GAUSSIAN_REVISION | NP1RTOT | NP1SLPD | NP1URIN | NP3GAIT_COMBINED_MAX | NP3PSTBL_COMBINED_MAX | NHY_COMBINED_MAX | NP3TOT_COMBINED_MAX | NP4TOT | NP1CNST | FOG_FORM_MISSING | NQ_FORM_MISSING | PART_IV_FORM_MISSING | DOPTHERST_Missing | DOPTHERST_No | DOPTHERST_Yes | FEATPOSHYP_No | FEATPOSHYP_Uncertain | FEATPOSHYP_Yes | ANYFAMPD_Missing | ANYFAMPD_No | ANYFAMPD_Yes,0.11272104200179456,0.5432121138898957,0.587584767866458,0.6394230769230769,0.7183098591549296,0.37777777777777777,0.6666666666666666,0.37777777777777777
42,direct,2,SEL_07,raw__extra_trees__threshold=median,selector_configuration,final_26,extra_trees,threshold=median,extra_trees,832,208,47,20,13,ANYFAMPD | DOPTHERST | GROUP_FREEZING_FORM | GROUP_NEUROQOL_FORM | GROUP_PART_IV_FORM | NHY_COMBINED_MAX | NP1CNST | NP1RTOT | NP1URIN | NP3GAIT_COMBINED_MAX | NP3PSTBL_COMBINED_MAX | NP3TOT_COMBINED_MAX | Years_since_PD_diagnosis,Years_since_PD_diagnosis | FRZGT12M | NQ_GAUSSIAN_REVISION | NP1RTOT | NP1URIN | NP3GAIT_COMBINED_MAX | NP3PSTBL_COMBINED_MAX | NHY_COMBINED_MAX | NP3TOT_COMBINED_MAX | NP4TOT | NP1CNST | FOG_FORM_MISSING | NQ_FORM_MISSING | PART_IV_FORM_MISSING | DOPTHERST_Missing | DOPTHERST_No | DOPTHERST_Yes | ANYFAMPD_Missing | ANYFAMPD_No | ANYFAMPD_Yes,0.07145779200072866,0.5055423145310786,0.5606677099634846,0.6153846153846154,0.704225352112676,0.3111111111111111,0.6666666666666666,0.3111111111111111
42,direct,2,SEL_08,raw__extra_trees__threshold=1.25*median,selector_configuration,final_26,extra_trees,threshold=1.25*median,extra_trees,832,208,47,14,9,ANYFAMPD | GROUP_FREEZING_FORM | GROUP_NEUROQOL_FORM | GROUP_PART_IV_FORM | NHY_COMBINED_MAX | NP1RTOT | NP3GAIT_COMBINED_MAX | NP3PSTBL_COMBINED_MAX | Years_since_PD_diagnosis,Years_since_PD_diagnosis | FRZGT12M | NQ_GAUSSIAN_REVISION | NP1RTOT | NP3GAIT_COMBINED_MAX | NP3PSTBL_COMBINED_MAX | NHY_COMBINED_MAX | NP4TOT | FOG_FORM_MISSING | NQ_FORM_MISSING | PART_IV_FORM_MISSING | ANYFAMPD_Missing | ANYFAMPD_No | ANYFAMPD_Yes,0.06868549999853713,0.5050201395028981,0.5633802816901409,0.6105769230769231,0.6901408450704225,0.3333333333333333,0.6666666666666666,0.3333333333333333
42,direct,3,SEL_01,raw__none__all,selector_configuration,final_26,none,all,logistic,832,208,47,47,26,ANYFAMPD | Age | BMI | DOMSIDE | DOPTHERST | DXBRADY | DXPOSINS | DXRIGID | DXTREMOR | FEATPOSHYP | GDS_TOTAL | GROUP_FREEZING_FORM | GROUP_NEUROQOL_FORM | GROUP_PART_IV_FORM | MCATOT | NHY_COMBINED_MAX | NP1CNST | NP1RTOT | NP1SLPD | NP1URIN | NP3GAIT_COMBINED_MAX | NP3PSTBL_COMBINED_MAX | NP3TOT_COMBINED_MAX | SCAU14 | SCAU16 | Years_since_PD_diagnosis,Years_since_PD_diagnosis | Age | MCATOT | FRZGT12M | SCAU14 | SCAU16 | GDS_TOTAL | NQ_GAUSSIAN_REVISION | NP1RTOT | BMI | NP1SLPD | NP1URIN | NP3GAIT_COMBINED_MAX | NP3PSTBL_COMBINED_MAX | NHY_COMBINED_MAX | NP3TOT_COMBINED_MAX | NP4TOT | NP1CNST | FOG_FORM_MISSING | NQ_FORM_MISSING | PART_IV_FORM_MISSING | DXPOSINS_Missing | DXPOSINS_No | DXPOSINS_Unknown | DXPOSINS_Yes | DXRIGID_No | DXRIGID_Unknown | DXRIGID_Yes | DOPTHERST_Missing | DOPTHERST_No | DOPTHERST_Yes | FEATPOSHYP_No | FEATPOSHYP_Uncertain | FEATPOSHYP_Yes | ANYFAMPD_Missing | ANYFAMPD_No | ANYFAMPD_Yes | DXTREMOR_No | DXTREMOR_Unknown | DXTREMOR_Yes | DXBRADY_No | DXBRADY_Unknown | DXBRADY_Yes | DOMSIDE_Left | DOMSIDE_Right | DOMSIDE_Symmetric | DOMSIDE_Unknown,0.07822645900159841,0.4869497627229586,0.5412941416615635,0.5961538461538461,0.676056338028169,0.34782608695652173,0.6,0.34782608695652173
42,direct,3,SEL_02,raw__corrected_fdr__q<=0.05,selector_configuration,final_26,corrected_fdr,q<=0.05,logistic,832,208,47,29,20,ANYFAMPD | Age | DOPTHERST | DXBRADY | GDS_TOTAL | GROUP_FREEZING_FORM | GROUP_NEUROQOL_FORM | GROUP_PART_IV_FORM | MCATOT | NHY_COMBINED_MAX | NP1CNST | NP1RTOT | NP1SLPD | NP1URIN | NP3GAIT_COMBINED_MAX | NP3PSTBL_COMBINED_MAX | NP3TOT_COMBINED_MAX | SCAU14 | SCAU16 | Years_since_PD_diagnosis,Years_since_PD_diagnosis | Age | MCATOT | FRZGT12M | SCAU14 | SCAU16 | GDS_TOTAL | NQ_GAUSSIAN_REVISION | NP1RTOT | NP1SLPD | NP1URIN | NP3GAIT_COMBINED_MAX | NP3PSTBL_COMBINED_MAX | NHY_COMBINED_MAX | NP3TOT_COMBINED_MAX | NP4TOT | NP1CNST | FOG_FORM_MISSING | NQ_FORM_MISSING | PART_IV_FORM_MISSING | DOPTHERST_Missing | DOPTHERST_No | DOPTHERST_Yes | ANYFAMPD_Missing | ANYFAMPD_No | ANYFAMPD_Yes | DXBRADY_No | DXBRADY_Unknown | DXBRADY_Yes,0.13237529099933454,0.5226629937933259,0.5773525209226373,0.6105769230769231,0.6690140845070423,0.41304347826086957,0.65,0.41304347826086957
42,direct,3,SEL_03,raw__l1__C=0.1,selector_configuration,final_26,l1,C=0.1,logistic,832,208,47,43,24,ANYFAMPD | Age | BMI | DOMSIDE | DOPTHERST | DXBRADY | DXPOSINS | DXTREMOR | FEATPOSHYP | GROUP_FREEZING_FORM | GROUP_NEUROQOL_FORM | GROUP_PART_IV_FORM | MCATOT | NHY_COMBINED_MAX | NP1CNST | NP1RTOT | NP1SLPD | NP1URIN | NP3GAIT_COMBINED_MAX | NP3PSTBL_COMBINED_MAX | NP3TOT_COMBINED_MAX | SCAU14 | SCAU16 | Years_since_PD_diagnosis,Years_since_PD_diagnosis | Age | MCATOT | FRZGT12M | SCAU14 | SCAU16 | NQ_GAUSSIAN_REVISION | NP1RTOT | BMI | NP1SLPD | NP1URIN | NP3GAIT_COMBINED_MAX | NP3PSTBL_COMBINED_MAX | NHY_COMBINED_MAX | NP3TOT_COMBINED_MAX | NP4TOT | NP1CNST | FOG_FORM_MISSING | NQ_FORM_MISSING | PART_IV_FORM_MISSING | DXPOSINS_Missing | DXPOSINS_No | DXPOSINS_Unknown | DXPOSINS_Yes | DOPTHERST_Missing | DOPTHERST_No | DOPTHERST_Yes | FEATPOSHYP_No | FEATPOSHYP_Uncertain | FEATPOSHYP_Yes | ANYFAMPD_Missing | ANYFAMPD_No | ANYFAMPD_Yes | DXTREMOR_No | DXTREMOR_Unknown | DXTREMOR_Yes | DXBRADY_No | DXBRADY_Unknown | DXBRADY_Yes | DOMSIDE_Left | DOMSIDE_Right | DOMSIDE_Symmetric | DOMSIDE_Unknown,0.10160304100281792,0.4881933605337861,0.5410900183710962,0.6057692307692307,0.6971830985915493,0.32608695652173914,0.6,0.32608695652173914
42,direct,3,SEL_04,raw__l1__C=1.0,selector_configuration,final_26,l1,C=1.0,logistic,832,208,47,47,26,ANYFAMPD | Age | BMI | DOMSIDE | DOPTHERST | DXBRADY | DXPOSINS | DXRIGID | DXTREMOR | FEATPOSHYP | GDS_TOTAL | GROUP_FREEZING_FORM | GROUP_NEUROQOL_FORM | GROUP_PART_IV_FORM | MCATOT | NHY_COMBINED_MAX | NP1CNST | NP1RTOT | NP1SLPD | NP1URIN | NP3GAIT_COMBINED_MAX | NP3PSTBL_COMBINED_MAX | NP3TOT_COMBINED_MAX | SCAU14 | SCAU16 | Years_since_PD_diagnosis,Years_since_PD_diagnosis | Age | MCATOT | FRZGT12M | SCAU14 | SCAU16 | GDS_TOTAL | NQ_GAUSSIAN_REVISION | NP1RTOT | BMI | NP1SLPD | NP1URIN | NP3GAIT_COMBINED_MAX | NP3PSTBL_COMBINED_MAX | NHY_COMBINED_MAX | NP3TOT_COMBINED_MAX | NP4TOT | NP1CNST | FOG_FORM_MISSING | NQ_FORM_MISSING | PART_IV_FORM_MISSING | DXPOSINS_Missing | DXPOSINS_No | DXPOSINS_Unknown | DXPOSINS_Yes | DXRIGID_No | DXRIGID_Unknown | DXRIGID_Yes | DOPTHERST_Missing | DOPTHERST_No | DOPTHERST_Yes | FEATPOSHYP_No | FEATPOSHYP_Uncertain | FEATPOSHYP_Yes | ANYFAMPD_Missing | ANYFAMPD_No | ANYFAMPD_Yes | DXTREMOR_No | DXTREMOR_Unknown | DXTREMOR_Yes | DXBRADY_No | DXBRADY_Unknown | DXBRADY_Yes | DOMSIDE_Left | DOMSIDE_Right | DOMSIDE_Symmetric | DOMSIDE_Unknown,0.07025616700047976,0.4869497627229586,0.5412941416615635,0.5961538461538461,0.676056338028169,0.34782608695652173,0.6,0.34782608695652173
42,direct,3,SEL_05,raw__none__all,selector_configuration,final_26,none,all,extra_trees,832,208,47,47,26,ANYFAMPD | Age | BMI | DOMSIDE | DOPTHERST | DXBRADY | DXPOSINS | DXRIGID | DXTREMOR | FEATPOSHYP | GDS_TOTAL | GROUP_FREEZING_FORM | GROUP_NEUROQOL_FORM | GROUP_PART_IV_FORM | MCATOT | NHY_COMBINED_MAX | NP1CNST | NP1RTOT | NP1SLPD | NP1URIN | NP3GAIT_COMBINED_MAX | NP3PSTBL_COMBINED_MAX | NP3TOT_COMBINED_MAX | SCAU14 | SCAU16 | Years_since_PD_diagnosis,Years_since_PD_diagnosis | Age | MCATOT | FRZGT12M | SCAU14 | SCAU16 | GDS_TOTAL | NQ_GAUSSIAN_REVISION | NP1RTOT | BMI | NP1SLPD | NP1URIN | NP3GAIT_COMBINED_MAX | NP3PSTBL_COMBINED_MAX | NHY_COMBINED_MAX | NP3TOT_COMBINED_MAX | NP4TOT | NP1CNST | FOG_FORM_MISSING | NQ_FORM_MISSING | PART_IV_FORM_MISSING | DXPOSINS_Missing | DXPOSINS_No | DXPOSINS_Unknown | DXPOSINS_Yes | DXRIGID_No | DXRIGID_Unknown | DXRIGID_Yes | DOPTHERST_Missing | DOPTHERST_No | DOPTHERST_Yes | FEATPOSHYP_No | FEATPOSHYP_Uncertain | FEATPOSHYP_Yes | ANYFAMPD_Missing | ANYFAMPD_No | ANYFAMPD_Yes | DXTREMOR_No | DXTREMOR_Unknown | DXTREMOR_Yes | DXBRADY_No | DXBRADY_Unknown | DXBRADY_Yes | DOMSIDE_Left | DOMSIDE_Right | DOMSIDE_Symmetric | DOMSIDE_Unknown,0.2041639999988547,0.5149958547366403,0.5765666462543376,0.6298076923076923,0.7253521126760564,0.30434782608695654,0.7,0.30434782608695654
42,direct,3,SEL_06,raw__corrected_fdr__q<=0.05,selector_configuration,final_26,corrected_fdr,q<=0.05,extra_trees,832,208,47,29,20,ANYFAMPD | Age | DOPTHERST | DXBRADY | GDS_TOTAL | GROUP_FREEZING_FORM | GROUP_NEUROQOL_FORM | GROUP_PART_IV_FORM | MCATOT | NHY_COMBINED_MAX | NP1CNST | NP1RTOT | NP1SLPD | NP1URIN | NP3GAIT_COMBINED_MAX | NP3PSTBL_COMBINED_MAX | NP3TOT_COMBINED_MAX | SCAU14 | SCAU16 | Years_since_PD_diagnosis,Years_since_PD_diagnosis | Age | MCATOT | FRZGT12M | SCAU14 | SCAU16 | GDS_TOTAL | NQ_GAUSSIAN_REVISION | NP1RTOT | NP1SLPD | NP1URIN | NP3GAIT_COMBINED_MAX | NP3PSTBL_COMBINED_MAX | NHY_COMBINED_MAX | NP3TOT_COMBINED_MAX | NP4TOT | NP1CNST | FOG_FORM_MISSING | NQ_FORM_MISSING | PART_IV_FORM_MISSING | DOPTHERST_Missing | DOPTHERST_No | DOPTHERST_Yes | ANYFAMPD_Missing | ANYFAMPD_No | ANYFAMPD_Yes | DXBRADY_No | DXBRADY_Unknown | DXBRADY_Yes,0.09679370800222387,0.5012614368469492,0.5506838130230659,0.6153846153846154,0.704225352112676,0.34782608695652173,0.6,0.34782608695652173
42,direct,3,SEL_07,raw__extra_trees__threshold=median,selector_configuration,final_26,extra_trees,threshold=median,extra_trees,832,208,47,21,13,ANYFAMPD | DOMSIDE | GROUP_FREEZING_FORM | GROUP_NEUROQOL_FORM | GROUP_PART_IV_FORM | NHY_COMBINED_MAX | NP1CNST | NP1RTOT | NP1URIN | NP3GAIT_COMBINED_MAX | NP3PSTBL_COMBINED_MAX | NP3TOT_COMBINED_MAX | Years_since_PD_diagnosis,Years_since_PD_diagnosis | FRZGT12M | NQ_GAUSSIAN_REVISION | NP1RTOT | NP1URIN | NP3GAIT_COMBINED_MAX | NP3PSTBL_COMBINED_MAX | NHY_COMBINED_MAX | NP3TOT_COMBINED_MAX | NP4TOT | NP1CNST | FOG_FORM_MISSING | NQ_FORM_MISSING | PART_IV_FORM_MISSING | ANYFAMPD_Missing | ANYFAMPD_No | ANYFAMPD_Yes | DOMSIDE_Left | DOMSIDE_Right | DOMSIDE_Symmetric | DOMSIDE_Unknown,0.07000220799818635,0.4851645366955428,0.5456113492549499,0.6057692307692307,0.704225352112676,0.2826086956521739,0.65,0.2826086956521739
42,direct,3,SEL_08,raw__extra_trees__threshold=1.25*median,selector_configuration,final_26,extra_trees,threshold=1.25*median,extra_trees,832,208,47,15,10,ANYFAMPD | GROUP_FREEZING_FORM | GROUP_NEUROQOL_FORM | GROUP_PART_IV_FORM | NHY_COMBINED_MAX | NP1CNST | NP1URIN | NP3GAIT_COMBINED_MAX | NP3PSTBL_COMBINED_MAX | Years_since_PD_diagnosis,Years_since_PD_diagnosis | FRZGT12M | NQ_GAUSSIAN_REVISION | NP1URIN | NP3GAIT_COMBINED_MAX | NP3PSTBL_COMBINED_MAX | NHY_COMBINED_MAX | NP4TOT | NP1CNST | FOG_FORM_MISSING | NQ_FORM_MISSING | PART_IV_FORM_MISSING | ANYFAMPD_Missing | ANYFAMPD_No | ANYFAMPD_Yes,0.07263925000006566,0.5182643352454673,0.5720453153704838,0.6298076923076923,0.7183098591549296,0.34782608695652173,0.65,0.34782608695652173
42,direct,4,SEL_01,raw__none__all,selector_configuration,final_26,none,all,logistic,832,208,46,46,26,ANYFAMPD | Age | BMI | DOMSIDE | DOPTHERST | DXBRADY | DXPOSINS | DXRIGID | DXTREMOR | FEATPOSHYP | GDS_TOTAL | GROUP_FREEZING_FORM | GROUP_NEUROQOL_FORM | GROUP_PART_IV_FORM | MCATOT | NHY_COMBINED_MAX | NP1CNST | NP1RTOT | NP1SLPD | NP1URIN | NP3GAIT_COMBINED_MAX | NP3PSTBL_COMBINED_MAX | NP3TOT_COMBINED_MAX | SCAU14 | SCAU16 | Years_since_PD_diagnosis,Years_since_PD_diagnosis | Age | MCATOT | FRZGT12M | SCAU14 | SCAU16 | GDS_TOTAL | NQ_GAUSSIAN_REVISION | NP1RTOT | BMI | NP1SLPD | NP1URIN | NP3GAIT_COMBINED_MAX | NP3PSTBL_COMBINED_MAX | NHY_COMBINED_MAX | NP3TOT_COMBINED_MAX | NP4TOT | NP1CNST | FOG_FORM_MISSING | NQ_FORM_MISSING | PART_IV_FORM_MISSING | DXPOSINS_No | DXPOSINS_Unknown | DXPOSINS_Yes | DXRIGID_No | DXRIGID_Unknown | DXRIGID_Yes | DOPTHERST_Missing | DOPTHERST_No | DOPTHERST_Yes | FEATPOSHYP_No | FEATPOSHYP_Uncertain | FEATPOSHYP_Yes | ANYFAMPD_Missing | ANYFAMPD_No | ANYFAMPD_Yes | DXTREMOR_No | DXTREMOR_Unknown | DXTREMOR_Yes | DXBRADY_No | DXBRADY_Unknown | DXBRADY_Yes | DOMSIDE_Left | DOMSIDE_Right | DOMSIDE_Symmetric | DOMSIDE_Unknown,0.1438159169993014,0.4992581655004833,0.559899979587671,0.625,0.7253521126760564,0.30434782608695654,0.65,0.30434782608695654
42,direct,4,SEL_02,raw__corrected_fdr__q<=0.05,selector_configuration,final_26,corrected_fdr,q<=0.05,logistic,832,208,46,29,20,ANYFAMPD | Age | DOPTHERST | FEATPOSHYP | GDS_TOTAL | GROUP_FREEZING_FORM | GROUP_NEUROQOL_FORM | GROUP_PART_IV_FORM | MCATOT | NHY_COMBINED_MAX | NP1CNST | NP1RTOT | NP1SLPD | NP1URIN | NP3GAIT_COMBINED_MAX | NP3PSTBL_COMBINED_MAX | NP3TOT_COMBINED_MAX | SCAU14 | SCAU16 | Years_since_PD_diagnosis,Years_since_PD_diagnosis | Age | MCATOT | FRZGT12M | SCAU14 | SCAU16 | GDS_TOTAL | NQ_GAUSSIAN_REVISION | NP1RTOT | NP1SLPD | NP1URIN | NP3GAIT_COMBINED_MAX | NP3PSTBL_COMBINED_MAX | NHY_COMBINED_MAX | NP3TOT_COMBINED_MAX | NP4TOT | NP1CNST | FOG_FORM_MISSING | NQ_FORM_MISSING | PART_IV_FORM_MISSING | DOPTHERST_Missing | DOPTHERST_No | DOPTHERST_Yes | FEATPOSHYP_No | FEATPOSHYP_Uncertain | FEATPOSHYP_Yes | ANYFAMPD_Missing | ANYFAMPD_No | ANYFAMPD_Yes,0.10022800000297138,0.4980633401686034,0.5575525617472953,0.6201923076923077,0.7183098591549296,0.30434782608695654,0.65,0.30434782608695654
42,direct,4,SEL_03,raw__l1__C=0.1,selector_configuration,final_26,l1,C=0.1,logistic,832,208,46,35,21,ANYFAMPD | Age | BMI | DOMSIDE | DOPTHERST | DXTREMOR | FEATPOSHYP | GDS_TOTAL | GROUP_FREEZING_FORM | GROUP_NEUROQOL_FORM | GROUP_PART_IV_FORM | MCATOT | NHY_COMBINED_MAX | NP1CNST | NP1RTOT | NP1URIN | NP3GAIT_COMBINED_MAX | NP3PSTBL_COMBINED_MAX | NP3TOT_COMBINED_MAX | SCAU14 | Years_since_PD_diagnosis,Years_since_PD_diagnosis | Age | MCATOT | FRZGT12M | SCAU14 | GDS_TOTAL | NQ_GAUSSIAN_REVISION | NP1RTOT | BMI | NP1URIN | NP3GAIT_COMBINED_MAX | NP3PSTBL_COMBINED_MAX | NHY_COMBINED_MAX | NP3TOT_COMBINED_MAX | NP4TOT | NP1CNST | FOG_FORM_MISSING | NQ_FORM_MISSING | PART_IV_FORM_MISSING | DOPTHERST_Missing | DOPTHERST_No | DOPTHERST_Yes | FEATPOSHYP_No | FEATPOSHYP_Uncertain | FEATPOSHYP_Yes | ANYFAMPD_Missing | ANYFAMPD_No | ANYFAMPD_Yes | DXTREMOR_No | DXTREMOR_Unknown | DXTREMOR_Yes | DOMSIDE_Left | DOMSIDE_Right | DOMSIDE_Symmetric | DOMSIDE_Unknown,0.11094958300236613,0.5121566451521654,0.5789140640947131,0.6346153846153846,0.7323943661971831,0.30434782608695654,0.7,0.30434782608695654
42,direct,4,SEL_04,raw__l1__C=1.0,selector_configuration,final_26,l1,C=1.0,logistic,832,208,46,46,26,ANYFAMPD | Age | BMI | DOMSIDE | DOPTHERST | DXBRADY | DXPOSINS | DXRIGID | DXTREMOR | FEATPOSHYP | GDS_TOTAL | GROUP_FREEZING_FORM | GROUP_NEUROQOL_FORM | GROUP_PART_IV_FORM | MCATOT | NHY_COMBINED_MAX | NP1CNST | NP1RTOT | NP1SLPD | NP1URIN | NP3GAIT_COMBINED_MAX | NP3PSTBL_COMBINED_MAX | NP3TOT_COMBINED_MAX | SCAU14 | SCAU16 | Years_since_PD_diagnosis,Years_since_PD_diagnosis | Age | MCATOT | FRZGT12M | SCAU14 | SCAU16 | GDS_TOTAL | NQ_GAUSSIAN_REVISION | NP1RTOT | BMI | NP1SLPD | NP1URIN | NP3GAIT_COMBINED_MAX | NP3PSTBL_COMBINED_MAX | NHY_COMBINED_MAX | NP3TOT_COMBINED_MAX | NP4TOT | NP1CNST | FOG_FORM_MISSING | NQ_FORM_MISSING | PART_IV_FORM_MISSING | DXPOSINS_No | DXPOSINS_Unknown | DXPOSINS_Yes | DXRIGID_No | DXRIGID_Unknown | DXRIGID_Yes | DOPTHERST_Missing | DOPTHERST_No | DOPTHERST_Yes | FEATPOSHYP_No | FEATPOSHYP_Uncertain | FEATPOSHYP_Yes | ANYFAMPD_Missing | ANYFAMPD_No | ANYFAMPD_Yes | DXTREMOR_No | DXTREMOR_Unknown | DXTREMOR_Yes | DXBRADY_No | DXBRADY_Unknown | DXBRADY_Yes | DOMSIDE_Left | DOMSIDE_Right | DOMSIDE_Symmetric | DOMSIDE_Unknown,0.14797066699975403,0.4992581655004833,0.559899979587671,0.625,0.7253521126760564,0.30434782608695654,0.65,0.30434782608695654
42,direct,4,SEL_05,raw__none__all,selector_configuration,final_26,none,all,extra_trees,832,208,46,46,26,ANYFAMPD | Age | BMI | DOMSIDE | DOPTHERST | DXBRADY | DXPOSINS | DXRIGID | DXTREMOR | FEATPOSHYP | GDS_TOTAL | GROUP_FREEZING_FORM | GROUP_NEUROQOL_FORM | GROUP_PART_IV_FORM | MCATOT | NHY_COMBINED_MAX | NP1CNST | NP1RTOT | NP1SLPD | NP1URIN | NP3GAIT_COMBINED_MAX | NP3PSTBL_COMBINED_MAX | NP3TOT_COMBINED_MAX | SCAU14 | SCAU16 | Years_since_PD_diagnosis,Years_since_PD_diagnosis | Age | MCATOT | FRZGT12M | SCAU14 | SCAU16 | GDS_TOTAL | NQ_GAUSSIAN_REVISION | NP1RTOT | BMI | NP1SLPD | NP1URIN | NP3GAIT_COMBINED_MAX | NP3PSTBL_COMBINED_MAX | NHY_COMBINED_MAX | NP3TOT_COMBINED_MAX | NP4TOT | NP1CNST | FOG_FORM_MISSING | NQ_FORM_MISSING | PART_IV_FORM_MISSING | DXPOSINS_No | DXPOSINS_Unknown | DXPOSINS_Yes | DXRIGID_No | DXRIGID_Unknown | DXRIGID_Yes | DOPTHERST_Missing | DOPTHERST_No | DOPTHERST_Yes | FEATPOSHYP_No | FEATPOSHYP_Uncertain | FEATPOSHYP_Yes | ANYFAMPD_Missing | ANYFAMPD_No | ANYFAMPD_Yes | DXTREMOR_No | DXTREMOR_Unknown | DXTREMOR_Yes | DXBRADY_No | DXBRADY_Unknown | DXBRADY_Yes | DOMSIDE_Left | DOMSIDE_Right | DOMSIDE_Symmetric | DOMSIDE_Unknown,0.11393974999737111,0.5159351006808633,0.5598693610941008,0.6442307692307693,0.7535211267605634,0.32608695652173914,0.6,0.32608695652173914
42,direct,4,SEL_06,raw__corrected_fdr__q<=0.05,selector_configuration,final_26,corrected_fdr,q<=0.05,extra_trees,832,208,46,29,20,ANYFAMPD | Age | DOPTHERST | FEATPOSHYP | GDS_TOTAL | GROUP_FREEZING_FORM | GROUP_NEUROQOL_FORM | GROUP_PART_IV_FORM | MCATOT | NHY_COMBINED_MAX | NP1CNST | NP1RTOT | NP1SLPD | NP1URIN | NP3GAIT_COMBINED_MAX | NP3PSTBL_COMBINED_MAX | NP3TOT_COMBINED_MAX | SCAU14 | SCAU16 | Years_since_PD_diagnosis,Years_since_PD_diagnosis | Age | MCATOT | FRZGT12M | SCAU14 | SCAU16 | GDS_TOTAL | NQ_GAUSSIAN_REVISION | NP1RTOT | NP1SLPD | NP1URIN | NP3GAIT_COMBINED_MAX | NP3PSTBL_COMBINED_MAX | NHY_COMBINED_MAX | NP3TOT_COMBINED_MAX | NP4TOT | NP1CNST | FOG_FORM_MISSING | NQ_FORM_MISSING | PART_IV_FORM_MISSING | DOPTHERST_Missing | DOPTHERST_No | DOPTHERST_Yes | FEATPOSHYP_No | FEATPOSHYP_Uncertain | FEATPOSHYP_Yes | ANYFAMPD_Missing | ANYFAMPD_No | ANYFAMPD_Yes,0.11535008400096558,0.5223209102519447,0.5718411920800164,0.6394230769230769,0.7394366197183099,0.32608695652173914,0.65,0.32608695652173914
42,direct,4,SEL_07,raw__extra_trees__threshold=median,selector_configuration,final_26,extra_trees,threshold=median,extra_trees,832,208,46,20,13,ANYFAMPD | DOPTHERST | GROUP_FREEZING_FORM | GROUP_NEUROQOL_FORM | GROUP_PART_IV_FORM | NHY_COMBINED_MAX | NP1CNST | NP1RTOT | NP1URIN | NP3GAIT_COMBINED_MAX | NP3PSTBL_COMBINED_MAX | SCAU14 | Years_since_PD_diagnosis,Years_since_PD_diagnosis | FRZGT12M | SCAU14 | NQ_GAUSSIAN_REVISION | NP1RTOT | NP1URIN | NP3GAIT_COMBINED_MAX | NP3PSTBL_COMBINED_MAX | NHY_COMBINED_MAX | NP4TOT | NP1CNST | FOG_FORM_MISSING | NQ_FORM_MISSING | PART_IV_FORM_MISSING | DOPTHERST_Missing | DOPTHERST_No | DOPTHERST_Yes | ANYFAMPD_Missing | ANYFAMPD_No | ANYFAMPD_Yes,0.07021399999939604,0.5237295437915023,0.579291692182078,0.6346153846153846,0.7183098591549296,0.3695652173913043,0.65,0.3695652173913043
42,direct,4,SEL_08,raw__extra_trees__threshold=1.25*median,selector_configuration,final_26,extra_trees,threshold=1.25*median,extra_trees,832,208,46,16,11,ANYFAMPD | GROUP_FREEZING_FORM | GROUP_NEUROQOL_FORM | GROUP_PART_IV_FORM | NHY_COMBINED_MAX | NP1CNST | NP1RTOT | NP1URIN | NP3GAIT_COMBINED_MAX | NP3PSTBL_COMBINED_MAX | Years_since_PD_diagnosis,Years_since_PD_diagnosis | FRZGT12M | NQ_GAUSSIAN_REVISION | NP1RTOT | NP1URIN | NP3GAIT_COMBINED_MAX | NP3PSTBL_COMBINED_MAX | NHY_COMBINED_MAX | NP4TOT | NP1CNST | FOG_FORM_MISSING | NQ_FORM_MISSING | PART_IV_FORM_MISSING | ANYFAMPD_Missing | ANYFAMPD_No | ANYFAMPD_Yes,0.07115129199883086,0.5289637952559301,0.5816391100224535,0.6394230769230769,0.7253521126760564,0.3695652173913043,0.65,0.3695652173913043
42,stage_1,0,SEL_01,raw__none__all,selector_configuration,final_26,none,all,logistic,832,208,47,47,26,ANYFAMPD | Age | BMI | DOMSIDE | DOPTHERST | DXBRADY | DXPOSINS | DXRIGID | DXTREMOR | FEATPOSHYP | GDS_TOTAL | GROUP_FREEZING_FORM | GROUP_NEUROQOL_FORM | GROUP_PART_IV_FORM | MCATOT | NHY_COMBINED_MAX | NP1CNST | NP1RTOT | NP1SLPD | NP1URIN | NP3GAIT_COMBINED_MAX | NP3PSTBL_COMBINED_MAX | NP3TOT_COMBINED_MAX | SCAU14 | SCAU16 | Years_since_PD_diagnosis,Years_since_PD_diagnosis | Age | MCATOT | FRZGT12M | SCAU14 | SCAU16 | GDS_TOTAL | NQ_GAUSSIAN_REVISION | NP1RTOT | BMI | NP1SLPD | NP1URIN | NP3GAIT_COMBINED_MAX | NP3PSTBL_COMBINED_MAX | NHY_COMBINED_MAX | NP3TOT_COMBINED_MAX | NP4TOT | NP1CNST | FOG_FORM_MISSING | NQ_FORM_MISSING | PART_IV_FORM_MISSING | DXPOSINS_Missing | DXPOSINS_No | DXPOSINS_Unknown | DXPOSINS_Yes | DXRIGID_No | DXRIGID_Unknown | DXRIGID_Yes | DOPTHERST_Missing | DOPTHERST_No | DOPTHERST_Yes | FEATPOSHYP_No | FEATPOSHYP_Uncertain | FEATPOSHYP_Yes | ANYFAMPD_Missing | ANYFAMPD_No | ANYFAMPD_Yes | DXTREMOR_No | DXTREMOR_Unknown | DXTREMOR_Yes | DXBRADY_No | DXBRADY_Unknown | DXBRADY_Yes | DOMSIDE_Left | DOMSIDE_Right | DOMSIDE_Symmetric | DOMSIDE_Unknown,0.09761995799999568,0.6380541775965509,0.6440559440559441,0.6778846153846154,0.7342657342657343,0.5538461538461539,,0.5538461538461539
42,stage_1,0,SEL_02,raw__corrected_fdr__q<=0.05,selector_configuration,final_26,corrected_fdr,q<=0.05,logistic,832,208,47,29,20,ANYFAMPD | Age | DOPTHERST | FEATPOSHYP | GDS_TOTAL | GROUP_FREEZING_FORM | GROUP_NEUROQOL_FORM | GROUP_PART_IV_FORM | MCATOT | NHY_COMBINED_MAX | NP1CNST | NP1RTOT | NP1SLPD | NP1URIN | NP3GAIT_COMBINED_MAX | NP3PSTBL_COMBINED_MAX | NP3TOT_COMBINED_MAX | SCAU14 | SCAU16 | Years_since_PD_diagnosis,Years_since_PD_diagnosis | Age | MCATOT | FRZGT12M | SCAU14 | SCAU16 | GDS_TOTAL | NQ_GAUSSIAN_REVISION | NP1RTOT | NP1SLPD | NP1URIN | NP3GAIT_COMBINED_MAX | NP3PSTBL_COMBINED_MAX | NHY_COMBINED_MAX | NP3TOT_COMBINED_MAX | NP4TOT | NP1CNST | FOG_FORM_MISSING | NQ_FORM_MISSING | PART_IV_FORM_MISSING | DOPTHERST_Missing | DOPTHERST_No | DOPTHERST_Yes | FEATPOSHYP_No | FEATPOSHYP_Uncertain | FEATPOSHYP_Yes | ANYFAMPD_Missing | ANYFAMPD_No | ANYFAMPD_Yes,0.1524982499977341,0.6530080283599208,0.6587412587412587,0.6923076923076923,0.7482517482517482,0.5692307692307692,,0.5692307692307692
42,stage_1,0,SEL_03,raw__l1__C=0.1,selector_configuration,final_26,l1,C=0.1,logistic,832,208,47,19,14,Age | BMI | DOPTHERST | GDS_TOTAL | GROUP_FREEZING_FORM | GROUP_NEUROQOL_FORM | GROUP_PART_IV_FORM | MCATOT | NHY_COMBINED_MAX | NP1CNST | NP1RTOT | NP3GAIT_COMBINED_MAX | SCAU14 | Years_since_PD_diagnosis,Years_since_PD_diagnosis | Age | MCATOT | FRZGT12M | SCAU14 | GDS_TOTAL | NQ_GAUSSIAN_REVISION | NP1RTOT | BMI | NP3GAIT_COMBINED_MAX | NHY_COMBINED_MAX | NP4TOT | NP1CNST | FOG_FORM_MISSING | NQ_FORM_MISSING | PART_IV_FORM_MISSING | DOPTHERST_Missing | DOPTHERST_No | DOPTHERST_Yes,0.016128916999150533,0.668053266357952,0.6734265734265734,0.7067307692307693,0.7622377622377622,0.5846153846153846,,0.5846153846153846
42,stage_1,0,SEL_04,raw__l1__C=1.0,selector_configuration,final_26,l1,C=1.0,logistic,832,208,47,46,25,ANYFAMPD | Age | BMI | DOMSIDE | DOPTHERST | DXBRADY | DXPOSINS | DXRIGID | DXTREMOR | FEATPOSHYP | GDS_TOTAL | GROUP_FREEZING_FORM | GROUP_NEUROQOL_FORM | GROUP_PART_IV_FORM | MCATOT | NHY_COMBINED_MAX | NP1CNST | NP1RTOT | NP1SLPD | NP1URIN | NP3GAIT_COMBINED_MAX | NP3TOT_COMBINED_MAX | SCAU14 | SCAU16 | Years_since_PD_diagnosis,Years_since_PD_diagnosis | Age | MCATOT | FRZGT12M | SCAU14 | SCAU16 | GDS_TOTAL | NQ_GAUSSIAN_REVISION | NP1RTOT | BMI | NP1SLPD | NP1URIN | NP3GAIT_COMBINED_MAX | NHY_COMBINED_MAX | NP3TOT_COMBINED_MAX | NP4TOT | NP1CNST | FOG_FORM_MISSING | NQ_FORM_MISSING | PART_IV_FORM_MISSING | DXPOSINS_Missing | DXPOSINS_No | DXPOSINS_Unknown | DXPOSINS_Yes | DXRIGID_No | DXRIGID_Unknown | DXRIGID_Yes | DOPTHERST_Missing | DOPTHERST_No | DOPTHERST_Yes | FEATPOSHYP_No | FEATPOSHYP_Uncertain | FEATPOSHYP_Yes | ANYFAMPD_Missing | ANYFAMPD_No | ANYFAMPD_Yes | DXTREMOR_No | DXTREMOR_Unknown | DXTREMOR_Yes | DXBRADY_No | DXBRADY_Unknown | DXBRADY_Yes | DOMSIDE_Left | DOMSIDE_Right | DOMSIDE_Symmetric | DOMSIDE_Unknown,0.10208241600048495,0.6380541775965509,0.6440559440559441,0.6778846153846154,0.7342657342657343,0.5538461538461539,,0.5538461538461539
42,stage_1,0,SEL_05,raw__none__all,selector_configuration,final_26,none,all,extra_trees,832,208,47,47,26,ANYFAMPD | Age | BMI | DOMSIDE | DOPTHERST | DXBRADY | DXPOSINS | DXRIGID | DXTREMOR | FEATPOSHYP | GDS_TOTAL | GROUP_FREEZING_FORM | GROUP_NEUROQOL_FORM | GROUP_PART_IV_FORM | MCATOT | NHY_COMBINED_MAX | NP1CNST | NP1RTOT | NP1SLPD | NP1URIN | NP3GAIT_COMBINED_MAX | NP3PSTBL_COMBINED_MAX | NP3TOT_COMBINED_MAX | SCAU14 | SCAU16 | Years_since_PD_diagnosis,Years_since_PD_diagnosis | Age | MCATOT | FRZGT12M | SCAU14 | SCAU16 | GDS_TOTAL | NQ_GAUSSIAN_REVISION | NP1RTOT | BMI | NP1SLPD | NP1URIN | NP3GAIT_COMBINED_MAX | NP3PSTBL_COMBINED_MAX | NHY_COMBINED_MAX | NP3TOT_COMBINED_MAX | NP4TOT | NP1CNST | FOG_FORM_MISSING | NQ_FORM_MISSING | PART_IV_FORM_MISSING | DXPOSINS_Missing | DXPOSINS_No | DXPOSINS_Unknown | DXPOSINS_Yes | DXRIGID_No | DXRIGID_Unknown | DXRIGID_Yes | DOPTHERST_Missing | DOPTHERST_No | DOPTHERST_Yes | FEATPOSHYP_No | FEATPOSHYP_Uncertain | FEATPOSHYP_Yes | ANYFAMPD_Missing | ANYFAMPD_No | ANYFAMPD_Yes | DXTREMOR_No | DXTREMOR_Unknown | DXTREMOR_Yes | DXBRADY_No | DXBRADY_Unknown | DXBRADY_Yes | DOMSIDE_Left | DOMSIDE_Right | DOMSIDE_Symmetric | DOMSIDE_Unknown,0.11289012500128592,0.6898202652852994,0.6958041958041958,0.7259615384615384,0.7762237762237763,0.6153846153846154,,0.6153846153846154
42,stage_1,0,SEL_06,raw__corrected_fdr__q<=0.05,selector_configuration,final_26,corrected_fdr,q<=0.05,extra_trees,832,208,47,29,20,ANYFAMPD | Age | DOPTHERST | FEATPOSHYP | GDS_TOTAL | GROUP_FREEZING_FORM | GROUP_NEUROQOL_FORM | GROUP_PART_IV_FORM | MCATOT | NHY_COMBINED_MAX | NP1CNST | NP1RTOT | NP1SLPD | NP1URIN | NP3GAIT_COMBINED_MAX | NP3PSTBL_COMBINED_MAX | NP3TOT_COMBINED_MAX | SCAU14 | SCAU16 | Years_since_PD_diagnosis,Years_since_PD_diagnosis | Age | MCATOT | FRZGT12M | SCAU14 | SCAU16 | GDS_TOTAL | NQ_GAUSSIAN_REVISION | NP1RTOT | NP1SLPD | NP1URIN | NP3GAIT_COMBINED_MAX | NP3PSTBL_COMBINED_MAX | NHY_COMBINED_MAX | NP3TOT_COMBINED_MAX | NP4TOT | NP1CNST | FOG_FORM_MISSING | NQ_FORM_MISSING | PART_IV_FORM_MISSING | DOPTHERST_Missing | DOPTHERST_No | DOPTHERST_Yes | FEATPOSHYP_No | FEATPOSHYP_Uncertain | FEATPOSHYP_Yes | ANYFAMPD_Missing | ANYFAMPD_No | ANYFAMPD_Yes,0.17721974999949452,0.6942359767891683,0.7041958041958042,0.7259615384615384,0.7622377622377622,0.6461538461538462,,0.6461538461538462
42,stage_1,0,SEL_07,raw__extra_trees__threshold=median,selector_configuration,final_26,extra_trees,threshold=median,extra_trees,832,208,47,20,13,ANYFAMPD | DOPTHERST | GROUP_FREEZING_FORM | GROUP_NEUROQOL_FORM | GROUP_PART_IV_FORM | NHY_COMBINED_MAX | NP1CNST | NP1RTOT | NP1URIN | NP3GAIT_COMBINED_MAX | NP3PSTBL_COMBINED_MAX | NP3TOT_COMBINED_MAX | Years_since_PD_diagnosis,Years_since_PD_diagnosis | FRZGT12M | NQ_GAUSSIAN_REVISION | NP1RTOT | NP1URIN | NP3GAIT_COMBINED_MAX | NP3PSTBL_COMBINED_MAX | NHY_COMBINED_MAX | NP3TOT_COMBINED_MAX | NP4TOT | NP1CNST | FOG_FORM_MISSING | NQ_FORM_MISSING | PART_IV_FORM_MISSING | DOPTHERST_Missing | DOPTHERST_No | DOPTHERST_Yes | ANYFAMPD_Missing | ANYFAMPD_No | ANYFAMPD_Yes,0.05993233299886924,0.6789367658216257,0.6846153846153846,0.7163461538461539,0.7692307692307693,0.6,,0.6
42,stage_1,0,SEL_08,raw__extra_trees__threshold=1.25*median,selector_configuration,final_26,extra_trees,threshold=1.25*median,extra_trees,832,208,47,17,12,DOPTHERST | GROUP_FREEZING_FORM | GROUP_NEUROQOL_FORM | GROUP_PART_IV_FORM | NHY_COMBINED_MAX | NP1CNST | NP1RTOT | NP1URIN | NP3GAIT_COMBINED_MAX | NP3PSTBL_COMBINED_MAX | NP3TOT_COMBINED_MAX | Years_since_PD_diagnosis,Years_since_PD_diagnosis | FRZGT12M | NQ_GAUSSIAN_REVISION | NP1RTOT | NP1URIN | NP3GAIT_COMBINED_MAX | NP3PSTBL_COMBINED_MAX | NHY_COMBINED_MAX | NP3TOT_COMBINED_MAX | NP4TOT | NP1CNST | FOG_FORM_MISSING | NQ_FORM_MISSING | PART_IV_FORM_MISSING | DOPTHERST_Missing | DOPTHERST_No | DOPTHERST_Yes,0.059175582999159815,0.6596628834116822,0.6664335664335664,0.6971153846153846,0.7482517482517482,0.5846153846153846,,0.5846153846153846
42,stage_1,1,SEL_01,raw__none__all,selector_configuration,final_26,none,all,logistic,832,208,47,47,26,ANYFAMPD | Age | BMI | DOMSIDE | DOPTHERST | DXBRADY | DXPOSINS | DXRIGID | DXTREMOR | FEATPOSHYP | GDS_TOTAL | GROUP_FREEZING_FORM | GROUP_NEUROQOL_FORM | GROUP_PART_IV_FORM | MCATOT | NHY_COMBINED_MAX | NP1CNST | NP1RTOT | NP1SLPD | NP1URIN | NP3GAIT_COMBINED_MAX | NP3PSTBL_COMBINED_MAX | NP3TOT_COMBINED_MAX | SCAU14 | SCAU16 | Years_since_PD_diagnosis,Years_since_PD_diagnosis | Age | MCATOT | FRZGT12M | SCAU14 | SCAU16 | GDS_TOTAL | NQ_GAUSSIAN_REVISION | NP1RTOT | BMI | NP1SLPD | NP1URIN | NP3GAIT_COMBINED_MAX | NP3PSTBL_COMBINED_MAX | NHY_COMBINED_MAX | NP3TOT_COMBINED_MAX | NP4TOT | NP1CNST | FOG_FORM_MISSING | NQ_FORM_MISSING | PART_IV_FORM_MISSING | DXPOSINS_Missing | DXPOSINS_No | DXPOSINS_Unknown | DXPOSINS_Yes | DXRIGID_No | DXRIGID_Unknown | DXRIGID_Yes | DOPTHERST_Missing | DOPTHERST_No | DOPTHERST_Yes | FEATPOSHYP_No | FEATPOSHYP_Uncertain | FEATPOSHYP_Yes | ANYFAMPD_Missing | ANYFAMPD_No | ANYFAMPD_Yes | DXTREMOR_No | DXTREMOR_Unknown | DXTREMOR_Yes | DXBRADY_No | DXBRADY_Unknown | DXBRADY_Yes | DOMSIDE_Left | DOMSIDE_Right | DOMSIDE_Symmetric | DOMSIDE_Unknown,0.1837232079997193,0.6452354467927326,0.6664335664335664,0.6682692307692307,0.6713286713286714,0.6615384615384615,,0.6615384615384615
42,stage_1,1,SEL_02,raw__corrected_fdr__q<=0.05,selector_configuration,final_26,corrected_fdr,q<=0.05,logistic,832,208,47,29,20,ANYFAMPD | Age | DOPTHERST | FEATPOSHYP | GDS_TOTAL | GROUP_FREEZING_FORM | GROUP_NEUROQOL_FORM | GROUP_PART_IV_FORM | MCATOT | NHY_COMBINED_MAX | NP1CNST | NP1RTOT | NP1SLPD | NP1URIN | NP3GAIT_COMBINED_MAX | NP3PSTBL_COMBINED_MAX | NP3TOT_COMBINED_MAX | SCAU14 | SCAU16 | Years_since_PD_diagnosis,Years_since_PD_diagnosis | Age | MCATOT | FRZGT12M | SCAU14 | SCAU16 | GDS_TOTAL | NQ_GAUSSIAN_REVISION | NP1RTOT | NP1SLPD | NP1URIN | NP3GAIT_COMBINED_MAX | NP3PSTBL_COMBINED_MAX | NHY_COMBINED_MAX | NP3TOT_COMBINED_MAX | NP4TOT | NP1CNST | FOG_FORM_MISSING | NQ_FORM_MISSING | PART_IV_FORM_MISSING | DOPTHERST_Missing | DOPTHERST_No | DOPTHERST_Yes | FEATPOSHYP_No | FEATPOSHYP_Uncertain | FEATPOSHYP_Yes | ANYFAMPD_Missing | ANYFAMPD_No | ANYFAMPD_Yes,0.17784133399982238,0.6597600872410032,0.6811188811188811,0.6826923076923077,0.6853146853146853,0.676923076923077,,0.676923076923077
42,stage_1,1,SEL_03,raw__l1__C=0.1,selector_configuration,final_26,l1,C=0.1,logistic,832,208,47,23,16,Age | BMI | DOPTHERST | DXBRADY | GDS_TOTAL | GROUP_FREEZING_FORM | GROUP_NEUROQOL_FORM | GROUP_PART_IV_FORM | MCATOT | NHY_COMBINED_MAX | NP1CNST | NP1RTOT | NP3GAIT_COMBINED_MAX | NP3PSTBL_COMBINED_MAX | SCAU16 | Years_since_PD_diagnosis,Years_since_PD_diagnosis | Age | MCATOT | FRZGT12M | SCAU16 | GDS_TOTAL | NQ_GAUSSIAN_REVISION | NP1RTOT | BMI | NP3GAIT_COMBINED_MAX | NP3PSTBL_COMBINED_MAX | NHY_COMBINED_MAX | NP4TOT | NP1CNST | FOG_FORM_MISSING | NQ_FORM_MISSING | PART_IV_FORM_MISSING | DOPTHERST_Missing | DOPTHERST_No | DOPTHERST_Yes | DXBRADY_No | DXBRADY_Unknown | DXBRADY_Yes,0.06711766599983093,0.6487776227883415,0.6748251748251748,0.6682692307692307,0.6573426573426573,0.6923076923076923,,0.6923076923076923
42,stage_1,1,SEL_04,raw__l1__C=1.0,selector_configuration,final_26,l1,C=1.0,logistic,832,208,47,46,25,ANYFAMPD | Age | BMI | DOMSIDE | DOPTHERST | DXBRADY | DXPOSINS | DXRIGID | DXTREMOR | FEATPOSHYP | GDS_TOTAL | GROUP_FREEZING_FORM | GROUP_NEUROQOL_FORM | GROUP_PART_IV_FORM | MCATOT | NHY_COMBINED_MAX | NP1CNST | NP1RTOT | NP1SLPD | NP1URIN | NP3GAIT_COMBINED_MAX | NP3PSTBL_COMBINED_MAX | SCAU14 | SCAU16 | Years_since_PD_diagnosis,Years_since_PD_diagnosis | Age | MCATOT | FRZGT12M | SCAU14 | SCAU16 | GDS_TOTAL | NQ_GAUSSIAN_REVISION | NP1RTOT | BMI | NP1SLPD | NP1URIN | NP3GAIT_COMBINED_MAX | NP3PSTBL_COMBINED_MAX | NHY_COMBINED_MAX | NP4TOT | NP1CNST | FOG_FORM_MISSING | NQ_FORM_MISSING | PART_IV_FORM_MISSING | DXPOSINS_Missing | DXPOSINS_No | DXPOSINS_Unknown | DXPOSINS_Yes | DXRIGID_No | DXRIGID_Unknown | DXRIGID_Yes | DOPTHERST_Missing | DOPTHERST_No | DOPTHERST_Yes | FEATPOSHYP_No | FEATPOSHYP_Uncertain | FEATPOSHYP_Yes | ANYFAMPD_Missing | ANYFAMPD_No | ANYFAMPD_Yes | DXTREMOR_No | DXTREMOR_Unknown | DXTREMOR_Yes | DXBRADY_No | DXBRADY_Unknown | DXBRADY_Yes | DOMSIDE_Left | DOMSIDE_Right | DOMSIDE_Symmetric | DOMSIDE_Unknown,0.019327417001477443,0.641025641025641,0.662937062937063,0.6634615384615384,0.6643356643356644,0.6615384615384615,,0.6615384615384615
42,stage_1,1,SEL_05,raw__none__all,selector_configuration,final_26,none,all,extra_trees,832,208,47,47,26,ANYFAMPD | Age | BMI | DOMSIDE | DOPTHERST | DXBRADY | DXPOSINS | DXRIGID | DXTREMOR | FEATPOSHYP | GDS_TOTAL | GROUP_FREEZING_FORM | GROUP_NEUROQOL_FORM | GROUP_PART_IV_FORM | MCATOT | NHY_COMBINED_MAX | NP1CNST | NP1RTOT | NP1SLPD | NP1URIN | NP3GAIT_COMBINED_MAX | NP3PSTBL_COMBINED_MAX | NP3TOT_COMBINED_MAX | SCAU14 | SCAU16 | Years_since_PD_diagnosis,Years_since_PD_diagnosis | Age | MCATOT | FRZGT12M | SCAU14 | SCAU16 | GDS_TOTAL | NQ_GAUSSIAN_REVISION | NP1RTOT | BMI | NP1SLPD | NP1URIN | NP3GAIT_COMBINED_MAX | NP3PSTBL_COMBINED_MAX | NHY_COMBINED_MAX | NP3TOT_COMBINED_MAX | NP4TOT | NP1CNST | FOG_FORM_MISSING | NQ_FORM_MISSING | PART_IV_FORM_MISSING | DXPOSINS_Missing | DXPOSINS_No | DXPOSINS_Unknown | DXPOSINS_Yes | DXRIGID_No | DXRIGID_Unknown | DXRIGID_Yes | DOPTHERST_Missing | DOPTHERST_No | DOPTHERST_Yes | FEATPOSHYP_No | FEATPOSHYP_Uncertain | FEATPOSHYP_Yes | ANYFAMPD_Missing | ANYFAMPD_No | ANYFAMPD_Yes | DXTREMOR_No | DXTREMOR_Unknown | DXTREMOR_Yes | DXBRADY_No | DXBRADY_Unknown | DXBRADY_Yes | DOMSIDE_Left | DOMSIDE_Right | DOMSIDE_Symmetric | DOMSIDE_Unknown,0.18711616600194247,0.6829189054104712,0.7027972027972028,0.7067307692307693,0.7132867132867133,0.6923076923076923,,0.6923076923076923
42,stage_1,1,SEL_06,raw__corrected_fdr__q<=0.05,selector_configuration,final_26,corrected_fdr,q<=0.05,extra_trees,832,208,47,29,20,ANYFAMPD | Age | DOPTHERST | FEATPOSHYP | GDS_TOTAL | GROUP_FREEZING_FORM | GROUP_NEUROQOL_FORM | GROUP_PART_IV_FORM | MCATOT | NHY_COMBINED_MAX | NP1CNST | NP1RTOT | NP1SLPD | NP1URIN | NP3GAIT_COMBINED_MAX | NP3PSTBL_COMBINED_MAX | NP3TOT_COMBINED_MAX | SCAU14 | SCAU16 | Years_since_PD_diagnosis,Years_since_PD_diagnosis | Age | MCATOT | FRZGT12M | SCAU14 | SCAU16 | GDS_TOTAL | NQ_GAUSSIAN_REVISION | NP1RTOT | NP1SLPD | NP1URIN | NP3GAIT_COMBINED_MAX | NP3PSTBL_COMBINED_MAX | NHY_COMBINED_MAX | NP3TOT_COMBINED_MAX | NP4TOT | NP1CNST | FOG_FORM_MISSING | NQ_FORM_MISSING | PART_IV_FORM_MISSING | DOPTHERST_Missing | DOPTHERST_No | DOPTHERST_Yes | FEATPOSHYP_No | FEATPOSHYP_Uncertain | FEATPOSHYP_Yes | ANYFAMPD_Missing | ANYFAMPD_No | ANYFAMPD_Yes,0.1331767919982667,0.6829189054104712,0.7027972027972028,0.7067307692307693,0.7132867132867133,0.6923076923076923,,0.6923076923076923
42,stage_1,1,SEL_07,raw__extra_trees__threshold=median,selector_configuration,final_26,extra_trees,threshold=median,extra_trees,832,208,47,16,13,Age | GROUP_FREEZING_FORM | GROUP_NEUROQOL_FORM | GROUP_PART_IV_FORM | MCATOT | NHY_COMBINED_MAX | NP1CNST | NP1RTOT | NP1URIN | NP3GAIT_COMBINED_MAX | NP3PSTBL_COMBINED_MAX | NP3TOT_COMBINED_MAX | Years_since_PD_diagnosis,Years_since_PD_diagnosis | Age | MCATOT | FRZGT12M | NQ_GAUSSIAN_REVISION | NP1RTOT | NP1URIN | NP3GAIT_COMBINED_MAX | NP3PSTBL_COMBINED_MAX | NHY_COMBINED_MAX | NP3TOT_COMBINED_MAX | NP4TOT | NP1CNST | FOG_FORM_MISSING | NQ_FORM_MISSING | PART_IV_FORM_MISSING,0.0619885840023926,0.6734373466784418,0.7006993006993008,0.6923076923076923,0.6783216783216783,0.7230769230769231,,0.7230769230769231
42,stage_1,1,SEL_08,raw__extra_trees__threshold=1.25*median,selector_configuration,final_26,extra_trees,threshold=1.25*median,extra_trees,832,208,47,14,11,GROUP_FREEZING_FORM | GROUP_NEUROQOL_FORM | GROUP_PART_IV_FORM | NHY_COMBINED_MAX | NP1CNST | NP1RTOT | NP1URIN | NP3GAIT_COMBINED_MAX | NP3PSTBL_COMBINED_MAX | NP3TOT_COMBINED_MAX | Years_since_PD_diagnosis,Years_since_PD_diagnosis | FRZGT12M | NQ_GAUSSIAN_REVISION | NP1RTOT | NP1URIN | NP3GAIT_COMBINED_MAX | NP3PSTBL_COMBINED_MAX | NHY_COMBINED_MAX | NP3TOT_COMBINED_MAX | NP4TOT | NP1CNST | FOG_FORM_MISSING | NQ_FORM_MISSING | PART_IV_FORM_MISSING,0.061043417001201306,0.6717948717948719,0.6965034965034965,0.6923076923076923,0.6853146853146853,0.7076923076923077,,0.7076923076923077
42,stage_1,2,SEL_01,raw__none__all,selector_configuration,final_26,none,all,logistic,832,208,47,47,26,ANYFAMPD | Age | BMI | DOMSIDE | DOPTHERST | DXBRADY | DXPOSINS | DXRIGID | DXTREMOR | FEATPOSHYP | GDS_TOTAL | GROUP_FREEZING_FORM | GROUP_NEUROQOL_FORM | GROUP_PART_IV_FORM | MCATOT | NHY_COMBINED_MAX | NP1CNST | NP1RTOT | NP1SLPD | NP1URIN | NP3GAIT_COMBINED_MAX | NP3PSTBL_COMBINED_MAX | NP3TOT_COMBINED_MAX | SCAU14 | SCAU16 | Years_since_PD_diagnosis,Years_since_PD_diagnosis | Age | MCATOT | FRZGT12M | SCAU14 | SCAU16 | GDS_TOTAL | NQ_GAUSSIAN_REVISION | NP1RTOT | BMI | NP1SLPD | NP1URIN | NP3GAIT_COMBINED_MAX | NP3PSTBL_COMBINED_MAX | NHY_COMBINED_MAX | NP3TOT_COMBINED_MAX | NP4TOT | NP1CNST | FOG_FORM_MISSING | NQ_FORM_MISSING | PART_IV_FORM_MISSING | DXPOSINS_Missing | DXPOSINS_No | DXPOSINS_Unknown | DXPOSINS_Yes | DXRIGID_No | DXRIGID_Unknown | DXRIGID_Yes | DOPTHERST_Missing | DOPTHERST_No | DOPTHERST_Yes | FEATPOSHYP_No | FEATPOSHYP_Uncertain | FEATPOSHYP_Yes | ANYFAMPD_Missing | ANYFAMPD_No | ANYFAMPD_Yes | DXTREMOR_No | DXTREMOR_Unknown | DXTREMOR_Yes | DXBRADY_No | DXBRADY_Unknown | DXBRADY_Yes | DOMSIDE_Left | DOMSIDE_Right | DOMSIDE_Symmetric | DOMSIDE_Unknown,0.008391958999709459,0.6963820248149306,0.7014511310285958,0.7307692307692307,0.7816901408450704,0.6212121212121212,,0.6212121212121212
42,stage_1,2,SEL_02,raw__corrected_fdr__q<=0.05,selector_configuration,final_26,corrected_fdr,q<=0.05,logistic,832,208,47,29,20,ANYFAMPD | Age | DOPTHERST | DXBRADY | GDS_TOTAL | GROUP_FREEZING_FORM | GROUP_NEUROQOL_FORM | GROUP_PART_IV_FORM | MCATOT | NHY_COMBINED_MAX | NP1CNST | NP1RTOT | NP1SLPD | NP1URIN | NP3GAIT_COMBINED_MAX | NP3PSTBL_COMBINED_MAX | NP3TOT_COMBINED_MAX | SCAU14 | SCAU16 | Years_since_PD_diagnosis,Years_since_PD_diagnosis | Age | MCATOT | FRZGT12M | SCAU14 | SCAU16 | GDS_TOTAL | NQ_GAUSSIAN_REVISION | NP1RTOT | NP1SLPD | NP1URIN | NP3GAIT_COMBINED_MAX | NP3PSTBL_COMBINED_MAX | NHY_COMBINED_MAX | NP3TOT_COMBINED_MAX | NP4TOT | NP1CNST | FOG_FORM_MISSING | NQ_FORM_MISSING | PART_IV_FORM_MISSING | DOPTHERST_Missing | DOPTHERST_No | DOPTHERST_Yes | ANYFAMPD_Missing | ANYFAMPD_No | ANYFAMPD_Yes | DXBRADY_No | DXBRADY_Unknown | DXBRADY_Yes,0.006946000001335051,0.7049645390070922,0.7130815194195476,0.7355769230769231,0.7746478873239436,0.6515151515151515,,0.6515151515151515
42,stage_1,2,SEL_03,raw__l1__C=0.1,selector_configuration,final_26,l1,C=0.1,logistic,832,208,47,21,14,Age | BMI | DOPTHERST | FEATPOSHYP | GROUP_FREEZING_FORM | GROUP_NEUROQOL_FORM | GROUP_PART_IV_FORM | MCATOT | NP1CNST | NP1RTOT | NP3GAIT_COMBINED_MAX | NP3PSTBL_COMBINED_MAX | NP3TOT_COMBINED_MAX | Years_since_PD_diagnosis,Years_since_PD_diagnosis | Age | MCATOT | FRZGT12M | NQ_GAUSSIAN_REVISION | NP1RTOT | BMI | NP3GAIT_COMBINED_MAX | NP3PSTBL_COMBINED_MAX | NP3TOT_COMBINED_MAX | NP4TOT | NP1CNST | FOG_FORM_MISSING | NQ_FORM_MISSING | PART_IV_FORM_MISSING | DOPTHERST_Missing | DOPTHERST_No | DOPTHERST_Yes | FEATPOSHYP_No | FEATPOSHYP_Uncertain | FEATPOSHYP_Yes,0.006743124999047723,0.6898202652852994,0.6938753734528382,0.7259615384615384,0.7816901408450704,0.6060606060606061,,0.6060606060606061
42,stage_1,2,SEL_04,raw__l1__C=1.0,selector_configuration,final_26,l1,C=1.0,logistic,832,208,47,41,24,Age | BMI | DOMSIDE | DOPTHERST | DXBRADY | DXPOSINS | DXRIGID | FEATPOSHYP | GDS_TOTAL | GROUP_FREEZING_FORM | GROUP_NEUROQOL_FORM | GROUP_PART_IV_FORM | MCATOT | NHY_COMBINED_MAX | NP1CNST | NP1RTOT | NP1SLPD | NP1URIN | NP3GAIT_COMBINED_MAX | NP3PSTBL_COMBINED_MAX | NP3TOT_COMBINED_MAX | SCAU14 | SCAU16 | Years_since_PD_diagnosis,Years_since_PD_diagnosis | Age | MCATOT | FRZGT12M | SCAU14 | SCAU16 | GDS_TOTAL | NQ_GAUSSIAN_REVISION | NP1RTOT | BMI | NP1SLPD | NP1URIN | NP3GAIT_COMBINED_MAX | NP3PSTBL_COMBINED_MAX | NHY_COMBINED_MAX | NP3TOT_COMBINED_MAX | NP4TOT | NP1CNST | FOG_FORM_MISSING | NQ_FORM_MISSING | PART_IV_FORM_MISSING | DXPOSINS_Missing | DXPOSINS_No | DXPOSINS_Unknown | DXPOSINS_Yes | DXRIGID_No | DXRIGID_Unknown | DXRIGID_Yes | DOPTHERST_Missing | DOPTHERST_No | DOPTHERST_Yes | FEATPOSHYP_No | FEATPOSHYP_Uncertain | FEATPOSHYP_Yes | DXBRADY_No | DXBRADY_Unknown | DXBRADY_Yes | DOMSIDE_Left | DOMSIDE_Right | DOMSIDE_Symmetric | DOMSIDE_Unknown,0.012603916999069043,0.6898202652852994,0.6938753734528382,0.7259615384615384,0.7816901408450704,0.6060606060606061,,0.6060606060606061
42,stage_1,2,SEL_05,raw__none__all,selector_configuration,final_26,none,all,extra_trees,832,208,47,47,26,ANYFAMPD | Age | BMI | DOMSIDE | DOPTHERST | DXBRADY | DXPOSINS | DXRIGID | DXTREMOR | FEATPOSHYP | GDS_TOTAL | GROUP_FREEZING_FORM | GROUP_NEUROQOL_FORM | GROUP_PART_IV_FORM | MCATOT | NHY_COMBINED_MAX | NP1CNST | NP1RTOT | NP1SLPD | NP1URIN | NP3GAIT_COMBINED_MAX | NP3PSTBL_COMBINED_MAX | NP3TOT_COMBINED_MAX | SCAU14 | SCAU16 | Years_since_PD_diagnosis,Years_since_PD_diagnosis | Age | MCATOT | FRZGT12M | SCAU14 | SCAU16 | GDS_TOTAL | NQ_GAUSSIAN_REVISION | NP1RTOT | BMI | NP1SLPD | NP1URIN | NP3GAIT_COMBINED_MAX | NP3PSTBL_COMBINED_MAX | NHY_COMBINED_MAX | NP3TOT_COMBINED_MAX | NP4TOT | NP1CNST | FOG_FORM_MISSING | NQ_FORM_MISSING | PART_IV_FORM_MISSING | DXPOSINS_Missing | DXPOSINS_No | DXPOSINS_Unknown | DXPOSINS_Yes | DXRIGID_No | DXRIGID_Unknown | DXRIGID_Yes | DOPTHERST_Missing | DOPTHERST_No | DOPTHERST_Yes | FEATPOSHYP_No | FEATPOSHYP_Uncertain | FEATPOSHYP_Yes | ANYFAMPD_Missing | ANYFAMPD_No | ANYFAMPD_Yes | DXTREMOR_No | DXTREMOR_Unknown | DXTREMOR_Yes | DXBRADY_No | DXBRADY_Unknown | DXBRADY_Yes | DOMSIDE_Left | DOMSIDE_Right | DOMSIDE_Symmetric | DOMSIDE_Unknown,0.13753479200022412,0.7093167701863354,0.7166026461801109,0.7403846153846154,0.7816901408450704,0.6515151515151515,,0.6515151515151515
42,stage_1,2,SEL_06,raw__corrected_fdr__q<=0.05,selector_configuration,final_26,corrected_fdr,q<=0.05,extra_trees,832,208,47,29,20,ANYFAMPD | Age | DOPTHERST | DXBRADY | GDS_TOTAL | GROUP_FREEZING_FORM | GROUP_NEUROQOL_FORM | GROUP_PART_IV_FORM | MCATOT | NHY_COMBINED_MAX | NP1CNST | NP1RTOT | NP1SLPD | NP1URIN | NP3GAIT_COMBINED_MAX | NP3PSTBL_COMBINED_MAX | NP3TOT_COMBINED_MAX | SCAU14 | SCAU16 | Years_since_PD_diagnosis,Years_since_PD_diagnosis | Age | MCATOT | FRZGT12M | SCAU14 | SCAU16 | GDS_TOTAL | NQ_GAUSSIAN_REVISION | NP1RTOT | NP1SLPD | NP1URIN | NP3GAIT_COMBINED_MAX | NP3PSTBL_COMBINED_MAX | NHY_COMBINED_MAX | NP3TOT_COMBINED_MAX | NP4TOT | NP1CNST | FOG_FORM_MISSING | NQ_FORM_MISSING | PART_IV_FORM_MISSING | DOPTHERST_Missing | DOPTHERST_No | DOPTHERST_Yes | ANYFAMPD_Missing | ANYFAMPD_No | ANYFAMPD_Yes | DXBRADY_No | DXBRADY_Unknown | DXBRADY_Yes,0.10269633300049463,0.6915265314330241,0.7071062740076824,0.7163461538461539,0.7323943661971831,0.6818181818181818,,0.6818181818181818
42,stage_1,2,SEL_07,raw__extra_trees__threshold=median,selector_configuration,final_26,extra_trees,threshold=median,extra_trees,832,208,47,16,13,Age | GROUP_FREEZING_FORM | GROUP_NEUROQOL_FORM | GROUP_PART_IV_FORM | NHY_COMBINED_MAX | NP1CNST | NP1RTOT | NP1SLPD | NP1URIN | NP3GAIT_COMBINED_MAX | NP3PSTBL_COMBINED_MAX | NP3TOT_COMBINED_MAX | Years_since_PD_diagnosis,Years_since_PD_diagnosis | Age | FRZGT12M | NQ_GAUSSIAN_REVISION | NP1RTOT | NP1SLPD | NP1URIN | NP3GAIT_COMBINED_MAX | NP3PSTBL_COMBINED_MAX | NHY_COMBINED_MAX | NP3TOT_COMBINED_MAX | NP4TOT | NP1CNST | FOG_FORM_MISSING | NQ_FORM_MISSING | PART_IV_FORM_MISSING,0.06064433399660629,0.6771090469525385,0.6879001280409731,0.7067307692307693,0.7394366197183099,0.6363636363636364,,0.6363636363636364
42,stage_1,2,SEL_08,raw__extra_trees__threshold=1.25*median,selector_configuration,final_26,extra_trees,threshold=1.25*median,extra_trees,832,208,47,14,11,Age | GROUP_FREEZING_FORM | GROUP_NEUROQOL_FORM | GROUP_PART_IV_FORM | NHY_COMBINED_MAX | NP1CNST | NP1URIN | NP3GAIT_COMBINED_MAX | NP3PSTBL_COMBINED_MAX | NP3TOT_COMBINED_MAX | Years_since_PD_diagnosis,Years_since_PD_diagnosis | Age | FRZGT12M | NQ_GAUSSIAN_REVISION | NP1URIN | NP3GAIT_COMBINED_MAX | NP3PSTBL_COMBINED_MAX | NHY_COMBINED_MAX | NP3TOT_COMBINED_MAX | NP4TOT | NP1CNST | FOG_FORM_MISSING | NQ_FORM_MISSING | PART_IV_FORM_MISSING,0.06080116600060137,0.6686139139670738,0.6808578745198464,0.6971153846153846,0.7253521126760564,0.6363636363636364,,0.6363636363636364
42,stage_1,3,SEL_01,raw__none__all,selector_configuration,final_26,none,all,logistic,832,208,47,47,26,ANYFAMPD | Age | BMI | DOMSIDE | DOPTHERST | DXBRADY | DXPOSINS | DXRIGID | DXTREMOR | FEATPOSHYP | GDS_TOTAL | GROUP_FREEZING_FORM | GROUP_NEUROQOL_FORM | GROUP_PART_IV_FORM | MCATOT | NHY_COMBINED_MAX | NP1CNST | NP1RTOT | NP1SLPD | NP1URIN | NP3GAIT_COMBINED_MAX | NP3PSTBL_COMBINED_MAX | NP3TOT_COMBINED_MAX | SCAU14 | SCAU16 | Years_since_PD_diagnosis,Years_since_PD_diagnosis | Age | MCATOT | FRZGT12M | SCAU14 | SCAU16 | GDS_TOTAL | NQ_GAUSSIAN_REVISION | NP1RTOT | BMI | NP1SLPD | NP1URIN | NP3GAIT_COMBINED_MAX | NP3PSTBL_COMBINED_MAX | NHY_COMBINED_MAX | NP3TOT_COMBINED_MAX | NP4TOT | NP1CNST | FOG_FORM_MISSING | NQ_FORM_MISSING | PART_IV_FORM_MISSING | DXPOSINS_Missing | DXPOSINS_No | DXPOSINS_Unknown | DXPOSINS_Yes | DXRIGID_No | DXRIGID_Unknown | DXRIGID_Yes | DOPTHERST_Missing | DOPTHERST_No | DOPTHERST_Yes | FEATPOSHYP_No | FEATPOSHYP_Uncertain | FEATPOSHYP_Yes | ANYFAMPD_Missing | ANYFAMPD_No | ANYFAMPD_Yes | DXTREMOR_No | DXTREMOR_Unknown | DXTREMOR_Yes | DXBRADY_No | DXBRADY_Unknown | DXBRADY_Yes | DOMSIDE_Left | DOMSIDE_Right | DOMSIDE_Symmetric | DOMSIDE_Unknown,0.06252499999754946,0.7001744935892573,0.7141485275288092,0.7259615384615384,0.7464788732394366,0.6818181818181818,,0.6818181818181818
42,stage_1,3,SEL_02,raw__corrected_fdr__q<=0.05,selector_configuration,final_26,corrected_fdr,q<=0.05,logistic,832,208,47,29,20,ANYFAMPD | Age | DOPTHERST | DXBRADY | GDS_TOTAL | GROUP_FREEZING_FORM | GROUP_NEUROQOL_FORM | GROUP_PART_IV_FORM | MCATOT | NHY_COMBINED_MAX | NP1CNST | NP1RTOT | NP1SLPD | NP1URIN | NP3GAIT_COMBINED_MAX | NP3PSTBL_COMBINED_MAX | NP3TOT_COMBINED_MAX | SCAU14 | SCAU16 | Years_since_PD_diagnosis,Years_since_PD_diagnosis | Age | MCATOT | FRZGT12M | SCAU14 | SCAU16 | GDS_TOTAL | NQ_GAUSSIAN_REVISION | NP1RTOT | NP1SLPD | NP1URIN | NP3GAIT_COMBINED_MAX | NP3PSTBL_COMBINED_MAX | NHY_COMBINED_MAX | NP3TOT_COMBINED_MAX | NP4TOT | NP1CNST | FOG_FORM_MISSING | NQ_FORM_MISSING | PART_IV_FORM_MISSING | DOPTHERST_Missing | DOPTHERST_No | DOPTHERST_Yes | ANYFAMPD_Missing | ANYFAMPD_No | ANYFAMPD_Yes | DXBRADY_No | DXBRADY_Unknown | DXBRADY_Yes,0.003096833999734372,0.6748688987494957,0.6884336320956039,0.7019230769230769,0.7253521126760564,0.6515151515151515,,0.6515151515151515
42,stage_1,3,SEL_03,raw__l1__C=0.1,selector_configuration,final_26,l1,C=0.1,logistic,832,208,47,22,15,Age | BMI | DXBRADY | FEATPOSHYP | GROUP_FREEZING_FORM | GROUP_NEUROQOL_FORM | GROUP_PART_IV_FORM | MCATOT | NP1CNST | NP1RTOT | NP1URIN | NP3GAIT_COMBINED_MAX | NP3PSTBL_COMBINED_MAX | NP3TOT_COMBINED_MAX | Years_since_PD_diagnosis,Years_since_PD_diagnosis | Age | MCATOT | FRZGT12M | NQ_GAUSSIAN_REVISION | NP1RTOT | BMI | NP1URIN | NP3GAIT_COMBINED_MAX | NP3PSTBL_COMBINED_MAX | NP3TOT_COMBINED_MAX | NP4TOT | NP1CNST | FOG_FORM_MISSING | NQ_FORM_MISSING | PART_IV_FORM_MISSING | FEATPOSHYP_No | FEATPOSHYP_Uncertain | FEATPOSHYP_Yes | DXBRADY_No | DXBRADY_Unknown | DXBRADY_Yes,0.0075962080009048805,0.7106946867966517,0.7252454118651301,0.7355769230769231,0.7535211267605634,0.696969696969697,,0.696969696969697
42,stage_1,3,SEL_04,raw__l1__C=1.0,selector_configuration,final_26,l1,C=1.0,logistic,832,208,47,45,24,ANYFAMPD | Age | BMI | DOMSIDE | DOPTHERST | DXBRADY | DXPOSINS | DXRIGID | DXTREMOR | FEATPOSHYP | GROUP_FREEZING_FORM | GROUP_NEUROQOL_FORM | GROUP_PART_IV_FORM | MCATOT | NP1CNST | NP1RTOT | NP1SLPD | NP1URIN | NP3GAIT_COMBINED_MAX | NP3PSTBL_COMBINED_MAX | NP3TOT_COMBINED_MAX | SCAU14 | SCAU16 | Years_since_PD_diagnosis,Years_since_PD_diagnosis | Age | MCATOT | FRZGT12M | SCAU14 | SCAU16 | NQ_GAUSSIAN_REVISION | NP1RTOT | BMI | NP1SLPD | NP1URIN | NP3GAIT_COMBINED_MAX | NP3PSTBL_COMBINED_MAX | NP3TOT_COMBINED_MAX | NP4TOT | NP1CNST | FOG_FORM_MISSING | NQ_FORM_MISSING | PART_IV_FORM_MISSING | DXPOSINS_Missing | DXPOSINS_No | DXPOSINS_Unknown | DXPOSINS_Yes | DXRIGID_No | DXRIGID_Unknown | DXRIGID_Yes | DOPTHERST_Missing | DOPTHERST_No | DOPTHERST_Yes | FEATPOSHYP_No | FEATPOSHYP_Uncertain | FEATPOSHYP_Yes | ANYFAMPD_Missing | ANYFAMPD_No | ANYFAMPD_Yes | DXTREMOR_No | DXTREMOR_Unknown | DXTREMOR_Yes | DXBRADY_No | DXBRADY_Unknown | DXBRADY_Yes | DOMSIDE_Left | DOMSIDE_Right | DOMSIDE_Symmetric | DOMSIDE_Unknown,0.009236290999979246,0.7106946867966517,0.7252454118651301,0.7355769230769231,0.7535211267605634,0.696969696969697,,0.696969696969697
42,stage_1,3,SEL_05,raw__none__all,selector_configuration,final_26,none,all,extra_trees,832,208,47,47,26,ANYFAMPD | Age | BMI | DOMSIDE | DOPTHERST | DXBRADY | DXPOSINS | DXRIGID | DXTREMOR | FEATPOSHYP | GDS_TOTAL | GROUP_FREEZING_FORM | GROUP_NEUROQOL_FORM | GROUP_PART_IV_FORM | MCATOT | NHY_COMBINED_MAX | NP1CNST | NP1RTOT | NP1SLPD | NP1URIN | NP3GAIT_COMBINED_MAX | NP3PSTBL_COMBINED_MAX | NP3TOT_COMBINED_MAX | SCAU14 | SCAU16 | Years_since_PD_diagnosis,Years_since_PD_diagnosis | Age | MCATOT | FRZGT12M | SCAU14 | SCAU16 | GDS_TOTAL | NQ_GAUSSIAN_REVISION | NP1RTOT | BMI | NP1SLPD | NP1URIN | NP3GAIT_COMBINED_MAX | NP3PSTBL_COMBINED_MAX | NHY_COMBINED_MAX | NP3TOT_COMBINED_MAX | NP4TOT | NP1CNST | FOG_FORM_MISSING | NQ_FORM_MISSING | PART_IV_FORM_MISSING | DXPOSINS_Missing | DXPOSINS_No | DXPOSINS_Unknown | DXPOSINS_Yes | DXRIGID_No | DXRIGID_Unknown | DXRIGID_Yes | DOPTHERST_Missing | DOPTHERST_No | DOPTHERST_Yes | FEATPOSHYP_No | FEATPOSHYP_Uncertain | FEATPOSHYP_Yes | ANYFAMPD_Missing | ANYFAMPD_No | ANYFAMPD_Yes | DXTREMOR_No | DXTREMOR_Unknown | DXTREMOR_Yes | DXBRADY_No | DXBRADY_Unknown | DXBRADY_Yes | DOMSIDE_Left | DOMSIDE_Right | DOMSIDE_Symmetric | DOMSIDE_Unknown,0.10997575000146753,0.6939624556062912,0.7065727699530516,0.7211538461538461,0.7464788732394366,0.6666666666666666,,0.6666666666666666
42,stage_1,3,SEL_06,raw__corrected_fdr__q<=0.05,selector_configuration,final_26,corrected_fdr,q<=0.05,extra_trees,832,208,47,29,20,ANYFAMPD | Age | DOPTHERST | DXBRADY | GDS_TOTAL | GROUP_FREEZING_FORM | GROUP_NEUROQOL_FORM | GROUP_PART_IV_FORM | MCATOT | NHY_COMBINED_MAX | NP1CNST | NP1RTOT | NP1SLPD | NP1URIN | NP3GAIT_COMBINED_MAX | NP3PSTBL_COMBINED_MAX | NP3TOT_COMBINED_MAX | SCAU14 | SCAU16 | Years_since_PD_diagnosis,Years_since_PD_diagnosis | Age | MCATOT | FRZGT12M | SCAU14 | SCAU16 | GDS_TOTAL | NQ_GAUSSIAN_REVISION | NP1RTOT | NP1SLPD | NP1URIN | NP3GAIT_COMBINED_MAX | NP3PSTBL_COMBINED_MAX | NHY_COMBINED_MAX | NP3TOT_COMBINED_MAX | NP4TOT | NP1CNST | FOG_FORM_MISSING | NQ_FORM_MISSING | PART_IV_FORM_MISSING | DOPTHERST_Missing | DOPTHERST_No | DOPTHERST_Yes | ANYFAMPD_Missing | ANYFAMPD_No | ANYFAMPD_Yes | DXBRADY_No | DXBRADY_Unknown | DXBRADY_Yes,0.16436750000139,0.6976441102756892,0.7146820315834401,0.7211538461538461,0.7323943661971831,0.696969696969697,,0.696969696969697
42,stage_1,3,SEL_07,raw__extra_trees__threshold=median,selector_configuration,final_26,extra_trees,threshold=median,extra_trees,832,208,47,20,13,ANYFAMPD | DOPTHERST | GROUP_FREEZING_FORM | GROUP_NEUROQOL_FORM | GROUP_PART_IV_FORM | NHY_COMBINED_MAX | NP1CNST | NP1RTOT | NP1URIN | NP3GAIT_COMBINED_MAX | NP3PSTBL_COMBINED_MAX | NP3TOT_COMBINED_MAX | Years_since_PD_diagnosis,Years_since_PD_diagnosis | FRZGT12M | NQ_GAUSSIAN_REVISION | NP1RTOT | NP1URIN | NP3GAIT_COMBINED_MAX | NP3PSTBL_COMBINED_MAX | NHY_COMBINED_MAX | NP3TOT_COMBINED_MAX | NP4TOT | NP1CNST | FOG_FORM_MISSING | NQ_FORM_MISSING | PART_IV_FORM_MISSING | DOPTHERST_Missing | DOPTHERST_No | DOPTHERST_Yes | ANYFAMPD_Missing | ANYFAMPD_No | ANYFAMPD_Yes,0.05959966700174846,0.6791341071744683,0.6919547588561673,0.7067307692307693,0.7323943661971831,0.6515151515151515,,0.6515151515151515
42,stage_1,3,SEL_08,raw__extra_trees__threshold=1.25*median,selector_configuration,final_26,extra_trees,threshold=1.25*median,extra_trees,832,208,47,16,11,ANYFAMPD | GROUP_FREEZING_FORM | GROUP_NEUROQOL_FORM | GROUP_PART_IV_FORM | NHY_COMBINED_MAX | NP1CNST | NP1URIN | NP3GAIT_COMBINED_MAX | NP3PSTBL_COMBINED_MAX | NP3TOT_COMBINED_MAX | Years_since_PD_diagnosis,Years_since_PD_diagnosis | FRZGT12M | NQ_GAUSSIAN_REVISION | NP1URIN | NP3GAIT_COMBINED_MAX | NP3PSTBL_COMBINED_MAX | NHY_COMBINED_MAX | NP3TOT_COMBINED_MAX | NP4TOT | NP1CNST | FOG_FORM_MISSING | NQ_FORM_MISSING | PART_IV_FORM_MISSING | ANYFAMPD_Missing | ANYFAMPD_No | ANYFAMPD_Yes,0.07054320800307323,0.6771090469525385,0.6879001280409731,0.7067307692307693,0.7394366197183099,0.6363636363636364,,0.6363636363636364
42,stage_1,4,SEL_01,raw__none__all,selector_configuration,final_26,none,all,logistic,832,208,46,46,26,ANYFAMPD | Age | BMI | DOMSIDE | DOPTHERST | DXBRADY | DXPOSINS | DXRIGID | DXTREMOR | FEATPOSHYP | GDS_TOTAL | GROUP_FREEZING_FORM | GROUP_NEUROQOL_FORM | GROUP_PART_IV_FORM | MCATOT | NHY_COMBINED_MAX | NP1CNST | NP1RTOT | NP1SLPD | NP1URIN | NP3GAIT_COMBINED_MAX | NP3PSTBL_COMBINED_MAX | NP3TOT_COMBINED_MAX | SCAU14 | SCAU16 | Years_since_PD_diagnosis,Years_since_PD_diagnosis | Age | MCATOT | FRZGT12M | SCAU14 | SCAU16 | GDS_TOTAL | NQ_GAUSSIAN_REVISION | NP1RTOT | BMI | NP1SLPD | NP1URIN | NP3GAIT_COMBINED_MAX | NP3PSTBL_COMBINED_MAX | NHY_COMBINED_MAX | NP3TOT_COMBINED_MAX | NP4TOT | NP1CNST | FOG_FORM_MISSING | NQ_FORM_MISSING | PART_IV_FORM_MISSING | DXPOSINS_No | DXPOSINS_Unknown | DXPOSINS_Yes | DXRIGID_No | DXRIGID_Unknown | DXRIGID_Yes | DOPTHERST_Missing | DOPTHERST_No | DOPTHERST_Yes | FEATPOSHYP_No | FEATPOSHYP_Uncertain | FEATPOSHYP_Yes | ANYFAMPD_Missing | ANYFAMPD_No | ANYFAMPD_Yes | DXTREMOR_No | DXTREMOR_Unknown | DXTREMOR_Yes | DXBRADY_No | DXBRADY_Unknown | DXBRADY_Yes | DOMSIDE_Left | DOMSIDE_Right | DOMSIDE_Symmetric | DOMSIDE_Unknown,0.0035799590004899073,0.6835074145712443,0.6908877507469057,0.7163461538461539,0.7605633802816901,0.6212121212121212,,0.6212121212121212
42,stage_1,4,SEL_02,raw__corrected_fdr__q<=0.05,selector_configuration,final_26,corrected_fdr,q<=0.05,logistic,832,208,46,29,20,ANYFAMPD | Age | DOPTHERST | FEATPOSHYP | GDS_TOTAL | GROUP_FREEZING_FORM | GROUP_NEUROQOL_FORM | GROUP_PART_IV_FORM | MCATOT | NHY_COMBINED_MAX | NP1CNST | NP1RTOT | NP1SLPD | NP1URIN | NP3GAIT_COMBINED_MAX | NP3PSTBL_COMBINED_MAX | NP3TOT_COMBINED_MAX | SCAU14 | SCAU16 | Years_since_PD_diagnosis,Years_since_PD_diagnosis | Age | MCATOT | FRZGT12M | SCAU14 | SCAU16 | GDS_TOTAL | NQ_GAUSSIAN_REVISION | NP1RTOT | NP1SLPD | NP1URIN | NP3GAIT_COMBINED_MAX | NP3PSTBL_COMBINED_MAX | NHY_COMBINED_MAX | NP3TOT_COMBINED_MAX | NP4TOT | NP1CNST | FOG_FORM_MISSING | NQ_FORM_MISSING | PART_IV_FORM_MISSING | DOPTHERST_Missing | DOPTHERST_No | DOPTHERST_Yes | FEATPOSHYP_No | FEATPOSHYP_Uncertain | FEATPOSHYP_Yes | ANYFAMPD_Missing | ANYFAMPD_No | ANYFAMPD_Yes,0.0036976660012442153,0.6856476856476856,0.6949423815620999,0.7163461538461539,0.7535211267605634,0.6363636363636364,,0.6363636363636364
42,stage_1,4,SEL_03,raw__l1__C=0.1,selector_configuration,final_26,l1,C=0.1,logistic,832,208,46,20,15,Age | BMI | DOPTHERST | GDS_TOTAL | GROUP_FREEZING_FORM | GROUP_NEUROQOL_FORM | GROUP_PART_IV_FORM | MCATOT | NHY_COMBINED_MAX | NP1CNST | NP1RTOT | NP1URIN | NP3GAIT_COMBINED_MAX | NP3PSTBL_COMBINED_MAX | Years_since_PD_diagnosis,Years_since_PD_diagnosis | Age | MCATOT | FRZGT12M | GDS_TOTAL | NQ_GAUSSIAN_REVISION | NP1RTOT | BMI | NP1URIN | NP3GAIT_COMBINED_MAX | NP3PSTBL_COMBINED_MAX | NHY_COMBINED_MAX | NP4TOT | NP1CNST | FOG_FORM_MISSING | NQ_FORM_MISSING | PART_IV_FORM_MISSING | DOPTHERST_Missing | DOPTHERST_No | DOPTHERST_Yes,0.0052806249987042975,0.6874654013444048,0.689820742637644,0.7259615384615384,0.7887323943661971,0.5909090909090909,,0.5909090909090909
42,stage_1,4,SEL_04,raw__l1__C=1.0,selector_configuration,final_26,l1,C=1.0,logistic,832,208,46,45,25,ANYFAMPD | Age | BMI | DOMSIDE | DOPTHERST | DXBRADY | DXPOSINS | DXRIGID | DXTREMOR | FEATPOSHYP | GDS_TOTAL | GROUP_FREEZING_FORM | GROUP_NEUROQOL_FORM | GROUP_PART_IV_FORM | MCATOT | NHY_COMBINED_MAX | NP1CNST | NP1RTOT | NP1SLPD | NP1URIN | NP3GAIT_COMBINED_MAX | NP3TOT_COMBINED_MAX | SCAU14 | SCAU16 | Years_since_PD_diagnosis,Years_since_PD_diagnosis | Age | MCATOT | FRZGT12M | SCAU14 | SCAU16 | GDS_TOTAL | NQ_GAUSSIAN_REVISION | NP1RTOT | BMI | NP1SLPD | NP1URIN | NP3GAIT_COMBINED_MAX | NHY_COMBINED_MAX | NP3TOT_COMBINED_MAX | NP4TOT | NP1CNST | FOG_FORM_MISSING | NQ_FORM_MISSING | PART_IV_FORM_MISSING | DXPOSINS_No | DXPOSINS_Unknown | DXPOSINS_Yes | DXRIGID_No | DXRIGID_Unknown | DXRIGID_Yes | DOPTHERST_Missing | DOPTHERST_No | DOPTHERST_Yes | FEATPOSHYP_No | FEATPOSHYP_Uncertain | FEATPOSHYP_Yes | ANYFAMPD_Missing | ANYFAMPD_No | ANYFAMPD_Yes | DXTREMOR_No | DXTREMOR_Unknown | DXTREMOR_Yes | DXBRADY_No | DXBRADY_Unknown | DXBRADY_Yes | DOMSIDE_Left | DOMSIDE_Right | DOMSIDE_Symmetric | DOMSIDE_Unknown,0.004416209001647076,0.6835074145712443,0.6908877507469057,0.7163461538461539,0.7605633802816901,0.6212121212121212,,0.6212121212121212
42,stage_1,4,SEL_05,raw__none__all,selector_configuration,final_26,none,all,extra_trees,832,208,46,46,26,ANYFAMPD | Age | BMI | DOMSIDE | DOPTHERST | DXBRADY | DXPOSINS | DXRIGID | DXTREMOR | FEATPOSHYP | GDS_TOTAL | GROUP_FREEZING_FORM | GROUP_NEUROQOL_FORM | GROUP_PART_IV_FORM | MCATOT | NHY_COMBINED_MAX | NP1CNST | NP1RTOT | NP1SLPD | NP1URIN | NP3GAIT_COMBINED_MAX | NP3PSTBL_COMBINED_MAX | NP3TOT_COMBINED_MAX | SCAU14 | SCAU16 | Years_since_PD_diagnosis,Years_since_PD_diagnosis | Age | MCATOT | FRZGT12M | SCAU14 | SCAU16 | GDS_TOTAL | NQ_GAUSSIAN_REVISION | NP1RTOT | BMI | NP1SLPD | NP1URIN | NP3GAIT_COMBINED_MAX | NP3PSTBL_COMBINED_MAX | NHY_COMBINED_MAX | NP3TOT_COMBINED_MAX | NP4TOT | NP1CNST | FOG_FORM_MISSING | NQ_FORM_MISSING | PART_IV_FORM_MISSING | DXPOSINS_No | DXPOSINS_Unknown | DXPOSINS_Yes | DXRIGID_No | DXRIGID_Unknown | DXRIGID_Yes | DOPTHERST_Missing | DOPTHERST_No | DOPTHERST_Yes | FEATPOSHYP_No | FEATPOSHYP_Uncertain | FEATPOSHYP_Yes | ANYFAMPD_Missing | ANYFAMPD_No | ANYFAMPD_Yes | DXTREMOR_No | DXTREMOR_Unknown | DXTREMOR_Yes | DXBRADY_No | DXBRADY_Unknown | DXBRADY_Yes | DOMSIDE_Left | DOMSIDE_Right | DOMSIDE_Symmetric | DOMSIDE_Unknown,0.11877554199963924,0.6655331488071702,0.667626973965002,0.7067307692307693,0.7746478873239436,0.5606060606060606,,0.5606060606060606
42,stage_1,4,SEL_06,raw__corrected_fdr__q<=0.05,selector_configuration,final_26,corrected_fdr,q<=0.05,extra_trees,832,208,46,29,20,ANYFAMPD | Age | DOPTHERST | FEATPOSHYP | GDS_TOTAL | GROUP_FREEZING_FORM | GROUP_NEUROQOL_FORM | GROUP_PART_IV_FORM | MCATOT | NHY_COMBINED_MAX | NP1CNST | NP1RTOT | NP1SLPD | NP1URIN | NP3GAIT_COMBINED_MAX | NP3PSTBL_COMBINED_MAX | NP3TOT_COMBINED_MAX | SCAU14 | SCAU16 | Years_since_PD_diagnosis,Years_since_PD_diagnosis | Age | MCATOT | FRZGT12M | SCAU14 | SCAU16 | GDS_TOTAL | NQ_GAUSSIAN_REVISION | NP1RTOT | NP1SLPD | NP1URIN | NP3GAIT_COMBINED_MAX | NP3PSTBL_COMBINED_MAX | NHY_COMBINED_MAX | NP3TOT_COMBINED_MAX | NP4TOT | NP1CNST | FOG_FORM_MISSING | NQ_FORM_MISSING | PART_IV_FORM_MISSING | DOPTHERST_Missing | DOPTHERST_No | DOPTHERST_Yes | FEATPOSHYP_No | FEATPOSHYP_Uncertain | FEATPOSHYP_Yes | ANYFAMPD_Missing | ANYFAMPD_No | ANYFAMPD_Yes,0.11175812500005122,0.6898202652852994,0.6938753734528382,0.7259615384615384,0.7816901408450704,0.6060606060606061,,0.6060606060606061
42,stage_1,4,SEL_07,raw__extra_trees__threshold=median,selector_configuration,final_26,extra_trees,threshold=median,extra_trees,832,208,46,18,13,DOPTHERST | GDS_TOTAL | GROUP_FREEZING_FORM | GROUP_NEUROQOL_FORM | GROUP_PART_IV_FORM | NHY_COMBINED_MAX | NP1CNST | NP1RTOT | NP1SLPD | NP1URIN | NP3GAIT_COMBINED_MAX | NP3PSTBL_COMBINED_MAX | Years_since_PD_diagnosis,Years_since_PD_diagnosis | FRZGT12M | GDS_TOTAL | NQ_GAUSSIAN_REVISION | NP1RTOT | NP1SLPD | NP1URIN | NP3GAIT_COMBINED_MAX | NP3PSTBL_COMBINED_MAX | NHY_COMBINED_MAX | NP4TOT | NP1CNST | FOG_FORM_MISSING | NQ_FORM_MISSING | PART_IV_FORM_MISSING | DOPTHERST_Missing | DOPTHERST_No | DOPTHERST_Yes,0.05970454199996311,0.6554865424430641,0.6611182244985062,0.6923076923076923,0.7464788732394366,0.5757575757575758,,0.5757575757575758
42,stage_1,4,SEL_08,raw__extra_trees__threshold=1.25*median,selector_configuration,final_26,extra_trees,threshold=1.25*median,extra_trees,832,208,46,16,11,DOPTHERST | GROUP_FREEZING_FORM | GROUP_NEUROQOL_FORM | GROUP_PART_IV_FORM | NHY_COMBINED_MAX | NP1CNST | NP1RTOT | NP1URIN | NP3GAIT_COMBINED_MAX | NP3PSTBL_COMBINED_MAX | Years_since_PD_diagnosis,Years_since_PD_diagnosis | FRZGT12M | NQ_GAUSSIAN_REVISION | NP1RTOT | NP1URIN | NP3GAIT_COMBINED_MAX | NP3PSTBL_COMBINED_MAX | NHY_COMBINED_MAX | NP4TOT | NP1CNST | FOG_FORM_MISSING | NQ_FORM_MISSING | PART_IV_FORM_MISSING | DOPTHERST_Missing | DOPTHERST_No | DOPTHERST_Yes,0.060579875000257744,0.6813725490196079,0.6914212548015365,0.7115384615384616,0.7464788732394366,0.6363636363636364,,0.6363636363636364
42,stage_2,0,SEL_01,raw__none__all,selector_configuration,final_26,none,all,logistic,263,65,46,46,26,ANYFAMPD | Age | BMI | DOMSIDE | DOPTHERST | DXBRADY | DXPOSINS | DXRIGID | DXTREMOR | FEATPOSHYP | GDS_TOTAL | GROUP_FREEZING_FORM | GROUP_NEUROQOL_FORM | GROUP_PART_IV_FORM | MCATOT | NHY_COMBINED_MAX | NP1CNST | NP1RTOT | NP1SLPD | NP1URIN | NP3GAIT_COMBINED_MAX | NP3PSTBL_COMBINED_MAX | NP3TOT_COMBINED_MAX | SCAU14 | SCAU16 | Years_since_PD_diagnosis,Years_since_PD_diagnosis | Age | MCATOT | FRZGT12M | SCAU14 | SCAU16 | GDS_TOTAL | NQ_GAUSSIAN_REVISION | NP1RTOT | BMI | NP1SLPD | NP1URIN | NP3GAIT_COMBINED_MAX | NP3PSTBL_COMBINED_MAX | NHY_COMBINED_MAX | NP3TOT_COMBINED_MAX | NP4TOT | NP1CNST | FOG_FORM_MISSING | NQ_FORM_MISSING | PART_IV_FORM_MISSING | DXPOSINS_No | DXPOSINS_Unknown | DXPOSINS_Yes | DXRIGID_No | DXRIGID_Unknown | DXRIGID_Yes | DOPTHERST_Missing | DOPTHERST_No | DOPTHERST_Yes | FEATPOSHYP_No | FEATPOSHYP_Uncertain | FEATPOSHYP_Yes | ANYFAMPD_Missing | ANYFAMPD_No | ANYFAMPD_Yes | DXTREMOR_No | DXTREMOR_Unknown | DXTREMOR_Yes | DXBRADY_No | DXBRADY_Unknown | DXBRADY_Yes | DOMSIDE_Left | DOMSIDE_Right | DOMSIDE_Symmetric | DOMSIDE_Unknown,0.10616562500217697,0.732803507810359,0.7361111111111112,0.7692307692307693,0.8222222222222222,0.65,,0.8222222222222222
42,stage_2,0,SEL_02,raw__corrected_fdr__q<=0.05,selector_configuration,final_26,corrected_fdr,q<=0.05,logistic,263,65,46,19,14,ANYFAMPD | GDS_TOTAL | GROUP_FREEZING_FORM | GROUP_NEUROQOL_FORM | GROUP_PART_IV_FORM | NHY_COMBINED_MAX | NP1RTOT | NP1SLPD | NP1URIN | NP3GAIT_COMBINED_MAX | NP3PSTBL_COMBINED_MAX | NP3TOT_COMBINED_MAX | SCAU14 | Years_since_PD_diagnosis,Years_since_PD_diagnosis | FRZGT12M | SCAU14 | GDS_TOTAL | NQ_GAUSSIAN_REVISION | NP1RTOT | NP1SLPD | NP1URIN | NP3GAIT_COMBINED_MAX | NP3PSTBL_COMBINED_MAX | NHY_COMBINED_MAX | NP3TOT_COMBINED_MAX | NP4TOT | FOG_FORM_MISSING | NQ_FORM_MISSING | PART_IV_FORM_MISSING | ANYFAMPD_Missing | ANYFAMPD_No | ANYFAMPD_Yes,0.002951291000499623,0.7215923406399596,0.7555555555555555,0.7384615384615385,0.7111111111111111,0.8,,0.7111111111111111
42,stage_2,0,SEL_03,raw__l1__C=0.1,selector_configuration,final_26,l1,C=0.1,logistic,263,65,46,12,8,ANYFAMPD | GDS_TOTAL | GROUP_FREEZING_FORM | GROUP_PART_IV_FORM | NHY_COMBINED_MAX | NP1RTOT | SCAU14 | Years_since_PD_diagnosis,Years_since_PD_diagnosis | FRZGT12M | SCAU14 | GDS_TOTAL | NP1RTOT | NHY_COMBINED_MAX | NP4TOT | FOG_FORM_MISSING | PART_IV_FORM_MISSING | ANYFAMPD_Missing | ANYFAMPD_No | ANYFAMPD_Yes,0.0019256250016042031,0.7543461829176115,0.7916666666666666,0.7692307692307693,0.7333333333333333,0.85,,0.7333333333333333
42,stage_2,0,SEL_04,raw__l1__C=1.0,selector_configuration,final_26,l1,C=1.0,logistic,263,65,46,44,24,ANYFAMPD | Age | BMI | DOMSIDE | DOPTHERST | DXBRADY | DXPOSINS | DXRIGID | DXTREMOR | FEATPOSHYP | GDS_TOTAL | GROUP_FREEZING_FORM | GROUP_NEUROQOL_FORM | GROUP_PART_IV_FORM | MCATOT | NHY_COMBINED_MAX | NP1CNST | NP1RTOT | NP1URIN | NP3PSTBL_COMBINED_MAX | NP3TOT_COMBINED_MAX | SCAU14 | SCAU16 | Years_since_PD_diagnosis,Years_since_PD_diagnosis | Age | MCATOT | FRZGT12M | SCAU14 | SCAU16 | GDS_TOTAL | NQ_GAUSSIAN_REVISION | NP1RTOT | BMI | NP1URIN | NP3PSTBL_COMBINED_MAX | NHY_COMBINED_MAX | NP3TOT_COMBINED_MAX | NP4TOT | NP1CNST | FOG_FORM_MISSING | NQ_FORM_MISSING | PART_IV_FORM_MISSING | DXPOSINS_No | DXPOSINS_Unknown | DXPOSINS_Yes | DXRIGID_No | DXRIGID_Unknown | DXRIGID_Yes | DOPTHERST_Missing | DOPTHERST_No | DOPTHERST_Yes | FEATPOSHYP_No | FEATPOSHYP_Uncertain | FEATPOSHYP_Yes | ANYFAMPD_Missing | ANYFAMPD_No | ANYFAMPD_Yes | DXTREMOR_No | DXTREMOR_Unknown | DXTREMOR_Yes | DXBRADY_No | DXBRADY_Unknown | DXBRADY_Yes | DOMSIDE_Left | DOMSIDE_Right | DOMSIDE_Symmetric | DOMSIDE_Unknown,0.0070234999984677415,0.732803507810359,0.7361111111111112,0.7692307692307693,0.8222222222222222,0.65,,0.8222222222222222
42,stage_2,0,SEL_05,raw__none__all,selector_configuration,final_26,none,all,extra_trees,263,65,46,46,26,ANYFAMPD | Age | BMI | DOMSIDE | DOPTHERST | DXBRADY | DXPOSINS | DXRIGID | DXTREMOR | FEATPOSHYP | GDS_TOTAL | GROUP_FREEZING_FORM | GROUP_NEUROQOL_FORM | GROUP_PART_IV_FORM | MCATOT | NHY_COMBINED_MAX | NP1CNST | NP1RTOT | NP1SLPD | NP1URIN | NP3GAIT_COMBINED_MAX | NP3PSTBL_COMBINED_MAX | NP3TOT_COMBINED_MAX | SCAU14 | SCAU16 | Years_since_PD_diagnosis,Years_since_PD_diagnosis | Age | MCATOT | FRZGT12M | SCAU14 | SCAU16 | GDS_TOTAL | NQ_GAUSSIAN_REVISION | NP1RTOT | BMI | NP1SLPD | NP1URIN | NP3GAIT_COMBINED_MAX | NP3PSTBL_COMBINED_MAX | NHY_COMBINED_MAX | NP3TOT_COMBINED_MAX | NP4TOT | NP1CNST | FOG_FORM_MISSING | NQ_FORM_MISSING | PART_IV_FORM_MISSING | DXPOSINS_No | DXPOSINS_Unknown | DXPOSINS_Yes | DXRIGID_No | DXRIGID_Unknown | DXRIGID_Yes | DOPTHERST_Missing | DOPTHERST_No | DOPTHERST_Yes | FEATPOSHYP_No | FEATPOSHYP_Uncertain | FEATPOSHYP_Yes | ANYFAMPD_Missing | ANYFAMPD_No | ANYFAMPD_Yes | DXTREMOR_No | DXTREMOR_Unknown | DXTREMOR_Yes | DXBRADY_No | DXBRADY_Unknown | DXBRADY_Yes | DOMSIDE_Left | DOMSIDE_Right | DOMSIDE_Symmetric | DOMSIDE_Unknown,0.077370000002702,0.7595137420718816,0.775,0.7846153846153846,0.8,0.75,,0.8
42,stage_2,0,SEL_06,raw__corrected_fdr__q<=0.05,selector_configuration,final_26,corrected_fdr,q<=0.05,extra_trees,263,65,46,19,14,ANYFAMPD | GDS_TOTAL | GROUP_FREEZING_FORM | GROUP_NEUROQOL_FORM | GROUP_PART_IV_FORM | NHY_COMBINED_MAX | NP1RTOT | NP1SLPD | NP1URIN | NP3GAIT_COMBINED_MAX | NP3PSTBL_COMBINED_MAX | NP3TOT_COMBINED_MAX | SCAU14 | Years_since_PD_diagnosis,Years_since_PD_diagnosis | FRZGT12M | SCAU14 | GDS_TOTAL | NQ_GAUSSIAN_REVISION | NP1RTOT | NP1SLPD | NP1URIN | NP3GAIT_COMBINED_MAX | NP3PSTBL_COMBINED_MAX | NHY_COMBINED_MAX | NP3TOT_COMBINED_MAX | NP4TOT | FOG_FORM_MISSING | NQ_FORM_MISSING | PART_IV_FORM_MISSING | ANYFAMPD_Missing | ANYFAMPD_No | ANYFAMPD_Yes,0.10600025000167079,0.7215923406399596,0.7555555555555555,0.7384615384615385,0.7111111111111111,0.8,,0.7111111111111111
42,stage_2,0,SEL_07,raw__extra_trees__threshold=median,selector_configuration,final_26,extra_trees,threshold=median,extra_trees,263,65,46,25,13,ANYFAMPD | DOMSIDE | DOPTHERST | FEATPOSHYP | GROUP_FREEZING_FORM | GROUP_NEUROQOL_FORM | GROUP_PART_IV_FORM | NHY_COMBINED_MAX | NP1RTOT | NP3GAIT_COMBINED_MAX | NP3PSTBL_COMBINED_MAX | SCAU14 | Years_since_PD_diagnosis,Years_since_PD_diagnosis | FRZGT12M | SCAU14 | NQ_GAUSSIAN_REVISION | NP1RTOT | NP3GAIT_COMBINED_MAX | NP3PSTBL_COMBINED_MAX | NHY_COMBINED_MAX | NP4TOT | FOG_FORM_MISSING | NQ_FORM_MISSING | PART_IV_FORM_MISSING | DOPTHERST_Missing | DOPTHERST_No | DOPTHERST_Yes | FEATPOSHYP_No | FEATPOSHYP_Uncertain | FEATPOSHYP_Yes | ANYFAMPD_Missing | ANYFAMPD_No | ANYFAMPD_Yes | DOMSIDE_Left | DOMSIDE_Right | DOMSIDE_Symmetric | DOMSIDE_Unknown,0.05305916699944646,0.7684297067689778,0.7722222222222221,0.8,0.8444444444444444,0.7,,0.8444444444444444
42,stage_2,0,SEL_08,raw__extra_trees__threshold=1.25*median,selector_configuration,final_26,extra_trees,threshold=1.25*median,extra_trees,263,65,46,23,11,ANYFAMPD | DOMSIDE | DOPTHERST | FEATPOSHYP | GROUP_FREEZING_FORM | GROUP_NEUROQOL_FORM | GROUP_PART_IV_FORM | NHY_COMBINED_MAX | NP3GAIT_COMBINED_MAX | SCAU14 | Years_since_PD_diagnosis,Years_since_PD_diagnosis | FRZGT12M | SCAU14 | NQ_GAUSSIAN_REVISION | NP3GAIT_COMBINED_MAX | NHY_COMBINED_MAX | NP4TOT | FOG_FORM_MISSING | NQ_FORM_MISSING | PART_IV_FORM_MISSING | DOPTHERST_Missing | DOPTHERST_No | DOPTHERST_Yes | FEATPOSHYP_No | FEATPOSHYP_Uncertain | FEATPOSHYP_Yes | ANYFAMPD_Missing | ANYFAMPD_No | ANYFAMPD_Yes | DOMSIDE_Left | DOMSIDE_Right | DOMSIDE_Symmetric | DOMSIDE_Unknown,0.062071125001239125,0.6972049689440993,0.7166666666666666,0.7230769230769231,0.7333333333333333,0.7,,0.7333333333333333
42,stage_2,1,SEL_01,raw__none__all,selector_configuration,final_26,none,all,logistic,263,65,46,46,26,ANYFAMPD | Age | BMI | DOMSIDE | DOPTHERST | DXBRADY | DXPOSINS | DXRIGID | DXTREMOR | FEATPOSHYP | GDS_TOTAL | GROUP_FREEZING_FORM | GROUP_NEUROQOL_FORM | GROUP_PART_IV_FORM | MCATOT | NHY_COMBINED_MAX | NP1CNST | NP1RTOT | NP1SLPD | NP1URIN | NP3GAIT_COMBINED_MAX | NP3PSTBL_COMBINED_MAX | NP3TOT_COMBINED_MAX | SCAU14 | SCAU16 | Years_since_PD_diagnosis,Years_since_PD_diagnosis | Age | MCATOT | FRZGT12M | SCAU14 | SCAU16 | GDS_TOTAL | NQ_GAUSSIAN_REVISION | NP1RTOT | BMI | NP1SLPD | NP1URIN | NP3GAIT_COMBINED_MAX | NP3PSTBL_COMBINED_MAX | NHY_COMBINED_MAX | NP3TOT_COMBINED_MAX | NP4TOT | NP1CNST | FOG_FORM_MISSING | NQ_FORM_MISSING | PART_IV_FORM_MISSING | DXPOSINS_No | DXPOSINS_Unknown | DXPOSINS_Yes | DXRIGID_No | DXRIGID_Unknown | DXRIGID_Yes | DOPTHERST_Missing | DOPTHERST_No | DOPTHERST_Yes | FEATPOSHYP_No | FEATPOSHYP_Uncertain | FEATPOSHYP_Yes | ANYFAMPD_Missing | ANYFAMPD_No | ANYFAMPD_Yes | DXTREMOR_No | DXTREMOR_Unknown | DXTREMOR_Yes | DXBRADY_No | DXBRADY_Unknown | DXBRADY_Yes | DOMSIDE_Left | DOMSIDE_Right | DOMSIDE_Symmetric | DOMSIDE_Unknown,0.003826749998552259,0.587737843551797,0.5944444444444444,0.6307692307692307,0.6888888888888889,0.5,,0.6888888888888889
42,stage_2,1,SEL_02,raw__corrected_fdr__q<=0.05,selector_configuration,final_26,corrected_fdr,q<=0.05,logistic,263,65,46,17,14,GDS_TOTAL | GROUP_FREEZING_FORM | GROUP_NEUROQOL_FORM | GROUP_PART_IV_FORM | NHY_COMBINED_MAX | NP1RTOT | NP1SLPD | NP1URIN | NP3GAIT_COMBINED_MAX | NP3PSTBL_COMBINED_MAX | NP3TOT_COMBINED_MAX | SCAU14 | SCAU16 | Years_since_PD_diagnosis,Years_since_PD_diagnosis | FRZGT12M | SCAU14 | SCAU16 | GDS_TOTAL | NQ_GAUSSIAN_REVISION | NP1RTOT | NP1SLPD | NP1URIN | NP3GAIT_COMBINED_MAX | NP3PSTBL_COMBINED_MAX | NHY_COMBINED_MAX | NP3TOT_COMBINED_MAX | NP4TOT | FOG_FORM_MISSING | NQ_FORM_MISSING | PART_IV_FORM_MISSING,0.00695258400082821,0.6351242983159583,0.6416666666666666,0.676923076923077,0.7333333333333333,0.55,,0.7333333333333333
42,stage_2,1,SEL_03,raw__l1__C=0.1,selector_configuration,final_26,l1,C=0.1,logistic,263,65,46,12,9,BMI | GDS_TOTAL | GROUP_FREEZING_FORM | GROUP_NEUROQOL_FORM | GROUP_PART_IV_FORM | NHY_COMBINED_MAX | NP1URIN | SCAU14 | Years_since_PD_diagnosis,Years_since_PD_diagnosis | FRZGT12M | SCAU14 | GDS_TOTAL | NQ_GAUSSIAN_REVISION | BMI | NP1URIN | NHY_COMBINED_MAX | NP4TOT | FOG_FORM_MISSING | NQ_FORM_MISSING | PART_IV_FORM_MISSING,0.0028916250012116507,0.6431372549019607,0.6555555555555556,0.676923076923077,0.7111111111111111,0.6,,0.7111111111111111
42,stage_2,1,SEL_04,raw__l1__C=1.0,selector_configuration,final_26,l1,C=1.0,logistic,263,65,46,41,23,ANYFAMPD | Age | BMI | DOMSIDE | DOPTHERST | DXBRADY | DXPOSINS | DXTREMOR | FEATPOSHYP | GDS_TOTAL | GROUP_FREEZING_FORM | GROUP_NEUROQOL_FORM | GROUP_PART_IV_FORM | MCATOT | NHY_COMBINED_MAX | NP1CNST | NP1RTOT | NP1SLPD | NP1URIN | NP3GAIT_COMBINED_MAX | NP3PSTBL_COMBINED_MAX | SCAU14 | Years_since_PD_diagnosis,Years_since_PD_diagnosis | Age | MCATOT | FRZGT12M | SCAU14 | GDS_TOTAL | NQ_GAUSSIAN_REVISION | NP1RTOT | BMI | NP1SLPD | NP1URIN | NP3GAIT_COMBINED_MAX | NP3PSTBL_COMBINED_MAX | NHY_COMBINED_MAX | NP4TOT | NP1CNST | FOG_FORM_MISSING | NQ_FORM_MISSING | PART_IV_FORM_MISSING | DXPOSINS_No | DXPOSINS_Unknown | DXPOSINS_Yes | DOPTHERST_Missing | DOPTHERST_No | DOPTHERST_Yes | FEATPOSHYP_No | FEATPOSHYP_Uncertain | FEATPOSHYP_Yes | ANYFAMPD_Missing | ANYFAMPD_No | ANYFAMPD_Yes | DXTREMOR_No | DXTREMOR_Unknown | DXTREMOR_Yes | DXBRADY_No | DXBRADY_Unknown | DXBRADY_Yes | DOMSIDE_Left | DOMSIDE_Right | DOMSIDE_Symmetric | DOMSIDE_Unknown,0.0031859160008025356,0.6091503267973856,0.6194444444444445,0.6461538461538462,0.6888888888888889,0.55,,0.6888888888888889
42,stage_2,1,SEL_05,raw__none__all,selector_configuration,final_26,none,all,extra_trees,263,65,46,46,26,ANYFAMPD | Age | BMI | DOMSIDE | DOPTHERST | DXBRADY | DXPOSINS | DXRIGID | DXTREMOR | FEATPOSHYP | GDS_TOTAL | GROUP_FREEZING_FORM | GROUP_NEUROQOL_FORM | GROUP_PART_IV_FORM | MCATOT | NHY_COMBINED_MAX | NP1CNST | NP1RTOT | NP1SLPD | NP1URIN | NP3GAIT_COMBINED_MAX | NP3PSTBL_COMBINED_MAX | NP3TOT_COMBINED_MAX | SCAU14 | SCAU16 | Years_since_PD_diagnosis,Years_since_PD_diagnosis | Age | MCATOT | FRZGT12M | SCAU14 | SCAU16 | GDS_TOTAL | NQ_GAUSSIAN_REVISION | NP1RTOT | BMI | NP1SLPD | NP1URIN | NP3GAIT_COMBINED_MAX | NP3PSTBL_COMBINED_MAX | NHY_COMBINED_MAX | NP3TOT_COMBINED_MAX | NP4TOT | NP1CNST | FOG_FORM_MISSING | NQ_FORM_MISSING | PART_IV_FORM_MISSING | DXPOSINS_No | DXPOSINS_Unknown | DXPOSINS_Yes | DXRIGID_No | DXRIGID_Unknown | DXRIGID_Yes | DOPTHERST_Missing | DOPTHERST_No | DOPTHERST_Yes | FEATPOSHYP_No | FEATPOSHYP_Uncertain | FEATPOSHYP_Yes | ANYFAMPD_Missing | ANYFAMPD_No | ANYFAMPD_Yes | DXTREMOR_No | DXTREMOR_Unknown | DXTREMOR_Yes | DXBRADY_No | DXBRADY_Unknown | DXBRADY_Yes | DOMSIDE_Left | DOMSIDE_Right | DOMSIDE_Symmetric | DOMSIDE_Unknown,0.08593141700112028,0.6130952380952381,0.6166666666666667,0.6615384615384615,0.7333333333333333,0.5,,0.7333333333333333
42,stage_2,1,SEL_06,raw__corrected_fdr__q<=0.05,selector_configuration,final_26,corrected_fdr,q<=0.05,extra_trees,263,65,46,17,14,GDS_TOTAL | GROUP_FREEZING_FORM | GROUP_NEUROQOL_FORM | GROUP_PART_IV_FORM | NHY_COMBINED_MAX | NP1RTOT | NP1SLPD | NP1URIN | NP3GAIT_COMBINED_MAX | NP3PSTBL_COMBINED_MAX | NP3TOT_COMBINED_MAX | SCAU14 | SCAU16 | Years_since_PD_diagnosis,Years_since_PD_diagnosis | FRZGT12M | SCAU14 | SCAU16 | GDS_TOTAL | NQ_GAUSSIAN_REVISION | NP1RTOT | NP1SLPD | NP1URIN | NP3GAIT_COMBINED_MAX | NP3PSTBL_COMBINED_MAX | NHY_COMBINED_MAX | NP3TOT_COMBINED_MAX | NP4TOT | FOG_FORM_MISSING | NQ_FORM_MISSING | PART_IV_FORM_MISSING,0.1348012079979526,0.677124183006536,0.6916666666666667,0.7076923076923077,0.7333333333333333,0.65,,0.7333333333333333
42,stage_2,1,SEL_07,raw__extra_trees__threshold=median,selector_configuration,final_26,extra_trees,threshold=median,extra_trees,263,65,46,23,13,ANYFAMPD | DOMSIDE | DXBRADY | GROUP_FREEZING_FORM | GROUP_NEUROQOL_FORM | GROUP_PART_IV_FORM | NHY_COMBINED_MAX | NP1RTOT | NP1URIN | NP3GAIT_COMBINED_MAX | NP3PSTBL_COMBINED_MAX | SCAU14 | Years_since_PD_diagnosis,Years_since_PD_diagnosis | FRZGT12M | SCAU14 | NQ_GAUSSIAN_REVISION | NP1RTOT | NP1URIN | NP3GAIT_COMBINED_MAX | NP3PSTBL_COMBINED_MAX | NHY_COMBINED_MAX | NP4TOT | FOG_FORM_MISSING | NQ_FORM_MISSING | PART_IV_FORM_MISSING | ANYFAMPD_Missing | ANYFAMPD_No | ANYFAMPD_Yes | DXBRADY_No | DXBRADY_Unknown | DXBRADY_Yes | DOMSIDE_Left | DOMSIDE_Right | DOMSIDE_Symmetric | DOMSIDE_Unknown,0.052615666998462984,0.6635610766045548,0.6805555555555556,0.6923076923076923,0.7111111111111111,0.65,,0.7111111111111111
42,stage_2,1,SEL_08,raw__extra_trees__threshold=1.25*median,selector_configuration,final_26,extra_trees,threshold=1.25*median,extra_trees,263,65,46,16,10,DOMSIDE | GROUP_FREEZING_FORM | GROUP_NEUROQOL_FORM | GROUP_PART_IV_FORM | NHY_COMBINED_MAX | NP1URIN | NP3GAIT_COMBINED_MAX | NP3PSTBL_COMBINED_MAX | SCAU14 | Years_since_PD_diagnosis,Years_since_PD_diagnosis | FRZGT12M | SCAU14 | NQ_GAUSSIAN_REVISION | NP1URIN | NP3GAIT_COMBINED_MAX | NP3PSTBL_COMBINED_MAX | NHY_COMBINED_MAX | NP4TOT | FOG_FORM_MISSING | NQ_FORM_MISSING | PART_IV_FORM_MISSING | DOMSIDE_Left | DOMSIDE_Right | DOMSIDE_Symmetric | DOMSIDE_Unknown,0.06243900000117719,0.6834415584415584,0.6888888888888889,0.7230769230769231,0.7777777777777778,0.6,,0.7777777777777778
42,stage_2,2,SEL_01,raw__none__all,selector_configuration,final_26,none,all,logistic,262,66,46,46,26,ANYFAMPD | Age | BMI | DOMSIDE | DOPTHERST | DXBRADY | DXPOSINS | DXRIGID | DXTREMOR | FEATPOSHYP | GDS_TOTAL | GROUP_FREEZING_FORM | GROUP_NEUROQOL_FORM | GROUP_PART_IV_FORM | MCATOT | NHY_COMBINED_MAX | NP1CNST | NP1RTOT | NP1SLPD | NP1URIN | NP3GAIT_COMBINED_MAX | NP3PSTBL_COMBINED_MAX | NP3TOT_COMBINED_MAX | SCAU14 | SCAU16 | Years_since_PD_diagnosis,Years_since_PD_diagnosis | Age | MCATOT | FRZGT12M | SCAU14 | SCAU16 | GDS_TOTAL | NQ_GAUSSIAN_REVISION | NP1RTOT | BMI | NP1SLPD | NP1URIN | NP3GAIT_COMBINED_MAX | NP3PSTBL_COMBINED_MAX | NHY_COMBINED_MAX | NP3TOT_COMBINED_MAX | NP4TOT | NP1CNST | FOG_FORM_MISSING | NQ_FORM_MISSING | PART_IV_FORM_MISSING | DXPOSINS_No | DXPOSINS_Unknown | DXPOSINS_Yes | DXRIGID_No | DXRIGID_Unknown | DXRIGID_Yes | DOPTHERST_Missing | DOPTHERST_No | DOPTHERST_Yes | FEATPOSHYP_No | FEATPOSHYP_Uncertain | FEATPOSHYP_Yes | ANYFAMPD_Missing | ANYFAMPD_No | ANYFAMPD_Yes | DXTREMOR_No | DXTREMOR_Unknown | DXTREMOR_Yes | DXBRADY_No | DXBRADY_Unknown | DXBRADY_Yes | DOMSIDE_Left | DOMSIDE_Right | DOMSIDE_Symmetric | DOMSIDE_Unknown,0.003943957999581471,0.6857142857142857,0.6857142857142857,0.7272727272727273,0.8,0.5714285714285714,,0.8
42,stage_2,2,SEL_02,raw__corrected_fdr__q<=0.05,selector_configuration,final_26,corrected_fdr,q<=0.05,logistic,262,66,46,15,12,GROUP_FREEZING_FORM | GROUP_NEUROQOL_FORM | GROUP_PART_IV_FORM | NHY_COMBINED_MAX | NP1RTOT | NP1SLPD | NP1URIN | NP3GAIT_COMBINED_MAX | NP3PSTBL_COMBINED_MAX | NP3TOT_COMBINED_MAX | SCAU14 | Years_since_PD_diagnosis,Years_since_PD_diagnosis | FRZGT12M | SCAU14 | NQ_GAUSSIAN_REVISION | NP1RTOT | NP1SLPD | NP1URIN | NP3GAIT_COMBINED_MAX | NP3PSTBL_COMBINED_MAX | NHY_COMBINED_MAX | NP3TOT_COMBINED_MAX | NP4TOT | FOG_FORM_MISSING | NQ_FORM_MISSING | PART_IV_FORM_MISSING,0.015008042002591537,0.6674132138857782,0.6603174603174603,0.7272727272727273,0.8444444444444444,0.47619047619047616,,0.8444444444444444
42,stage_2,2,SEL_03,raw__l1__C=0.1,selector_configuration,final_26,l1,C=0.1,logistic,262,66,46,12,7,ANYFAMPD | GROUP_FREEZING_FORM | GROUP_NEUROQOL_FORM | GROUP_PART_IV_FORM | NHY_COMBINED_MAX | NP1RTOT | SCAU14,FRZGT12M | SCAU14 | NQ_GAUSSIAN_REVISION | NP1RTOT | NHY_COMBINED_MAX | NP4TOT | FOG_FORM_MISSING | NQ_FORM_MISSING | PART_IV_FORM_MISSING | ANYFAMPD_Missing | ANYFAMPD_No | ANYFAMPD_Yes,0.003205082997737918,0.7346555883141249,0.7317460317460318,0.7727272727272727,0.8444444444444444,0.6190476190476191,,0.8444444444444444
42,stage_2,2,SEL_04,raw__l1__C=1.0,selector_configuration,final_26,l1,C=1.0,logistic,262,66,46,38,20,ANYFAMPD | Age | BMI | DOMSIDE | DOPTHERST | DXPOSINS | DXRIGID | DXTREMOR | FEATPOSHYP | GDS_TOTAL | GROUP_FREEZING_FORM | GROUP_NEUROQOL_FORM | GROUP_PART_IV_FORM | NHY_COMBINED_MAX | NP1CNST | NP1RTOT | NP3TOT_COMBINED_MAX | SCAU14 | SCAU16 | Years_since_PD_diagnosis,Years_since_PD_diagnosis | Age | FRZGT12M | SCAU14 | SCAU16 | GDS_TOTAL | NQ_GAUSSIAN_REVISION | NP1RTOT | BMI | NHY_COMBINED_MAX | NP3TOT_COMBINED_MAX | NP4TOT | NP1CNST | FOG_FORM_MISSING | NQ_FORM_MISSING | PART_IV_FORM_MISSING | DXPOSINS_No | DXPOSINS_Unknown | DXPOSINS_Yes | DXRIGID_No | DXRIGID_Unknown | DXRIGID_Yes | DOPTHERST_Missing | DOPTHERST_No | DOPTHERST_Yes | FEATPOSHYP_No | FEATPOSHYP_Uncertain | FEATPOSHYP_Yes | ANYFAMPD_Missing | ANYFAMPD_No | ANYFAMPD_Yes | DXTREMOR_No | DXTREMOR_Unknown | DXTREMOR_Yes | DOMSIDE_Left | DOMSIDE_Right | DOMSIDE_Symmetric | DOMSIDE_Unknown,0.0029644589994859416,0.6638970785312248,0.661904761904762,0.7121212121212122,0.8,0.5238095238095238,,0.8
42,stage_2,2,SEL_05,raw__none__all,selector_configuration,final_26,none,all,extra_trees,262,66,46,46,26,ANYFAMPD | Age | BMI | DOMSIDE | DOPTHERST | DXBRADY | DXPOSINS | DXRIGID | DXTREMOR | FEATPOSHYP | GDS_TOTAL | GROUP_FREEZING_FORM | GROUP_NEUROQOL_FORM | GROUP_PART_IV_FORM | MCATOT | NHY_COMBINED_MAX | NP1CNST | NP1RTOT | NP1SLPD | NP1URIN | NP3GAIT_COMBINED_MAX | NP3PSTBL_COMBINED_MAX | NP3TOT_COMBINED_MAX | SCAU14 | SCAU16 | Years_since_PD_diagnosis,Years_since_PD_diagnosis | Age | MCATOT | FRZGT12M | SCAU14 | SCAU16 | GDS_TOTAL | NQ_GAUSSIAN_REVISION | NP1RTOT | BMI | NP1SLPD | NP1URIN | NP3GAIT_COMBINED_MAX | NP3PSTBL_COMBINED_MAX | NHY_COMBINED_MAX | NP3TOT_COMBINED_MAX | NP4TOT | NP1CNST | FOG_FORM_MISSING | NQ_FORM_MISSING | PART_IV_FORM_MISSING | DXPOSINS_No | DXPOSINS_Unknown | DXPOSINS_Yes | DXRIGID_No | DXRIGID_Unknown | DXRIGID_Yes | DOPTHERST_Missing | DOPTHERST_No | DOPTHERST_Yes | FEATPOSHYP_No | FEATPOSHYP_Uncertain | FEATPOSHYP_Yes | ANYFAMPD_Missing | ANYFAMPD_No | ANYFAMPD_Yes | DXTREMOR_No | DXTREMOR_Unknown | DXTREMOR_Yes | DXBRADY_No | DXBRADY_Unknown | DXBRADY_Yes | DOMSIDE_Left | DOMSIDE_Right | DOMSIDE_Symmetric | DOMSIDE_Unknown,0.09625008299917681,0.6992763334226748,0.6968253968253968,0.7424242424242424,0.8222222222222222,0.5714285714285714,,0.8222222222222222
42,stage_2,2,SEL_06,raw__corrected_fdr__q<=0.05,selector_configuration,final_26,corrected_fdr,q<=0.05,extra_trees,262,66,46,15,12,GROUP_FREEZING_FORM | GROUP_NEUROQOL_FORM | GROUP_PART_IV_FORM | NHY_COMBINED_MAX | NP1RTOT | NP1SLPD | NP1URIN | NP3GAIT_COMBINED_MAX | NP3PSTBL_COMBINED_MAX | NP3TOT_COMBINED_MAX | SCAU14 | Years_since_PD_diagnosis,Years_since_PD_diagnosis | FRZGT12M | SCAU14 | NQ_GAUSSIAN_REVISION | NP1RTOT | NP1SLPD | NP1URIN | NP3GAIT_COMBINED_MAX | NP3PSTBL_COMBINED_MAX | NHY_COMBINED_MAX | NP3TOT_COMBINED_MAX | NP4TOT | FOG_FORM_MISSING | NQ_FORM_MISSING | PART_IV_FORM_MISSING,0.09426033399722655,0.7330637007077856,0.746031746031746,0.7575757575757576,0.7777777777777778,0.7142857142857143,,0.7777777777777778
42,stage_2,2,SEL_07,raw__extra_trees__threshold=median,selector_configuration,final_26,extra_trees,threshold=median,extra_trees,262,66,46,25,13,ANYFAMPD | DOMSIDE | DOPTHERST | FEATPOSHYP | GROUP_FREEZING_FORM | GROUP_NEUROQOL_FORM | GROUP_PART_IV_FORM | NHY_COMBINED_MAX | NP1RTOT | NP3GAIT_COMBINED_MAX | NP3PSTBL_COMBINED_MAX | SCAU14 | Years_since_PD_diagnosis,Years_since_PD_diagnosis | FRZGT12M | SCAU14 | NQ_GAUSSIAN_REVISION | NP1RTOT | NP3GAIT_COMBINED_MAX | NP3PSTBL_COMBINED_MAX | NHY_COMBINED_MAX | NP4TOT | FOG_FORM_MISSING | NQ_FORM_MISSING | PART_IV_FORM_MISSING | DOPTHERST_Missing | DOPTHERST_No | DOPTHERST_Yes | FEATPOSHYP_No | FEATPOSHYP_Uncertain | FEATPOSHYP_Yes | ANYFAMPD_Missing | ANYFAMPD_No | ANYFAMPD_Yes | DOMSIDE_Left | DOMSIDE_Right | DOMSIDE_Symmetric | DOMSIDE_Unknown,0.05897012499917764,0.7471264367816092,0.7571428571428571,0.7727272727272727,0.8,0.7142857142857143,,0.8
42,stage_2,2,SEL_08,raw__extra_trees__threshold=1.25*median,selector_configuration,final_26,extra_trees,threshold=1.25*median,extra_trees,262,66,46,24,12,ANYFAMPD | DOMSIDE | DOPTHERST | FEATPOSHYP | GROUP_FREEZING_FORM | GROUP_NEUROQOL_FORM | GROUP_PART_IV_FORM | NHY_COMBINED_MAX | NP3GAIT_COMBINED_MAX | NP3PSTBL_COMBINED_MAX | SCAU14 | Years_since_PD_diagnosis,Years_since_PD_diagnosis | FRZGT12M | SCAU14 | NQ_GAUSSIAN_REVISION | NP3GAIT_COMBINED_MAX | NP3PSTBL_COMBINED_MAX | NHY_COMBINED_MAX | NP4TOT | FOG_FORM_MISSING | NQ_FORM_MISSING | PART_IV_FORM_MISSING | DOPTHERST_Missing | DOPTHERST_No | DOPTHERST_Yes | FEATPOSHYP_No | FEATPOSHYP_Uncertain | FEATPOSHYP_Yes | ANYFAMPD_Missing | ANYFAMPD_No | ANYFAMPD_Yes | DOMSIDE_Left | DOMSIDE_Right | DOMSIDE_Symmetric | DOMSIDE_Unknown,0.05619937499795924,0.7134099616858238,0.7222222222222222,0.7424242424242424,0.7777777777777778,0.6666666666666666,,0.7777777777777778
42,stage_2,3,SEL_01,raw__none__all,selector_configuration,final_26,none,all,logistic,262,66,46,46,26,ANYFAMPD | Age | BMI | DOMSIDE | DOPTHERST | DXBRADY | DXPOSINS | DXRIGID | DXTREMOR | FEATPOSHYP | GDS_TOTAL | GROUP_FREEZING_FORM | GROUP_NEUROQOL_FORM | GROUP_PART_IV_FORM | MCATOT | NHY_COMBINED_MAX | NP1CNST | NP1RTOT | NP1SLPD | NP1URIN | NP3GAIT_COMBINED_MAX | NP3PSTBL_COMBINED_MAX | NP3TOT_COMBINED_MAX | SCAU14 | SCAU16 | Years_since_PD_diagnosis,Years_since_PD_diagnosis | Age | MCATOT | FRZGT12M | SCAU14 | SCAU16 | GDS_TOTAL | NQ_GAUSSIAN_REVISION | NP1RTOT | BMI | NP1SLPD | NP1URIN | NP3GAIT_COMBINED_MAX | NP3PSTBL_COMBINED_MAX | NHY_COMBINED_MAX | NP3TOT_COMBINED_MAX | NP4TOT | NP1CNST | FOG_FORM_MISSING | NQ_FORM_MISSING | PART_IV_FORM_MISSING | DXPOSINS_No | DXPOSINS_Unknown | DXPOSINS_Yes | DXRIGID_No | DXRIGID_Unknown | DXRIGID_Yes | DOPTHERST_Missing | DOPTHERST_No | DOPTHERST_Yes | FEATPOSHYP_No | FEATPOSHYP_Uncertain | FEATPOSHYP_Yes | ANYFAMPD_Missing | ANYFAMPD_No | ANYFAMPD_Yes | DXTREMOR_No | DXTREMOR_Unknown | DXTREMOR_Yes | DXBRADY_No | DXBRADY_Unknown | DXBRADY_Yes | DOMSIDE_Left | DOMSIDE_Right | DOMSIDE_Symmetric | DOMSIDE_Unknown,0.003594500001781853,0.6122605363984674,0.6228260869565218,0.6515151515151515,0.6956521739130435,0.55,,0.6956521739130435
42,stage_2,3,SEL_02,raw__corrected_fdr__q<=0.05,selector_configuration,final_26,corrected_fdr,q<=0.05,logistic,262,66,46,16,13,GDS_TOTAL | GROUP_FREEZING_FORM | GROUP_NEUROQOL_FORM | GROUP_PART_IV_FORM | NHY_COMBINED_MAX | NP1RTOT | NP1SLPD | NP1URIN | NP3GAIT_COMBINED_MAX | NP3PSTBL_COMBINED_MAX | NP3TOT_COMBINED_MAX | SCAU14 | Years_since_PD_diagnosis,Years_since_PD_diagnosis | FRZGT12M | SCAU14 | GDS_TOTAL | NQ_GAUSSIAN_REVISION | NP1RTOT | NP1SLPD | NP1URIN | NP3GAIT_COMBINED_MAX | NP3PSTBL_COMBINED_MAX | NHY_COMBINED_MAX | NP3TOT_COMBINED_MAX | NP4TOT | FOG_FORM_MISSING | NQ_FORM_MISSING | PART_IV_FORM_MISSING,0.05821933400147827,0.6592082616179001,0.6869565217391305,0.6818181818181818,0.6739130434782609,0.7,,0.6739130434782609
42,stage_2,3,SEL_03,raw__l1__C=0.1,selector_configuration,final_26,l1,C=0.1,logistic,262,66,46,12,7,DXTREMOR | GROUP_FREEZING_FORM | GROUP_NEUROQOL_FORM | GROUP_PART_IV_FORM | NHY_COMBINED_MAX | SCAU14 | Years_since_PD_diagnosis,Years_since_PD_diagnosis | FRZGT12M | SCAU14 | NQ_GAUSSIAN_REVISION | NHY_COMBINED_MAX | NP4TOT | FOG_FORM_MISSING | NQ_FORM_MISSING | PART_IV_FORM_MISSING | DXTREMOR_No | DXTREMOR_Unknown | DXTREMOR_Yes,0.0035287919999973383,0.6458536585365854,0.6760869565217391,0.6666666666666666,0.6521739130434783,0.7,,0.6521739130434783
42,stage_2,3,SEL_04,raw__l1__C=1.0,selector_configuration,final_26,l1,C=1.0,logistic,262,66,46,39,23,ANYFAMPD | Age | BMI | DOMSIDE | DOPTHERST | DXPOSINS | DXTREMOR | FEATPOSHYP | GDS_TOTAL | GROUP_FREEZING_FORM | GROUP_NEUROQOL_FORM | GROUP_PART_IV_FORM | MCATOT | NHY_COMBINED_MAX | NP1CNST | NP1RTOT | NP1SLPD | NP1URIN | NP3PSTBL_COMBINED_MAX | NP3TOT_COMBINED_MAX | SCAU14 | SCAU16 | Years_since_PD_diagnosis,Years_since_PD_diagnosis | Age | MCATOT | FRZGT12M | SCAU14 | SCAU16 | GDS_TOTAL | NQ_GAUSSIAN_REVISION | NP1RTOT | BMI | NP1SLPD | NP1URIN | NP3PSTBL_COMBINED_MAX | NHY_COMBINED_MAX | NP3TOT_COMBINED_MAX | NP4TOT | NP1CNST | FOG_FORM_MISSING | NQ_FORM_MISSING | PART_IV_FORM_MISSING | DXPOSINS_No | DXPOSINS_Unknown | DXPOSINS_Yes | DOPTHERST_Missing | DOPTHERST_No | DOPTHERST_Yes | FEATPOSHYP_No | FEATPOSHYP_Uncertain | FEATPOSHYP_Yes | ANYFAMPD_Missing | ANYFAMPD_No | ANYFAMPD_Yes | DXTREMOR_No | DXTREMOR_Unknown | DXTREMOR_Yes | DOMSIDE_Left | DOMSIDE_Right | DOMSIDE_Symmetric | DOMSIDE_Unknown,0.34285704200010514,0.6122605363984674,0.6228260869565218,0.6515151515151515,0.6956521739130435,0.55,,0.6956521739130435
42,stage_2,3,SEL_05,raw__none__all,selector_configuration,final_26,none,all,extra_trees,262,66,46,46,26,ANYFAMPD | Age | BMI | DOMSIDE | DOPTHERST | DXBRADY | DXPOSINS | DXRIGID | DXTREMOR | FEATPOSHYP | GDS_TOTAL | GROUP_FREEZING_FORM | GROUP_NEUROQOL_FORM | GROUP_PART_IV_FORM | MCATOT | NHY_COMBINED_MAX | NP1CNST | NP1RTOT | NP1SLPD | NP1URIN | NP3GAIT_COMBINED_MAX | NP3PSTBL_COMBINED_MAX | NP3TOT_COMBINED_MAX | SCAU14 | SCAU16 | Years_since_PD_diagnosis,Years_since_PD_diagnosis | Age | MCATOT | FRZGT12M | SCAU14 | SCAU16 | GDS_TOTAL | NQ_GAUSSIAN_REVISION | NP1RTOT | BMI | NP1SLPD | NP1URIN | NP3GAIT_COMBINED_MAX | NP3PSTBL_COMBINED_MAX | NHY_COMBINED_MAX | NP3TOT_COMBINED_MAX | NP4TOT | NP1CNST | FOG_FORM_MISSING | NQ_FORM_MISSING | PART_IV_FORM_MISSING | DXPOSINS_No | DXPOSINS_Unknown | DXPOSINS_Yes | DXRIGID_No | DXRIGID_Unknown | DXRIGID_Yes | DOPTHERST_Missing | DOPTHERST_No | DOPTHERST_Yes | FEATPOSHYP_No | FEATPOSHYP_Uncertain | FEATPOSHYP_Yes | ANYFAMPD_Missing | ANYFAMPD_No | ANYFAMPD_Yes | DXTREMOR_No | DXTREMOR_Unknown | DXTREMOR_Yes | DXBRADY_No | DXBRADY_Unknown | DXBRADY_Yes | DOMSIDE_Left | DOMSIDE_Right | DOMSIDE_Symmetric | DOMSIDE_Unknown,0.06956324999919161,0.666329625884732,0.683695652173913,0.696969696969697,0.717391304347826,0.65,,0.717391304347826
42,stage_2,3,SEL_06,raw__corrected_fdr__q<=0.05,selector_configuration,final_26,corrected_fdr,q<=0.05,extra_trees,262,66,46,16,13,GDS_TOTAL | GROUP_FREEZING_FORM | GROUP_NEUROQOL_FORM | GROUP_PART_IV_FORM | NHY_COMBINED_MAX | NP1RTOT | NP1SLPD | NP1URIN | NP3GAIT_COMBINED_MAX | NP3PSTBL_COMBINED_MAX | NP3TOT_COMBINED_MAX | SCAU14 | Years_since_PD_diagnosis,Years_since_PD_diagnosis | FRZGT12M | SCAU14 | GDS_TOTAL | NQ_GAUSSIAN_REVISION | NP1RTOT | NP1SLPD | NP1URIN | NP3GAIT_COMBINED_MAX | NP3PSTBL_COMBINED_MAX | NHY_COMBINED_MAX | NP3TOT_COMBINED_MAX | NP4TOT | FOG_FORM_MISSING | NQ_FORM_MISSING | PART_IV_FORM_MISSING,0.08225804200264974,0.6398809523809523,0.6619565217391304,0.6666666666666666,0.6739130434782609,0.65,,0.6739130434782609
42,stage_2,3,SEL_07,raw__extra_trees__threshold=median,selector_configuration,final_26,extra_trees,threshold=median,extra_trees,262,66,46,23,13,ANYFAMPD | DOMSIDE | FEATPOSHYP | GROUP_FREEZING_FORM | GROUP_NEUROQOL_FORM | GROUP_PART_IV_FORM | NHY_COMBINED_MAX | NP1RTOT | NP1SLPD | NP3GAIT_COMBINED_MAX | NP3PSTBL_COMBINED_MAX | SCAU14 | Years_since_PD_diagnosis,Years_since_PD_diagnosis | FRZGT12M | SCAU14 | NQ_GAUSSIAN_REVISION | NP1RTOT | NP1SLPD | NP3GAIT_COMBINED_MAX | NP3PSTBL_COMBINED_MAX | NHY_COMBINED_MAX | NP4TOT | FOG_FORM_MISSING | NQ_FORM_MISSING | PART_IV_FORM_MISSING | FEATPOSHYP_No | FEATPOSHYP_Uncertain | FEATPOSHYP_Yes | ANYFAMPD_Missing | ANYFAMPD_No | ANYFAMPD_Yes | DOMSIDE_Left | DOMSIDE_Right | DOMSIDE_Symmetric | DOMSIDE_Unknown,0.060753707999538165,0.6267519055815097,0.6510869565217392,0.6515151515151515,0.6521739130434783,0.65,,0.6521739130434783
42,stage_2,3,SEL_08,raw__extra_trees__threshold=1.25*median,selector_configuration,final_26,extra_trees,threshold=1.25*median,extra_trees,262,66,46,17,9,ANYFAMPD | DOMSIDE | GROUP_FREEZING_FORM | GROUP_NEUROQOL_FORM | GROUP_PART_IV_FORM | NHY_COMBINED_MAX | NP3GAIT_COMBINED_MAX | NP3PSTBL_COMBINED_MAX | Years_since_PD_diagnosis,Years_since_PD_diagnosis | FRZGT12M | NQ_GAUSSIAN_REVISION | NP3GAIT_COMBINED_MAX | NP3PSTBL_COMBINED_MAX | NHY_COMBINED_MAX | NP4TOT | FOG_FORM_MISSING | NQ_FORM_MISSING | PART_IV_FORM_MISSING | ANYFAMPD_Missing | ANYFAMPD_No | ANYFAMPD_Yes | DOMSIDE_Left | DOMSIDE_Right | DOMSIDE_Symmetric | DOMSIDE_Unknown,0.06293937499867752,0.6459770114942529,0.658695652173913,0.6818181818181818,0.717391304347826,0.6,,0.717391304347826
42,stage_2,4,SEL_01,raw__none__all,selector_configuration,final_26,none,all,logistic,262,66,46,46,26,ANYFAMPD | Age | BMI | DOMSIDE | DOPTHERST | DXBRADY | DXPOSINS | DXRIGID | DXTREMOR | FEATPOSHYP | GDS_TOTAL | GROUP_FREEZING_FORM | GROUP_NEUROQOL_FORM | GROUP_PART_IV_FORM | MCATOT | NHY_COMBINED_MAX | NP1CNST | NP1RTOT | NP1SLPD | NP1URIN | NP3GAIT_COMBINED_MAX | NP3PSTBL_COMBINED_MAX | NP3TOT_COMBINED_MAX | SCAU14 | SCAU16 | Years_since_PD_diagnosis,Years_since_PD_diagnosis | Age | MCATOT | FRZGT12M | SCAU14 | SCAU16 | GDS_TOTAL | NQ_GAUSSIAN_REVISION | NP1RTOT | BMI | NP1SLPD | NP1URIN | NP3GAIT_COMBINED_MAX | NP3PSTBL_COMBINED_MAX | NHY_COMBINED_MAX | NP3TOT_COMBINED_MAX | NP4TOT | NP1CNST | FOG_FORM_MISSING | NQ_FORM_MISSING | PART_IV_FORM_MISSING | DXPOSINS_No | DXPOSINS_Unknown | DXPOSINS_Yes | DXRIGID_No | DXRIGID_Unknown | DXRIGID_Yes | DOPTHERST_Missing | DOPTHERST_No | DOPTHERST_Yes | FEATPOSHYP_No | FEATPOSHYP_Uncertain | FEATPOSHYP_Yes | ANYFAMPD_Missing | ANYFAMPD_No | ANYFAMPD_Yes | DXTREMOR_No | DXTREMOR_Unknown | DXTREMOR_Yes | DXBRADY_No | DXBRADY_Unknown | DXBRADY_Yes | DOMSIDE_Left | DOMSIDE_Right | DOMSIDE_Symmetric | DOMSIDE_Unknown,0.005720082997868303,0.6530663329161452,0.6728260869565217,0.6818181818181818,0.6956521739130435,0.65,,0.6956521739130435
42,stage_2,4,SEL_02,raw__corrected_fdr__q<=0.05,selector_configuration,final_26,corrected_fdr,q<=0.05,logistic,262,66,46,20,15,FEATPOSHYP | GDS_TOTAL | GROUP_FREEZING_FORM | GROUP_NEUROQOL_FORM | GROUP_PART_IV_FORM | NHY_COMBINED_MAX | NP1CNST | NP1RTOT | NP1SLPD | NP1URIN | NP3GAIT_COMBINED_MAX | NP3PSTBL_COMBINED_MAX | NP3TOT_COMBINED_MAX | SCAU14 | Years_since_PD_diagnosis,Years_since_PD_diagnosis | FRZGT12M | SCAU14 | GDS_TOTAL | NQ_GAUSSIAN_REVISION | NP1RTOT | NP1SLPD | NP1URIN | NP3GAIT_COMBINED_MAX | NP3PSTBL_COMBINED_MAX | NHY_COMBINED_MAX | NP3TOT_COMBINED_MAX | NP4TOT | NP1CNST | FOG_FORM_MISSING | NQ_FORM_MISSING | PART_IV_FORM_MISSING | FEATPOSHYP_No | FEATPOSHYP_Uncertain | FEATPOSHYP_Yes,0.03180537500156788,0.6200250312891114,0.6369565217391304,0.6515151515151515,0.6739130434782609,0.6,,0.6739130434782609
42,stage_2,4,SEL_03,raw__l1__C=0.1,selector_configuration,final_26,l1,C=0.1,logistic,262,66,46,16,11,ANYFAMPD | GDS_TOTAL | GROUP_FREEZING_FORM | GROUP_NEUROQOL_FORM | GROUP_PART_IV_FORM | NHY_COMBINED_MAX | NP1RTOT | NP1URIN | NP3GAIT_COMBINED_MAX | SCAU14 | Years_since_PD_diagnosis,Years_since_PD_diagnosis | FRZGT12M | SCAU14 | GDS_TOTAL | NQ_GAUSSIAN_REVISION | NP1RTOT | NP1URIN | NP3GAIT_COMBINED_MAX | NHY_COMBINED_MAX | NP4TOT | FOG_FORM_MISSING | NQ_FORM_MISSING | PART_IV_FORM_MISSING | ANYFAMPD_Missing | ANYFAMPD_No | ANYFAMPD_Yes,0.007649833001778461,0.6398809523809523,0.6619565217391304,0.6666666666666666,0.6739130434782609,0.65,,0.6739130434782609
42,stage_2,4,SEL_04,raw__l1__C=1.0,selector_configuration,final_26,l1,C=1.0,logistic,262,66,46,42,24,ANYFAMPD | Age | BMI | DOMSIDE | DOPTHERST | DXBRADY | DXPOSINS | DXRIGID | FEATPOSHYP | GDS_TOTAL | GROUP_FREEZING_FORM | GROUP_NEUROQOL_FORM | GROUP_PART_IV_FORM | MCATOT | NHY_COMBINED_MAX | NP1CNST | NP1RTOT | NP1URIN | NP3GAIT_COMBINED_MAX | NP3PSTBL_COMBINED_MAX | NP3TOT_COMBINED_MAX | SCAU14 | SCAU16 | Years_since_PD_diagnosis,Years_since_PD_diagnosis | Age | MCATOT | FRZGT12M | SCAU14 | SCAU16 | GDS_TOTAL | NQ_GAUSSIAN_REVISION | NP1RTOT | BMI | NP1URIN | NP3GAIT_COMBINED_MAX | NP3PSTBL_COMBINED_MAX | NHY_COMBINED_MAX | NP3TOT_COMBINED_MAX | NP4TOT | NP1CNST | FOG_FORM_MISSING | NQ_FORM_MISSING | PART_IV_FORM_MISSING | DXPOSINS_No | DXPOSINS_Unknown | DXPOSINS_Yes | DXRIGID_No | DXRIGID_Unknown | DXRIGID_Yes | DOPTHERST_Missing | DOPTHERST_No | DOPTHERST_Yes | FEATPOSHYP_No | FEATPOSHYP_Uncertain | FEATPOSHYP_Yes | ANYFAMPD_Missing | ANYFAMPD_No | ANYFAMPD_Yes | DXBRADY_No | DXBRADY_Unknown | DXBRADY_Yes | DOMSIDE_Left | DOMSIDE_Right | DOMSIDE_Symmetric | DOMSIDE_Unknown,0.013688292001461377,0.6726190476190477,0.6978260869565217,0.696969696969697,0.6956521739130435,0.7,,0.6956521739130435
42,stage_2,4,SEL_05,raw__none__all,selector_configuration,final_26,none,all,extra_trees,262,66,46,46,26,ANYFAMPD | Age | BMI | DOMSIDE | DOPTHERST | DXBRADY | DXPOSINS | DXRIGID | DXTREMOR | FEATPOSHYP | GDS_TOTAL | GROUP_FREEZING_FORM | GROUP_NEUROQOL_FORM | GROUP_PART_IV_FORM | MCATOT | NHY_COMBINED_MAX | NP1CNST | NP1RTOT | NP1SLPD | NP1URIN | NP3GAIT_COMBINED_MAX | NP3PSTBL_COMBINED_MAX | NP3TOT_COMBINED_MAX | SCAU14 | SCAU16 | Years_since_PD_diagnosis,Years_since_PD_diagnosis | Age | MCATOT | FRZGT12M | SCAU14 | SCAU16 | GDS_TOTAL | NQ_GAUSSIAN_REVISION | NP1RTOT | BMI | NP1SLPD | NP1URIN | NP3GAIT_COMBINED_MAX | NP3PSTBL_COMBINED_MAX | NHY_COMBINED_MAX | NP3TOT_COMBINED_MAX | NP4TOT | NP1CNST | FOG_FORM_MISSING | NQ_FORM_MISSING | PART_IV_FORM_MISSING | DXPOSINS_No | DXPOSINS_Unknown | DXPOSINS_Yes | DXRIGID_No | DXRIGID_Unknown | DXRIGID_Yes | DOPTHERST_Missing | DOPTHERST_No | DOPTHERST_Yes | FEATPOSHYP_No | FEATPOSHYP_Uncertain | FEATPOSHYP_Yes | ANYFAMPD_Missing | ANYFAMPD_No | ANYFAMPD_Yes | DXTREMOR_No | DXTREMOR_Unknown | DXTREMOR_Yes | DXBRADY_No | DXBRADY_Unknown | DXBRADY_Yes | DOMSIDE_Left | DOMSIDE_Right | DOMSIDE_Symmetric | DOMSIDE_Unknown,0.10301891699782573,0.6723281944081526,0.6804347826086956,0.7121212121212122,0.7608695652173914,0.6,,0.7608695652173914
42,stage_2,4,SEL_06,raw__corrected_fdr__q<=0.05,selector_configuration,final_26,corrected_fdr,q<=0.05,extra_trees,262,66,46,20,15,FEATPOSHYP | GDS_TOTAL | GROUP_FREEZING_FORM | GROUP_NEUROQOL_FORM | GROUP_PART_IV_FORM | NHY_COMBINED_MAX | NP1CNST | NP1RTOT | NP1SLPD | NP1URIN | NP3GAIT_COMBINED_MAX | NP3PSTBL_COMBINED_MAX | NP3TOT_COMBINED_MAX | SCAU14 | Years_since_PD_diagnosis,Years_since_PD_diagnosis | FRZGT12M | SCAU14 | GDS_TOTAL | NQ_GAUSSIAN_REVISION | NP1RTOT | NP1SLPD | NP1URIN | NP3GAIT_COMBINED_MAX | NP3PSTBL_COMBINED_MAX | NHY_COMBINED_MAX | NP3TOT_COMBINED_MAX | NP4TOT | NP1CNST | FOG_FORM_MISSING | NQ_FORM_MISSING | PART_IV_FORM_MISSING | FEATPOSHYP_No | FEATPOSHYP_Uncertain | FEATPOSHYP_Yes,0.09646724999765866,0.6459770114942529,0.658695652173913,0.6818181818181818,0.717391304347826,0.6,,0.717391304347826
42,stage_2,4,SEL_07,raw__extra_trees__threshold=median,selector_configuration,final_26,extra_trees,threshold=median,extra_trees,262,66,46,25,13,ANYFAMPD | DOMSIDE | DOPTHERST | FEATPOSHYP | GROUP_FREEZING_FORM | GROUP_NEUROQOL_FORM | GROUP_PART_IV_FORM | NHY_COMBINED_MAX | NP1RTOT | NP1URIN | NP3GAIT_COMBINED_MAX | SCAU14 | Years_since_PD_diagnosis,Years_since_PD_diagnosis | FRZGT12M | SCAU14 | NQ_GAUSSIAN_REVISION | NP1RTOT | NP1URIN | NP3GAIT_COMBINED_MAX | NHY_COMBINED_MAX | NP4TOT | FOG_FORM_MISSING | NQ_FORM_MISSING | PART_IV_FORM_MISSING | DOPTHERST_Missing | DOPTHERST_No | DOPTHERST_Yes | FEATPOSHYP_No | FEATPOSHYP_Uncertain | FEATPOSHYP_Yes | ANYFAMPD_Missing | ANYFAMPD_No | ANYFAMPD_Yes | DOMSIDE_Left | DOMSIDE_Right | DOMSIDE_Symmetric | DOMSIDE_Unknown,0.058501208000961924,0.6723281944081526,0.6804347826086956,0.7121212121212122,0.7608695652173914,0.6,,0.7608695652173914
42,stage_2,4,SEL_08,raw__extra_trees__threshold=1.25*median,selector_configuration,final_26,extra_trees,threshold=1.25*median,extra_trees,262,66,46,20,10,ANYFAMPD | DOMSIDE | FEATPOSHYP | GROUP_FREEZING_FORM | GROUP_NEUROQOL_FORM | GROUP_PART_IV_FORM | NHY_COMBINED_MAX | NP1URIN | NP3GAIT_COMBINED_MAX | Years_since_PD_diagnosis,Years_since_PD_diagnosis | FRZGT12M | NQ_GAUSSIAN_REVISION | NP1URIN | NP3GAIT_COMBINED_MAX | NHY_COMBINED_MAX | NP4TOT | FOG_FORM_MISSING | NQ_FORM_MISSING | PART_IV_FORM_MISSING | FEATPOSHYP_No | FEATPOSHYP_Uncertain | FEATPOSHYP_Yes | ANYFAMPD_Missing | ANYFAMPD_No | ANYFAMPD_Yes | DOMSIDE_Left | DOMSIDE_Right | DOMSIDE_Symmetric | DOMSIDE_Unknown,0.06012350000310107,0.6723281944081526,0.6804347826086956,0.7121212121212122,0.7608695652173914,0.6,,0.7608695652173914
