split_seed,inner_validation_fold,training_patients,feature,descriptive_name,falls_class,class_label,category,patients,percent_within_class
0,0,582,DXPOSINS,Postural instability at diagnosis,0,no fall,<Missing>,1,0.3
0,0,582,DXPOSINS,Postural instability at diagnosis,0,no fall,No,348,87.4
0,0,582,DXPOSINS,Postural instability at diagnosis,0,no fall,Unknown,21,5.3
0,0,582,DXPOSINS,Postural instability at diagnosis,0,no fall,Yes,28,7.0
0,0,582,DXPOSINS,Postural instability at diagnosis,1,rare fall,No,111,87.4
0,0,582,DXPOSINS,Postural instability at diagnosis,1,rare fall,Unknown,5,3.9
0,0,582,DXPOSINS,Postural instability at diagnosis,1,rare fall,Yes,11,8.7
0,0,582,DXPOSINS,Postural instability at diagnosis,2,recurrent fall,No,50,87.7
0,0,582,DXPOSINS,Postural instability at diagnosis,2,recurrent fall,Unknown,1,1.8
0,0,582,DXPOSINS,Postural instability at diagnosis,2,recurrent fall,Yes,6,10.5
0,0,582,DXRIGID,Rigidity at diagnosis,0,no fall,No,84,21.1
0,0,582,DXRIGID,Rigidity at diagnosis,0,no fall,Unknown,30,7.5
0,0,582,DXRIGID,Rigidity at diagnosis,0,no fall,Yes,284,71.4
0,0,582,DXRIGID,Rigidity at diagnosis,1,rare fall,No,28,22.0
0,0,582,DXRIGID,Rigidity at diagnosis,1,rare fall,Unknown,3,2.4
0,0,582,DXRIGID,Rigidity at diagnosis,1,rare fall,Yes,96,75.6
0,0,582,DXRIGID,Rigidity at diagnosis,2,recurrent fall,No,11,19.3
0,0,582,DXRIGID,Rigidity at diagnosis,2,recurrent fall,Unknown,2,3.5
0,0,582,DXRIGID,Rigidity at diagnosis,2,recurrent fall,Yes,44,77.2
0,0,582,DOPTHERST,Dopaminergic therapy started,0,no fall,<Missing>,72,18.1
0,0,582,DOPTHERST,Dopaminergic therapy started,0,no fall,No,70,17.6
0,0,582,DOPTHERST,Dopaminergic therapy started,0,no fall,Yes,256,64.3
0,0,582,DOPTHERST,Dopaminergic therapy started,1,rare fall,<Missing>,30,23.6
0,0,582,DOPTHERST,Dopaminergic therapy started,1,rare fall,No,19,15.0
0,0,582,DOPTHERST,Dopaminergic therapy started,1,rare fall,Yes,78,61.4
0,0,582,DOPTHERST,Dopaminergic therapy started,2,recurrent fall,<Missing>,21,36.8
0,0,582,DOPTHERST,Dopaminergic therapy started,2,recurrent fall,No,3,5.3
0,0,582,DOPTHERST,Dopaminergic therapy started,2,recurrent fall,Yes,33,57.9
0,0,582,FEATPOSHYP,Postural hypotension clinical feature,0,no fall,No,263,66.1
0,0,582,FEATPOSHYP,Postural hypotension clinical feature,0,no fall,Uncertain,9,2.3
0,0,582,FEATPOSHYP,Postural hypotension clinical feature,0,no fall,Yes,126,31.7
0,0,582,FEATPOSHYP,Postural hypotension clinical feature,1,rare fall,No,83,65.4
0,0,582,FEATPOSHYP,Postural hypotension clinical feature,1,rare fall,Yes,44,34.6
0,0,582,FEATPOSHYP,Postural hypotension clinical feature,2,recurrent fall,No,29,50.9
0,0,582,FEATPOSHYP,Postural hypotension clinical feature,2,recurrent fall,Uncertain,1,1.8
0,0,582,FEATPOSHYP,Postural hypotension clinical feature,2,recurrent fall,Yes,27,47.4
0,0,582,ANYFAMPD,Family history of Parkinson's disease,0,no fall,<Missing>,18,4.5
0,0,582,ANYFAMPD,Family history of Parkinson's disease,0,no fall,No,237,59.5
0,0,582,ANYFAMPD,Family history of Parkinson's disease,0,no fall,Yes,143,35.9
0,0,582,ANYFAMPD,Family history of Parkinson's disease,1,rare fall,<Missing>,10,7.9
0,0,582,ANYFAMPD,Family history of Parkinson's disease,1,rare fall,No,68,53.5
0,0,582,ANYFAMPD,Family history of Parkinson's disease,1,rare fall,Yes,49,38.6
0,0,582,ANYFAMPD,Family history of Parkinson's disease,2,recurrent fall,<Missing>,10,17.5
0,0,582,ANYFAMPD,Family history of Parkinson's disease,2,recurrent fall,No,21,36.8
0,0,582,ANYFAMPD,Family history of Parkinson's disease,2,recurrent fall,Yes,26,45.6
0,0,582,DXTREMOR,Resting tremor at diagnosis,0,no fall,No,71,17.8
0,0,582,DXTREMOR,Resting tremor at diagnosis,0,no fall,Unknown,5,1.3
0,0,582,DXTREMOR,Resting tremor at diagnosis,0,no fall,Yes,322,80.9
0,0,582,DXTREMOR,Resting tremor at diagnosis,1,rare fall,No,16,12.6
0,0,582,DXTREMOR,Resting tremor at diagnosis,1,rare fall,Yes,111,87.4
0,0,582,DXTREMOR,Resting tremor at diagnosis,2,recurrent fall,No,13,22.8
0,0,582,DXTREMOR,Resting tremor at diagnosis,2,recurrent fall,Yes,44,77.2
0,0,582,DXBRADY,Bradykinesia at diagnosis,0,no fall,No,50,12.6
0,0,582,DXBRADY,Bradykinesia at diagnosis,0,no fall,Unknown,19,4.8
0,0,582,DXBRADY,Bradykinesia at diagnosis,0,no fall,Yes,329,82.7
0,0,582,DXBRADY,Bradykinesia at diagnosis,1,rare fall,No,26,20.5
0,0,582,DXBRADY,Bradykinesia at diagnosis,1,rare fall,Unknown,2,1.6
0,0,582,DXBRADY,Bradykinesia at diagnosis,1,rare fall,Yes,99,78.0
0,0,582,DXBRADY,Bradykinesia at diagnosis,2,recurrent fall,No,8,14.0
0,0,582,DXBRADY,Bradykinesia at diagnosis,2,recurrent fall,Unknown,1,1.8
0,0,582,DXBRADY,Bradykinesia at diagnosis,2,recurrent fall,Yes,48,84.2
0,0,582,DOMSIDE,Predominantly affected side at onset,0,no fall,Left,177,44.5
0,0,582,DOMSIDE,Predominantly affected side at onset,0,no fall,Right,212,53.3
0,0,582,DOMSIDE,Predominantly affected side at onset,0,no fall,Symmetric,4,1.0
0,0,582,DOMSIDE,Predominantly affected side at onset,0,no fall,Unknown,5,1.3
0,0,582,DOMSIDE,Predominantly affected side at onset,1,rare fall,Left,53,41.7
0,0,582,DOMSIDE,Predominantly affected side at onset,1,rare fall,Right,72,56.7
0,0,582,DOMSIDE,Predominantly affected side at onset,1,rare fall,Symmetric,1,0.8
0,0,582,DOMSIDE,Predominantly affected side at onset,1,rare fall,Unknown,1,0.8
0,0,582,DOMSIDE,Predominantly affected side at onset,2,recurrent fall,Left,25,43.9
0,0,582,DOMSIDE,Predominantly affected side at onset,2,recurrent fall,Right,31,54.4
0,0,582,DOMSIDE,Predominantly affected side at onset,2,recurrent fall,Unknown,1,1.8
0,1,582,DXPOSINS,Postural instability at diagnosis,0,no fall,No,339,85.2
0,1,582,DXPOSINS,Postural instability at diagnosis,0,no fall,Unknown,25,6.3
0,1,582,DXPOSINS,Postural instability at diagnosis,0,no fall,Yes,34,8.5
0,1,582,DXPOSINS,Postural instability at diagnosis,1,rare fall,No,109,85.8
0,1,582,DXPOSINS,Postural instability at diagnosis,1,rare fall,Unknown,8,6.3
0,1,582,DXPOSINS,Postural instability at diagnosis,1,rare fall,Yes,10,7.9
0,1,582,DXPOSINS,Postural instability at diagnosis,2,recurrent fall,No,52,91.2
0,1,582,DXPOSINS,Postural instability at diagnosis,2,recurrent fall,Unknown,1,1.8
0,1,582,DXPOSINS,Postural instability at diagnosis,2,recurrent fall,Yes,4,7.0
0,1,582,DXRIGID,Rigidity at diagnosis,0,no fall,No,82,20.6
0,1,582,DXRIGID,Rigidity at diagnosis,0,no fall,Unknown,35,8.8
0,1,582,DXRIGID,Rigidity at diagnosis,0,no fall,Yes,281,70.6
0,1,582,DXRIGID,Rigidity at diagnosis,1,rare fall,No,25,19.7
0,1,582,DXRIGID,Rigidity at diagnosis,1,rare fall,Unknown,6,4.7
0,1,582,DXRIGID,Rigidity at diagnosis,1,rare fall,Yes,96,75.6
0,1,582,DXRIGID,Rigidity at diagnosis,2,recurrent fall,No,14,24.6
0,1,582,DXRIGID,Rigidity at diagnosis,2,recurrent fall,Unknown,3,5.3
0,1,582,DXRIGID,Rigidity at diagnosis,2,recurrent fall,Yes,40,70.2
0,1,582,DOPTHERST,Dopaminergic therapy started,0,no fall,<Missing>,68,17.1
0,1,582,DOPTHERST,Dopaminergic therapy started,0,no fall,No,67,16.8
0,1,582,DOPTHERST,Dopaminergic therapy started,0,no fall,Yes,263,66.1
0,1,582,DOPTHERST,Dopaminergic therapy started,1,rare fall,<Missing>,33,26.0
0,1,582,DOPTHERST,Dopaminergic therapy started,1,rare fall,No,17,13.4
0,1,582,DOPTHERST,Dopaminergic therapy started,1,rare fall,Yes,77,60.6
0,1,582,DOPTHERST,Dopaminergic therapy started,2,recurrent fall,<Missing>,15,26.3
0,1,582,DOPTHERST,Dopaminergic therapy started,2,recurrent fall,No,2,3.5
0,1,582,DOPTHERST,Dopaminergic therapy started,2,recurrent fall,Yes,40,70.2
0,1,582,FEATPOSHYP,Postural hypotension clinical feature,0,no fall,No,261,65.6
0,1,582,FEATPOSHYP,Postural hypotension clinical feature,0,no fall,Uncertain,11,2.8
0,1,582,FEATPOSHYP,Postural hypotension clinical feature,0,no fall,Yes,126,31.7
0,1,582,FEATPOSHYP,Postural hypotension clinical feature,1,rare fall,No,78,61.4
0,1,582,FEATPOSHYP,Postural hypotension clinical feature,1,rare fall,Uncertain,2,1.6
0,1,582,FEATPOSHYP,Postural hypotension clinical feature,1,rare fall,Yes,47,37.0
0,1,582,FEATPOSHYP,Postural hypotension clinical feature,2,recurrent fall,No,25,43.9
0,1,582,FEATPOSHYP,Postural hypotension clinical feature,2,recurrent fall,Uncertain,2,3.5
0,1,582,FEATPOSHYP,Postural hypotension clinical feature,2,recurrent fall,Yes,30,52.6
0,1,582,ANYFAMPD,Family history of Parkinson's disease,0,no fall,<Missing>,15,3.8
0,1,582,ANYFAMPD,Family history of Parkinson's disease,0,no fall,No,236,59.3
0,1,582,ANYFAMPD,Family history of Parkinson's disease,0,no fall,Yes,147,36.9
0,1,582,ANYFAMPD,Family history of Parkinson's disease,1,rare fall,<Missing>,7,5.5
0,1,582,ANYFAMPD,Family history of Parkinson's disease,1,rare fall,No,72,56.7
0,1,582,ANYFAMPD,Family history of Parkinson's disease,1,rare fall,Yes,48,37.8
0,1,582,ANYFAMPD,Family history of Parkinson's disease,2,recurrent fall,<Missing>,5,8.8
0,1,582,ANYFAMPD,Family history of Parkinson's disease,2,recurrent fall,No,22,38.6
0,1,582,ANYFAMPD,Family history of Parkinson's disease,2,recurrent fall,Yes,30,52.6
0,1,582,DXTREMOR,Resting tremor at diagnosis,0,no fall,No,78,19.6
0,1,582,DXTREMOR,Resting tremor at diagnosis,0,no fall,Unknown,11,2.8
0,1,582,DXTREMOR,Resting tremor at diagnosis,0,no fall,Yes,309,77.6
0,1,582,DXTREMOR,Resting tremor at diagnosis,1,rare fall,No,20,15.7
0,1,582,DXTREMOR,Resting tremor at diagnosis,1,rare fall,Yes,107,84.3
0,1,582,DXTREMOR,Resting tremor at diagnosis,2,recurrent fall,No,15,26.3
0,1,582,DXTREMOR,Resting tremor at diagnosis,2,recurrent fall,Yes,42,73.7
0,1,582,DXBRADY,Bradykinesia at diagnosis,0,no fall,No,49,12.3
0,1,582,DXBRADY,Bradykinesia at diagnosis,0,no fall,Unknown,25,6.3
0,1,582,DXBRADY,Bradykinesia at diagnosis,0,no fall,Yes,324,81.4
0,1,582,DXBRADY,Bradykinesia at diagnosis,1,rare fall,No,20,15.7
0,1,582,DXBRADY,Bradykinesia at diagnosis,1,rare fall,Unknown,5,3.9
0,1,582,DXBRADY,Bradykinesia at diagnosis,1,rare fall,Yes,102,80.3
0,1,582,DXBRADY,Bradykinesia at diagnosis,2,recurrent fall,No,10,17.5
0,1,582,DXBRADY,Bradykinesia at diagnosis,2,recurrent fall,Unknown,1,1.8
0,1,582,DXBRADY,Bradykinesia at diagnosis,2,recurrent fall,Yes,46,80.7
0,1,582,DOMSIDE,Predominantly affected side at onset,0,no fall,Left,172,43.2
0,1,582,DOMSIDE,Predominantly affected side at onset,0,no fall,Right,218,54.8
0,1,582,DOMSIDE,Predominantly affected side at onset,0,no fall,Symmetric,5,1.3
0,1,582,DOMSIDE,Predominantly affected side at onset,0,no fall,Unknown,3,0.8
0,1,582,DOMSIDE,Predominantly affected side at onset,1,rare fall,Left,52,40.9
0,1,582,DOMSIDE,Predominantly affected side at onset,1,rare fall,Right,73,57.5
0,1,582,DOMSIDE,Predominantly affected side at onset,1,rare fall,Symmetric,2,1.6
0,1,582,DOMSIDE,Predominantly affected side at onset,2,recurrent fall,Left,29,50.9
0,1,582,DOMSIDE,Predominantly affected side at onset,2,recurrent fall,Right,27,47.4
0,1,582,DOMSIDE,Predominantly affected side at onset,2,recurrent fall,Unknown,1,1.8
0,2,582,DXPOSINS,Postural instability at diagnosis,0,no fall,<Missing>,1,0.3
0,2,582,DXPOSINS,Postural instability at diagnosis,0,no fall,No,343,86.2
0,2,582,DXPOSINS,Postural instability at diagnosis,0,no fall,Unknown,27,6.8
0,2,582,DXPOSINS,Postural instability at diagnosis,0,no fall,Yes,27,6.8
0,2,582,DXPOSINS,Postural instability at diagnosis,1,rare fall,No,109,85.8
0,2,582,DXPOSINS,Postural instability at diagnosis,1,rare fall,Unknown,7,5.5
0,2,582,DXPOSINS,Postural instability at diagnosis,1,rare fall,Yes,11,8.7
0,2,582,DXPOSINS,Postural instability at diagnosis,2,recurrent fall,No,50,87.7
0,2,582,DXPOSINS,Postural instability at diagnosis,2,recurrent fall,Unknown,1,1.8
0,2,582,DXPOSINS,Postural instability at diagnosis,2,recurrent fall,Yes,6,10.5
0,2,582,DXRIGID,Rigidity at diagnosis,0,no fall,No,76,19.1
0,2,582,DXRIGID,Rigidity at diagnosis,0,no fall,Unknown,33,8.3
0,2,582,DXRIGID,Rigidity at diagnosis,0,no fall,Yes,289,72.6
0,2,582,DXRIGID,Rigidity at diagnosis,1,rare fall,No,26,20.5
0,2,582,DXRIGID,Rigidity at diagnosis,1,rare fall,Unknown,4,3.1
0,2,582,DXRIGID,Rigidity at diagnosis,1,rare fall,Yes,97,76.4
0,2,582,DXRIGID,Rigidity at diagnosis,2,recurrent fall,No,13,22.8
0,2,582,DXRIGID,Rigidity at diagnosis,2,recurrent fall,Unknown,2,3.5
0,2,582,DXRIGID,Rigidity at diagnosis,2,recurrent fall,Yes,42,73.7
0,2,582,DOPTHERST,Dopaminergic therapy started,0,no fall,<Missing>,67,16.8
0,2,582,DOPTHERST,Dopaminergic therapy started,0,no fall,No,67,16.8
0,2,582,DOPTHERST,Dopaminergic therapy started,0,no fall,Yes,264,66.3
0,2,582,DOPTHERST,Dopaminergic therapy started,1,rare fall,<Missing>,35,27.6
0,2,582,DOPTHERST,Dopaminergic therapy started,1,rare fall,No,16,12.6
0,2,582,DOPTHERST,Dopaminergic therapy started,1,rare fall,Yes,76,59.8
0,2,582,DOPTHERST,Dopaminergic therapy started,2,recurrent fall,<Missing>,19,33.3
0,2,582,DOPTHERST,Dopaminergic therapy started,2,recurrent fall,No,4,7.0
0,2,582,DOPTHERST,Dopaminergic therapy started,2,recurrent fall,Yes,34,59.6
0,2,582,FEATPOSHYP,Postural hypotension clinical feature,0,no fall,No,253,63.6
0,2,582,FEATPOSHYP,Postural hypotension clinical feature,0,no fall,Uncertain,12,3.0
0,2,582,FEATPOSHYP,Postural hypotension clinical feature,0,no fall,Yes,133,33.4
0,2,582,FEATPOSHYP,Postural hypotension clinical feature,1,rare fall,No,73,57.5
0,2,582,FEATPOSHYP,Postural hypotension clinical feature,1,rare fall,Uncertain,2,1.6
0,2,582,FEATPOSHYP,Postural hypotension clinical feature,1,rare fall,Yes,52,40.9
0,2,582,FEATPOSHYP,Postural hypotension clinical feature,2,recurrent fall,No,26,45.6
0,2,582,FEATPOSHYP,Postural hypotension clinical feature,2,recurrent fall,Uncertain,1,1.8
0,2,582,FEATPOSHYP,Postural hypotension clinical feature,2,recurrent fall,Yes,30,52.6
0,2,582,ANYFAMPD,Family history of Parkinson's disease,0,no fall,<Missing>,16,4.0
0,2,582,ANYFAMPD,Family history of Parkinson's disease,0,no fall,No,237,59.5
0,2,582,ANYFAMPD,Family history of Parkinson's disease,0,no fall,Yes,145,36.4
0,2,582,ANYFAMPD,Family history of Parkinson's disease,1,rare fall,<Missing>,12,9.4
0,2,582,ANYFAMPD,Family history of Parkinson's disease,1,rare fall,No,70,55.1
0,2,582,ANYFAMPD,Family history of Parkinson's disease,1,rare fall,Yes,45,35.4
0,2,582,ANYFAMPD,Family history of Parkinson's disease,2,recurrent fall,<Missing>,9,15.8
0,2,582,ANYFAMPD,Family history of Parkinson's disease,2,recurrent fall,No,20,35.1
0,2,582,ANYFAMPD,Family history of Parkinson's disease,2,recurrent fall,Yes,28,49.1
0,2,582,DXTREMOR,Resting tremor at diagnosis,0,no fall,No,81,20.4
0,2,582,DXTREMOR,Resting tremor at diagnosis,0,no fall,Unknown,8,2.0
0,2,582,DXTREMOR,Resting tremor at diagnosis,0,no fall,Yes,309,77.6
0,2,582,DXTREMOR,Resting tremor at diagnosis,1,rare fall,No,22,17.3
0,2,582,DXTREMOR,Resting tremor at diagnosis,1,rare fall,Yes,105,82.7
0,2,582,DXTREMOR,Resting tremor at diagnosis,2,recurrent fall,No,16,28.1
0,2,582,DXTREMOR,Resting tremor at diagnosis,2,recurrent fall,Yes,41,71.9
0,2,582,DXBRADY,Bradykinesia at diagnosis,0,no fall,No,49,12.3
0,2,582,DXBRADY,Bradykinesia at diagnosis,0,no fall,Unknown,23,5.8
0,2,582,DXBRADY,Bradykinesia at diagnosis,0,no fall,Yes,326,81.9
0,2,582,DXBRADY,Bradykinesia at diagnosis,1,rare fall,No,21,16.5
0,2,582,DXBRADY,Bradykinesia at diagnosis,1,rare fall,Unknown,5,3.9
0,2,582,DXBRADY,Bradykinesia at diagnosis,1,rare fall,Yes,101,79.5
0,2,582,DXBRADY,Bradykinesia at diagnosis,2,recurrent fall,No,9,15.8
0,2,582,DXBRADY,Bradykinesia at diagnosis,2,recurrent fall,Yes,48,84.2
0,2,582,DOMSIDE,Predominantly affected side at onset,0,no fall,Left,165,41.5
0,2,582,DOMSIDE,Predominantly affected side at onset,0,no fall,Right,223,56.0
0,2,582,DOMSIDE,Predominantly affected side at onset,0,no fall,Symmetric,5,1.3
0,2,582,DOMSIDE,Predominantly affected side at onset,0,no fall,Unknown,5,1.3
0,2,582,DOMSIDE,Predominantly affected side at onset,1,rare fall,Left,54,42.5
0,2,582,DOMSIDE,Predominantly affected side at onset,1,rare fall,Right,70,55.1
0,2,582,DOMSIDE,Predominantly affected side at onset,1,rare fall,Symmetric,2,1.6
0,2,582,DOMSIDE,Predominantly affected side at onset,1,rare fall,Unknown,1,0.8
0,2,582,DOMSIDE,Predominantly affected side at onset,2,recurrent fall,Left,28,49.1
0,2,582,DOMSIDE,Predominantly affected side at onset,2,recurrent fall,Right,28,49.1
0,2,582,DOMSIDE,Predominantly affected side at onset,2,recurrent fall,Unknown,1,1.8
0,3,583,DXPOSINS,Postural instability at diagnosis,0,no fall,<Missing>,1,0.3
0,3,583,DXPOSINS,Postural instability at diagnosis,0,no fall,No,339,85.0
0,3,583,DXPOSINS,Postural instability at diagnosis,0,no fall,Unknown,27,6.8
0,3,583,DXPOSINS,Postural instability at diagnosis,0,no fall,Yes,32,8.0
0,3,583,DXPOSINS,Postural instability at diagnosis,1,rare fall,No,109,85.2
0,3,583,DXPOSINS,Postural instability at diagnosis,1,rare fall,Unknown,7,5.5
0,3,583,DXPOSINS,Postural instability at diagnosis,1,rare fall,Yes,12,9.4
0,3,583,DXPOSINS,Postural instability at diagnosis,2,recurrent fall,No,49,87.5
0,3,583,DXPOSINS,Postural instability at diagnosis,2,recurrent fall,Yes,7,12.5
0,3,583,DXRIGID,Rigidity at diagnosis,0,no fall,No,76,19.0
0,3,583,DXRIGID,Rigidity at diagnosis,0,no fall,Unknown,37,9.3
0,3,583,DXRIGID,Rigidity at diagnosis,0,no fall,Yes,286,71.7
0,3,583,DXRIGID,Rigidity at diagnosis,1,rare fall,No,25,19.5
0,3,583,DXRIGID,Rigidity at diagnosis,1,rare fall,Unknown,5,3.9
0,3,583,DXRIGID,Rigidity at diagnosis,1,rare fall,Yes,98,76.6
0,3,583,DXRIGID,Rigidity at diagnosis,2,recurrent fall,No,10,17.9
0,3,583,DXRIGID,Rigidity at diagnosis,2,recurrent fall,Unknown,2,3.6
0,3,583,DXRIGID,Rigidity at diagnosis,2,recurrent fall,Yes,44,78.6
0,3,583,DOPTHERST,Dopaminergic therapy started,0,no fall,<Missing>,70,17.5
0,3,583,DOPTHERST,Dopaminergic therapy started,0,no fall,No,65,16.3
0,3,583,DOPTHERST,Dopaminergic therapy started,0,no fall,Yes,264,66.2
0,3,583,DOPTHERST,Dopaminergic therapy started,1,rare fall,<Missing>,35,27.3
0,3,583,DOPTHERST,Dopaminergic therapy started,1,rare fall,No,15,11.7
0,3,583,DOPTHERST,Dopaminergic therapy started,1,rare fall,Yes,78,60.9
0,3,583,DOPTHERST,Dopaminergic therapy started,2,recurrent fall,<Missing>,17,30.4
0,3,583,DOPTHERST,Dopaminergic therapy started,2,recurrent fall,No,4,7.1
0,3,583,DOPTHERST,Dopaminergic therapy started,2,recurrent fall,Yes,35,62.5
0,3,583,FEATPOSHYP,Postural hypotension clinical feature,0,no fall,No,261,65.4
0,3,583,FEATPOSHYP,Postural hypotension clinical feature,0,no fall,Uncertain,8,2.0
0,3,583,FEATPOSHYP,Postural hypotension clinical feature,0,no fall,Yes,130,32.6
0,3,583,FEATPOSHYP,Postural hypotension clinical feature,1,rare fall,No,78,60.9
0,3,583,FEATPOSHYP,Postural hypotension clinical feature,1,rare fall,Uncertain,2,1.6
0,3,583,FEATPOSHYP,Postural hypotension clinical feature,1,rare fall,Yes,48,37.5
0,3,583,FEATPOSHYP,Postural hypotension clinical feature,2,recurrent fall,No,24,42.9
0,3,583,FEATPOSHYP,Postural hypotension clinical feature,2,recurrent fall,Uncertain,2,3.6
0,3,583,FEATPOSHYP,Postural hypotension clinical feature,2,recurrent fall,Yes,30,53.6
0,3,583,ANYFAMPD,Family history of Parkinson's disease,0,no fall,<Missing>,19,4.8
0,3,583,ANYFAMPD,Family history of Parkinson's disease,0,no fall,No,243,60.9
0,3,583,ANYFAMPD,Family history of Parkinson's disease,0,no fall,Yes,137,34.3
0,3,583,ANYFAMPD,Family history of Parkinson's disease,1,rare fall,<Missing>,11,8.6
0,3,583,ANYFAMPD,Family history of Parkinson's disease,1,rare fall,No,70,54.7
0,3,583,ANYFAMPD,Family history of Parkinson's disease,1,rare fall,Yes,47,36.7
0,3,583,ANYFAMPD,Family history of Parkinson's disease,2,recurrent fall,<Missing>,6,10.7
0,3,583,ANYFAMPD,Family history of Parkinson's disease,2,recurrent fall,No,21,37.5
0,3,583,ANYFAMPD,Family history of Parkinson's disease,2,recurrent fall,Yes,29,51.8
0,3,583,DXTREMOR,Resting tremor at diagnosis,0,no fall,No,77,19.3
0,3,583,DXTREMOR,Resting tremor at diagnosis,0,no fall,Unknown,11,2.8
0,3,583,DXTREMOR,Resting tremor at diagnosis,0,no fall,Yes,311,77.9
0,3,583,DXTREMOR,Resting tremor at diagnosis,1,rare fall,No,21,16.4
0,3,583,DXTREMOR,Resting tremor at diagnosis,1,rare fall,Yes,107,83.6
0,3,583,DXTREMOR,Resting tremor at diagnosis,2,recurrent fall,No,15,26.8
0,3,583,DXTREMOR,Resting tremor at diagnosis,2,recurrent fall,Yes,41,73.2
0,3,583,DXBRADY,Bradykinesia at diagnosis,0,no fall,No,48,12.0
0,3,583,DXBRADY,Bradykinesia at diagnosis,0,no fall,Unknown,27,6.8
0,3,583,DXBRADY,Bradykinesia at diagnosis,0,no fall,Yes,324,81.2
0,3,583,DXBRADY,Bradykinesia at diagnosis,1,rare fall,No,25,19.5
0,3,583,DXBRADY,Bradykinesia at diagnosis,1,rare fall,Unknown,6,4.7
0,3,583,DXBRADY,Bradykinesia at diagnosis,1,rare fall,Yes,97,75.8
0,3,583,DXBRADY,Bradykinesia at diagnosis,2,recurrent fall,No,9,16.1
0,3,583,DXBRADY,Bradykinesia at diagnosis,2,recurrent fall,Unknown,1,1.8
0,3,583,DXBRADY,Bradykinesia at diagnosis,2,recurrent fall,Yes,46,82.1
0,3,583,DOMSIDE,Predominantly affected side at onset,0,no fall,Left,179,44.9
0,3,583,DOMSIDE,Predominantly affected side at onset,0,no fall,Right,209,52.4
0,3,583,DOMSIDE,Predominantly affected side at onset,0,no fall,Symmetric,7,1.8
0,3,583,DOMSIDE,Predominantly affected side at onset,0,no fall,Unknown,4,1.0
0,3,583,DOMSIDE,Predominantly affected side at onset,1,rare fall,Left,52,40.6
0,3,583,DOMSIDE,Predominantly affected side at onset,1,rare fall,Right,73,57.0
0,3,583,DOMSIDE,Predominantly affected side at onset,1,rare fall,Symmetric,2,1.6
0,3,583,DOMSIDE,Predominantly affected side at onset,1,rare fall,Unknown,1,0.8
0,3,583,DOMSIDE,Predominantly affected side at onset,2,recurrent fall,Left,31,55.4
0,3,583,DOMSIDE,Predominantly affected side at onset,2,recurrent fall,Right,24,42.9
0,3,583,DOMSIDE,Predominantly affected side at onset,2,recurrent fall,Unknown,1,1.8
0,4,583,DXPOSINS,Postural instability at diagnosis,0,no fall,<Missing>,1,0.3
0,4,583,DXPOSINS,Postural instability at diagnosis,0,no fall,No,339,85.0
0,4,583,DXPOSINS,Postural instability at diagnosis,0,no fall,Unknown,24,6.0
0,4,583,DXPOSINS,Postural instability at diagnosis,0,no fall,Yes,35,8.8
0,4,583,DXPOSINS,Postural instability at diagnosis,1,rare fall,No,110,86.6
0,4,583,DXPOSINS,Postural instability at diagnosis,1,rare fall,Unknown,9,7.1
0,4,583,DXPOSINS,Postural instability at diagnosis,1,rare fall,Yes,8,6.3
0,4,583,DXPOSINS,Postural instability at diagnosis,2,recurrent fall,No,51,89.5
0,4,583,DXPOSINS,Postural instability at diagnosis,2,recurrent fall,Unknown,1,1.8
0,4,583,DXPOSINS,Postural instability at diagnosis,2,recurrent fall,Yes,5,8.8
0,4,583,DXRIGID,Rigidity at diagnosis,0,no fall,No,74,18.5
0,4,583,DXRIGID,Rigidity at diagnosis,0,no fall,Unknown,33,8.3
0,4,583,DXRIGID,Rigidity at diagnosis,0,no fall,Yes,292,73.2
0,4,583,DXRIGID,Rigidity at diagnosis,1,rare fall,No,28,22.0
0,4,583,DXRIGID,Rigidity at diagnosis,1,rare fall,Unknown,6,4.7
0,4,583,DXRIGID,Rigidity at diagnosis,1,rare fall,Yes,93,73.2
0,4,583,DXRIGID,Rigidity at diagnosis,2,recurrent fall,No,12,21.1
0,4,583,DXRIGID,Rigidity at diagnosis,2,recurrent fall,Unknown,3,5.3
0,4,583,DXRIGID,Rigidity at diagnosis,2,recurrent fall,Yes,42,73.7
0,4,583,DOPTHERST,Dopaminergic therapy started,0,no fall,<Missing>,71,17.8
0,4,583,DOPTHERST,Dopaminergic therapy started,0,no fall,No,63,15.8
0,4,583,DOPTHERST,Dopaminergic therapy started,0,no fall,Yes,265,66.4
0,4,583,DOPTHERST,Dopaminergic therapy started,1,rare fall,<Missing>,35,27.6
0,4,583,DOPTHERST,Dopaminergic therapy started,1,rare fall,No,17,13.4
0,4,583,DOPTHERST,Dopaminergic therapy started,1,rare fall,Yes,75,59.1
0,4,583,DOPTHERST,Dopaminergic therapy started,2,recurrent fall,<Missing>,20,35.1
0,4,583,DOPTHERST,Dopaminergic therapy started,2,recurrent fall,No,3,5.3
0,4,583,DOPTHERST,Dopaminergic therapy started,2,recurrent fall,Yes,34,59.6
0,4,583,FEATPOSHYP,Postural hypotension clinical feature,0,no fall,No,258,64.7
0,4,583,FEATPOSHYP,Postural hypotension clinical feature,0,no fall,Uncertain,8,2.0
0,4,583,FEATPOSHYP,Postural hypotension clinical feature,0,no fall,Yes,133,33.3
0,4,583,FEATPOSHYP,Postural hypotension clinical feature,1,rare fall,No,76,59.8
0,4,583,FEATPOSHYP,Postural hypotension clinical feature,1,rare fall,Uncertain,2,1.6
0,4,583,FEATPOSHYP,Postural hypotension clinical feature,1,rare fall,Yes,49,38.6
0,4,583,FEATPOSHYP,Postural hypotension clinical feature,2,recurrent fall,No,24,42.1
0,4,583,FEATPOSHYP,Postural hypotension clinical feature,2,recurrent fall,Uncertain,2,3.5
0,4,583,FEATPOSHYP,Postural hypotension clinical feature,2,recurrent fall,Yes,31,54.4
0,4,583,ANYFAMPD,Family history of Parkinson's disease,0,no fall,<Missing>,16,4.0
0,4,583,ANYFAMPD,Family history of Parkinson's disease,0,no fall,No,243,60.9
0,4,583,ANYFAMPD,Family history of Parkinson's disease,0,no fall,Yes,140,35.1
0,4,583,ANYFAMPD,Family history of Parkinson's disease,1,rare fall,<Missing>,12,9.4
0,4,583,ANYFAMPD,Family history of Parkinson's disease,1,rare fall,No,64,50.4
0,4,583,ANYFAMPD,Family history of Parkinson's disease,1,rare fall,Yes,51,40.2
0,4,583,ANYFAMPD,Family history of Parkinson's disease,2,recurrent fall,<Missing>,10,17.5
0,4,583,ANYFAMPD,Family history of Parkinson's disease,2,recurrent fall,No,20,35.1
0,4,583,ANYFAMPD,Family history of Parkinson's disease,2,recurrent fall,Yes,27,47.4
0,4,583,DXTREMOR,Resting tremor at diagnosis,0,no fall,No,77,19.3
0,4,583,DXTREMOR,Resting tremor at diagnosis,0,no fall,Unknown,9,2.3
0,4,583,DXTREMOR,Resting tremor at diagnosis,0,no fall,Yes,313,78.4
0,4,583,DXTREMOR,Resting tremor at diagnosis,1,rare fall,No,21,16.5
0,4,583,DXTREMOR,Resting tremor at diagnosis,1,rare fall,Yes,106,83.5
0,4,583,DXTREMOR,Resting tremor at diagnosis,2,recurrent fall,No,13,22.8
0,4,583,DXTREMOR,Resting tremor at diagnosis,2,recurrent fall,Yes,44,77.2
0,4,583,DXBRADY,Bradykinesia at diagnosis,0,no fall,No,44,11.0
0,4,583,DXBRADY,Bradykinesia at diagnosis,0,no fall,Unknown,22,5.5
0,4,583,DXBRADY,Bradykinesia at diagnosis,0,no fall,Yes,333,83.5
0,4,583,DXBRADY,Bradykinesia at diagnosis,1,rare fall,No,24,18.9
0,4,583,DXBRADY,Bradykinesia at diagnosis,1,rare fall,Unknown,6,4.7
0,4,583,DXBRADY,Bradykinesia at diagnosis,1,rare fall,Yes,97,76.4
0,4,583,DXBRADY,Bradykinesia at diagnosis,2,recurrent fall,No,8,14.0
0,4,583,DXBRADY,Bradykinesia at diagnosis,2,recurrent fall,Unknown,1,1.8
0,4,583,DXBRADY,Bradykinesia at diagnosis,2,recurrent fall,Yes,48,84.2
0,4,583,DOMSIDE,Predominantly affected side at onset,0,no fall,Left,163,40.9
0,4,583,DOMSIDE,Predominantly affected side at onset,0,no fall,Right,226,56.6
0,4,583,DOMSIDE,Predominantly affected side at onset,0,no fall,Symmetric,7,1.8
0,4,583,DOMSIDE,Predominantly affected side at onset,0,no fall,Unknown,3,0.8
0,4,583,DOMSIDE,Predominantly affected side at onset,1,rare fall,Left,49,38.6
0,4,583,DOMSIDE,Predominantly affected side at onset,1,rare fall,Right,76,59.8
0,4,583,DOMSIDE,Predominantly affected side at onset,1,rare fall,Symmetric,1,0.8
0,4,583,DOMSIDE,Predominantly affected side at onset,1,rare fall,Unknown,1,0.8
0,4,583,DOMSIDE,Predominantly affected side at onset,2,recurrent fall,Left,31,54.4
0,4,583,DOMSIDE,Predominantly affected side at onset,2,recurrent fall,Right,26,45.6
1,0,582,DXPOSINS,Postural instability at diagnosis,0,no fall,<Missing>,1,0.3
1,0,582,DXPOSINS,Postural instability at diagnosis,0,no fall,No,337,84.7
1,0,582,DXPOSINS,Postural instability at diagnosis,0,no fall,Unknown,27,6.8
1,0,582,DXPOSINS,Postural instability at diagnosis,0,no fall,Yes,33,8.3
1,0,582,DXPOSINS,Postural instability at diagnosis,1,rare fall,No,109,85.8
1,0,582,DXPOSINS,Postural instability at diagnosis,1,rare fall,Unknown,8,6.3
1,0,582,DXPOSINS,Postural instability at diagnosis,1,rare fall,Yes,10,7.9
1,0,582,DXPOSINS,Postural instability at diagnosis,2,recurrent fall,No,49,86.0
1,0,582,DXPOSINS,Postural instability at diagnosis,2,recurrent fall,Unknown,1,1.8
1,0,582,DXPOSINS,Postural instability at diagnosis,2,recurrent fall,Yes,7,12.3
1,0,582,DXRIGID,Rigidity at diagnosis,0,no fall,No,83,20.9
1,0,582,DXRIGID,Rigidity at diagnosis,0,no fall,Unknown,36,9.0
1,0,582,DXRIGID,Rigidity at diagnosis,0,no fall,Yes,279,70.1
1,0,582,DXRIGID,Rigidity at diagnosis,1,rare fall,No,25,19.7
1,0,582,DXRIGID,Rigidity at diagnosis,1,rare fall,Unknown,8,6.3
1,0,582,DXRIGID,Rigidity at diagnosis,1,rare fall,Yes,94,74.0
1,0,582,DXRIGID,Rigidity at diagnosis,2,recurrent fall,No,11,19.3
1,0,582,DXRIGID,Rigidity at diagnosis,2,recurrent fall,Unknown,2,3.5
1,0,582,DXRIGID,Rigidity at diagnosis,2,recurrent fall,Yes,44,77.2
1,0,582,DOPTHERST,Dopaminergic therapy started,0,no fall,<Missing>,66,16.6
1,0,582,DOPTHERST,Dopaminergic therapy started,0,no fall,No,73,18.3
1,0,582,DOPTHERST,Dopaminergic therapy started,0,no fall,Yes,259,65.1
1,0,582,DOPTHERST,Dopaminergic therapy started,1,rare fall,<Missing>,28,22.0
1,0,582,DOPTHERST,Dopaminergic therapy started,1,rare fall,No,12,9.4
1,0,582,DOPTHERST,Dopaminergic therapy started,1,rare fall,Yes,87,68.5
1,0,582,DOPTHERST,Dopaminergic therapy started,2,recurrent fall,<Missing>,18,31.6
1,0,582,DOPTHERST,Dopaminergic therapy started,2,recurrent fall,No,3,5.3
1,0,582,DOPTHERST,Dopaminergic therapy started,2,recurrent fall,Yes,36,63.2
1,0,582,FEATPOSHYP,Postural hypotension clinical feature,0,no fall,No,261,65.6
1,0,582,FEATPOSHYP,Postural hypotension clinical feature,0,no fall,Uncertain,9,2.3
1,0,582,FEATPOSHYP,Postural hypotension clinical feature,0,no fall,Yes,128,32.2
1,0,582,FEATPOSHYP,Postural hypotension clinical feature,1,rare fall,No,76,59.8
1,0,582,FEATPOSHYP,Postural hypotension clinical feature,1,rare fall,Uncertain,2,1.6
1,0,582,FEATPOSHYP,Postural hypotension clinical feature,1,rare fall,Yes,49,38.6
1,0,582,FEATPOSHYP,Postural hypotension clinical feature,2,recurrent fall,No,25,43.9
1,0,582,FEATPOSHYP,Postural hypotension clinical feature,2,recurrent fall,Uncertain,2,3.5
1,0,582,FEATPOSHYP,Postural hypotension clinical feature,2,recurrent fall,Yes,30,52.6
1,0,582,ANYFAMPD,Family history of Parkinson's disease,0,no fall,<Missing>,17,4.3
1,0,582,ANYFAMPD,Family history of Parkinson's disease,0,no fall,No,232,58.3
1,0,582,ANYFAMPD,Family history of Parkinson's disease,0,no fall,Yes,149,37.4
1,0,582,ANYFAMPD,Family history of Parkinson's disease,1,rare fall,<Missing>,8,6.3
1,0,582,ANYFAMPD,Family history of Parkinson's disease,1,rare fall,No,70,55.1
1,0,582,ANYFAMPD,Family history of Parkinson's disease,1,rare fall,Yes,49,38.6
1,0,582,ANYFAMPD,Family history of Parkinson's disease,2,recurrent fall,<Missing>,6,10.5
1,0,582,ANYFAMPD,Family history of Parkinson's disease,2,recurrent fall,No,23,40.4
1,0,582,ANYFAMPD,Family history of Parkinson's disease,2,recurrent fall,Yes,28,49.1
1,0,582,DXTREMOR,Resting tremor at diagnosis,0,no fall,No,83,20.9
1,0,582,DXTREMOR,Resting tremor at diagnosis,0,no fall,Unknown,8,2.0
1,0,582,DXTREMOR,Resting tremor at diagnosis,0,no fall,Yes,307,77.1
1,0,582,DXTREMOR,Resting tremor at diagnosis,1,rare fall,No,30,23.6
1,0,582,DXTREMOR,Resting tremor at diagnosis,1,rare fall,Unknown,2,1.6
1,0,582,DXTREMOR,Resting tremor at diagnosis,1,rare fall,Yes,95,74.8
1,0,582,DXTREMOR,Resting tremor at diagnosis,2,recurrent fall,No,18,31.6
1,0,582,DXTREMOR,Resting tremor at diagnosis,2,recurrent fall,Yes,39,68.4
1,0,582,DXBRADY,Bradykinesia at diagnosis,0,no fall,No,47,11.8
1,0,582,DXBRADY,Bradykinesia at diagnosis,0,no fall,Unknown,28,7.0
1,0,582,DXBRADY,Bradykinesia at diagnosis,0,no fall,Yes,323,81.2
1,0,582,DXBRADY,Bradykinesia at diagnosis,1,rare fall,No,23,18.1
1,0,582,DXBRADY,Bradykinesia at diagnosis,1,rare fall,Unknown,6,4.7
1,0,582,DXBRADY,Bradykinesia at diagnosis,1,rare fall,Yes,98,77.2
1,0,582,DXBRADY,Bradykinesia at diagnosis,2,recurrent fall,No,7,12.3
1,0,582,DXBRADY,Bradykinesia at diagnosis,2,recurrent fall,Unknown,2,3.5
1,0,582,DXBRADY,Bradykinesia at diagnosis,2,recurrent fall,Yes,48,84.2
1,0,582,DOMSIDE,Predominantly affected side at onset,0,no fall,Left,168,42.2
1,0,582,DOMSIDE,Predominantly affected side at onset,0,no fall,Right,216,54.3
1,0,582,DOMSIDE,Predominantly affected side at onset,0,no fall,Symmetric,9,2.3
1,0,582,DOMSIDE,Predominantly affected side at onset,0,no fall,Unknown,5,1.3
1,0,582,DOMSIDE,Predominantly affected side at onset,1,rare fall,Left,50,39.4
1,0,582,DOMSIDE,Predominantly affected side at onset,1,rare fall,Right,74,58.3
1,0,582,DOMSIDE,Predominantly affected side at onset,1,rare fall,Symmetric,2,1.6
1,0,582,DOMSIDE,Predominantly affected side at onset,1,rare fall,Unknown,1,0.8
1,0,582,DOMSIDE,Predominantly affected side at onset,2,recurrent fall,Left,27,47.4
1,0,582,DOMSIDE,Predominantly affected side at onset,2,recurrent fall,Right,28,49.1
1,0,582,DOMSIDE,Predominantly affected side at onset,2,recurrent fall,Symmetric,1,1.8
1,0,582,DOMSIDE,Predominantly affected side at onset,2,recurrent fall,Unknown,1,1.8
1,1,582,DXPOSINS,Postural instability at diagnosis,0,no fall,<Missing>,1,0.3
1,1,582,DXPOSINS,Postural instability at diagnosis,0,no fall,No,340,85.4
1,1,582,DXPOSINS,Postural instability at diagnosis,0,no fall,Unknown,27,6.8
1,1,582,DXPOSINS,Postural instability at diagnosis,0,no fall,Yes,30,7.5
1,1,582,DXPOSINS,Postural instability at diagnosis,1,rare fall,No,106,83.5
1,1,582,DXPOSINS,Postural instability at diagnosis,1,rare fall,Unknown,5,3.9
1,1,582,DXPOSINS,Postural instability at diagnosis,1,rare fall,Yes,16,12.6
1,1,582,DXPOSINS,Postural instability at diagnosis,2,recurrent fall,No,50,87.7
1,1,582,DXPOSINS,Postural instability at diagnosis,2,recurrent fall,Unknown,1,1.8
1,1,582,DXPOSINS,Postural instability at diagnosis,2,recurrent fall,Yes,6,10.5
1,1,582,DXRIGID,Rigidity at diagnosis,0,no fall,No,80,20.1
1,1,582,DXRIGID,Rigidity at diagnosis,0,no fall,Unknown,33,8.3
1,1,582,DXRIGID,Rigidity at diagnosis,0,no fall,Yes,285,71.6
1,1,582,DXRIGID,Rigidity at diagnosis,1,rare fall,No,26,20.5
1,1,582,DXRIGID,Rigidity at diagnosis,1,rare fall,Unknown,5,3.9
1,1,582,DXRIGID,Rigidity at diagnosis,1,rare fall,Yes,96,75.6
1,1,582,DXRIGID,Rigidity at diagnosis,2,recurrent fall,No,8,14.0
1,1,582,DXRIGID,Rigidity at diagnosis,2,recurrent fall,Unknown,2,3.5
1,1,582,DXRIGID,Rigidity at diagnosis,2,recurrent fall,Yes,47,82.5
1,1,582,DOPTHERST,Dopaminergic therapy started,0,no fall,<Missing>,66,16.6
1,1,582,DOPTHERST,Dopaminergic therapy started,0,no fall,No,71,17.8
1,1,582,DOPTHERST,Dopaminergic therapy started,0,no fall,Yes,261,65.6
1,1,582,DOPTHERST,Dopaminergic therapy started,1,rare fall,<Missing>,33,26.0
1,1,582,DOPTHERST,Dopaminergic therapy started,1,rare fall,No,11,8.7
1,1,582,DOPTHERST,Dopaminergic therapy started,1,rare fall,Yes,83,65.4
1,1,582,DOPTHERST,Dopaminergic therapy started,2,recurrent fall,<Missing>,16,28.1
1,1,582,DOPTHERST,Dopaminergic therapy started,2,recurrent fall,No,3,5.3
1,1,582,DOPTHERST,Dopaminergic therapy started,2,recurrent fall,Yes,38,66.7
1,1,582,FEATPOSHYP,Postural hypotension clinical feature,0,no fall,No,261,65.6
1,1,582,FEATPOSHYP,Postural hypotension clinical feature,0,no fall,Uncertain,8,2.0
1,1,582,FEATPOSHYP,Postural hypotension clinical feature,0,no fall,Yes,129,32.4
1,1,582,FEATPOSHYP,Postural hypotension clinical feature,1,rare fall,No,75,59.1
1,1,582,FEATPOSHYP,Postural hypotension clinical feature,1,rare fall,Uncertain,1,0.8
1,1,582,FEATPOSHYP,Postural hypotension clinical feature,1,rare fall,Yes,51,40.2
1,1,582,FEATPOSHYP,Postural hypotension clinical feature,2,recurrent fall,No,26,45.6
1,1,582,FEATPOSHYP,Postural hypotension clinical feature,2,recurrent fall,Uncertain,2,3.5
1,1,582,FEATPOSHYP,Postural hypotension clinical feature,2,recurrent fall,Yes,29,50.9
1,1,582,ANYFAMPD,Family history of Parkinson's disease,0,no fall,<Missing>,19,4.8
1,1,582,ANYFAMPD,Family history of Parkinson's disease,0,no fall,No,240,60.3
1,1,582,ANYFAMPD,Family history of Parkinson's disease,0,no fall,Yes,139,34.9
1,1,582,ANYFAMPD,Family history of Parkinson's disease,1,rare fall,<Missing>,14,11.0
1,1,582,ANYFAMPD,Family history of Parkinson's disease,1,rare fall,No,72,56.7
1,1,582,ANYFAMPD,Family history of Parkinson's disease,1,rare fall,Yes,41,32.3
1,1,582,ANYFAMPD,Family history of Parkinson's disease,2,recurrent fall,<Missing>,7,12.3
1,1,582,ANYFAMPD,Family history of Parkinson's disease,2,recurrent fall,No,24,42.1
1,1,582,ANYFAMPD,Family history of Parkinson's disease,2,recurrent fall,Yes,26,45.6
1,1,582,DXTREMOR,Resting tremor at diagnosis,0,no fall,No,87,21.9
1,1,582,DXTREMOR,Resting tremor at diagnosis,0,no fall,Unknown,8,2.0
1,1,582,DXTREMOR,Resting tremor at diagnosis,0,no fall,Yes,303,76.1
1,1,582,DXTREMOR,Resting tremor at diagnosis,1,rare fall,No,29,22.8
1,1,582,DXTREMOR,Resting tremor at diagnosis,1,rare fall,Unknown,1,0.8
1,1,582,DXTREMOR,Resting tremor at diagnosis,1,rare fall,Yes,97,76.4
1,1,582,DXTREMOR,Resting tremor at diagnosis,2,recurrent fall,No,21,36.8
1,1,582,DXTREMOR,Resting tremor at diagnosis,2,recurrent fall,Yes,36,63.2
1,1,582,DXBRADY,Bradykinesia at diagnosis,0,no fall,No,46,11.6
1,1,582,DXBRADY,Bradykinesia at diagnosis,0,no fall,Unknown,27,6.8
1,1,582,DXBRADY,Bradykinesia at diagnosis,0,no fall,Yes,325,81.7
1,1,582,DXBRADY,Bradykinesia at diagnosis,1,rare fall,No,22,17.3
1,1,582,DXBRADY,Bradykinesia at diagnosis,1,rare fall,Unknown,3,2.4
1,1,582,DXBRADY,Bradykinesia at diagnosis,1,rare fall,Yes,102,80.3
1,1,582,DXBRADY,Bradykinesia at diagnosis,2,recurrent fall,No,6,10.5
1,1,582,DXBRADY,Bradykinesia at diagnosis,2,recurrent fall,Unknown,1,1.8
1,1,582,DXBRADY,Bradykinesia at diagnosis,2,recurrent fall,Yes,50,87.7
1,1,582,DOMSIDE,Predominantly affected side at onset,0,no fall,Left,173,43.5
1,1,582,DOMSIDE,Predominantly affected side at onset,0,no fall,Right,214,53.8
1,1,582,DOMSIDE,Predominantly affected side at onset,0,no fall,Symmetric,7,1.8
1,1,582,DOMSIDE,Predominantly affected side at onset,0,no fall,Unknown,4,1.0
1,1,582,DOMSIDE,Predominantly affected side at onset,1,rare fall,Left,53,41.7
1,1,582,DOMSIDE,Predominantly affected side at onset,1,rare fall,Right,70,55.1
1,1,582,DOMSIDE,Predominantly affected side at onset,1,rare fall,Symmetric,4,3.1
1,1,582,DOMSIDE,Predominantly affected side at onset,2,recurrent fall,Left,30,52.6
1,1,582,DOMSIDE,Predominantly affected side at onset,2,recurrent fall,Right,24,42.1
1,1,582,DOMSIDE,Predominantly affected side at onset,2,recurrent fall,Symmetric,2,3.5
1,1,582,DOMSIDE,Predominantly affected side at onset,2,recurrent fall,Unknown,1,1.8
1,2,582,DXPOSINS,Postural instability at diagnosis,0,no fall,No,331,83.2
1,2,582,DXPOSINS,Postural instability at diagnosis,0,no fall,Unknown,28,7.0
1,2,582,DXPOSINS,Postural instability at diagnosis,0,no fall,Yes,39,9.8
1,2,582,DXPOSINS,Postural instability at diagnosis,1,rare fall,No,107,84.3
1,2,582,DXPOSINS,Postural instability at diagnosis,1,rare fall,Unknown,7,5.5
1,2,582,DXPOSINS,Postural instability at diagnosis,1,rare fall,Yes,13,10.2
1,2,582,DXPOSINS,Postural instability at diagnosis,2,recurrent fall,No,47,82.5
1,2,582,DXPOSINS,Postural instability at diagnosis,2,recurrent fall,Unknown,1,1.8
1,2,582,DXPOSINS,Postural instability at diagnosis,2,recurrent fall,Yes,9,15.8
1,2,582,DXRIGID,Rigidity at diagnosis,0,no fall,No,79,19.8
1,2,582,DXRIGID,Rigidity at diagnosis,0,no fall,Unknown,35,8.8
1,2,582,DXRIGID,Rigidity at diagnosis,0,no fall,Yes,284,71.4
1,2,582,DXRIGID,Rigidity at diagnosis,1,rare fall,No,24,18.9
1,2,582,DXRIGID,Rigidity at diagnosis,1,rare fall,Unknown,7,5.5
1,2,582,DXRIGID,Rigidity at diagnosis,1,rare fall,Yes,96,75.6
1,2,582,DXRIGID,Rigidity at diagnosis,2,recurrent fall,No,11,19.3
1,2,582,DXRIGID,Rigidity at diagnosis,2,recurrent fall,Unknown,2,3.5
1,2,582,DXRIGID,Rigidity at diagnosis,2,recurrent fall,Yes,44,77.2
1,2,582,DOPTHERST,Dopaminergic therapy started,0,no fall,<Missing>,73,18.3
1,2,582,DOPTHERST,Dopaminergic therapy started,0,no fall,No,70,17.6
1,2,582,DOPTHERST,Dopaminergic therapy started,0,no fall,Yes,255,64.1
1,2,582,DOPTHERST,Dopaminergic therapy started,1,rare fall,<Missing>,30,23.6
1,2,582,DOPTHERST,Dopaminergic therapy started,1,rare fall,No,12,9.4
1,2,582,DOPTHERST,Dopaminergic therapy started,1,rare fall,Yes,85,66.9
1,2,582,DOPTHERST,Dopaminergic therapy started,2,recurrent fall,<Missing>,19,33.3
1,2,582,DOPTHERST,Dopaminergic therapy started,2,recurrent fall,No,3,5.3
1,2,582,DOPTHERST,Dopaminergic therapy started,2,recurrent fall,Yes,35,61.4
1,2,582,FEATPOSHYP,Postural hypotension clinical feature,0,no fall,No,261,65.6
1,2,582,FEATPOSHYP,Postural hypotension clinical feature,0,no fall,Uncertain,8,2.0
1,2,582,FEATPOSHYP,Postural hypotension clinical feature,0,no fall,Yes,129,32.4
1,2,582,FEATPOSHYP,Postural hypotension clinical feature,1,rare fall,No,75,59.1
1,2,582,FEATPOSHYP,Postural hypotension clinical feature,1,rare fall,Uncertain,1,0.8
1,2,582,FEATPOSHYP,Postural hypotension clinical feature,1,rare fall,Yes,51,40.2
1,2,582,FEATPOSHYP,Postural hypotension clinical feature,2,recurrent fall,No,25,43.9
1,2,582,FEATPOSHYP,Postural hypotension clinical feature,2,recurrent fall,Yes,32,56.1
1,2,582,ANYFAMPD,Family history of Parkinson's disease,0,no fall,<Missing>,21,5.3
1,2,582,ANYFAMPD,Family history of Parkinson's disease,0,no fall,No,221,55.5
1,2,582,ANYFAMPD,Family history of Parkinson's disease,0,no fall,Yes,156,39.2
1,2,582,ANYFAMPD,Family history of Parkinson's disease,1,rare fall,<Missing>,12,9.4
1,2,582,ANYFAMPD,Family history of Parkinson's disease,1,rare fall,No,64,50.4
1,2,582,ANYFAMPD,Family history of Parkinson's disease,1,rare fall,Yes,51,40.2
1,2,582,ANYFAMPD,Family history of Parkinson's disease,2,recurrent fall,<Missing>,5,8.8
1,2,582,ANYFAMPD,Family history of Parkinson's disease,2,recurrent fall,No,22,38.6
1,2,582,ANYFAMPD,Family history of Parkinson's disease,2,recurrent fall,Yes,30,52.6
1,2,582,DXTREMOR,Resting tremor at diagnosis,0,no fall,No,80,20.1
1,2,582,DXTREMOR,Resting tremor at diagnosis,0,no fall,Unknown,9,2.3
1,2,582,DXTREMOR,Resting tremor at diagnosis,0,no fall,Yes,309,77.6
1,2,582,DXTREMOR,Resting tremor at diagnosis,1,rare fall,No,31,24.4
1,2,582,DXTREMOR,Resting tremor at diagnosis,1,rare fall,Unknown,2,1.6
1,2,582,DXTREMOR,Resting tremor at diagnosis,1,rare fall,Yes,94,74.0
1,2,582,DXTREMOR,Resting tremor at diagnosis,2,recurrent fall,No,17,29.8
1,2,582,DXTREMOR,Resting tremor at diagnosis,2,recurrent fall,Yes,40,70.2
1,2,582,DXBRADY,Bradykinesia at diagnosis,0,no fall,No,47,11.8
1,2,582,DXBRADY,Bradykinesia at diagnosis,0,no fall,Unknown,28,7.0
1,2,582,DXBRADY,Bradykinesia at diagnosis,0,no fall,Yes,323,81.2
1,2,582,DXBRADY,Bradykinesia at diagnosis,1,rare fall,No,21,16.5
1,2,582,DXBRADY,Bradykinesia at diagnosis,1,rare fall,Unknown,5,3.9
1,2,582,DXBRADY,Bradykinesia at diagnosis,1,rare fall,Yes,101,79.5
1,2,582,DXBRADY,Bradykinesia at diagnosis,2,recurrent fall,No,6,10.5
1,2,582,DXBRADY,Bradykinesia at diagnosis,2,recurrent fall,Unknown,2,3.5
1,2,582,DXBRADY,Bradykinesia at diagnosis,2,recurrent fall,Yes,49,86.0
1,2,582,DOMSIDE,Predominantly affected side at onset,0,no fall,Left,172,43.2
1,2,582,DOMSIDE,Predominantly affected side at onset,0,no fall,Right,216,54.3
1,2,582,DOMSIDE,Predominantly affected side at onset,0,no fall,Symmetric,6,1.5
1,2,582,DOMSIDE,Predominantly affected side at onset,0,no fall,Unknown,4,1.0
1,2,582,DOMSIDE,Predominantly affected side at onset,1,rare fall,Left,52,40.9
1,2,582,DOMSIDE,Predominantly affected side at onset,1,rare fall,Right,72,56.7
1,2,582,DOMSIDE,Predominantly affected side at onset,1,rare fall,Symmetric,2,1.6
1,2,582,DOMSIDE,Predominantly affected side at onset,1,rare fall,Unknown,1,0.8
1,2,582,DOMSIDE,Predominantly affected side at onset,2,recurrent fall,Left,26,45.6
1,2,582,DOMSIDE,Predominantly affected side at onset,2,recurrent fall,Right,27,47.4
1,2,582,DOMSIDE,Predominantly affected side at onset,2,recurrent fall,Symmetric,2,3.5
1,2,582,DOMSIDE,Predominantly affected side at onset,2,recurrent fall,Unknown,2,3.5
1,3,583,DXPOSINS,Postural instability at diagnosis,0,no fall,<Missing>,1,0.3
1,3,583,DXPOSINS,Postural instability at diagnosis,0,no fall,No,339,85.0
1,3,583,DXPOSINS,Postural instability at diagnosis,0,no fall,Unknown,24,6.0
1,3,583,DXPOSINS,Postural instability at diagnosis,0,no fall,Yes,35,8.8
1,3,583,DXPOSINS,Postural instability at diagnosis,1,rare fall,No,105,82.0
1,3,583,DXPOSINS,Postural instability at diagnosis,1,rare fall,Unknown,8,6.2
1,3,583,DXPOSINS,Postural instability at diagnosis,1,rare fall,Yes,15,11.7
1,3,583,DXPOSINS,Postural instability at diagnosis,2,recurrent fall,No,49,87.5
1,3,583,DXPOSINS,Postural instability at diagnosis,2,recurrent fall,Yes,7,12.5
1,3,583,DXRIGID,Rigidity at diagnosis,0,no fall,No,84,21.1
1,3,583,DXRIGID,Rigidity at diagnosis,0,no fall,Unknown,32,8.0
1,3,583,DXRIGID,Rigidity at diagnosis,0,no fall,Yes,283,70.9
1,3,583,DXRIGID,Rigidity at diagnosis,1,rare fall,No,27,21.1
1,3,583,DXRIGID,Rigidity at diagnosis,1,rare fall,Unknown,6,4.7
1,3,583,DXRIGID,Rigidity at diagnosis,1,rare fall,Yes,95,74.2
1,3,583,DXRIGID,Rigidity at diagnosis,2,recurrent fall,No,11,19.6
1,3,583,DXRIGID,Rigidity at diagnosis,2,recurrent fall,Unknown,2,3.6
1,3,583,DXRIGID,Rigidity at diagnosis,2,recurrent fall,Yes,43,76.8
1,3,583,DOPTHERST,Dopaminergic therapy started,0,no fall,<Missing>,63,15.8
1,3,583,DOPTHERST,Dopaminergic therapy started,0,no fall,No,80,20.1
1,3,583,DOPTHERST,Dopaminergic therapy started,0,no fall,Yes,256,64.2
1,3,583,DOPTHERST,Dopaminergic therapy started,1,rare fall,<Missing>,31,24.2
1,3,583,DOPTHERST,Dopaminergic therapy started,1,rare fall,No,10,7.8
1,3,583,DOPTHERST,Dopaminergic therapy started,1,rare fall,Yes,87,68.0
1,3,583,DOPTHERST,Dopaminergic therapy started,2,recurrent fall,<Missing>,22,39.3
1,3,583,DOPTHERST,Dopaminergic therapy started,2,recurrent fall,No,3,5.4
1,3,583,DOPTHERST,Dopaminergic therapy started,2,recurrent fall,Yes,31,55.4
1,3,583,FEATPOSHYP,Postural hypotension clinical feature,0,no fall,No,258,64.7
1,3,583,FEATPOSHYP,Postural hypotension clinical feature,0,no fall,Uncertain,8,2.0
1,3,583,FEATPOSHYP,Postural hypotension clinical feature,0,no fall,Yes,133,33.3
1,3,583,FEATPOSHYP,Postural hypotension clinical feature,1,rare fall,No,76,59.4
1,3,583,FEATPOSHYP,Postural hypotension clinical feature,1,rare fall,Uncertain,2,1.6
1,3,583,FEATPOSHYP,Postural hypotension clinical feature,1,rare fall,Yes,50,39.1
1,3,583,FEATPOSHYP,Postural hypotension clinical feature,2,recurrent fall,No,24,42.9
1,3,583,FEATPOSHYP,Postural hypotension clinical feature,2,recurrent fall,Uncertain,2,3.6
1,3,583,FEATPOSHYP,Postural hypotension clinical feature,2,recurrent fall,Yes,30,53.6
1,3,583,ANYFAMPD,Family history of Parkinson's disease,0,no fall,<Missing>,13,3.3
1,3,583,ANYFAMPD,Family history of Parkinson's disease,0,no fall,No,234,58.6
1,3,583,ANYFAMPD,Family history of Parkinson's disease,0,no fall,Yes,152,38.1
1,3,583,ANYFAMPD,Family history of Parkinson's disease,1,rare fall,<Missing>,14,10.9
1,3,583,ANYFAMPD,Family history of Parkinson's disease,1,rare fall,No,73,57.0
1,3,583,ANYFAMPD,Family history of Parkinson's disease,1,rare fall,Yes,41,32.0
1,3,583,ANYFAMPD,Family history of Parkinson's disease,2,recurrent fall,<Missing>,7,12.5
1,3,583,ANYFAMPD,Family history of Parkinson's disease,2,recurrent fall,No,22,39.3
1,3,583,ANYFAMPD,Family history of Parkinson's disease,2,recurrent fall,Yes,27,48.2
1,3,583,DXTREMOR,Resting tremor at diagnosis,0,no fall,No,87,21.8
1,3,583,DXTREMOR,Resting tremor at diagnosis,0,no fall,Unknown,10,2.5
1,3,583,DXTREMOR,Resting tremor at diagnosis,0,no fall,Yes,302,75.7
1,3,583,DXTREMOR,Resting tremor at diagnosis,1,rare fall,No,34,26.6
1,3,583,DXTREMOR,Resting tremor at diagnosis,1,rare fall,Unknown,2,1.6
1,3,583,DXTREMOR,Resting tremor at diagnosis,1,rare fall,Yes,92,71.9
1,3,583,DXTREMOR,Resting tremor at diagnosis,2,recurrent fall,No,20,35.7
1,3,583,DXTREMOR,Resting tremor at diagnosis,2,recurrent fall,Yes,36,64.3
1,3,583,DXBRADY,Bradykinesia at diagnosis,0,no fall,No,50,12.5
1,3,583,DXBRADY,Bradykinesia at diagnosis,0,no fall,Unknown,24,6.0
1,3,583,DXBRADY,Bradykinesia at diagnosis,0,no fall,Yes,325,81.5
1,3,583,DXBRADY,Bradykinesia at diagnosis,1,rare fall,No,20,15.6
1,3,583,DXBRADY,Bradykinesia at diagnosis,1,rare fall,Unknown,5,3.9
1,3,583,DXBRADY,Bradykinesia at diagnosis,1,rare fall,Yes,103,80.5
1,3,583,DXBRADY,Bradykinesia at diagnosis,2,recurrent fall,No,6,10.7
1,3,583,DXBRADY,Bradykinesia at diagnosis,2,recurrent fall,Unknown,2,3.6
1,3,583,DXBRADY,Bradykinesia at diagnosis,2,recurrent fall,Yes,48,85.7
1,3,583,DOMSIDE,Predominantly affected side at onset,0,no fall,Left,175,43.9
1,3,583,DOMSIDE,Predominantly affected side at onset,0,no fall,Right,213,53.4
1,3,583,DOMSIDE,Predominantly affected side at onset,0,no fall,Symmetric,8,2.0
1,3,583,DOMSIDE,Predominantly affected side at onset,0,no fall,Unknown,3,0.8
1,3,583,DOMSIDE,Predominantly affected side at onset,1,rare fall,Left,55,43.0
1,3,583,DOMSIDE,Predominantly affected side at onset,1,rare fall,Right,68,53.1
1,3,583,DOMSIDE,Predominantly affected side at onset,1,rare fall,Symmetric,4,3.1
1,3,583,DOMSIDE,Predominantly affected side at onset,1,rare fall,Unknown,1,0.8
1,3,583,DOMSIDE,Predominantly affected side at onset,2,recurrent fall,Left,26,46.4
1,3,583,DOMSIDE,Predominantly affected side at onset,2,recurrent fall,Right,26,46.4
1,3,583,DOMSIDE,Predominantly affected side at onset,2,recurrent fall,Symmetric,2,3.6
1,3,583,DOMSIDE,Predominantly affected side at onset,2,recurrent fall,Unknown,2,3.6
1,4,583,DXPOSINS,Postural instability at diagnosis,0,no fall,<Missing>,1,0.3
1,4,583,DXPOSINS,Postural instability at diagnosis,0,no fall,No,337,84.5
1,4,583,DXPOSINS,Postural instability at diagnosis,0,no fall,Unknown,26,6.5
1,4,583,DXPOSINS,Postural instability at diagnosis,0,no fall,Yes,35,8.8
1,4,583,DXPOSINS,Postural instability at diagnosis,1,rare fall,No,105,82.7
1,4,583,DXPOSINS,Postural instability at diagnosis,1,rare fall,Unknown,8,6.3
1,4,583,DXPOSINS,Postural instability at diagnosis,1,rare fall,Yes,14,11.0
1,4,583,DXPOSINS,Postural instability at diagnosis,2,recurrent fall,No,49,86.0
1,4,583,DXPOSINS,Postural instability at diagnosis,2,recurrent fall,Unknown,1,1.8
1,4,583,DXPOSINS,Postural instability at diagnosis,2,recurrent fall,Yes,7,12.3
1,4,583,DXRIGID,Rigidity at diagnosis,0,no fall,No,78,19.5
1,4,583,DXRIGID,Rigidity at diagnosis,0,no fall,Unknown,32,8.0
1,4,583,DXRIGID,Rigidity at diagnosis,0,no fall,Yes,289,72.4
1,4,583,DXRIGID,Rigidity at diagnosis,1,rare fall,No,26,20.5
1,4,583,DXRIGID,Rigidity at diagnosis,1,rare fall,Unknown,6,4.7
1,4,583,DXRIGID,Rigidity at diagnosis,1,rare fall,Yes,95,74.8
1,4,583,DXRIGID,Rigidity at diagnosis,2,recurrent fall,No,11,19.3
1,4,583,DXRIGID,Rigidity at diagnosis,2,recurrent fall,Yes,46,80.7
1,4,583,DOPTHERST,Dopaminergic therapy started,0,no fall,<Missing>,68,17.0
1,4,583,DOPTHERST,Dopaminergic therapy started,0,no fall,No,78,19.5
1,4,583,DOPTHERST,Dopaminergic therapy started,0,no fall,Yes,253,63.4
1,4,583,DOPTHERST,Dopaminergic therapy started,1,rare fall,<Missing>,30,23.6
1,4,583,DOPTHERST,Dopaminergic therapy started,1,rare fall,No,15,11.8
1,4,583,DOPTHERST,Dopaminergic therapy started,1,rare fall,Yes,82,64.6
1,4,583,DOPTHERST,Dopaminergic therapy started,2,recurrent fall,<Missing>,17,29.8
1,4,583,DOPTHERST,Dopaminergic therapy started,2,recurrent fall,No,4,7.0
1,4,583,DOPTHERST,Dopaminergic therapy started,2,recurrent fall,Yes,36,63.2
1,4,583,FEATPOSHYP,Postural hypotension clinical feature,0,no fall,No,255,63.9
1,4,583,FEATPOSHYP,Postural hypotension clinical feature,0,no fall,Uncertain,11,2.8
1,4,583,FEATPOSHYP,Postural hypotension clinical feature,0,no fall,Yes,133,33.3
1,4,583,FEATPOSHYP,Postural hypotension clinical feature,1,rare fall,No,82,64.6
1,4,583,FEATPOSHYP,Postural hypotension clinical feature,1,rare fall,Uncertain,2,1.6
1,4,583,FEATPOSHYP,Postural hypotension clinical feature,1,rare fall,Yes,43,33.9
1,4,583,FEATPOSHYP,Postural hypotension clinical feature,2,recurrent fall,No,24,42.1
1,4,583,FEATPOSHYP,Postural hypotension clinical feature,2,recurrent fall,Uncertain,2,3.5
1,4,583,FEATPOSHYP,Postural hypotension clinical feature,2,recurrent fall,Yes,31,54.4
1,4,583,ANYFAMPD,Family history of Parkinson's disease,0,no fall,<Missing>,18,4.5
1,4,583,ANYFAMPD,Family history of Parkinson's disease,0,no fall,No,233,58.4
1,4,583,ANYFAMPD,Family history of Parkinson's disease,0,no fall,Yes,148,37.1
1,4,583,ANYFAMPD,Family history of Parkinson's disease,1,rare fall,<Missing>,12,9.4
1,4,583,ANYFAMPD,Family history of Parkinson's disease,1,rare fall,No,69,54.3
1,4,583,ANYFAMPD,Family history of Parkinson's disease,1,rare fall,Yes,46,36.2
1,4,583,ANYFAMPD,Family history of Parkinson's disease,2,recurrent fall,<Missing>,7,12.3
1,4,583,ANYFAMPD,Family history of Parkinson's disease,2,recurrent fall,No,25,43.9
1,4,583,ANYFAMPD,Family history of Parkinson's disease,2,recurrent fall,Yes,25,43.9
1,4,583,DXTREMOR,Resting tremor at diagnosis,0,no fall,No,83,20.8
1,4,583,DXTREMOR,Resting tremor at diagnosis,0,no fall,Unknown,5,1.3
1,4,583,DXTREMOR,Resting tremor at diagnosis,0,no fall,Yes,311,77.9
1,4,583,DXTREMOR,Resting tremor at diagnosis,1,rare fall,No,28,22.0
1,4,583,DXTREMOR,Resting tremor at diagnosis,1,rare fall,Unknown,1,0.8
1,4,583,DXTREMOR,Resting tremor at diagnosis,1,rare fall,Yes,98,77.2
1,4,583,DXTREMOR,Resting tremor at diagnosis,2,recurrent fall,No,20,35.1
1,4,583,DXTREMOR,Resting tremor at diagnosis,2,recurrent fall,Yes,37,64.9
1,4,583,DXBRADY,Bradykinesia at diagnosis,0,no fall,No,42,10.5
1,4,583,DXBRADY,Bradykinesia at diagnosis,0,no fall,Unknown,25,6.3
1,4,583,DXBRADY,Bradykinesia at diagnosis,0,no fall,Yes,332,83.2
1,4,583,DXBRADY,Bradykinesia at diagnosis,1,rare fall,No,26,20.5
1,4,583,DXBRADY,Bradykinesia at diagnosis,1,rare fall,Unknown,5,3.9
1,4,583,DXBRADY,Bradykinesia at diagnosis,1,rare fall,Yes,96,75.6
1,4,583,DXBRADY,Bradykinesia at diagnosis,2,recurrent fall,No,7,12.3
1,4,583,DXBRADY,Bradykinesia at diagnosis,2,recurrent fall,Unknown,1,1.8
1,4,583,DXBRADY,Bradykinesia at diagnosis,2,recurrent fall,Yes,49,86.0
1,4,583,DOMSIDE,Predominantly affected side at onset,0,no fall,Left,172,43.1
1,4,583,DOMSIDE,Predominantly affected side at onset,0,no fall,Right,217,54.4
1,4,583,DOMSIDE,Predominantly affected side at onset,0,no fall,Symmetric,6,1.5
1,4,583,DOMSIDE,Predominantly affected side at onset,0,no fall,Unknown,4,1.0
1,4,583,DOMSIDE,Predominantly affected side at onset,1,rare fall,Left,58,45.7
1,4,583,DOMSIDE,Predominantly affected side at onset,1,rare fall,Right,64,50.4
1,4,583,DOMSIDE,Predominantly affected side at onset,1,rare fall,Symmetric,4,3.1
1,4,583,DOMSIDE,Predominantly affected side at onset,1,rare fall,Unknown,1,0.8
1,4,583,DOMSIDE,Predominantly affected side at onset,2,recurrent fall,Left,23,40.4
1,4,583,DOMSIDE,Predominantly affected side at onset,2,recurrent fall,Right,31,54.4
1,4,583,DOMSIDE,Predominantly affected side at onset,2,recurrent fall,Symmetric,1,1.8
1,4,583,DOMSIDE,Predominantly affected side at onset,2,recurrent fall,Unknown,2,3.5
2,0,582,DXPOSINS,Postural instability at diagnosis,0,no fall,No,338,84.9
2,0,582,DXPOSINS,Postural instability at diagnosis,0,no fall,Unknown,31,7.8
2,0,582,DXPOSINS,Postural instability at diagnosis,0,no fall,Yes,29,7.3
2,0,582,DXPOSINS,Postural instability at diagnosis,1,rare fall,No,102,80.3
2,0,582,DXPOSINS,Postural instability at diagnosis,1,rare fall,Unknown,9,7.1
2,0,582,DXPOSINS,Postural instability at diagnosis,1,rare fall,Yes,16,12.6
2,0,582,DXPOSINS,Postural instability at diagnosis,2,recurrent fall,No,45,78.9
2,0,582,DXPOSINS,Postural instability at diagnosis,2,recurrent fall,Unknown,2,3.5
2,0,582,DXPOSINS,Postural instability at diagnosis,2,recurrent fall,Yes,10,17.5
2,0,582,DXRIGID,Rigidity at diagnosis,0,no fall,No,90,22.6
2,0,582,DXRIGID,Rigidity at diagnosis,0,no fall,Unknown,31,7.8
2,0,582,DXRIGID,Rigidity at diagnosis,0,no fall,Yes,277,69.6
2,0,582,DXRIGID,Rigidity at diagnosis,1,rare fall,No,29,22.8
2,0,582,DXRIGID,Rigidity at diagnosis,1,rare fall,Unknown,7,5.5
2,0,582,DXRIGID,Rigidity at diagnosis,1,rare fall,Yes,91,71.7
2,0,582,DXRIGID,Rigidity at diagnosis,2,recurrent fall,No,10,17.5
2,0,582,DXRIGID,Rigidity at diagnosis,2,recurrent fall,Unknown,3,5.3
2,0,582,DXRIGID,Rigidity at diagnosis,2,recurrent fall,Yes,44,77.2
2,0,582,DOPTHERST,Dopaminergic therapy started,0,no fall,<Missing>,69,17.3
2,0,582,DOPTHERST,Dopaminergic therapy started,0,no fall,No,66,16.6
2,0,582,DOPTHERST,Dopaminergic therapy started,0,no fall,Yes,263,66.1
2,0,582,DOPTHERST,Dopaminergic therapy started,1,rare fall,<Missing>,33,26.0
2,0,582,DOPTHERST,Dopaminergic therapy started,1,rare fall,No,14,11.0
2,0,582,DOPTHERST,Dopaminergic therapy started,1,rare fall,Yes,80,63.0
2,0,582,DOPTHERST,Dopaminergic therapy started,2,recurrent fall,<Missing>,14,24.6
2,0,582,DOPTHERST,Dopaminergic therapy started,2,recurrent fall,No,2,3.5
2,0,582,DOPTHERST,Dopaminergic therapy started,2,recurrent fall,Yes,41,71.9
2,0,582,FEATPOSHYP,Postural hypotension clinical feature,0,no fall,No,256,64.3
2,0,582,FEATPOSHYP,Postural hypotension clinical feature,0,no fall,Uncertain,6,1.5
2,0,582,FEATPOSHYP,Postural hypotension clinical feature,0,no fall,Yes,136,34.2
2,0,582,FEATPOSHYP,Postural hypotension clinical feature,1,rare fall,No,80,63.0
2,0,582,FEATPOSHYP,Postural hypotension clinical feature,1,rare fall,Uncertain,3,2.4
2,0,582,FEATPOSHYP,Postural hypotension clinical feature,1,rare fall,Yes,44,34.6
2,0,582,FEATPOSHYP,Postural hypotension clinical feature,2,recurrent fall,No,32,56.1
2,0,582,FEATPOSHYP,Postural hypotension clinical feature,2,recurrent fall,Uncertain,1,1.8
2,0,582,FEATPOSHYP,Postural hypotension clinical feature,2,recurrent fall,Yes,24,42.1
2,0,582,ANYFAMPD,Family history of Parkinson's disease,0,no fall,<Missing>,19,4.8
2,0,582,ANYFAMPD,Family history of Parkinson's disease,0,no fall,No,235,59.0
2,0,582,ANYFAMPD,Family history of Parkinson's disease,0,no fall,Yes,144,36.2
2,0,582,ANYFAMPD,Family history of Parkinson's disease,1,rare fall,<Missing>,15,11.8
2,0,582,ANYFAMPD,Family history of Parkinson's disease,1,rare fall,No,70,55.1
2,0,582,ANYFAMPD,Family history of Parkinson's disease,1,rare fall,Yes,42,33.1
2,0,582,ANYFAMPD,Family history of Parkinson's disease,2,recurrent fall,<Missing>,5,8.8
2,0,582,ANYFAMPD,Family history of Parkinson's disease,2,recurrent fall,No,27,47.4
2,0,582,ANYFAMPD,Family history of Parkinson's disease,2,recurrent fall,Yes,25,43.9
2,0,582,DXTREMOR,Resting tremor at diagnosis,0,no fall,No,86,21.6
2,0,582,DXTREMOR,Resting tremor at diagnosis,0,no fall,Unknown,7,1.8
2,0,582,DXTREMOR,Resting tremor at diagnosis,0,no fall,Yes,305,76.6
2,0,582,DXTREMOR,Resting tremor at diagnosis,1,rare fall,No,24,18.9
2,0,582,DXTREMOR,Resting tremor at diagnosis,1,rare fall,Yes,103,81.1
2,0,582,DXTREMOR,Resting tremor at diagnosis,2,recurrent fall,No,11,19.3
2,0,582,DXTREMOR,Resting tremor at diagnosis,2,recurrent fall,Unknown,1,1.8
2,0,582,DXTREMOR,Resting tremor at diagnosis,2,recurrent fall,Yes,45,78.9
2,0,582,DXBRADY,Bradykinesia at diagnosis,0,no fall,No,47,11.8
2,0,582,DXBRADY,Bradykinesia at diagnosis,0,no fall,Unknown,20,5.0
2,0,582,DXBRADY,Bradykinesia at diagnosis,0,no fall,Yes,331,83.2
2,0,582,DXBRADY,Bradykinesia at diagnosis,1,rare fall,No,24,18.9
2,0,582,DXBRADY,Bradykinesia at diagnosis,1,rare fall,Unknown,5,3.9
2,0,582,DXBRADY,Bradykinesia at diagnosis,1,rare fall,Yes,98,77.2
2,0,582,DXBRADY,Bradykinesia at diagnosis,2,recurrent fall,No,12,21.1
2,0,582,DXBRADY,Bradykinesia at diagnosis,2,recurrent fall,Unknown,1,1.8
2,0,582,DXBRADY,Bradykinesia at diagnosis,2,recurrent fall,Yes,44,77.2
2,0,582,DOMSIDE,Predominantly affected side at onset,0,no fall,Left,178,44.7
2,0,582,DOMSIDE,Predominantly affected side at onset,0,no fall,Right,210,52.8
2,0,582,DOMSIDE,Predominantly affected side at onset,0,no fall,Symmetric,7,1.8
2,0,582,DOMSIDE,Predominantly affected side at onset,0,no fall,Unknown,3,0.8
2,0,582,DOMSIDE,Predominantly affected side at onset,1,rare fall,Left,50,39.4
2,0,582,DOMSIDE,Predominantly affected side at onset,1,rare fall,Right,73,57.5
2,0,582,DOMSIDE,Predominantly affected side at onset,1,rare fall,Symmetric,3,2.4
2,0,582,DOMSIDE,Predominantly affected side at onset,1,rare fall,Unknown,1,0.8
2,0,582,DOMSIDE,Predominantly affected side at onset,2,recurrent fall,Left,28,49.1
2,0,582,DOMSIDE,Predominantly affected side at onset,2,recurrent fall,Right,26,45.6
2,0,582,DOMSIDE,Predominantly affected side at onset,2,recurrent fall,Symmetric,2,3.5
2,0,582,DOMSIDE,Predominantly affected side at onset,2,recurrent fall,Unknown,1,1.8
2,1,582,DXPOSINS,Postural instability at diagnosis,0,no fall,No,340,85.4
2,1,582,DXPOSINS,Postural instability at diagnosis,0,no fall,Unknown,27,6.8
2,1,582,DXPOSINS,Postural instability at diagnosis,0,no fall,Yes,31,7.8
2,1,582,DXPOSINS,Postural instability at diagnosis,1,rare fall,No,107,84.3
2,1,582,DXPOSINS,Postural instability at diagnosis,1,rare fall,Unknown,9,7.1
2,1,582,DXPOSINS,Postural instability at diagnosis,1,rare fall,Yes,11,8.7
2,1,582,DXPOSINS,Postural instability at diagnosis,2,recurrent fall,No,48,84.2
2,1,582,DXPOSINS,Postural instability at diagnosis,2,recurrent fall,Unknown,2,3.5
2,1,582,DXPOSINS,Postural instability at diagnosis,2,recurrent fall,Yes,7,12.3
2,1,582,DXRIGID,Rigidity at diagnosis,0,no fall,No,85,21.4
2,1,582,DXRIGID,Rigidity at diagnosis,0,no fall,Unknown,37,9.3
2,1,582,DXRIGID,Rigidity at diagnosis,0,no fall,Yes,276,69.3
2,1,582,DXRIGID,Rigidity at diagnosis,1,rare fall,No,24,18.9
2,1,582,DXRIGID,Rigidity at diagnosis,1,rare fall,Unknown,6,4.7
2,1,582,DXRIGID,Rigidity at diagnosis,1,rare fall,Yes,97,76.4
2,1,582,DXRIGID,Rigidity at diagnosis,2,recurrent fall,No,12,21.1
2,1,582,DXRIGID,Rigidity at diagnosis,2,recurrent fall,Unknown,2,3.5
2,1,582,DXRIGID,Rigidity at diagnosis,2,recurrent fall,Yes,43,75.4
2,1,582,DOPTHERST,Dopaminergic therapy started,0,no fall,<Missing>,62,15.6
2,1,582,DOPTHERST,Dopaminergic therapy started,0,no fall,No,66,16.6
2,1,582,DOPTHERST,Dopaminergic therapy started,0,no fall,Yes,270,67.8
2,1,582,DOPTHERST,Dopaminergic therapy started,1,rare fall,<Missing>,29,22.8
2,1,582,DOPTHERST,Dopaminergic therapy started,1,rare fall,No,13,10.2
2,1,582,DOPTHERST,Dopaminergic therapy started,1,rare fall,Yes,85,66.9
2,1,582,DOPTHERST,Dopaminergic therapy started,2,recurrent fall,<Missing>,14,24.6
2,1,582,DOPTHERST,Dopaminergic therapy started,2,recurrent fall,No,3,5.3
2,1,582,DOPTHERST,Dopaminergic therapy started,2,recurrent fall,Yes,40,70.2
2,1,582,FEATPOSHYP,Postural hypotension clinical feature,0,no fall,No,264,66.3
2,1,582,FEATPOSHYP,Postural hypotension clinical feature,0,no fall,Uncertain,5,1.3
2,1,582,FEATPOSHYP,Postural hypotension clinical feature,0,no fall,Yes,129,32.4
2,1,582,FEATPOSHYP,Postural hypotension clinical feature,1,rare fall,No,73,57.5
2,1,582,FEATPOSHYP,Postural hypotension clinical feature,1,rare fall,Uncertain,2,1.6
2,1,582,FEATPOSHYP,Postural hypotension clinical feature,1,rare fall,Yes,52,40.9
2,1,582,FEATPOSHYP,Postural hypotension clinical feature,2,recurrent fall,No,27,47.4
2,1,582,FEATPOSHYP,Postural hypotension clinical feature,2,recurrent fall,Uncertain,1,1.8
2,1,582,FEATPOSHYP,Postural hypotension clinical feature,2,recurrent fall,Yes,29,50.9
2,1,582,ANYFAMPD,Family history of Parkinson's disease,0,no fall,<Missing>,16,4.0
2,1,582,ANYFAMPD,Family history of Parkinson's disease,0,no fall,No,217,54.5
2,1,582,ANYFAMPD,Family history of Parkinson's disease,0,no fall,Yes,165,41.5
2,1,582,ANYFAMPD,Family history of Parkinson's disease,1,rare fall,<Missing>,13,10.2
2,1,582,ANYFAMPD,Family history of Parkinson's disease,1,rare fall,No,66,52.0
2,1,582,ANYFAMPD,Family history of Parkinson's disease,1,rare fall,Yes,48,37.8
2,1,582,ANYFAMPD,Family history of Parkinson's disease,2,recurrent fall,<Missing>,6,10.5
2,1,582,ANYFAMPD,Family history of Parkinson's disease,2,recurrent fall,No,23,40.4
2,1,582,ANYFAMPD,Family history of Parkinson's disease,2,recurrent fall,Yes,28,49.1
2,1,582,DXTREMOR,Resting tremor at diagnosis,0,no fall,No,78,19.6
2,1,582,DXTREMOR,Resting tremor at diagnosis,0,no fall,Unknown,6,1.5
2,1,582,DXTREMOR,Resting tremor at diagnosis,0,no fall,Yes,314,78.9
2,1,582,DXTREMOR,Resting tremor at diagnosis,1,rare fall,No,21,16.5
2,1,582,DXTREMOR,Resting tremor at diagnosis,1,rare fall,Yes,106,83.5
2,1,582,DXTREMOR,Resting tremor at diagnosis,2,recurrent fall,No,13,22.8
2,1,582,DXTREMOR,Resting tremor at diagnosis,2,recurrent fall,Unknown,1,1.8
2,1,582,DXTREMOR,Resting tremor at diagnosis,2,recurrent fall,Yes,43,75.4
2,1,582,DXBRADY,Bradykinesia at diagnosis,0,no fall,No,51,12.8
2,1,582,DXBRADY,Bradykinesia at diagnosis,0,no fall,Unknown,28,7.0
2,1,582,DXBRADY,Bradykinesia at diagnosis,0,no fall,Yes,319,80.2
2,1,582,DXBRADY,Bradykinesia at diagnosis,1,rare fall,No,17,13.4
2,1,582,DXBRADY,Bradykinesia at diagnosis,1,rare fall,Unknown,5,3.9
2,1,582,DXBRADY,Bradykinesia at diagnosis,1,rare fall,Yes,105,82.7
2,1,582,DXBRADY,Bradykinesia at diagnosis,2,recurrent fall,No,12,21.1
2,1,582,DXBRADY,Bradykinesia at diagnosis,2,recurrent fall,Unknown,1,1.8
2,1,582,DXBRADY,Bradykinesia at diagnosis,2,recurrent fall,Yes,44,77.2
2,1,582,DOMSIDE,Predominantly affected side at onset,0,no fall,Left,166,41.7
2,1,582,DOMSIDE,Predominantly affected side at onset,0,no fall,Right,221,55.5
2,1,582,DOMSIDE,Predominantly affected side at onset,0,no fall,Symmetric,7,1.8
2,1,582,DOMSIDE,Predominantly affected side at onset,0,no fall,Unknown,4,1.0
2,1,582,DOMSIDE,Predominantly affected side at onset,1,rare fall,Left,56,44.1
2,1,582,DOMSIDE,Predominantly affected side at onset,1,rare fall,Right,67,52.8
2,1,582,DOMSIDE,Predominantly affected side at onset,1,rare fall,Symmetric,3,2.4
2,1,582,DOMSIDE,Predominantly affected side at onset,1,rare fall,Unknown,1,0.8
2,1,582,DOMSIDE,Predominantly affected side at onset,2,recurrent fall,Left,24,42.1
2,1,582,DOMSIDE,Predominantly affected side at onset,2,recurrent fall,Right,29,50.9
2,1,582,DOMSIDE,Predominantly affected side at onset,2,recurrent fall,Symmetric,3,5.3
2,1,582,DOMSIDE,Predominantly affected side at onset,2,recurrent fall,Unknown,1,1.8
2,2,582,DXPOSINS,Postural instability at diagnosis,0,no fall,No,332,83.4
2,2,582,DXPOSINS,Postural instability at diagnosis,0,no fall,Unknown,34,8.5
2,2,582,DXPOSINS,Postural instability at diagnosis,0,no fall,Yes,32,8.0
2,2,582,DXPOSINS,Postural instability at diagnosis,1,rare fall,No,106,82.8
2,2,582,DXPOSINS,Postural instability at diagnosis,1,rare fall,Unknown,9,7.0
2,2,582,DXPOSINS,Postural instability at diagnosis,1,rare fall,Yes,13,10.2
2,2,582,DXPOSINS,Postural instability at diagnosis,2,recurrent fall,No,46,82.1
2,2,582,DXPOSINS,Postural instability at diagnosis,2,recurrent fall,Unknown,1,1.8
2,2,582,DXPOSINS,Postural instability at diagnosis,2,recurrent fall,Yes,9,16.1
2,2,582,DXRIGID,Rigidity at diagnosis,0,no fall,No,76,19.1
2,2,582,DXRIGID,Rigidity at diagnosis,0,no fall,Unknown,35,8.8
2,2,582,DXRIGID,Rigidity at diagnosis,0,no fall,Yes,287,72.1
2,2,582,DXRIGID,Rigidity at diagnosis,1,rare fall,No,29,22.7
2,2,582,DXRIGID,Rigidity at diagnosis,1,rare fall,Unknown,7,5.5
2,2,582,DXRIGID,Rigidity at diagnosis,1,rare fall,Yes,92,71.9
2,2,582,DXRIGID,Rigidity at diagnosis,2,recurrent fall,No,13,23.2
2,2,582,DXRIGID,Rigidity at diagnosis,2,recurrent fall,Unknown,3,5.4
2,2,582,DXRIGID,Rigidity at diagnosis,2,recurrent fall,Yes,40,71.4
2,2,582,DOPTHERST,Dopaminergic therapy started,0,no fall,<Missing>,64,16.1
2,2,582,DOPTHERST,Dopaminergic therapy started,0,no fall,No,76,19.1
2,2,582,DOPTHERST,Dopaminergic therapy started,0,no fall,Yes,258,64.8
2,2,582,DOPTHERST,Dopaminergic therapy started,1,rare fall,<Missing>,35,27.3
2,2,582,DOPTHERST,Dopaminergic therapy started,1,rare fall,No,10,7.8
2,2,582,DOPTHERST,Dopaminergic therapy started,1,rare fall,Yes,83,64.8
2,2,582,DOPTHERST,Dopaminergic therapy started,2,recurrent fall,<Missing>,13,23.2
2,2,582,DOPTHERST,Dopaminergic therapy started,2,recurrent fall,No,2,3.6
2,2,582,DOPTHERST,Dopaminergic therapy started,2,recurrent fall,Yes,41,73.2
2,2,582,FEATPOSHYP,Postural hypotension clinical feature,0,no fall,No,261,65.6
2,2,582,FEATPOSHYP,Postural hypotension clinical feature,0,no fall,Uncertain,6,1.5
2,2,582,FEATPOSHYP,Postural hypotension clinical feature,0,no fall,Yes,131,32.9
2,2,582,FEATPOSHYP,Postural hypotension clinical feature,1,rare fall,No,75,58.6
2,2,582,FEATPOSHYP,Postural hypotension clinical feature,1,rare fall,Uncertain,4,3.1
2,2,582,FEATPOSHYP,Postural hypotension clinical feature,1,rare fall,Yes,49,38.3
2,2,582,FEATPOSHYP,Postural hypotension clinical feature,2,recurrent fall,No,29,51.8
2,2,582,FEATPOSHYP,Postural hypotension clinical feature,2,recurrent fall,Uncertain,2,3.6
2,2,582,FEATPOSHYP,Postural hypotension clinical feature,2,recurrent fall,Yes,25,44.6
2,2,582,ANYFAMPD,Family history of Parkinson's disease,0,no fall,<Missing>,21,5.3
2,2,582,ANYFAMPD,Family history of Parkinson's disease,0,no fall,No,230,57.8
2,2,582,ANYFAMPD,Family history of Parkinson's disease,0,no fall,Yes,147,36.9
2,2,582,ANYFAMPD,Family history of Parkinson's disease,1,rare fall,<Missing>,13,10.2
2,2,582,ANYFAMPD,Family history of Parkinson's disease,1,rare fall,No,73,57.0
2,2,582,ANYFAMPD,Family history of Parkinson's disease,1,rare fall,Yes,42,32.8
2,2,582,ANYFAMPD,Family history of Parkinson's disease,2,recurrent fall,<Missing>,5,8.9
2,2,582,ANYFAMPD,Family history of Parkinson's disease,2,recurrent fall,No,23,41.1
2,2,582,ANYFAMPD,Family history of Parkinson's disease,2,recurrent fall,Yes,28,50.0
2,2,582,DXTREMOR,Resting tremor at diagnosis,0,no fall,No,82,20.6
2,2,582,DXTREMOR,Resting tremor at diagnosis,0,no fall,Unknown,8,2.0
2,2,582,DXTREMOR,Resting tremor at diagnosis,0,no fall,Yes,308,77.4
2,2,582,DXTREMOR,Resting tremor at diagnosis,1,rare fall,No,24,18.8
2,2,582,DXTREMOR,Resting tremor at diagnosis,1,rare fall,Yes,104,81.2
2,2,582,DXTREMOR,Resting tremor at diagnosis,2,recurrent fall,No,14,25.0
2,2,582,DXTREMOR,Resting tremor at diagnosis,2,recurrent fall,Unknown,1,1.8
2,2,582,DXTREMOR,Resting tremor at diagnosis,2,recurrent fall,Yes,41,73.2
2,2,582,DXBRADY,Bradykinesia at diagnosis,0,no fall,No,44,11.1
2,2,582,DXBRADY,Bradykinesia at diagnosis,0,no fall,Unknown,27,6.8
2,2,582,DXBRADY,Bradykinesia at diagnosis,0,no fall,Yes,327,82.2
2,2,582,DXBRADY,Bradykinesia at diagnosis,1,rare fall,No,25,19.5
2,2,582,DXBRADY,Bradykinesia at diagnosis,1,rare fall,Unknown,6,4.7
2,2,582,DXBRADY,Bradykinesia at diagnosis,1,rare fall,Yes,97,75.8
2,2,582,DXBRADY,Bradykinesia at diagnosis,2,recurrent fall,No,12,21.4
2,2,582,DXBRADY,Bradykinesia at diagnosis,2,recurrent fall,Unknown,1,1.8
2,2,582,DXBRADY,Bradykinesia at diagnosis,2,recurrent fall,Yes,43,76.8
2,2,582,DOMSIDE,Predominantly affected side at onset,0,no fall,Left,170,42.7
2,2,582,DOMSIDE,Predominantly affected side at onset,0,no fall,Right,219,55.0
2,2,582,DOMSIDE,Predominantly affected side at onset,0,no fall,Symmetric,5,1.3
2,2,582,DOMSIDE,Predominantly affected side at onset,0,no fall,Unknown,4,1.0
2,2,582,DOMSIDE,Predominantly affected side at onset,1,rare fall,Left,56,43.8
2,2,582,DOMSIDE,Predominantly affected side at onset,1,rare fall,Right,68,53.1
2,2,582,DOMSIDE,Predominantly affected side at onset,1,rare fall,Symmetric,3,2.3
2,2,582,DOMSIDE,Predominantly affected side at onset,1,rare fall,Unknown,1,0.8
2,2,582,DOMSIDE,Predominantly affected side at onset,2,recurrent fall,Left,25,44.6
2,2,582,DOMSIDE,Predominantly affected side at onset,2,recurrent fall,Right,26,46.4
2,2,582,DOMSIDE,Predominantly affected side at onset,2,recurrent fall,Symmetric,3,5.4
2,2,582,DOMSIDE,Predominantly affected side at onset,2,recurrent fall,Unknown,2,3.6
2,3,583,DXPOSINS,Postural instability at diagnosis,0,no fall,No,337,84.5
2,3,583,DXPOSINS,Postural instability at diagnosis,0,no fall,Unknown,28,7.0
2,3,583,DXPOSINS,Postural instability at diagnosis,0,no fall,Yes,34,8.5
2,3,583,DXPOSINS,Postural instability at diagnosis,1,rare fall,No,105,82.7
2,3,583,DXPOSINS,Postural instability at diagnosis,1,rare fall,Unknown,7,5.5
2,3,583,DXPOSINS,Postural instability at diagnosis,1,rare fall,Yes,15,11.8
2,3,583,DXPOSINS,Postural instability at diagnosis,2,recurrent fall,No,47,82.5
2,3,583,DXPOSINS,Postural instability at diagnosis,2,recurrent fall,Unknown,1,1.8
2,3,583,DXPOSINS,Postural instability at diagnosis,2,recurrent fall,Yes,9,15.8
2,3,583,DXRIGID,Rigidity at diagnosis,0,no fall,No,88,22.1
2,3,583,DXRIGID,Rigidity at diagnosis,0,no fall,Unknown,32,8.0
2,3,583,DXRIGID,Rigidity at diagnosis,0,no fall,Yes,279,69.9
2,3,583,DXRIGID,Rigidity at diagnosis,1,rare fall,No,27,21.3
2,3,583,DXRIGID,Rigidity at diagnosis,1,rare fall,Unknown,6,4.7
2,3,583,DXRIGID,Rigidity at diagnosis,1,rare fall,Yes,94,74.0
2,3,583,DXRIGID,Rigidity at diagnosis,2,recurrent fall,No,9,15.8
2,3,583,DXRIGID,Rigidity at diagnosis,2,recurrent fall,Unknown,2,3.5
2,3,583,DXRIGID,Rigidity at diagnosis,2,recurrent fall,Yes,46,80.7
2,3,583,DOPTHERST,Dopaminergic therapy started,0,no fall,<Missing>,63,15.8
2,3,583,DOPTHERST,Dopaminergic therapy started,0,no fall,No,69,17.3
2,3,583,DOPTHERST,Dopaminergic therapy started,0,no fall,Yes,267,66.9
2,3,583,DOPTHERST,Dopaminergic therapy started,1,rare fall,<Missing>,34,26.8
2,3,583,DOPTHERST,Dopaminergic therapy started,1,rare fall,No,14,11.0
2,3,583,DOPTHERST,Dopaminergic therapy started,1,rare fall,Yes,79,62.2
2,3,583,DOPTHERST,Dopaminergic therapy started,2,recurrent fall,<Missing>,16,28.1
2,3,583,DOPTHERST,Dopaminergic therapy started,2,recurrent fall,No,3,5.3
2,3,583,DOPTHERST,Dopaminergic therapy started,2,recurrent fall,Yes,38,66.7
2,3,583,FEATPOSHYP,Postural hypotension clinical feature,0,no fall,No,256,64.2
2,3,583,FEATPOSHYP,Postural hypotension clinical feature,0,no fall,Uncertain,7,1.8
2,3,583,FEATPOSHYP,Postural hypotension clinical feature,0,no fall,Yes,136,34.1
2,3,583,FEATPOSHYP,Postural hypotension clinical feature,1,rare fall,No,72,56.7
2,3,583,FEATPOSHYP,Postural hypotension clinical feature,1,rare fall,Uncertain,4,3.1
2,3,583,FEATPOSHYP,Postural hypotension clinical feature,1,rare fall,Yes,51,40.2
2,3,583,FEATPOSHYP,Postural hypotension clinical feature,2,recurrent fall,No,27,47.4
2,3,583,FEATPOSHYP,Postural hypotension clinical feature,2,recurrent fall,Uncertain,2,3.5
2,3,583,FEATPOSHYP,Postural hypotension clinical feature,2,recurrent fall,Yes,28,49.1
2,3,583,ANYFAMPD,Family history of Parkinson's disease,0,no fall,<Missing>,19,4.8
2,3,583,ANYFAMPD,Family history of Parkinson's disease,0,no fall,No,231,57.9
2,3,583,ANYFAMPD,Family history of Parkinson's disease,0,no fall,Yes,149,37.3
2,3,583,ANYFAMPD,Family history of Parkinson's disease,1,rare fall,<Missing>,14,11.0
2,3,583,ANYFAMPD,Family history of Parkinson's disease,1,rare fall,No,72,56.7
2,3,583,ANYFAMPD,Family history of Parkinson's disease,1,rare fall,Yes,41,32.3
2,3,583,ANYFAMPD,Family history of Parkinson's disease,2,recurrent fall,<Missing>,6,10.5
2,3,583,ANYFAMPD,Family history of Parkinson's disease,2,recurrent fall,No,24,42.1
2,3,583,ANYFAMPD,Family history of Parkinson's disease,2,recurrent fall,Yes,27,47.4
2,3,583,DXTREMOR,Resting tremor at diagnosis,0,no fall,No,80,20.1
2,3,583,DXTREMOR,Resting tremor at diagnosis,0,no fall,Unknown,8,2.0
2,3,583,DXTREMOR,Resting tremor at diagnosis,0,no fall,Yes,311,77.9
2,3,583,DXTREMOR,Resting tremor at diagnosis,1,rare fall,No,24,18.9
2,3,583,DXTREMOR,Resting tremor at diagnosis,1,rare fall,Yes,103,81.1
2,3,583,DXTREMOR,Resting tremor at diagnosis,2,recurrent fall,No,14,24.6
2,3,583,DXTREMOR,Resting tremor at diagnosis,2,recurrent fall,Yes,43,75.4
2,3,583,DXBRADY,Bradykinesia at diagnosis,0,no fall,No,50,12.5
2,3,583,DXBRADY,Bradykinesia at diagnosis,0,no fall,Unknown,21,5.3
2,3,583,DXBRADY,Bradykinesia at diagnosis,0,no fall,Yes,328,82.2
2,3,583,DXBRADY,Bradykinesia at diagnosis,1,rare fall,No,22,17.3
2,3,583,DXBRADY,Bradykinesia at diagnosis,1,rare fall,Unknown,4,3.1
2,3,583,DXBRADY,Bradykinesia at diagnosis,1,rare fall,Yes,101,79.5
2,3,583,DXBRADY,Bradykinesia at diagnosis,2,recurrent fall,No,10,17.5
2,3,583,DXBRADY,Bradykinesia at diagnosis,2,recurrent fall,Yes,47,82.5
2,3,583,DOMSIDE,Predominantly affected side at onset,0,no fall,Left,172,43.1
2,3,583,DOMSIDE,Predominantly affected side at onset,0,no fall,Right,216,54.1
2,3,583,DOMSIDE,Predominantly affected side at onset,0,no fall,Symmetric,8,2.0
2,3,583,DOMSIDE,Predominantly affected side at onset,0,no fall,Unknown,3,0.8
2,3,583,DOMSIDE,Predominantly affected side at onset,1,rare fall,Left,55,43.3
2,3,583,DOMSIDE,Predominantly affected side at onset,1,rare fall,Right,69,54.3
2,3,583,DOMSIDE,Predominantly affected side at onset,1,rare fall,Symmetric,3,2.4
2,3,583,DOMSIDE,Predominantly affected side at onset,2,recurrent fall,Left,26,45.6
2,3,583,DOMSIDE,Predominantly affected side at onset,2,recurrent fall,Right,27,47.4
2,3,583,DOMSIDE,Predominantly affected side at onset,2,recurrent fall,Symmetric,2,3.5
2,3,583,DOMSIDE,Predominantly affected side at onset,2,recurrent fall,Unknown,2,3.5
2,4,583,DXPOSINS,Postural instability at diagnosis,0,no fall,No,341,85.5
2,4,583,DXPOSINS,Postural instability at diagnosis,0,no fall,Unknown,28,7.0
2,4,583,DXPOSINS,Postural instability at diagnosis,0,no fall,Yes,30,7.5
2,4,583,DXPOSINS,Postural instability at diagnosis,1,rare fall,No,104,81.9
2,4,583,DXPOSINS,Postural instability at diagnosis,1,rare fall,Unknown,6,4.7
2,4,583,DXPOSINS,Postural instability at diagnosis,1,rare fall,Yes,17,13.4
2,4,583,DXPOSINS,Postural instability at diagnosis,2,recurrent fall,No,46,80.7
2,4,583,DXPOSINS,Postural instability at diagnosis,2,recurrent fall,Unknown,2,3.5
2,4,583,DXPOSINS,Postural instability at diagnosis,2,recurrent fall,Yes,9,15.8
2,4,583,DXRIGID,Rigidity at diagnosis,0,no fall,No,85,21.3
2,4,583,DXRIGID,Rigidity at diagnosis,0,no fall,Unknown,29,7.3
2,4,583,DXRIGID,Rigidity at diagnosis,0,no fall,Yes,285,71.4
2,4,583,DXRIGID,Rigidity at diagnosis,1,rare fall,No,27,21.3
2,4,583,DXRIGID,Rigidity at diagnosis,1,rare fall,Unknown,6,4.7
2,4,583,DXRIGID,Rigidity at diagnosis,1,rare fall,Yes,94,74.0
2,4,583,DXRIGID,Rigidity at diagnosis,2,recurrent fall,No,12,21.1
2,4,583,DXRIGID,Rigidity at diagnosis,2,recurrent fall,Unknown,2,3.5
2,4,583,DXRIGID,Rigidity at diagnosis,2,recurrent fall,Yes,43,75.4
2,4,583,DOPTHERST,Dopaminergic therapy started,0,no fall,<Missing>,70,17.5
2,4,583,DOPTHERST,Dopaminergic therapy started,0,no fall,No,71,17.8
2,4,583,DOPTHERST,Dopaminergic therapy started,0,no fall,Yes,258,64.7
2,4,583,DOPTHERST,Dopaminergic therapy started,1,rare fall,<Missing>,29,22.8
2,4,583,DOPTHERST,Dopaminergic therapy started,1,rare fall,No,13,10.2
2,4,583,DOPTHERST,Dopaminergic therapy started,1,rare fall,Yes,85,66.9
2,4,583,DOPTHERST,Dopaminergic therapy started,2,recurrent fall,<Missing>,15,26.3
2,4,583,DOPTHERST,Dopaminergic therapy started,2,recurrent fall,No,2,3.5
2,4,583,DOPTHERST,Dopaminergic therapy started,2,recurrent fall,Yes,40,70.2
2,4,583,FEATPOSHYP,Postural hypotension clinical feature,0,no fall,No,267,66.9
2,4,583,FEATPOSHYP,Postural hypotension clinical feature,0,no fall,Uncertain,8,2.0
2,4,583,FEATPOSHYP,Postural hypotension clinical feature,0,no fall,Yes,124,31.1
2,4,583,FEATPOSHYP,Postural hypotension clinical feature,1,rare fall,No,72,56.7
2,4,583,FEATPOSHYP,Postural hypotension clinical feature,1,rare fall,Uncertain,3,2.4
2,4,583,FEATPOSHYP,Postural hypotension clinical feature,1,rare fall,Yes,52,40.9
2,4,583,FEATPOSHYP,Postural hypotension clinical feature,2,recurrent fall,No,29,50.9
2,4,583,FEATPOSHYP,Postural hypotension clinical feature,2,recurrent fall,Uncertain,2,3.5
2,4,583,FEATPOSHYP,Postural hypotension clinical feature,2,recurrent fall,Yes,26,45.6
2,4,583,ANYFAMPD,Family history of Parkinson's disease,0,no fall,<Missing>,21,5.3
2,4,583,ANYFAMPD,Family history of Parkinson's disease,0,no fall,No,231,57.9
2,4,583,ANYFAMPD,Family history of Parkinson's disease,0,no fall,Yes,147,36.8
2,4,583,ANYFAMPD,Family history of Parkinson's disease,1,rare fall,<Missing>,13,10.2
2,4,583,ANYFAMPD,Family history of Parkinson's disease,1,rare fall,No,71,55.9
2,4,583,ANYFAMPD,Family history of Parkinson's disease,1,rare fall,Yes,43,33.9
2,4,583,ANYFAMPD,Family history of Parkinson's disease,2,recurrent fall,<Missing>,6,10.5
2,4,583,ANYFAMPD,Family history of Parkinson's disease,2,recurrent fall,No,23,40.4
2,4,583,ANYFAMPD,Family history of Parkinson's disease,2,recurrent fall,Yes,28,49.1
2,4,583,DXTREMOR,Resting tremor at diagnosis,0,no fall,No,82,20.6
2,4,583,DXTREMOR,Resting tremor at diagnosis,0,no fall,Unknown,7,1.8
2,4,583,DXTREMOR,Resting tremor at diagnosis,0,no fall,Yes,310,77.7
2,4,583,DXTREMOR,Resting tremor at diagnosis,1,rare fall,No,23,18.1
2,4,583,DXTREMOR,Resting tremor at diagnosis,1,rare fall,Yes,104,81.9
2,4,583,DXTREMOR,Resting tremor at diagnosis,2,recurrent fall,No,12,21.1
2,4,583,DXTREMOR,Resting tremor at diagnosis,2,recurrent fall,Unknown,1,1.8
2,4,583,DXTREMOR,Resting tremor at diagnosis,2,recurrent fall,Yes,44,77.2
2,4,583,DXBRADY,Bradykinesia at diagnosis,0,no fall,No,52,13.0
2,4,583,DXBRADY,Bradykinesia at diagnosis,0,no fall,Unknown,20,5.0
2,4,583,DXBRADY,Bradykinesia at diagnosis,0,no fall,Yes,327,82.0
2,4,583,DXBRADY,Bradykinesia at diagnosis,1,rare fall,No,20,15.7
2,4,583,DXBRADY,Bradykinesia at diagnosis,1,rare fall,Unknown,4,3.1
2,4,583,DXBRADY,Bradykinesia at diagnosis,1,rare fall,Yes,103,81.1
2,4,583,DXBRADY,Bradykinesia at diagnosis,2,recurrent fall,No,10,17.5
2,4,583,DXBRADY,Bradykinesia at diagnosis,2,recurrent fall,Unknown,1,1.8
2,4,583,DXBRADY,Bradykinesia at diagnosis,2,recurrent fall,Yes,46,80.7
2,4,583,DOMSIDE,Predominantly affected side at onset,0,no fall,Left,174,43.6
2,4,583,DOMSIDE,Predominantly affected side at onset,0,no fall,Right,214,53.6
2,4,583,DOMSIDE,Predominantly affected side at onset,0,no fall,Symmetric,9,2.3
2,4,583,DOMSIDE,Predominantly affected side at onset,0,no fall,Unknown,2,0.5
2,4,583,DOMSIDE,Predominantly affected side at onset,1,rare fall,Left,51,40.2
2,4,583,DOMSIDE,Predominantly affected side at onset,1,rare fall,Right,71,55.9
2,4,583,DOMSIDE,Predominantly affected side at onset,1,rare fall,Symmetric,4,3.1
2,4,583,DOMSIDE,Predominantly affected side at onset,1,rare fall,Unknown,1,0.8
2,4,583,DOMSIDE,Predominantly affected side at onset,2,recurrent fall,Left,25,43.9
2,4,583,DOMSIDE,Predominantly affected side at onset,2,recurrent fall,Right,28,49.1
2,4,583,DOMSIDE,Predominantly affected side at onset,2,recurrent fall,Symmetric,2,3.5
2,4,583,DOMSIDE,Predominantly affected side at onset,2,recurrent fall,Unknown,2,3.5
3,0,582,DXPOSINS,Postural instability at diagnosis,0,no fall,No,334,83.9
3,0,582,DXPOSINS,Postural instability at diagnosis,0,no fall,Unknown,30,7.5
3,0,582,DXPOSINS,Postural instability at diagnosis,0,no fall,Yes,34,8.5
3,0,582,DXPOSINS,Postural instability at diagnosis,1,rare fall,No,108,85.0
3,0,582,DXPOSINS,Postural instability at diagnosis,1,rare fall,Unknown,7,5.5
3,0,582,DXPOSINS,Postural instability at diagnosis,1,rare fall,Yes,12,9.4
3,0,582,DXPOSINS,Postural instability at diagnosis,2,recurrent fall,No,46,80.7
3,0,582,DXPOSINS,Postural instability at diagnosis,2,recurrent fall,Unknown,1,1.8
3,0,582,DXPOSINS,Postural instability at diagnosis,2,recurrent fall,Yes,10,17.5
3,0,582,DXRIGID,Rigidity at diagnosis,0,no fall,No,84,21.1
3,0,582,DXRIGID,Rigidity at diagnosis,0,no fall,Unknown,36,9.0
3,0,582,DXRIGID,Rigidity at diagnosis,0,no fall,Yes,278,69.8
3,0,582,DXRIGID,Rigidity at diagnosis,1,rare fall,No,28,22.0
3,0,582,DXRIGID,Rigidity at diagnosis,1,rare fall,Unknown,7,5.5
3,0,582,DXRIGID,Rigidity at diagnosis,1,rare fall,Yes,92,72.4
3,0,582,DXRIGID,Rigidity at diagnosis,2,recurrent fall,No,12,21.1
3,0,582,DXRIGID,Rigidity at diagnosis,2,recurrent fall,Unknown,3,5.3
3,0,582,DXRIGID,Rigidity at diagnosis,2,recurrent fall,Yes,42,73.7
3,0,582,DOPTHERST,Dopaminergic therapy started,0,no fall,<Missing>,72,18.1
3,0,582,DOPTHERST,Dopaminergic therapy started,0,no fall,No,60,15.1
3,0,582,DOPTHERST,Dopaminergic therapy started,0,no fall,Yes,266,66.8
3,0,582,DOPTHERST,Dopaminergic therapy started,1,rare fall,<Missing>,30,23.6
3,0,582,DOPTHERST,Dopaminergic therapy started,1,rare fall,No,13,10.2
3,0,582,DOPTHERST,Dopaminergic therapy started,1,rare fall,Yes,84,66.1
3,0,582,DOPTHERST,Dopaminergic therapy started,2,recurrent fall,<Missing>,18,31.6
3,0,582,DOPTHERST,Dopaminergic therapy started,2,recurrent fall,No,2,3.5
3,0,582,DOPTHERST,Dopaminergic therapy started,2,recurrent fall,Yes,37,64.9
3,0,582,FEATPOSHYP,Postural hypotension clinical feature,0,no fall,No,254,63.8
3,0,582,FEATPOSHYP,Postural hypotension clinical feature,0,no fall,Uncertain,5,1.3
3,0,582,FEATPOSHYP,Postural hypotension clinical feature,0,no fall,Yes,139,34.9
3,0,582,FEATPOSHYP,Postural hypotension clinical feature,1,rare fall,No,73,57.5
3,0,582,FEATPOSHYP,Postural hypotension clinical feature,1,rare fall,Uncertain,3,2.4
3,0,582,FEATPOSHYP,Postural hypotension clinical feature,1,rare fall,Yes,51,40.2
3,0,582,FEATPOSHYP,Postural hypotension clinical feature,2,recurrent fall,No,23,40.4
3,0,582,FEATPOSHYP,Postural hypotension clinical feature,2,recurrent fall,Yes,34,59.6
3,0,582,ANYFAMPD,Family history of Parkinson's disease,0,no fall,<Missing>,18,4.5
3,0,582,ANYFAMPD,Family history of Parkinson's disease,0,no fall,No,228,57.3
3,0,582,ANYFAMPD,Family history of Parkinson's disease,0,no fall,Yes,152,38.2
3,0,582,ANYFAMPD,Family history of Parkinson's disease,1,rare fall,<Missing>,13,10.2
3,0,582,ANYFAMPD,Family history of Parkinson's disease,1,rare fall,No,72,56.7
3,0,582,ANYFAMPD,Family history of Parkinson's disease,1,rare fall,Yes,42,33.1
3,0,582,ANYFAMPD,Family history of Parkinson's disease,2,recurrent fall,<Missing>,3,5.3
3,0,582,ANYFAMPD,Family history of Parkinson's disease,2,recurrent fall,No,22,38.6
3,0,582,ANYFAMPD,Family history of Parkinson's disease,2,recurrent fall,Yes,32,56.1
3,0,582,DXTREMOR,Resting tremor at diagnosis,0,no fall,No,77,19.3
3,0,582,DXTREMOR,Resting tremor at diagnosis,0,no fall,Unknown,8,2.0
3,0,582,DXTREMOR,Resting tremor at diagnosis,0,no fall,Yes,313,78.6
3,0,582,DXTREMOR,Resting tremor at diagnosis,1,rare fall,No,31,24.4
3,0,582,DXTREMOR,Resting tremor at diagnosis,1,rare fall,Unknown,2,1.6
3,0,582,DXTREMOR,Resting tremor at diagnosis,1,rare fall,Yes,94,74.0
3,0,582,DXTREMOR,Resting tremor at diagnosis,2,recurrent fall,No,16,28.1
3,0,582,DXTREMOR,Resting tremor at diagnosis,2,recurrent fall,Unknown,1,1.8
3,0,582,DXTREMOR,Resting tremor at diagnosis,2,recurrent fall,Yes,40,70.2
3,0,582,DXBRADY,Bradykinesia at diagnosis,0,no fall,No,44,11.1
3,0,582,DXBRADY,Bradykinesia at diagnosis,0,no fall,Unknown,25,6.3
3,0,582,DXBRADY,Bradykinesia at diagnosis,0,no fall,Yes,329,82.7
3,0,582,DXBRADY,Bradykinesia at diagnosis,1,rare fall,No,21,16.5
3,0,582,DXBRADY,Bradykinesia at diagnosis,1,rare fall,Unknown,6,4.7
3,0,582,DXBRADY,Bradykinesia at diagnosis,1,rare fall,Yes,100,78.7
3,0,582,DXBRADY,Bradykinesia at diagnosis,2,recurrent fall,No,11,19.3
3,0,582,DXBRADY,Bradykinesia at diagnosis,2,recurrent fall,Unknown,2,3.5
3,0,582,DXBRADY,Bradykinesia at diagnosis,2,recurrent fall,Yes,44,77.2
3,0,582,DOMSIDE,Predominantly affected side at onset,0,no fall,Left,186,46.7
3,0,582,DOMSIDE,Predominantly affected side at onset,0,no fall,Right,202,50.8
3,0,582,DOMSIDE,Predominantly affected side at onset,0,no fall,Symmetric,8,2.0
3,0,582,DOMSIDE,Predominantly affected side at onset,0,no fall,Unknown,2,0.5
3,0,582,DOMSIDE,Predominantly affected side at onset,1,rare fall,Left,52,40.9
3,0,582,DOMSIDE,Predominantly affected side at onset,1,rare fall,Right,73,57.5
3,0,582,DOMSIDE,Predominantly affected side at onset,1,rare fall,Symmetric,2,1.6
3,0,582,DOMSIDE,Predominantly affected side at onset,2,recurrent fall,Left,29,50.9
3,0,582,DOMSIDE,Predominantly affected side at onset,2,recurrent fall,Right,25,43.9
3,0,582,DOMSIDE,Predominantly affected side at onset,2,recurrent fall,Symmetric,2,3.5
3,0,582,DOMSIDE,Predominantly affected side at onset,2,recurrent fall,Unknown,1,1.8
3,1,582,DXPOSINS,Postural instability at diagnosis,0,no fall,No,341,85.7
3,1,582,DXPOSINS,Postural instability at diagnosis,0,no fall,Unknown,29,7.3
3,1,582,DXPOSINS,Postural instability at diagnosis,0,no fall,Yes,28,7.0
3,1,582,DXPOSINS,Postural instability at diagnosis,1,rare fall,No,107,84.3
3,1,582,DXPOSINS,Postural instability at diagnosis,1,rare fall,Unknown,7,5.5
3,1,582,DXPOSINS,Postural instability at diagnosis,1,rare fall,Yes,13,10.2
3,1,582,DXPOSINS,Postural instability at diagnosis,2,recurrent fall,No,47,82.5
3,1,582,DXPOSINS,Postural instability at diagnosis,2,recurrent fall,Unknown,1,1.8
3,1,582,DXPOSINS,Postural instability at diagnosis,2,recurrent fall,Yes,9,15.8
3,1,582,DXRIGID,Rigidity at diagnosis,0,no fall,No,85,21.4
3,1,582,DXRIGID,Rigidity at diagnosis,0,no fall,Unknown,32,8.0
3,1,582,DXRIGID,Rigidity at diagnosis,0,no fall,Yes,281,70.6
3,1,582,DXRIGID,Rigidity at diagnosis,1,rare fall,No,31,24.4
3,1,582,DXRIGID,Rigidity at diagnosis,1,rare fall,Unknown,7,5.5
3,1,582,DXRIGID,Rigidity at diagnosis,1,rare fall,Yes,89,70.1
3,1,582,DXRIGID,Rigidity at diagnosis,2,recurrent fall,No,10,17.5
3,1,582,DXRIGID,Rigidity at diagnosis,2,recurrent fall,Unknown,2,3.5
3,1,582,DXRIGID,Rigidity at diagnosis,2,recurrent fall,Yes,45,78.9
3,1,582,DOPTHERST,Dopaminergic therapy started,0,no fall,<Missing>,73,18.3
3,1,582,DOPTHERST,Dopaminergic therapy started,0,no fall,No,66,16.6
3,1,582,DOPTHERST,Dopaminergic therapy started,0,no fall,Yes,259,65.1
3,1,582,DOPTHERST,Dopaminergic therapy started,1,rare fall,<Missing>,27,21.3
3,1,582,DOPTHERST,Dopaminergic therapy started,1,rare fall,No,10,7.9
3,1,582,DOPTHERST,Dopaminergic therapy started,1,rare fall,Yes,90,70.9
3,1,582,DOPTHERST,Dopaminergic therapy started,2,recurrent fall,<Missing>,19,33.3
3,1,582,DOPTHERST,Dopaminergic therapy started,2,recurrent fall,No,1,1.8
3,1,582,DOPTHERST,Dopaminergic therapy started,2,recurrent fall,Yes,37,64.9
3,1,582,FEATPOSHYP,Postural hypotension clinical feature,0,no fall,No,255,64.1
3,1,582,FEATPOSHYP,Postural hypotension clinical feature,0,no fall,Uncertain,9,2.3
3,1,582,FEATPOSHYP,Postural hypotension clinical feature,0,no fall,Yes,134,33.7
3,1,582,FEATPOSHYP,Postural hypotension clinical feature,1,rare fall,No,73,57.5
3,1,582,FEATPOSHYP,Postural hypotension clinical feature,1,rare fall,Uncertain,4,3.1
3,1,582,FEATPOSHYP,Postural hypotension clinical feature,1,rare fall,Yes,50,39.4
3,1,582,FEATPOSHYP,Postural hypotension clinical feature,2,recurrent fall,No,24,42.1
3,1,582,FEATPOSHYP,Postural hypotension clinical feature,2,recurrent fall,Uncertain,2,3.5
3,1,582,FEATPOSHYP,Postural hypotension clinical feature,2,recurrent fall,Yes,31,54.4
3,1,582,ANYFAMPD,Family history of Parkinson's disease,0,no fall,<Missing>,21,5.3
3,1,582,ANYFAMPD,Family history of Parkinson's disease,0,no fall,No,229,57.5
3,1,582,ANYFAMPD,Family history of Parkinson's disease,0,no fall,Yes,148,37.2
3,1,582,ANYFAMPD,Family history of Parkinson's disease,1,rare fall,<Missing>,11,8.7
3,1,582,ANYFAMPD,Family history of Parkinson's disease,1,rare fall,No,71,55.9
3,1,582,ANYFAMPD,Family history of Parkinson's disease,1,rare fall,Yes,45,35.4
3,1,582,ANYFAMPD,Family history of Parkinson's disease,2,recurrent fall,<Missing>,4,7.0
3,1,582,ANYFAMPD,Family history of Parkinson's disease,2,recurrent fall,No,24,42.1
3,1,582,ANYFAMPD,Family history of Parkinson's disease,2,recurrent fall,Yes,29,50.9
3,1,582,DXTREMOR,Resting tremor at diagnosis,0,no fall,No,78,19.6
3,1,582,DXTREMOR,Resting tremor at diagnosis,0,no fall,Unknown,10,2.5
3,1,582,DXTREMOR,Resting tremor at diagnosis,0,no fall,Yes,310,77.9
3,1,582,DXTREMOR,Resting tremor at diagnosis,1,rare fall,No,27,21.3
3,1,582,DXTREMOR,Resting tremor at diagnosis,1,rare fall,Unknown,3,2.4
3,1,582,DXTREMOR,Resting tremor at diagnosis,1,rare fall,Yes,97,76.4
3,1,582,DXTREMOR,Resting tremor at diagnosis,2,recurrent fall,No,15,26.3
3,1,582,DXTREMOR,Resting tremor at diagnosis,2,recurrent fall,Unknown,1,1.8
3,1,582,DXTREMOR,Resting tremor at diagnosis,2,recurrent fall,Yes,41,71.9
3,1,582,DXBRADY,Bradykinesia at diagnosis,0,no fall,No,38,9.5
3,1,582,DXBRADY,Bradykinesia at diagnosis,0,no fall,Unknown,21,5.3
3,1,582,DXBRADY,Bradykinesia at diagnosis,0,no fall,Yes,339,85.2
3,1,582,DXBRADY,Bradykinesia at diagnosis,1,rare fall,No,23,18.1
3,1,582,DXBRADY,Bradykinesia at diagnosis,1,rare fall,Unknown,6,4.7
3,1,582,DXBRADY,Bradykinesia at diagnosis,1,rare fall,Yes,98,77.2
3,1,582,DXBRADY,Bradykinesia at diagnosis,2,recurrent fall,No,9,15.8
3,1,582,DXBRADY,Bradykinesia at diagnosis,2,recurrent fall,Unknown,2,3.5
3,1,582,DXBRADY,Bradykinesia at diagnosis,2,recurrent fall,Yes,46,80.7
3,1,582,DOMSIDE,Predominantly affected side at onset,0,no fall,Left,183,46.0
3,1,582,DOMSIDE,Predominantly affected side at onset,0,no fall,Right,205,51.5
3,1,582,DOMSIDE,Predominantly affected side at onset,0,no fall,Symmetric,7,1.8
3,1,582,DOMSIDE,Predominantly affected side at onset,0,no fall,Unknown,3,0.8
3,1,582,DOMSIDE,Predominantly affected side at onset,1,rare fall,Left,49,38.6
3,1,582,DOMSIDE,Predominantly affected side at onset,1,rare fall,Right,75,59.1
3,1,582,DOMSIDE,Predominantly affected side at onset,1,rare fall,Symmetric,3,2.4
3,1,582,DOMSIDE,Predominantly affected side at onset,2,recurrent fall,Left,29,50.9
3,1,582,DOMSIDE,Predominantly affected side at onset,2,recurrent fall,Right,25,43.9
3,1,582,DOMSIDE,Predominantly affected side at onset,2,recurrent fall,Symmetric,3,5.3
3,2,582,DXPOSINS,Postural instability at diagnosis,0,no fall,No,338,84.9
3,2,582,DXPOSINS,Postural instability at diagnosis,0,no fall,Unknown,26,6.5
3,2,582,DXPOSINS,Postural instability at diagnosis,0,no fall,Yes,34,8.5
3,2,582,DXPOSINS,Postural instability at diagnosis,1,rare fall,No,107,83.6
3,2,582,DXPOSINS,Postural instability at diagnosis,1,rare fall,Unknown,7,5.5
3,2,582,DXPOSINS,Postural instability at diagnosis,1,rare fall,Yes,14,10.9
3,2,582,DXPOSINS,Postural instability at diagnosis,2,recurrent fall,No,45,80.4
3,2,582,DXPOSINS,Postural instability at diagnosis,2,recurrent fall,Unknown,1,1.8
3,2,582,DXPOSINS,Postural instability at diagnosis,2,recurrent fall,Yes,10,17.9
3,2,582,DXRIGID,Rigidity at diagnosis,0,no fall,No,86,21.6
3,2,582,DXRIGID,Rigidity at diagnosis,0,no fall,Unknown,30,7.5
3,2,582,DXRIGID,Rigidity at diagnosis,0,no fall,Yes,282,70.9
3,2,582,DXRIGID,Rigidity at diagnosis,1,rare fall,No,30,23.4
3,2,582,DXRIGID,Rigidity at diagnosis,1,rare fall,Unknown,5,3.9
3,2,582,DXRIGID,Rigidity at diagnosis,1,rare fall,Yes,93,72.7
3,2,582,DXRIGID,Rigidity at diagnosis,2,recurrent fall,No,11,19.6
3,2,582,DXRIGID,Rigidity at diagnosis,2,recurrent fall,Unknown,3,5.4
3,2,582,DXRIGID,Rigidity at diagnosis,2,recurrent fall,Yes,42,75.0
3,2,582,DOPTHERST,Dopaminergic therapy started,0,no fall,<Missing>,65,16.3
3,2,582,DOPTHERST,Dopaminergic therapy started,0,no fall,No,66,16.6
3,2,582,DOPTHERST,Dopaminergic therapy started,0,no fall,Yes,267,67.1
3,2,582,DOPTHERST,Dopaminergic therapy started,1,rare fall,<Missing>,29,22.7
3,2,582,DOPTHERST,Dopaminergic therapy started,1,rare fall,No,12,9.4
3,2,582,DOPTHERST,Dopaminergic therapy started,1,rare fall,Yes,87,68.0
3,2,582,DOPTHERST,Dopaminergic therapy started,2,recurrent fall,<Missing>,16,28.6
3,2,582,DOPTHERST,Dopaminergic therapy started,2,recurrent fall,No,2,3.6
3,2,582,DOPTHERST,Dopaminergic therapy started,2,recurrent fall,Yes,38,67.9
3,2,582,FEATPOSHYP,Postural hypotension clinical feature,0,no fall,No,257,64.6
3,2,582,FEATPOSHYP,Postural hypotension clinical feature,0,no fall,Uncertain,7,1.8
3,2,582,FEATPOSHYP,Postural hypotension clinical feature,0,no fall,Yes,134,33.7
3,2,582,FEATPOSHYP,Postural hypotension clinical feature,1,rare fall,No,76,59.4
3,2,582,FEATPOSHYP,Postural hypotension clinical feature,1,rare fall,Uncertain,4,3.1
3,2,582,FEATPOSHYP,Postural hypotension clinical feature,1,rare fall,Yes,48,37.5
3,2,582,FEATPOSHYP,Postural hypotension clinical feature,2,recurrent fall,No,27,48.2
3,2,582,FEATPOSHYP,Postural hypotension clinical feature,2,recurrent fall,Uncertain,2,3.6
3,2,582,FEATPOSHYP,Postural hypotension clinical feature,2,recurrent fall,Yes,27,48.2
3,2,582,ANYFAMPD,Family history of Parkinson's disease,0,no fall,<Missing>,18,4.5
3,2,582,ANYFAMPD,Family history of Parkinson's disease,0,no fall,No,227,57.0
3,2,582,ANYFAMPD,Family history of Parkinson's disease,0,no fall,Yes,153,38.4
3,2,582,ANYFAMPD,Family history of Parkinson's disease,1,rare fall,<Missing>,14,10.9
3,2,582,ANYFAMPD,Family history of Parkinson's disease,1,rare fall,No,67,52.3
3,2,582,ANYFAMPD,Family history of Parkinson's disease,1,rare fall,Yes,47,36.7
3,2,582,ANYFAMPD,Family history of Parkinson's disease,2,recurrent fall,<Missing>,5,8.9
3,2,582,ANYFAMPD,Family history of Parkinson's disease,2,recurrent fall,No,20,35.7
3,2,582,ANYFAMPD,Family history of Parkinson's disease,2,recurrent fall,Yes,31,55.4
3,2,582,DXTREMOR,Resting tremor at diagnosis,0,no fall,No,78,19.6
3,2,582,DXTREMOR,Resting tremor at diagnosis,0,no fall,Unknown,11,2.8
3,2,582,DXTREMOR,Resting tremor at diagnosis,0,no fall,Yes,309,77.6
3,2,582,DXTREMOR,Resting tremor at diagnosis,1,rare fall,No,28,21.9
3,2,582,DXTREMOR,Resting tremor at diagnosis,1,rare fall,Unknown,2,1.6
3,2,582,DXTREMOR,Resting tremor at diagnosis,1,rare fall,Yes,98,76.6
3,2,582,DXTREMOR,Resting tremor at diagnosis,2,recurrent fall,No,16,28.6
3,2,582,DXTREMOR,Resting tremor at diagnosis,2,recurrent fall,Unknown,1,1.8
3,2,582,DXTREMOR,Resting tremor at diagnosis,2,recurrent fall,Yes,39,69.6
3,2,582,DXBRADY,Bradykinesia at diagnosis,0,no fall,No,44,11.1
3,2,582,DXBRADY,Bradykinesia at diagnosis,0,no fall,Unknown,20,5.0
3,2,582,DXBRADY,Bradykinesia at diagnosis,0,no fall,Yes,334,83.9
3,2,582,DXBRADY,Bradykinesia at diagnosis,1,rare fall,No,20,15.6
3,2,582,DXBRADY,Bradykinesia at diagnosis,1,rare fall,Unknown,4,3.1
3,2,582,DXBRADY,Bradykinesia at diagnosis,1,rare fall,Yes,104,81.2
3,2,582,DXBRADY,Bradykinesia at diagnosis,2,recurrent fall,No,11,19.6
3,2,582,DXBRADY,Bradykinesia at diagnosis,2,recurrent fall,Unknown,3,5.4
3,2,582,DXBRADY,Bradykinesia at diagnosis,2,recurrent fall,Yes,42,75.0
3,2,582,DOMSIDE,Predominantly affected side at onset,0,no fall,Left,181,45.5
3,2,582,DOMSIDE,Predominantly affected side at onset,0,no fall,Right,207,52.0
3,2,582,DOMSIDE,Predominantly affected side at onset,0,no fall,Symmetric,8,2.0
3,2,582,DOMSIDE,Predominantly affected side at onset,0,no fall,Unknown,2,0.5
3,2,582,DOMSIDE,Predominantly affected side at onset,1,rare fall,Left,51,39.8
3,2,582,DOMSIDE,Predominantly affected side at onset,1,rare fall,Right,74,57.8
3,2,582,DOMSIDE,Predominantly affected side at onset,1,rare fall,Symmetric,3,2.3
3,2,582,DOMSIDE,Predominantly affected side at onset,2,recurrent fall,Left,28,50.0
3,2,582,DOMSIDE,Predominantly affected side at onset,2,recurrent fall,Right,23,41.1
3,2,582,DOMSIDE,Predominantly affected side at onset,2,recurrent fall,Symmetric,4,7.1
3,2,582,DOMSIDE,Predominantly affected side at onset,2,recurrent fall,Unknown,1,1.8
3,3,583,DXPOSINS,Postural instability at diagnosis,0,no fall,No,337,84.5
3,3,583,DXPOSINS,Postural instability at diagnosis,0,no fall,Unknown,29,7.3
3,3,583,DXPOSINS,Postural instability at diagnosis,0,no fall,Yes,33,8.3
3,3,583,DXPOSINS,Postural instability at diagnosis,1,rare fall,No,108,85.0
3,3,583,DXPOSINS,Postural instability at diagnosis,1,rare fall,Unknown,6,4.7
3,3,583,DXPOSINS,Postural instability at diagnosis,1,rare fall,Yes,13,10.2
3,3,583,DXPOSINS,Postural instability at diagnosis,2,recurrent fall,No,48,84.2
3,3,583,DXPOSINS,Postural instability at diagnosis,2,recurrent fall,Yes,9,15.8
3,3,583,DXRIGID,Rigidity at diagnosis,0,no fall,No,79,19.8
3,3,583,DXRIGID,Rigidity at diagnosis,0,no fall,Unknown,37,9.3
3,3,583,DXRIGID,Rigidity at diagnosis,0,no fall,Yes,283,70.9
3,3,583,DXRIGID,Rigidity at diagnosis,1,rare fall,No,27,21.3
3,3,583,DXRIGID,Rigidity at diagnosis,1,rare fall,Unknown,5,3.9
3,3,583,DXRIGID,Rigidity at diagnosis,1,rare fall,Yes,95,74.8
3,3,583,DXRIGID,Rigidity at diagnosis,2,recurrent fall,No,15,26.3
3,3,583,DXRIGID,Rigidity at diagnosis,2,recurrent fall,Unknown,1,1.8
3,3,583,DXRIGID,Rigidity at diagnosis,2,recurrent fall,Yes,41,71.9
3,3,583,DOPTHERST,Dopaminergic therapy started,0,no fall,<Missing>,68,17.0
3,3,583,DOPTHERST,Dopaminergic therapy started,0,no fall,No,60,15.0
3,3,583,DOPTHERST,Dopaminergic therapy started,0,no fall,Yes,271,67.9
3,3,583,DOPTHERST,Dopaminergic therapy started,1,rare fall,<Missing>,32,25.2
3,3,583,DOPTHERST,Dopaminergic therapy started,1,rare fall,No,9,7.1
3,3,583,DOPTHERST,Dopaminergic therapy started,1,rare fall,Yes,86,67.7
3,3,583,DOPTHERST,Dopaminergic therapy started,2,recurrent fall,<Missing>,14,24.6
3,3,583,DOPTHERST,Dopaminergic therapy started,2,recurrent fall,No,2,3.5
3,3,583,DOPTHERST,Dopaminergic therapy started,2,recurrent fall,Yes,41,71.9
3,3,583,FEATPOSHYP,Postural hypotension clinical feature,0,no fall,No,252,63.2
3,3,583,FEATPOSHYP,Postural hypotension clinical feature,0,no fall,Uncertain,6,1.5
3,3,583,FEATPOSHYP,Postural hypotension clinical feature,0,no fall,Yes,141,35.3
3,3,583,FEATPOSHYP,Postural hypotension clinical feature,1,rare fall,No,74,58.3
3,3,583,FEATPOSHYP,Postural hypotension clinical feature,1,rare fall,Uncertain,5,3.9
3,3,583,FEATPOSHYP,Postural hypotension clinical feature,1,rare fall,Yes,48,37.8
3,3,583,FEATPOSHYP,Postural hypotension clinical feature,2,recurrent fall,No,22,38.6
3,3,583,FEATPOSHYP,Postural hypotension clinical feature,2,recurrent fall,Uncertain,2,3.5
3,3,583,FEATPOSHYP,Postural hypotension clinical feature,2,recurrent fall,Yes,33,57.9
3,3,583,ANYFAMPD,Family history of Parkinson's disease,0,no fall,<Missing>,18,4.5
3,3,583,ANYFAMPD,Family history of Parkinson's disease,0,no fall,No,237,59.4
3,3,583,ANYFAMPD,Family history of Parkinson's disease,0,no fall,Yes,144,36.1
3,3,583,ANYFAMPD,Family history of Parkinson's disease,1,rare fall,<Missing>,14,11.0
3,3,583,ANYFAMPD,Family history of Parkinson's disease,1,rare fall,No,70,55.1
3,3,583,ANYFAMPD,Family history of Parkinson's disease,1,rare fall,Yes,43,33.9
3,3,583,ANYFAMPD,Family history of Parkinson's disease,2,recurrent fall,<Missing>,4,7.0
3,3,583,ANYFAMPD,Family history of Parkinson's disease,2,recurrent fall,No,22,38.6
3,3,583,ANYFAMPD,Family history of Parkinson's disease,2,recurrent fall,Yes,31,54.4
3,3,583,DXTREMOR,Resting tremor at diagnosis,0,no fall,No,81,20.3
3,3,583,DXTREMOR,Resting tremor at diagnosis,0,no fall,Unknown,8,2.0
3,3,583,DXTREMOR,Resting tremor at diagnosis,0,no fall,Yes,310,77.7
3,3,583,DXTREMOR,Resting tremor at diagnosis,1,rare fall,No,31,24.4
3,3,583,DXTREMOR,Resting tremor at diagnosis,1,rare fall,Unknown,2,1.6
3,3,583,DXTREMOR,Resting tremor at diagnosis,1,rare fall,Yes,94,74.0
3,3,583,DXTREMOR,Resting tremor at diagnosis,2,recurrent fall,No,15,26.3
3,3,583,DXTREMOR,Resting tremor at diagnosis,2,recurrent fall,Yes,42,73.7
3,3,583,DXBRADY,Bradykinesia at diagnosis,0,no fall,No,43,10.8
3,3,583,DXBRADY,Bradykinesia at diagnosis,0,no fall,Unknown,24,6.0
3,3,583,DXBRADY,Bradykinesia at diagnosis,0,no fall,Yes,332,83.2
3,3,583,DXBRADY,Bradykinesia at diagnosis,1,rare fall,No,19,15.0
3,3,583,DXBRADY,Bradykinesia at diagnosis,1,rare fall,Unknown,6,4.7
3,3,583,DXBRADY,Bradykinesia at diagnosis,1,rare fall,Yes,102,80.3
3,3,583,DXBRADY,Bradykinesia at diagnosis,2,recurrent fall,No,14,24.6
3,3,583,DXBRADY,Bradykinesia at diagnosis,2,recurrent fall,Unknown,2,3.5
3,3,583,DXBRADY,Bradykinesia at diagnosis,2,recurrent fall,Yes,41,71.9
3,3,583,DOMSIDE,Predominantly affected side at onset,0,no fall,Left,188,47.1
3,3,583,DOMSIDE,Predominantly affected side at onset,0,no fall,Right,201,50.4
3,3,583,DOMSIDE,Predominantly affected side at onset,0,no fall,Symmetric,7,1.8
3,3,583,DOMSIDE,Predominantly affected side at onset,0,no fall,Unknown,3,0.8
3,3,583,DOMSIDE,Predominantly affected side at onset,1,rare fall,Left,54,42.5
3,3,583,DOMSIDE,Predominantly affected side at onset,1,rare fall,Right,70,55.1
3,3,583,DOMSIDE,Predominantly affected side at onset,1,rare fall,Symmetric,3,2.4
3,3,583,DOMSIDE,Predominantly affected side at onset,2,recurrent fall,Left,27,47.4
3,3,583,DOMSIDE,Predominantly affected side at onset,2,recurrent fall,Right,25,43.9
3,3,583,DOMSIDE,Predominantly affected side at onset,2,recurrent fall,Symmetric,4,7.0
3,3,583,DOMSIDE,Predominantly affected side at onset,2,recurrent fall,Unknown,1,1.8
3,4,583,DXPOSINS,Postural instability at diagnosis,0,no fall,No,346,86.7
3,4,583,DXPOSINS,Postural instability at diagnosis,0,no fall,Unknown,26,6.5
3,4,583,DXPOSINS,Postural instability at diagnosis,0,no fall,Yes,27,6.8
3,4,583,DXPOSINS,Postural instability at diagnosis,1,rare fall,No,102,80.3
3,4,583,DXPOSINS,Postural instability at diagnosis,1,rare fall,Unknown,9,7.1
3,4,583,DXPOSINS,Postural instability at diagnosis,1,rare fall,Yes,16,12.6
3,4,583,DXPOSINS,Postural instability at diagnosis,2,recurrent fall,No,50,87.7
3,4,583,DXPOSINS,Postural instability at diagnosis,2,recurrent fall,Unknown,1,1.8
3,4,583,DXPOSINS,Postural instability at diagnosis,2,recurrent fall,Yes,6,10.5
3,4,583,DXRIGID,Rigidity at diagnosis,0,no fall,No,86,21.6
3,4,583,DXRIGID,Rigidity at diagnosis,0,no fall,Unknown,37,9.3
3,4,583,DXRIGID,Rigidity at diagnosis,0,no fall,Yes,276,69.2
3,4,583,DXRIGID,Rigidity at diagnosis,1,rare fall,No,28,22.0
3,4,583,DXRIGID,Rigidity at diagnosis,1,rare fall,Unknown,8,6.3
3,4,583,DXRIGID,Rigidity at diagnosis,1,rare fall,Yes,91,71.7
3,4,583,DXRIGID,Rigidity at diagnosis,2,recurrent fall,No,12,21.1
3,4,583,DXRIGID,Rigidity at diagnosis,2,recurrent fall,Unknown,3,5.3
3,4,583,DXRIGID,Rigidity at diagnosis,2,recurrent fall,Yes,42,73.7
3,4,583,DOPTHERST,Dopaminergic therapy started,0,no fall,<Missing>,70,17.5
3,4,583,DOPTHERST,Dopaminergic therapy started,0,no fall,No,68,17.0
3,4,583,DOPTHERST,Dopaminergic therapy started,0,no fall,Yes,261,65.4
3,4,583,DOPTHERST,Dopaminergic therapy started,1,rare fall,<Missing>,30,23.6
3,4,583,DOPTHERST,Dopaminergic therapy started,1,rare fall,No,12,9.4
3,4,583,DOPTHERST,Dopaminergic therapy started,1,rare fall,Yes,85,66.9
3,4,583,DOPTHERST,Dopaminergic therapy started,2,recurrent fall,<Missing>,17,29.8
3,4,583,DOPTHERST,Dopaminergic therapy started,2,recurrent fall,No,1,1.8
3,4,583,DOPTHERST,Dopaminergic therapy started,2,recurrent fall,Yes,39,68.4
3,4,583,FEATPOSHYP,Postural hypotension clinical feature,0,no fall,No,262,65.7
3,4,583,FEATPOSHYP,Postural hypotension clinical feature,0,no fall,Uncertain,9,2.3
3,4,583,FEATPOSHYP,Postural hypotension clinical feature,0,no fall,Yes,128,32.1
3,4,583,FEATPOSHYP,Postural hypotension clinical feature,1,rare fall,No,76,59.8
3,4,583,FEATPOSHYP,Postural hypotension clinical feature,1,rare fall,Uncertain,4,3.1
3,4,583,FEATPOSHYP,Postural hypotension clinical feature,1,rare fall,Yes,47,37.0
3,4,583,FEATPOSHYP,Postural hypotension clinical feature,2,recurrent fall,No,20,35.1
3,4,583,FEATPOSHYP,Postural hypotension clinical feature,2,recurrent fall,Uncertain,2,3.5
3,4,583,FEATPOSHYP,Postural hypotension clinical feature,2,recurrent fall,Yes,35,61.4
3,4,583,ANYFAMPD,Family history of Parkinson's disease,0,no fall,<Missing>,21,5.3
3,4,583,ANYFAMPD,Family history of Parkinson's disease,0,no fall,No,231,57.9
3,4,583,ANYFAMPD,Family history of Parkinson's disease,0,no fall,Yes,147,36.8
3,4,583,ANYFAMPD,Family history of Parkinson's disease,1,rare fall,<Missing>,12,9.4
3,4,583,ANYFAMPD,Family history of Parkinson's disease,1,rare fall,No,72,56.7
3,4,583,ANYFAMPD,Family history of Parkinson's disease,1,rare fall,Yes,43,33.9
3,4,583,ANYFAMPD,Family history of Parkinson's disease,2,recurrent fall,<Missing>,4,7.0
3,4,583,ANYFAMPD,Family history of Parkinson's disease,2,recurrent fall,No,20,35.1
3,4,583,ANYFAMPD,Family history of Parkinson's disease,2,recurrent fall,Yes,33,57.9
3,4,583,DXTREMOR,Resting tremor at diagnosis,0,no fall,No,78,19.5
3,4,583,DXTREMOR,Resting tremor at diagnosis,0,no fall,Unknown,11,2.8
3,4,583,DXTREMOR,Resting tremor at diagnosis,0,no fall,Yes,310,77.7
3,4,583,DXTREMOR,Resting tremor at diagnosis,1,rare fall,No,23,18.1
3,4,583,DXTREMOR,Resting tremor at diagnosis,1,rare fall,Unknown,3,2.4
3,4,583,DXTREMOR,Resting tremor at diagnosis,1,rare fall,Yes,101,79.5
3,4,583,DXTREMOR,Resting tremor at diagnosis,2,recurrent fall,No,14,24.6
3,4,583,DXTREMOR,Resting tremor at diagnosis,2,recurrent fall,Unknown,1,1.8
3,4,583,DXTREMOR,Resting tremor at diagnosis,2,recurrent fall,Yes,42,73.7
3,4,583,DXBRADY,Bradykinesia at diagnosis,0,no fall,No,43,10.8
3,4,583,DXBRADY,Bradykinesia at diagnosis,0,no fall,Unknown,22,5.5
3,4,583,DXBRADY,Bradykinesia at diagnosis,0,no fall,Yes,334,83.7
3,4,583,DXBRADY,Bradykinesia at diagnosis,1,rare fall,No,21,16.5
3,4,583,DXBRADY,Bradykinesia at diagnosis,1,rare fall,Unknown,6,4.7
3,4,583,DXBRADY,Bradykinesia at diagnosis,1,rare fall,Yes,100,78.7
3,4,583,DXBRADY,Bradykinesia at diagnosis,2,recurrent fall,No,11,19.3
3,4,583,DXBRADY,Bradykinesia at diagnosis,2,recurrent fall,Unknown,3,5.3
3,4,583,DXBRADY,Bradykinesia at diagnosis,2,recurrent fall,Yes,43,75.4
3,4,583,DOMSIDE,Predominantly affected side at onset,0,no fall,Left,182,45.6
3,4,583,DOMSIDE,Predominantly affected side at onset,0,no fall,Right,209,52.4
3,4,583,DOMSIDE,Predominantly affected side at onset,0,no fall,Symmetric,6,1.5
3,4,583,DOMSIDE,Predominantly affected side at onset,0,no fall,Unknown,2,0.5
3,4,583,DOMSIDE,Predominantly affected side at onset,1,rare fall,Left,50,39.4
3,4,583,DOMSIDE,Predominantly affected side at onset,1,rare fall,Right,76,59.8
3,4,583,DOMSIDE,Predominantly affected side at onset,1,rare fall,Symmetric,1,0.8
3,4,583,DOMSIDE,Predominantly affected side at onset,2,recurrent fall,Left,27,47.4
3,4,583,DOMSIDE,Predominantly affected side at onset,2,recurrent fall,Right,26,45.6
3,4,583,DOMSIDE,Predominantly affected side at onset,2,recurrent fall,Symmetric,3,5.3
3,4,583,DOMSIDE,Predominantly affected side at onset,2,recurrent fall,Unknown,1,1.8
4,0,582,DXPOSINS,Postural instability at diagnosis,0,no fall,No,342,85.9
4,0,582,DXPOSINS,Postural instability at diagnosis,0,no fall,Unknown,27,6.8
4,0,582,DXPOSINS,Postural instability at diagnosis,0,no fall,Yes,29,7.3
4,0,582,DXPOSINS,Postural instability at diagnosis,1,rare fall,No,109,85.8
4,0,582,DXPOSINS,Postural instability at diagnosis,1,rare fall,Unknown,4,3.1
4,0,582,DXPOSINS,Postural instability at diagnosis,1,rare fall,Yes,14,11.0
4,0,582,DXPOSINS,Postural instability at diagnosis,2,recurrent fall,No,47,82.5
4,0,582,DXPOSINS,Postural instability at diagnosis,2,recurrent fall,Unknown,2,3.5
4,0,582,DXPOSINS,Postural instability at diagnosis,2,recurrent fall,Yes,8,14.0
4,0,582,DXRIGID,Rigidity at diagnosis,0,no fall,No,86,21.6
4,0,582,DXRIGID,Rigidity at diagnosis,0,no fall,Unknown,32,8.0
4,0,582,DXRIGID,Rigidity at diagnosis,0,no fall,Yes,280,70.4
4,0,582,DXRIGID,Rigidity at diagnosis,1,rare fall,No,27,21.3
4,0,582,DXRIGID,Rigidity at diagnosis,1,rare fall,Unknown,3,2.4
4,0,582,DXRIGID,Rigidity at diagnosis,1,rare fall,Yes,97,76.4
4,0,582,DXRIGID,Rigidity at diagnosis,2,recurrent fall,No,11,19.3
4,0,582,DXRIGID,Rigidity at diagnosis,2,recurrent fall,Unknown,3,5.3
4,0,582,DXRIGID,Rigidity at diagnosis,2,recurrent fall,Yes,43,75.4
4,0,582,DOPTHERST,Dopaminergic therapy started,0,no fall,<Missing>,64,16.1
4,0,582,DOPTHERST,Dopaminergic therapy started,0,no fall,No,65,16.3
4,0,582,DOPTHERST,Dopaminergic therapy started,0,no fall,Yes,269,67.6
4,0,582,DOPTHERST,Dopaminergic therapy started,1,rare fall,<Missing>,30,23.6
4,0,582,DOPTHERST,Dopaminergic therapy started,1,rare fall,No,11,8.7
4,0,582,DOPTHERST,Dopaminergic therapy started,1,rare fall,Yes,86,67.7
4,0,582,DOPTHERST,Dopaminergic therapy started,2,recurrent fall,<Missing>,17,29.8
4,0,582,DOPTHERST,Dopaminergic therapy started,2,recurrent fall,No,3,5.3
4,0,582,DOPTHERST,Dopaminergic therapy started,2,recurrent fall,Yes,37,64.9
4,0,582,FEATPOSHYP,Postural hypotension clinical feature,0,no fall,No,258,64.8
4,0,582,FEATPOSHYP,Postural hypotension clinical feature,0,no fall,Uncertain,8,2.0
4,0,582,FEATPOSHYP,Postural hypotension clinical feature,0,no fall,Yes,132,33.2
4,0,582,FEATPOSHYP,Postural hypotension clinical feature,1,rare fall,No,71,55.9
4,0,582,FEATPOSHYP,Postural hypotension clinical feature,1,rare fall,Uncertain,2,1.6
4,0,582,FEATPOSHYP,Postural hypotension clinical feature,1,rare fall,Yes,54,42.5
4,0,582,FEATPOSHYP,Postural hypotension clinical feature,2,recurrent fall,No,29,50.9
4,0,582,FEATPOSHYP,Postural hypotension clinical feature,2,recurrent fall,Uncertain,1,1.8
4,0,582,FEATPOSHYP,Postural hypotension clinical feature,2,recurrent fall,Yes,27,47.4
4,0,582,ANYFAMPD,Family history of Parkinson's disease,0,no fall,<Missing>,14,3.5
4,0,582,ANYFAMPD,Family history of Parkinson's disease,0,no fall,No,244,61.3
4,0,582,ANYFAMPD,Family history of Parkinson's disease,0,no fall,Yes,140,35.2
4,0,582,ANYFAMPD,Family history of Parkinson's disease,1,rare fall,<Missing>,14,11.0
4,0,582,ANYFAMPD,Family history of Parkinson's disease,1,rare fall,No,66,52.0
4,0,582,ANYFAMPD,Family history of Parkinson's disease,1,rare fall,Yes,47,37.0
4,0,582,ANYFAMPD,Family history of Parkinson's disease,2,recurrent fall,<Missing>,8,14.0
4,0,582,ANYFAMPD,Family history of Parkinson's disease,2,recurrent fall,No,24,42.1
4,0,582,ANYFAMPD,Family history of Parkinson's disease,2,recurrent fall,Yes,25,43.9
4,0,582,DXTREMOR,Resting tremor at diagnosis,0,no fall,No,77,19.3
4,0,582,DXTREMOR,Resting tremor at diagnosis,0,no fall,Unknown,5,1.3
4,0,582,DXTREMOR,Resting tremor at diagnosis,0,no fall,Yes,316,79.4
4,0,582,DXTREMOR,Resting tremor at diagnosis,1,rare fall,No,33,26.0
4,0,582,DXTREMOR,Resting tremor at diagnosis,1,rare fall,Unknown,2,1.6
4,0,582,DXTREMOR,Resting tremor at diagnosis,1,rare fall,Yes,92,72.4
4,0,582,DXTREMOR,Resting tremor at diagnosis,2,recurrent fall,No,16,28.1
4,0,582,DXTREMOR,Resting tremor at diagnosis,2,recurrent fall,Unknown,1,1.8
4,0,582,DXTREMOR,Resting tremor at diagnosis,2,recurrent fall,Yes,40,70.2
4,0,582,DXBRADY,Bradykinesia at diagnosis,0,no fall,No,53,13.3
4,0,582,DXBRADY,Bradykinesia at diagnosis,0,no fall,Unknown,18,4.5
4,0,582,DXBRADY,Bradykinesia at diagnosis,0,no fall,Yes,327,82.2
4,0,582,DXBRADY,Bradykinesia at diagnosis,1,rare fall,No,20,15.7
4,0,582,DXBRADY,Bradykinesia at diagnosis,1,rare fall,Unknown,4,3.1
4,0,582,DXBRADY,Bradykinesia at diagnosis,1,rare fall,Yes,103,81.1
4,0,582,DXBRADY,Bradykinesia at diagnosis,2,recurrent fall,No,11,19.3
4,0,582,DXBRADY,Bradykinesia at diagnosis,2,recurrent fall,Unknown,2,3.5
4,0,582,DXBRADY,Bradykinesia at diagnosis,2,recurrent fall,Yes,44,77.2
4,0,582,DOMSIDE,Predominantly affected side at onset,0,no fall,Left,170,42.7
4,0,582,DOMSIDE,Predominantly affected side at onset,0,no fall,Right,217,54.5
4,0,582,DOMSIDE,Predominantly affected side at onset,0,no fall,Symmetric,8,2.0
4,0,582,DOMSIDE,Predominantly affected side at onset,0,no fall,Unknown,3,0.8
4,0,582,DOMSIDE,Predominantly affected side at onset,1,rare fall,Left,60,47.2
4,0,582,DOMSIDE,Predominantly affected side at onset,1,rare fall,Right,64,50.4
4,0,582,DOMSIDE,Predominantly affected side at onset,1,rare fall,Symmetric,2,1.6
4,0,582,DOMSIDE,Predominantly affected side at onset,1,rare fall,Unknown,1,0.8
4,0,582,DOMSIDE,Predominantly affected side at onset,2,recurrent fall,Left,29,50.9
4,0,582,DOMSIDE,Predominantly affected side at onset,2,recurrent fall,Right,25,43.9
4,0,582,DOMSIDE,Predominantly affected side at onset,2,recurrent fall,Symmetric,3,5.3
4,1,582,DXPOSINS,Postural instability at diagnosis,0,no fall,<Missing>,1,0.3
4,1,582,DXPOSINS,Postural instability at diagnosis,0,no fall,No,337,84.7
4,1,582,DXPOSINS,Postural instability at diagnosis,0,no fall,Unknown,26,6.5
4,1,582,DXPOSINS,Postural instability at diagnosis,0,no fall,Yes,34,8.5
4,1,582,DXPOSINS,Postural instability at diagnosis,1,rare fall,No,109,85.8
4,1,582,DXPOSINS,Postural instability at diagnosis,1,rare fall,Unknown,5,3.9
4,1,582,DXPOSINS,Postural instability at diagnosis,1,rare fall,Yes,13,10.2
4,1,582,DXPOSINS,Postural instability at diagnosis,2,recurrent fall,No,47,82.5
4,1,582,DXPOSINS,Postural instability at diagnosis,2,recurrent fall,Unknown,2,3.5
4,1,582,DXPOSINS,Postural instability at diagnosis,2,recurrent fall,Yes,8,14.0
4,1,582,DXRIGID,Rigidity at diagnosis,0,no fall,No,78,19.6
4,1,582,DXRIGID,Rigidity at diagnosis,0,no fall,Unknown,31,7.8
4,1,582,DXRIGID,Rigidity at diagnosis,0,no fall,Yes,289,72.6
4,1,582,DXRIGID,Rigidity at diagnosis,1,rare fall,No,29,22.8
4,1,582,DXRIGID,Rigidity at diagnosis,1,rare fall,Unknown,5,3.9
4,1,582,DXRIGID,Rigidity at diagnosis,1,rare fall,Yes,93,73.2
4,1,582,DXRIGID,Rigidity at diagnosis,2,recurrent fall,No,9,15.8
4,1,582,DXRIGID,Rigidity at diagnosis,2,recurrent fall,Unknown,2,3.5
4,1,582,DXRIGID,Rigidity at diagnosis,2,recurrent fall,Yes,46,80.7
4,1,582,DOPTHERST,Dopaminergic therapy started,0,no fall,<Missing>,64,16.1
4,1,582,DOPTHERST,Dopaminergic therapy started,0,no fall,No,66,16.6
4,1,582,DOPTHERST,Dopaminergic therapy started,0,no fall,Yes,268,67.3
4,1,582,DOPTHERST,Dopaminergic therapy started,1,rare fall,<Missing>,26,20.5
4,1,582,DOPTHERST,Dopaminergic therapy started,1,rare fall,No,14,11.0
4,1,582,DOPTHERST,Dopaminergic therapy started,1,rare fall,Yes,87,68.5
4,1,582,DOPTHERST,Dopaminergic therapy started,2,recurrent fall,<Missing>,17,29.8
4,1,582,DOPTHERST,Dopaminergic therapy started,2,recurrent fall,No,2,3.5
4,1,582,DOPTHERST,Dopaminergic therapy started,2,recurrent fall,Yes,38,66.7
4,1,582,FEATPOSHYP,Postural hypotension clinical feature,0,no fall,No,259,65.1
4,1,582,FEATPOSHYP,Postural hypotension clinical feature,0,no fall,Uncertain,7,1.8
4,1,582,FEATPOSHYP,Postural hypotension clinical feature,0,no fall,Yes,132,33.2
4,1,582,FEATPOSHYP,Postural hypotension clinical feature,1,rare fall,No,74,58.3
4,1,582,FEATPOSHYP,Postural hypotension clinical feature,1,rare fall,Uncertain,2,1.6
4,1,582,FEATPOSHYP,Postural hypotension clinical feature,1,rare fall,Yes,51,40.2
4,1,582,FEATPOSHYP,Postural hypotension clinical feature,2,recurrent fall,No,26,45.6
4,1,582,FEATPOSHYP,Postural hypotension clinical feature,2,recurrent fall,Uncertain,2,3.5
4,1,582,FEATPOSHYP,Postural hypotension clinical feature,2,recurrent fall,Yes,29,50.9
4,1,582,ANYFAMPD,Family history of Parkinson's disease,0,no fall,<Missing>,15,3.8
4,1,582,ANYFAMPD,Family history of Parkinson's disease,0,no fall,No,247,62.1
4,1,582,ANYFAMPD,Family history of Parkinson's disease,0,no fall,Yes,136,34.2
4,1,582,ANYFAMPD,Family history of Parkinson's disease,1,rare fall,<Missing>,13,10.2
4,1,582,ANYFAMPD,Family history of Parkinson's disease,1,rare fall,No,72,56.7
4,1,582,ANYFAMPD,Family history of Parkinson's disease,1,rare fall,Yes,42,33.1
4,1,582,ANYFAMPD,Family history of Parkinson's disease,2,recurrent fall,<Missing>,6,10.5
4,1,582,ANYFAMPD,Family history of Parkinson's disease,2,recurrent fall,No,25,43.9
4,1,582,ANYFAMPD,Family history of Parkinson's disease,2,recurrent fall,Yes,26,45.6
4,1,582,DXTREMOR,Resting tremor at diagnosis,0,no fall,No,72,18.1
4,1,582,DXTREMOR,Resting tremor at diagnosis,0,no fall,Unknown,8,2.0
4,1,582,DXTREMOR,Resting tremor at diagnosis,0,no fall,Yes,318,79.9
4,1,582,DXTREMOR,Resting tremor at diagnosis,1,rare fall,No,27,21.3
4,1,582,DXTREMOR,Resting tremor at diagnosis,1,rare fall,Unknown,2,1.6
4,1,582,DXTREMOR,Resting tremor at diagnosis,1,rare fall,Yes,98,77.2
4,1,582,DXTREMOR,Resting tremor at diagnosis,2,recurrent fall,No,14,24.6
4,1,582,DXTREMOR,Resting tremor at diagnosis,2,recurrent fall,Unknown,1,1.8
4,1,582,DXTREMOR,Resting tremor at diagnosis,2,recurrent fall,Yes,42,73.7
4,1,582,DXBRADY,Bradykinesia at diagnosis,0,no fall,No,47,11.8
4,1,582,DXBRADY,Bradykinesia at diagnosis,0,no fall,Unknown,18,4.5
4,1,582,DXBRADY,Bradykinesia at diagnosis,0,no fall,Yes,333,83.7
4,1,582,DXBRADY,Bradykinesia at diagnosis,1,rare fall,No,19,15.0
4,1,582,DXBRADY,Bradykinesia at diagnosis,1,rare fall,Unknown,4,3.1
4,1,582,DXBRADY,Bradykinesia at diagnosis,1,rare fall,Yes,104,81.9
4,1,582,DXBRADY,Bradykinesia at diagnosis,2,recurrent fall,No,11,19.3
4,1,582,DXBRADY,Bradykinesia at diagnosis,2,recurrent fall,Unknown,1,1.8
4,1,582,DXBRADY,Bradykinesia at diagnosis,2,recurrent fall,Yes,45,78.9
4,1,582,DOMSIDE,Predominantly affected side at onset,0,no fall,Left,186,46.7
4,1,582,DOMSIDE,Predominantly affected side at onset,0,no fall,Right,205,51.5
4,1,582,DOMSIDE,Predominantly affected side at onset,0,no fall,Symmetric,5,1.3
4,1,582,DOMSIDE,Predominantly affected side at onset,0,no fall,Unknown,2,0.5
4,1,582,DOMSIDE,Predominantly affected side at onset,1,rare fall,Left,60,47.2
4,1,582,DOMSIDE,Predominantly affected side at onset,1,rare fall,Right,64,50.4
4,1,582,DOMSIDE,Predominantly affected side at onset,1,rare fall,Symmetric,2,1.6
4,1,582,DOMSIDE,Predominantly affected side at onset,1,rare fall,Unknown,1,0.8
4,1,582,DOMSIDE,Predominantly affected side at onset,2,recurrent fall,Left,30,52.6
4,1,582,DOMSIDE,Predominantly affected side at onset,2,recurrent fall,Right,24,42.1
4,1,582,DOMSIDE,Predominantly affected side at onset,2,recurrent fall,Symmetric,3,5.3
4,2,582,DXPOSINS,Postural instability at diagnosis,0,no fall,<Missing>,1,0.3
4,2,582,DXPOSINS,Postural instability at diagnosis,0,no fall,No,343,86.2
4,2,582,DXPOSINS,Postural instability at diagnosis,0,no fall,Unknown,25,6.3
4,2,582,DXPOSINS,Postural instability at diagnosis,0,no fall,Yes,29,7.3
4,2,582,DXPOSINS,Postural instability at diagnosis,1,rare fall,No,111,86.7
4,2,582,DXPOSINS,Postural instability at diagnosis,1,rare fall,Unknown,4,3.1
4,2,582,DXPOSINS,Postural instability at diagnosis,1,rare fall,Yes,13,10.2
4,2,582,DXPOSINS,Postural instability at diagnosis,2,recurrent fall,No,46,82.1
4,2,582,DXPOSINS,Postural instability at diagnosis,2,recurrent fall,Unknown,1,1.8
4,2,582,DXPOSINS,Postural instability at diagnosis,2,recurrent fall,Yes,9,16.1
4,2,582,DXRIGID,Rigidity at diagnosis,0,no fall,No,86,21.6
4,2,582,DXRIGID,Rigidity at diagnosis,0,no fall,Unknown,29,7.3
4,2,582,DXRIGID,Rigidity at diagnosis,0,no fall,Yes,283,71.1
4,2,582,DXRIGID,Rigidity at diagnosis,1,rare fall,No,27,21.1
4,2,582,DXRIGID,Rigidity at diagnosis,1,rare fall,Unknown,4,3.1
4,2,582,DXRIGID,Rigidity at diagnosis,1,rare fall,Yes,97,75.8
4,2,582,DXRIGID,Rigidity at diagnosis,2,recurrent fall,No,9,16.1
4,2,582,DXRIGID,Rigidity at diagnosis,2,recurrent fall,Unknown,4,7.1
4,2,582,DXRIGID,Rigidity at diagnosis,2,recurrent fall,Yes,43,76.8
4,2,582,DOPTHERST,Dopaminergic therapy started,0,no fall,<Missing>,68,17.1
4,2,582,DOPTHERST,Dopaminergic therapy started,0,no fall,No,70,17.6
4,2,582,DOPTHERST,Dopaminergic therapy started,0,no fall,Yes,260,65.3
4,2,582,DOPTHERST,Dopaminergic therapy started,1,rare fall,<Missing>,24,18.8
4,2,582,DOPTHERST,Dopaminergic therapy started,1,rare fall,No,10,7.8
4,2,582,DOPTHERST,Dopaminergic therapy started,1,rare fall,Yes,94,73.4
4,2,582,DOPTHERST,Dopaminergic therapy started,2,recurrent fall,<Missing>,14,25.0
4,2,582,DOPTHERST,Dopaminergic therapy started,2,recurrent fall,No,4,7.1
4,2,582,DOPTHERST,Dopaminergic therapy started,2,recurrent fall,Yes,38,67.9
4,2,582,FEATPOSHYP,Postural hypotension clinical feature,0,no fall,No,266,66.8
4,2,582,FEATPOSHYP,Postural hypotension clinical feature,0,no fall,Uncertain,8,2.0
4,2,582,FEATPOSHYP,Postural hypotension clinical feature,0,no fall,Yes,124,31.2
4,2,582,FEATPOSHYP,Postural hypotension clinical feature,1,rare fall,No,74,57.8
4,2,582,FEATPOSHYP,Postural hypotension clinical feature,1,rare fall,Uncertain,2,1.6
4,2,582,FEATPOSHYP,Postural hypotension clinical feature,1,rare fall,Yes,52,40.6
4,2,582,FEATPOSHYP,Postural hypotension clinical feature,2,recurrent fall,No,27,48.2
4,2,582,FEATPOSHYP,Postural hypotension clinical feature,2,recurrent fall,Uncertain,2,3.6
4,2,582,FEATPOSHYP,Postural hypotension clinical feature,2,recurrent fall,Yes,27,48.2
4,2,582,ANYFAMPD,Family history of Parkinson's disease,0,no fall,<Missing>,16,4.0
4,2,582,ANYFAMPD,Family history of Parkinson's disease,0,no fall,No,238,59.8
4,2,582,ANYFAMPD,Family history of Parkinson's disease,0,no fall,Yes,144,36.2
4,2,582,ANYFAMPD,Family history of Parkinson's disease,1,rare fall,<Missing>,11,8.6
4,2,582,ANYFAMPD,Family history of Parkinson's disease,1,rare fall,No,69,53.9
4,2,582,ANYFAMPD,Family history of Parkinson's disease,1,rare fall,Yes,48,37.5
4,2,582,ANYFAMPD,Family history of Parkinson's disease,2,recurrent fall,<Missing>,4,7.1
4,2,582,ANYFAMPD,Family history of Parkinson's disease,2,recurrent fall,No,22,39.3
4,2,582,ANYFAMPD,Family history of Parkinson's disease,2,recurrent fall,Yes,30,53.6
4,2,582,DXTREMOR,Resting tremor at diagnosis,0,no fall,No,73,18.3
4,2,582,DXTREMOR,Resting tremor at diagnosis,0,no fall,Unknown,7,1.8
4,2,582,DXTREMOR,Resting tremor at diagnosis,0,no fall,Yes,318,79.9
4,2,582,DXTREMOR,Resting tremor at diagnosis,1,rare fall,No,34,26.6
4,2,582,DXTREMOR,Resting tremor at diagnosis,1,rare fall,Unknown,2,1.6
4,2,582,DXTREMOR,Resting tremor at diagnosis,1,rare fall,Yes,92,71.9
4,2,582,DXTREMOR,Resting tremor at diagnosis,2,recurrent fall,No,13,23.2
4,2,582,DXTREMOR,Resting tremor at diagnosis,2,recurrent fall,Unknown,1,1.8
4,2,582,DXTREMOR,Resting tremor at diagnosis,2,recurrent fall,Yes,42,75.0
4,2,582,DXBRADY,Bradykinesia at diagnosis,0,no fall,No,51,12.8
4,2,582,DXBRADY,Bradykinesia at diagnosis,0,no fall,Unknown,14,3.5
4,2,582,DXBRADY,Bradykinesia at diagnosis,0,no fall,Yes,333,83.7
4,2,582,DXBRADY,Bradykinesia at diagnosis,1,rare fall,No,18,14.1
4,2,582,DXBRADY,Bradykinesia at diagnosis,1,rare fall,Unknown,2,1.6
4,2,582,DXBRADY,Bradykinesia at diagnosis,1,rare fall,Yes,108,84.4
4,2,582,DXBRADY,Bradykinesia at diagnosis,2,recurrent fall,No,10,17.9
4,2,582,DXBRADY,Bradykinesia at diagnosis,2,recurrent fall,Unknown,2,3.6
4,2,582,DXBRADY,Bradykinesia at diagnosis,2,recurrent fall,Yes,44,78.6
4,2,582,DOMSIDE,Predominantly affected side at onset,0,no fall,Left,187,47.0
4,2,582,DOMSIDE,Predominantly affected side at onset,0,no fall,Right,203,51.0
4,2,582,DOMSIDE,Predominantly affected side at onset,0,no fall,Symmetric,7,1.8
4,2,582,DOMSIDE,Predominantly affected side at onset,0,no fall,Unknown,1,0.3
4,2,582,DOMSIDE,Predominantly affected side at onset,1,rare fall,Left,59,46.1
4,2,582,DOMSIDE,Predominantly affected side at onset,1,rare fall,Right,66,51.6
4,2,582,DOMSIDE,Predominantly affected side at onset,1,rare fall,Symmetric,2,1.6
4,2,582,DOMSIDE,Predominantly affected side at onset,1,rare fall,Unknown,1,0.8
4,2,582,DOMSIDE,Predominantly affected side at onset,2,recurrent fall,Left,30,53.6
4,2,582,DOMSIDE,Predominantly affected side at onset,2,recurrent fall,Right,25,44.6
4,2,582,DOMSIDE,Predominantly affected side at onset,2,recurrent fall,Symmetric,1,1.8
4,3,583,DXPOSINS,Postural instability at diagnosis,0,no fall,<Missing>,1,0.3
4,3,583,DXPOSINS,Postural instability at diagnosis,0,no fall,No,340,85.2
4,3,583,DXPOSINS,Postural instability at diagnosis,0,no fall,Unknown,26,6.5
4,3,583,DXPOSINS,Postural instability at diagnosis,0,no fall,Yes,32,8.0
4,3,583,DXPOSINS,Postural instability at diagnosis,1,rare fall,No,110,86.6
4,3,583,DXPOSINS,Postural instability at diagnosis,1,rare fall,Unknown,5,3.9
4,3,583,DXPOSINS,Postural instability at diagnosis,1,rare fall,Yes,12,9.4
4,3,583,DXPOSINS,Postural instability at diagnosis,2,recurrent fall,No,49,86.0
4,3,583,DXPOSINS,Postural instability at diagnosis,2,recurrent fall,Unknown,1,1.8
4,3,583,DXPOSINS,Postural instability at diagnosis,2,recurrent fall,Yes,7,12.3
4,3,583,DXRIGID,Rigidity at diagnosis,0,no fall,No,78,19.5
4,3,583,DXRIGID,Rigidity at diagnosis,0,no fall,Unknown,29,7.3
4,3,583,DXRIGID,Rigidity at diagnosis,0,no fall,Yes,292,73.2
4,3,583,DXRIGID,Rigidity at diagnosis,1,rare fall,No,31,24.4
4,3,583,DXRIGID,Rigidity at diagnosis,1,rare fall,Unknown,3,2.4
4,3,583,DXRIGID,Rigidity at diagnosis,1,rare fall,Yes,93,73.2
4,3,583,DXRIGID,Rigidity at diagnosis,2,recurrent fall,No,10,17.5
4,3,583,DXRIGID,Rigidity at diagnosis,2,recurrent fall,Unknown,3,5.3
4,3,583,DXRIGID,Rigidity at diagnosis,2,recurrent fall,Yes,44,77.2
4,3,583,DOPTHERST,Dopaminergic therapy started,0,no fall,<Missing>,71,17.8
4,3,583,DOPTHERST,Dopaminergic therapy started,0,no fall,No,72,18.0
4,3,583,DOPTHERST,Dopaminergic therapy started,0,no fall,Yes,256,64.2
4,3,583,DOPTHERST,Dopaminergic therapy started,1,rare fall,<Missing>,24,18.9
4,3,583,DOPTHERST,Dopaminergic therapy started,1,rare fall,No,12,9.4
4,3,583,DOPTHERST,Dopaminergic therapy started,1,rare fall,Yes,91,71.7
4,3,583,DOPTHERST,Dopaminergic therapy started,2,recurrent fall,<Missing>,16,28.1
4,3,583,DOPTHERST,Dopaminergic therapy started,2,recurrent fall,No,3,5.3
4,3,583,DOPTHERST,Dopaminergic therapy started,2,recurrent fall,Yes,38,66.7
4,3,583,FEATPOSHYP,Postural hypotension clinical feature,0,no fall,No,272,68.2
4,3,583,FEATPOSHYP,Postural hypotension clinical feature,0,no fall,Uncertain,8,2.0
4,3,583,FEATPOSHYP,Postural hypotension clinical feature,0,no fall,Yes,119,29.8
4,3,583,FEATPOSHYP,Postural hypotension clinical feature,1,rare fall,No,69,54.3
4,3,583,FEATPOSHYP,Postural hypotension clinical feature,1,rare fall,Uncertain,2,1.6
4,3,583,FEATPOSHYP,Postural hypotension clinical feature,1,rare fall,Yes,56,44.1
4,3,583,FEATPOSHYP,Postural hypotension clinical feature,2,recurrent fall,No,27,47.4
4,3,583,FEATPOSHYP,Postural hypotension clinical feature,2,recurrent fall,Uncertain,1,1.8
4,3,583,FEATPOSHYP,Postural hypotension clinical feature,2,recurrent fall,Yes,29,50.9
4,3,583,ANYFAMPD,Family history of Parkinson's disease,0,no fall,<Missing>,17,4.3
4,3,583,ANYFAMPD,Family history of Parkinson's disease,0,no fall,No,239,59.9
4,3,583,ANYFAMPD,Family history of Parkinson's disease,0,no fall,Yes,143,35.8
4,3,583,ANYFAMPD,Family history of Parkinson's disease,1,rare fall,<Missing>,10,7.9
4,3,583,ANYFAMPD,Family history of Parkinson's disease,1,rare fall,No,71,55.9
4,3,583,ANYFAMPD,Family history of Parkinson's disease,1,rare fall,Yes,46,36.2
4,3,583,ANYFAMPD,Family history of Parkinson's disease,2,recurrent fall,<Missing>,7,12.3
4,3,583,ANYFAMPD,Family history of Parkinson's disease,2,recurrent fall,No,24,42.1
4,3,583,ANYFAMPD,Family history of Parkinson's disease,2,recurrent fall,Yes,26,45.6
4,3,583,DXTREMOR,Resting tremor at diagnosis,0,no fall,No,84,21.1
4,3,583,DXTREMOR,Resting tremor at diagnosis,0,no fall,Unknown,8,2.0
4,3,583,DXTREMOR,Resting tremor at diagnosis,0,no fall,Yes,307,76.9
4,3,583,DXTREMOR,Resting tremor at diagnosis,1,rare fall,No,27,21.3
4,3,583,DXTREMOR,Resting tremor at diagnosis,1,rare fall,Unknown,3,2.4
4,3,583,DXTREMOR,Resting tremor at diagnosis,1,rare fall,Yes,97,76.4
4,3,583,DXTREMOR,Resting tremor at diagnosis,2,recurrent fall,No,12,21.1
4,3,583,DXTREMOR,Resting tremor at diagnosis,2,recurrent fall,Yes,45,78.9
4,3,583,DXBRADY,Bradykinesia at diagnosis,0,no fall,No,47,11.8
4,3,583,DXBRADY,Bradykinesia at diagnosis,0,no fall,Unknown,20,5.0
4,3,583,DXBRADY,Bradykinesia at diagnosis,0,no fall,Yes,332,83.2
4,3,583,DXBRADY,Bradykinesia at diagnosis,1,rare fall,No,19,15.0
4,3,583,DXBRADY,Bradykinesia at diagnosis,1,rare fall,Unknown,3,2.4
4,3,583,DXBRADY,Bradykinesia at diagnosis,1,rare fall,Yes,105,82.7
4,3,583,DXBRADY,Bradykinesia at diagnosis,2,recurrent fall,No,12,21.1
4,3,583,DXBRADY,Bradykinesia at diagnosis,2,recurrent fall,Unknown,1,1.8
4,3,583,DXBRADY,Bradykinesia at diagnosis,2,recurrent fall,Yes,44,77.2
4,3,583,DOMSIDE,Predominantly affected side at onset,0,no fall,Left,175,43.9
4,3,583,DOMSIDE,Predominantly affected side at onset,0,no fall,Right,213,53.4
4,3,583,DOMSIDE,Predominantly affected side at onset,0,no fall,Symmetric,8,2.0
4,3,583,DOMSIDE,Predominantly affected side at onset,0,no fall,Unknown,3,0.8
4,3,583,DOMSIDE,Predominantly affected side at onset,1,rare fall,Left,57,44.9
4,3,583,DOMSIDE,Predominantly affected side at onset,1,rare fall,Right,68,53.5
4,3,583,DOMSIDE,Predominantly affected side at onset,1,rare fall,Symmetric,1,0.8
4,3,583,DOMSIDE,Predominantly affected side at onset,1,rare fall,Unknown,1,0.8
4,3,583,DOMSIDE,Predominantly affected side at onset,2,recurrent fall,Left,25,43.9
4,3,583,DOMSIDE,Predominantly affected side at onset,2,recurrent fall,Right,29,50.9
4,3,583,DOMSIDE,Predominantly affected side at onset,2,recurrent fall,Symmetric,3,5.3
4,4,583,DXPOSINS,Postural instability at diagnosis,0,no fall,<Missing>,1,0.3
4,4,583,DXPOSINS,Postural instability at diagnosis,0,no fall,No,342,85.7
4,4,583,DXPOSINS,Postural instability at diagnosis,0,no fall,Unknown,24,6.0
4,4,583,DXPOSINS,Postural instability at diagnosis,0,no fall,Yes,32,8.0
4,4,583,DXPOSINS,Postural instability at diagnosis,1,rare fall,No,109,85.8
4,4,583,DXPOSINS,Postural instability at diagnosis,1,rare fall,Unknown,6,4.7
4,4,583,DXPOSINS,Postural instability at diagnosis,1,rare fall,Yes,12,9.4
4,4,583,DXPOSINS,Postural instability at diagnosis,2,recurrent fall,No,47,82.5
4,4,583,DXPOSINS,Postural instability at diagnosis,2,recurrent fall,Unknown,2,3.5
4,4,583,DXPOSINS,Postural instability at diagnosis,2,recurrent fall,Yes,8,14.0
4,4,583,DXRIGID,Rigidity at diagnosis,0,no fall,No,88,22.1
4,4,583,DXRIGID,Rigidity at diagnosis,0,no fall,Unknown,27,6.8
4,4,583,DXRIGID,Rigidity at diagnosis,0,no fall,Yes,284,71.2
4,4,583,DXRIGID,Rigidity at diagnosis,1,rare fall,No,26,20.5
4,4,583,DXRIGID,Rigidity at diagnosis,1,rare fall,Unknown,5,3.9
4,4,583,DXRIGID,Rigidity at diagnosis,1,rare fall,Yes,96,75.6
4,4,583,DXRIGID,Rigidity at diagnosis,2,recurrent fall,No,9,15.8
4,4,583,DXRIGID,Rigidity at diagnosis,2,recurrent fall,Unknown,4,7.0
4,4,583,DXRIGID,Rigidity at diagnosis,2,recurrent fall,Yes,44,77.2
4,4,583,DOPTHERST,Dopaminergic therapy started,0,no fall,<Missing>,69,17.3
4,4,583,DOPTHERST,Dopaminergic therapy started,0,no fall,No,63,15.8
4,4,583,DOPTHERST,Dopaminergic therapy started,0,no fall,Yes,267,66.9
4,4,583,DOPTHERST,Dopaminergic therapy started,1,rare fall,<Missing>,28,22.0
4,4,583,DOPTHERST,Dopaminergic therapy started,1,rare fall,No,13,10.2
4,4,583,DOPTHERST,Dopaminergic therapy started,1,rare fall,Yes,86,67.7
4,4,583,DOPTHERST,Dopaminergic therapy started,2,recurrent fall,<Missing>,16,28.1
4,4,583,DOPTHERST,Dopaminergic therapy started,2,recurrent fall,No,4,7.0
4,4,583,DOPTHERST,Dopaminergic therapy started,2,recurrent fall,Yes,37,64.9
4,4,583,FEATPOSHYP,Postural hypotension clinical feature,0,no fall,No,261,65.4
4,4,583,FEATPOSHYP,Postural hypotension clinical feature,0,no fall,Uncertain,9,2.3
4,4,583,FEATPOSHYP,Postural hypotension clinical feature,0,no fall,Yes,129,32.3
4,4,583,FEATPOSHYP,Postural hypotension clinical feature,1,rare fall,No,72,56.7
4,4,583,FEATPOSHYP,Postural hypotension clinical feature,1,rare fall,Yes,55,43.3
4,4,583,FEATPOSHYP,Postural hypotension clinical feature,2,recurrent fall,No,27,47.4
4,4,583,FEATPOSHYP,Postural hypotension clinical feature,2,recurrent fall,Uncertain,2,3.5
4,4,583,FEATPOSHYP,Postural hypotension clinical feature,2,recurrent fall,Yes,28,49.1
4,4,583,ANYFAMPD,Family history of Parkinson's disease,0,no fall,<Missing>,18,4.5
4,4,583,ANYFAMPD,Family history of Parkinson's disease,0,no fall,No,240,60.2
4,4,583,ANYFAMPD,Family history of Parkinson's disease,0,no fall,Yes,141,35.3
4,4,583,ANYFAMPD,Family history of Parkinson's disease,1,rare fall,<Missing>,12,9.4
4,4,583,ANYFAMPD,Family history of Parkinson's disease,1,rare fall,No,66,52.0
4,4,583,ANYFAMPD,Family history of Parkinson's disease,1,rare fall,Yes,49,38.6
4,4,583,ANYFAMPD,Family history of Parkinson's disease,2,recurrent fall,<Missing>,7,12.3
4,4,583,ANYFAMPD,Family history of Parkinson's disease,2,recurrent fall,No,25,43.9
4,4,583,ANYFAMPD,Family history of Parkinson's disease,2,recurrent fall,Yes,25,43.9
4,4,583,DXTREMOR,Resting tremor at diagnosis,0,no fall,No,82,20.6
4,4,583,DXTREMOR,Resting tremor at diagnosis,0,no fall,Unknown,8,2.0
4,4,583,DXTREMOR,Resting tremor at diagnosis,0,no fall,Yes,309,77.4
4,4,583,DXTREMOR,Resting tremor at diagnosis,1,rare fall,No,31,24.4
4,4,583,DXTREMOR,Resting tremor at diagnosis,1,rare fall,Unknown,3,2.4
4,4,583,DXTREMOR,Resting tremor at diagnosis,1,rare fall,Yes,93,73.2
4,4,583,DXTREMOR,Resting tremor at diagnosis,2,recurrent fall,No,13,22.8
4,4,583,DXTREMOR,Resting tremor at diagnosis,2,recurrent fall,Unknown,1,1.8
4,4,583,DXTREMOR,Resting tremor at diagnosis,2,recurrent fall,Yes,43,75.4
4,4,583,DXBRADY,Bradykinesia at diagnosis,0,no fall,No,54,13.5
4,4,583,DXBRADY,Bradykinesia at diagnosis,0,no fall,Unknown,18,4.5
4,4,583,DXBRADY,Bradykinesia at diagnosis,0,no fall,Yes,327,82.0
4,4,583,DXBRADY,Bradykinesia at diagnosis,1,rare fall,No,16,12.6
4,4,583,DXBRADY,Bradykinesia at diagnosis,1,rare fall,Unknown,3,2.4
4,4,583,DXBRADY,Bradykinesia at diagnosis,1,rare fall,Yes,108,85.0
4,4,583,DXBRADY,Bradykinesia at diagnosis,2,recurrent fall,No,8,14.0
4,4,583,DXBRADY,Bradykinesia at diagnosis,2,recurrent fall,Unknown,2,3.5
4,4,583,DXBRADY,Bradykinesia at diagnosis,2,recurrent fall,Yes,47,82.5
4,4,583,DOMSIDE,Predominantly affected side at onset,0,no fall,Left,178,44.6
4,4,583,DOMSIDE,Predominantly affected side at onset,0,no fall,Right,210,52.6
4,4,583,DOMSIDE,Predominantly affected side at onset,0,no fall,Symmetric,8,2.0
4,4,583,DOMSIDE,Predominantly affected side at onset,0,no fall,Unknown,3,0.8
4,4,583,DOMSIDE,Predominantly affected side at onset,1,rare fall,Left,52,40.9
4,4,583,DOMSIDE,Predominantly affected side at onset,1,rare fall,Right,74,58.3
4,4,583,DOMSIDE,Predominantly affected side at onset,1,rare fall,Symmetric,1,0.8
4,4,583,DOMSIDE,Predominantly affected side at onset,2,recurrent fall,Left,26,45.6
4,4,583,DOMSIDE,Predominantly affected side at onset,2,recurrent fall,Right,29,50.9
4,4,583,DOMSIDE,Predominantly affected side at onset,2,recurrent fall,Symmetric,2,3.5
5,0,582,DXPOSINS,Postural instability at diagnosis,0,no fall,<Missing>,1,0.3
5,0,582,DXPOSINS,Postural instability at diagnosis,0,no fall,No,343,86.2
5,0,582,DXPOSINS,Postural instability at diagnosis,0,no fall,Unknown,26,6.5
5,0,582,DXPOSINS,Postural instability at diagnosis,0,no fall,Yes,28,7.0
5,0,582,DXPOSINS,Postural instability at diagnosis,1,rare fall,No,110,86.6
5,0,582,DXPOSINS,Postural instability at diagnosis,1,rare fall,Unknown,6,4.7
5,0,582,DXPOSINS,Postural instability at diagnosis,1,rare fall,Yes,11,8.7
5,0,582,DXPOSINS,Postural instability at diagnosis,2,recurrent fall,No,47,82.5
5,0,582,DXPOSINS,Postural instability at diagnosis,2,recurrent fall,Unknown,2,3.5
5,0,582,DXPOSINS,Postural instability at diagnosis,2,recurrent fall,Yes,8,14.0
5,0,582,DXRIGID,Rigidity at diagnosis,0,no fall,No,89,22.4
5,0,582,DXRIGID,Rigidity at diagnosis,0,no fall,Unknown,30,7.5
5,0,582,DXRIGID,Rigidity at diagnosis,0,no fall,Yes,279,70.1
5,0,582,DXRIGID,Rigidity at diagnosis,1,rare fall,No,26,20.5
5,0,582,DXRIGID,Rigidity at diagnosis,1,rare fall,Unknown,6,4.7
5,0,582,DXRIGID,Rigidity at diagnosis,1,rare fall,Yes,95,74.8
5,0,582,DXRIGID,Rigidity at diagnosis,2,recurrent fall,No,13,22.8
5,0,582,DXRIGID,Rigidity at diagnosis,2,recurrent fall,Unknown,4,7.0
5,0,582,DXRIGID,Rigidity at diagnosis,2,recurrent fall,Yes,40,70.2
5,0,582,DOPTHERST,Dopaminergic therapy started,0,no fall,<Missing>,69,17.3
5,0,582,DOPTHERST,Dopaminergic therapy started,0,no fall,No,63,15.8
5,0,582,DOPTHERST,Dopaminergic therapy started,0,no fall,Yes,266,66.8
5,0,582,DOPTHERST,Dopaminergic therapy started,1,rare fall,<Missing>,31,24.4
5,0,582,DOPTHERST,Dopaminergic therapy started,1,rare fall,No,15,11.8
5,0,582,DOPTHERST,Dopaminergic therapy started,1,rare fall,Yes,81,63.8
5,0,582,DOPTHERST,Dopaminergic therapy started,2,recurrent fall,<Missing>,14,24.6
5,0,582,DOPTHERST,Dopaminergic therapy started,2,recurrent fall,No,5,8.8
5,0,582,DOPTHERST,Dopaminergic therapy started,2,recurrent fall,Yes,38,66.7
5,0,582,FEATPOSHYP,Postural hypotension clinical feature,0,no fall,No,253,63.6
5,0,582,FEATPOSHYP,Postural hypotension clinical feature,0,no fall,Uncertain,8,2.0
5,0,582,FEATPOSHYP,Postural hypotension clinical feature,0,no fall,Yes,137,34.4
5,0,582,FEATPOSHYP,Postural hypotension clinical feature,1,rare fall,No,78,61.4
5,0,582,FEATPOSHYP,Postural hypotension clinical feature,1,rare fall,Uncertain,2,1.6
5,0,582,FEATPOSHYP,Postural hypotension clinical feature,1,rare fall,Yes,47,37.0
5,0,582,FEATPOSHYP,Postural hypotension clinical feature,2,recurrent fall,No,26,45.6
5,0,582,FEATPOSHYP,Postural hypotension clinical feature,2,recurrent fall,Uncertain,1,1.8
5,0,582,FEATPOSHYP,Postural hypotension clinical feature,2,recurrent fall,Yes,30,52.6
5,0,582,ANYFAMPD,Family history of Parkinson's disease,0,no fall,<Missing>,18,4.5
5,0,582,ANYFAMPD,Family history of Parkinson's disease,0,no fall,No,236,59.3
5,0,582,ANYFAMPD,Family history of Parkinson's disease,0,no fall,Yes,144,36.2
5,0,582,ANYFAMPD,Family history of Parkinson's disease,1,rare fall,<Missing>,15,11.8
5,0,582,ANYFAMPD,Family history of Parkinson's disease,1,rare fall,No,64,50.4
5,0,582,ANYFAMPD,Family history of Parkinson's disease,1,rare fall,Yes,48,37.8
5,0,582,ANYFAMPD,Family history of Parkinson's disease,2,recurrent fall,<Missing>,5,8.8
5,0,582,ANYFAMPD,Family history of Parkinson's disease,2,recurrent fall,No,25,43.9
5,0,582,ANYFAMPD,Family history of Parkinson's disease,2,recurrent fall,Yes,27,47.4
5,0,582,DXTREMOR,Resting tremor at diagnosis,0,no fall,No,69,17.3
5,0,582,DXTREMOR,Resting tremor at diagnosis,0,no fall,Unknown,11,2.8
5,0,582,DXTREMOR,Resting tremor at diagnosis,0,no fall,Yes,318,79.9
5,0,582,DXTREMOR,Resting tremor at diagnosis,1,rare fall,No,30,23.6
5,0,582,DXTREMOR,Resting tremor at diagnosis,1,rare fall,Unknown,2,1.6
5,0,582,DXTREMOR,Resting tremor at diagnosis,1,rare fall,Yes,95,74.8
5,0,582,DXTREMOR,Resting tremor at diagnosis,2,recurrent fall,No,15,26.3
5,0,582,DXTREMOR,Resting tremor at diagnosis,2,recurrent fall,Unknown,1,1.8
5,0,582,DXTREMOR,Resting tremor at diagnosis,2,recurrent fall,Yes,41,71.9
5,0,582,DXBRADY,Bradykinesia at diagnosis,0,no fall,No,51,12.8
5,0,582,DXBRADY,Bradykinesia at diagnosis,0,no fall,Unknown,22,5.5
5,0,582,DXBRADY,Bradykinesia at diagnosis,0,no fall,Yes,325,81.7
5,0,582,DXBRADY,Bradykinesia at diagnosis,1,rare fall,No,19,15.0
5,0,582,DXBRADY,Bradykinesia at diagnosis,1,rare fall,Unknown,5,3.9
5,0,582,DXBRADY,Bradykinesia at diagnosis,1,rare fall,Yes,103,81.1
5,0,582,DXBRADY,Bradykinesia at diagnosis,2,recurrent fall,No,9,15.8
5,0,582,DXBRADY,Bradykinesia at diagnosis,2,recurrent fall,Unknown,2,3.5
5,0,582,DXBRADY,Bradykinesia at diagnosis,2,recurrent fall,Yes,46,80.7
5,0,582,DOMSIDE,Predominantly affected side at onset,0,no fall,Left,174,43.7
5,0,582,DOMSIDE,Predominantly affected side at onset,0,no fall,Right,212,53.3
5,0,582,DOMSIDE,Predominantly affected side at onset,0,no fall,Symmetric,9,2.3
5,0,582,DOMSIDE,Predominantly affected side at onset,0,no fall,Unknown,3,0.8
5,0,582,DOMSIDE,Predominantly affected side at onset,1,rare fall,Left,49,38.6
5,0,582,DOMSIDE,Predominantly affected side at onset,1,rare fall,Right,77,60.6
5,0,582,DOMSIDE,Predominantly affected side at onset,1,rare fall,Symmetric,1,0.8
5,0,582,DOMSIDE,Predominantly affected side at onset,2,recurrent fall,Left,28,49.1
5,0,582,DOMSIDE,Predominantly affected side at onset,2,recurrent fall,Right,27,47.4
5,0,582,DOMSIDE,Predominantly affected side at onset,2,recurrent fall,Symmetric,1,1.8
5,0,582,DOMSIDE,Predominantly affected side at onset,2,recurrent fall,Unknown,1,1.8
5,1,582,DXPOSINS,Postural instability at diagnosis,0,no fall,<Missing>,1,0.3
5,1,582,DXPOSINS,Postural instability at diagnosis,0,no fall,No,343,86.2
5,1,582,DXPOSINS,Postural instability at diagnosis,0,no fall,Unknown,26,6.5
5,1,582,DXPOSINS,Postural instability at diagnosis,0,no fall,Yes,28,7.0
5,1,582,DXPOSINS,Postural instability at diagnosis,1,rare fall,No,108,85.0
5,1,582,DXPOSINS,Postural instability at diagnosis,1,rare fall,Unknown,8,6.3
5,1,582,DXPOSINS,Postural instability at diagnosis,1,rare fall,Yes,11,8.7
5,1,582,DXPOSINS,Postural instability at diagnosis,2,recurrent fall,No,48,84.2
5,1,582,DXPOSINS,Postural instability at diagnosis,2,recurrent fall,Unknown,1,1.8
5,1,582,DXPOSINS,Postural instability at diagnosis,2,recurrent fall,Yes,8,14.0
5,1,582,DXRIGID,Rigidity at diagnosis,0,no fall,No,84,21.1
5,1,582,DXRIGID,Rigidity at diagnosis,0,no fall,Unknown,32,8.0
5,1,582,DXRIGID,Rigidity at diagnosis,0,no fall,Yes,282,70.9
5,1,582,DXRIGID,Rigidity at diagnosis,1,rare fall,No,29,22.8
5,1,582,DXRIGID,Rigidity at diagnosis,1,rare fall,Unknown,6,4.7
5,1,582,DXRIGID,Rigidity at diagnosis,1,rare fall,Yes,92,72.4
5,1,582,DXRIGID,Rigidity at diagnosis,2,recurrent fall,No,11,19.3
5,1,582,DXRIGID,Rigidity at diagnosis,2,recurrent fall,Unknown,4,7.0
5,1,582,DXRIGID,Rigidity at diagnosis,2,recurrent fall,Yes,42,73.7
5,1,582,DOPTHERST,Dopaminergic therapy started,0,no fall,<Missing>,64,16.1
5,1,582,DOPTHERST,Dopaminergic therapy started,0,no fall,No,80,20.1
5,1,582,DOPTHERST,Dopaminergic therapy started,0,no fall,Yes,254,63.8
5,1,582,DOPTHERST,Dopaminergic therapy started,1,rare fall,<Missing>,31,24.4
5,1,582,DOPTHERST,Dopaminergic therapy started,1,rare fall,No,14,11.0
5,1,582,DOPTHERST,Dopaminergic therapy started,1,rare fall,Yes,82,64.6
5,1,582,DOPTHERST,Dopaminergic therapy started,2,recurrent fall,<Missing>,15,26.3
5,1,582,DOPTHERST,Dopaminergic therapy started,2,recurrent fall,No,4,7.0
5,1,582,DOPTHERST,Dopaminergic therapy started,2,recurrent fall,Yes,38,66.7
5,1,582,FEATPOSHYP,Postural hypotension clinical feature,0,no fall,No,262,65.8
5,1,582,FEATPOSHYP,Postural hypotension clinical feature,0,no fall,Uncertain,7,1.8
5,1,582,FEATPOSHYP,Postural hypotension clinical feature,0,no fall,Yes,129,32.4
5,1,582,FEATPOSHYP,Postural hypotension clinical feature,1,rare fall,No,78,61.4
5,1,582,FEATPOSHYP,Postural hypotension clinical feature,1,rare fall,Uncertain,1,0.8
5,1,582,FEATPOSHYP,Postural hypotension clinical feature,1,rare fall,Yes,48,37.8
5,1,582,FEATPOSHYP,Postural hypotension clinical feature,2,recurrent fall,No,26,45.6
5,1,582,FEATPOSHYP,Postural hypotension clinical feature,2,recurrent fall,Uncertain,1,1.8
5,1,582,FEATPOSHYP,Postural hypotension clinical feature,2,recurrent fall,Yes,30,52.6
5,1,582,ANYFAMPD,Family history of Parkinson's disease,0,no fall,<Missing>,17,4.3
5,1,582,ANYFAMPD,Family history of Parkinson's disease,0,no fall,No,235,59.0
5,1,582,ANYFAMPD,Family history of Parkinson's disease,0,no fall,Yes,146,36.7
5,1,582,ANYFAMPD,Family history of Parkinson's disease,1,rare fall,<Missing>,12,9.4
5,1,582,ANYFAMPD,Family history of Parkinson's disease,1,rare fall,No,67,52.8
5,1,582,ANYFAMPD,Family history of Parkinson's disease,1,rare fall,Yes,48,37.8
5,1,582,ANYFAMPD,Family history of Parkinson's disease,2,recurrent fall,<Missing>,6,10.5
5,1,582,ANYFAMPD,Family history of Parkinson's disease,2,recurrent fall,No,22,38.6
5,1,582,ANYFAMPD,Family history of Parkinson's disease,2,recurrent fall,Yes,29,50.9
5,1,582,DXTREMOR,Resting tremor at diagnosis,0,no fall,No,72,18.1
5,1,582,DXTREMOR,Resting tremor at diagnosis,0,no fall,Unknown,9,2.3
5,1,582,DXTREMOR,Resting tremor at diagnosis,0,no fall,Yes,317,79.6
5,1,582,DXTREMOR,Resting tremor at diagnosis,1,rare fall,No,28,22.0
5,1,582,DXTREMOR,Resting tremor at diagnosis,1,rare fall,Unknown,2,1.6
5,1,582,DXTREMOR,Resting tremor at diagnosis,1,rare fall,Yes,97,76.4
5,1,582,DXTREMOR,Resting tremor at diagnosis,2,recurrent fall,No,14,24.6
5,1,582,DXTREMOR,Resting tremor at diagnosis,2,recurrent fall,Unknown,1,1.8
5,1,582,DXTREMOR,Resting tremor at diagnosis,2,recurrent fall,Yes,42,73.7
5,1,582,DXBRADY,Bradykinesia at diagnosis,0,no fall,No,53,13.3
5,1,582,DXBRADY,Bradykinesia at diagnosis,0,no fall,Unknown,24,6.0
5,1,582,DXBRADY,Bradykinesia at diagnosis,0,no fall,Yes,321,80.7
5,1,582,DXBRADY,Bradykinesia at diagnosis,1,rare fall,No,23,18.1
5,1,582,DXBRADY,Bradykinesia at diagnosis,1,rare fall,Unknown,5,3.9
5,1,582,DXBRADY,Bradykinesia at diagnosis,1,rare fall,Yes,99,78.0
5,1,582,DXBRADY,Bradykinesia at diagnosis,2,recurrent fall,No,9,15.8
5,1,582,DXBRADY,Bradykinesia at diagnosis,2,recurrent fall,Unknown,3,5.3
5,1,582,DXBRADY,Bradykinesia at diagnosis,2,recurrent fall,Yes,45,78.9
5,1,582,DOMSIDE,Predominantly affected side at onset,0,no fall,Left,174,43.7
5,1,582,DOMSIDE,Predominantly affected side at onset,0,no fall,Right,212,53.3
5,1,582,DOMSIDE,Predominantly affected side at onset,0,no fall,Symmetric,6,1.5
5,1,582,DOMSIDE,Predominantly affected side at onset,0,no fall,Unknown,6,1.5
5,1,582,DOMSIDE,Predominantly affected side at onset,1,rare fall,Left,48,37.8
5,1,582,DOMSIDE,Predominantly affected side at onset,1,rare fall,Right,76,59.8
5,1,582,DOMSIDE,Predominantly affected side at onset,1,rare fall,Symmetric,2,1.6
5,1,582,DOMSIDE,Predominantly affected side at onset,1,rare fall,Unknown,1,0.8
5,1,582,DOMSIDE,Predominantly affected side at onset,2,recurrent fall,Left,27,47.4
5,1,582,DOMSIDE,Predominantly affected side at onset,2,recurrent fall,Right,29,50.9
5,1,582,DOMSIDE,Predominantly affected side at onset,2,recurrent fall,Symmetric,1,1.8
5,2,582,DXPOSINS,Postural instability at diagnosis,0,no fall,<Missing>,1,0.3
5,2,582,DXPOSINS,Postural instability at diagnosis,0,no fall,No,345,86.7
5,2,582,DXPOSINS,Postural instability at diagnosis,0,no fall,Unknown,23,5.8
5,2,582,DXPOSINS,Postural instability at diagnosis,0,no fall,Yes,29,7.3
5,2,582,DXPOSINS,Postural instability at diagnosis,1,rare fall,No,110,85.9
5,2,582,DXPOSINS,Postural instability at diagnosis,1,rare fall,Unknown,9,7.0
5,2,582,DXPOSINS,Postural instability at diagnosis,1,rare fall,Yes,9,7.0
5,2,582,DXPOSINS,Postural instability at diagnosis,2,recurrent fall,No,45,80.4
5,2,582,DXPOSINS,Postural instability at diagnosis,2,recurrent fall,Unknown,2,3.6
5,2,582,DXPOSINS,Postural instability at diagnosis,2,recurrent fall,Yes,9,16.1
5,2,582,DXRIGID,Rigidity at diagnosis,0,no fall,No,87,21.9
5,2,582,DXRIGID,Rigidity at diagnosis,0,no fall,Unknown,31,7.8
5,2,582,DXRIGID,Rigidity at diagnosis,0,no fall,Yes,280,70.4
5,2,582,DXRIGID,Rigidity at diagnosis,1,rare fall,No,27,21.1
5,2,582,DXRIGID,Rigidity at diagnosis,1,rare fall,Unknown,8,6.2
5,2,582,DXRIGID,Rigidity at diagnosis,1,rare fall,Yes,93,72.7
5,2,582,DXRIGID,Rigidity at diagnosis,2,recurrent fall,No,13,23.2
5,2,582,DXRIGID,Rigidity at diagnosis,2,recurrent fall,Unknown,3,5.4
5,2,582,DXRIGID,Rigidity at diagnosis,2,recurrent fall,Yes,40,71.4
5,2,582,DOPTHERST,Dopaminergic therapy started,0,no fall,<Missing>,68,17.1
5,2,582,DOPTHERST,Dopaminergic therapy started,0,no fall,No,74,18.6
5,2,582,DOPTHERST,Dopaminergic therapy started,0,no fall,Yes,256,64.3
5,2,582,DOPTHERST,Dopaminergic therapy started,1,rare fall,<Missing>,34,26.6
5,2,582,DOPTHERST,Dopaminergic therapy started,1,rare fall,No,17,13.3
5,2,582,DOPTHERST,Dopaminergic therapy started,1,rare fall,Yes,77,60.2
5,2,582,DOPTHERST,Dopaminergic therapy started,2,recurrent fall,<Missing>,15,26.8
5,2,582,DOPTHERST,Dopaminergic therapy started,2,recurrent fall,No,4,7.1
5,2,582,DOPTHERST,Dopaminergic therapy started,2,recurrent fall,Yes,37,66.1
5,2,582,FEATPOSHYP,Postural hypotension clinical feature,0,no fall,No,265,66.6
5,2,582,FEATPOSHYP,Postural hypotension clinical feature,0,no fall,Uncertain,7,1.8
5,2,582,FEATPOSHYP,Postural hypotension clinical feature,0,no fall,Yes,126,31.7
5,2,582,FEATPOSHYP,Postural hypotension clinical feature,1,rare fall,No,82,64.1
5,2,582,FEATPOSHYP,Postural hypotension clinical feature,1,rare fall,Uncertain,1,0.8
5,2,582,FEATPOSHYP,Postural hypotension clinical feature,1,rare fall,Yes,45,35.2
5,2,582,FEATPOSHYP,Postural hypotension clinical feature,2,recurrent fall,No,31,55.4
5,2,582,FEATPOSHYP,Postural hypotension clinical feature,2,recurrent fall,Yes,25,44.6
5,2,582,ANYFAMPD,Family history of Parkinson's disease,0,no fall,<Missing>,19,4.8
5,2,582,ANYFAMPD,Family history of Parkinson's disease,0,no fall,No,232,58.3
5,2,582,ANYFAMPD,Family history of Parkinson's disease,0,no fall,Yes,147,36.9
5,2,582,ANYFAMPD,Family history of Parkinson's disease,1,rare fall,<Missing>,16,12.5
5,2,582,ANYFAMPD,Family history of Parkinson's disease,1,rare fall,No,67,52.3
5,2,582,ANYFAMPD,Family history of Parkinson's disease,1,rare fall,Yes,45,35.2
5,2,582,ANYFAMPD,Family history of Parkinson's disease,2,recurrent fall,<Missing>,6,10.7
5,2,582,ANYFAMPD,Family history of Parkinson's disease,2,recurrent fall,No,20,35.7
5,2,582,ANYFAMPD,Family history of Parkinson's disease,2,recurrent fall,Yes,30,53.6
5,2,582,DXTREMOR,Resting tremor at diagnosis,0,no fall,No,78,19.6
5,2,582,DXTREMOR,Resting tremor at diagnosis,0,no fall,Unknown,9,2.3
5,2,582,DXTREMOR,Resting tremor at diagnosis,0,no fall,Yes,311,78.1
5,2,582,DXTREMOR,Resting tremor at diagnosis,1,rare fall,No,31,24.2
5,2,582,DXTREMOR,Resting tremor at diagnosis,1,rare fall,Unknown,2,1.6
5,2,582,DXTREMOR,Resting tremor at diagnosis,1,rare fall,Yes,95,74.2
5,2,582,DXTREMOR,Resting tremor at diagnosis,2,recurrent fall,No,13,23.2
5,2,582,DXTREMOR,Resting tremor at diagnosis,2,recurrent fall,Unknown,1,1.8
5,2,582,DXTREMOR,Resting tremor at diagnosis,2,recurrent fall,Yes,42,75.0
5,2,582,DXBRADY,Bradykinesia at diagnosis,0,no fall,No,49,12.3
5,2,582,DXBRADY,Bradykinesia at diagnosis,0,no fall,Unknown,17,4.3
5,2,582,DXBRADY,Bradykinesia at diagnosis,0,no fall,Yes,332,83.4
5,2,582,DXBRADY,Bradykinesia at diagnosis,1,rare fall,No,22,17.2
5,2,582,DXBRADY,Bradykinesia at diagnosis,1,rare fall,Unknown,4,3.1
5,2,582,DXBRADY,Bradykinesia at diagnosis,1,rare fall,Yes,102,79.7
5,2,582,DXBRADY,Bradykinesia at diagnosis,2,recurrent fall,No,10,17.9
5,2,582,DXBRADY,Bradykinesia at diagnosis,2,recurrent fall,Unknown,2,3.6
5,2,582,DXBRADY,Bradykinesia at diagnosis,2,recurrent fall,Yes,44,78.6
5,2,582,DOMSIDE,Predominantly affected side at onset,0,no fall,Left,170,42.7
5,2,582,DOMSIDE,Predominantly affected side at onset,0,no fall,Right,214,53.8
5,2,582,DOMSIDE,Predominantly affected side at onset,0,no fall,Symmetric,8,2.0
5,2,582,DOMSIDE,Predominantly affected side at onset,0,no fall,Unknown,6,1.5
5,2,582,DOMSIDE,Predominantly affected side at onset,1,rare fall,Left,54,42.2
5,2,582,DOMSIDE,Predominantly affected side at onset,1,rare fall,Right,72,56.2
5,2,582,DOMSIDE,Predominantly affected side at onset,1,rare fall,Symmetric,1,0.8
5,2,582,DOMSIDE,Predominantly affected side at onset,1,rare fall,Unknown,1,0.8
5,2,582,DOMSIDE,Predominantly affected side at onset,2,recurrent fall,Left,23,41.1
5,2,582,DOMSIDE,Predominantly affected side at onset,2,recurrent fall,Right,31,55.4
5,2,582,DOMSIDE,Predominantly affected side at onset,2,recurrent fall,Symmetric,1,1.8
5,2,582,DOMSIDE,Predominantly affected side at onset,2,recurrent fall,Unknown,1,1.8
5,3,583,DXPOSINS,Postural instability at diagnosis,0,no fall,<Missing>,1,0.3
5,3,583,DXPOSINS,Postural instability at diagnosis,0,no fall,No,342,85.7
5,3,583,DXPOSINS,Postural instability at diagnosis,0,no fall,Unknown,26,6.5
5,3,583,DXPOSINS,Postural instability at diagnosis,0,no fall,Yes,30,7.5
5,3,583,DXPOSINS,Postural instability at diagnosis,1,rare fall,No,110,86.6
5,3,583,DXPOSINS,Postural instability at diagnosis,1,rare fall,Unknown,9,7.1
5,3,583,DXPOSINS,Postural instability at diagnosis,1,rare fall,Yes,8,6.3
5,3,583,DXPOSINS,Postural instability at diagnosis,2,recurrent fall,No,47,82.5
5,3,583,DXPOSINS,Postural instability at diagnosis,2,recurrent fall,Unknown,1,1.8
5,3,583,DXPOSINS,Postural instability at diagnosis,2,recurrent fall,Yes,9,15.8
5,3,583,DXRIGID,Rigidity at diagnosis,0,no fall,No,88,22.1
5,3,583,DXRIGID,Rigidity at diagnosis,0,no fall,Unknown,36,9.0
5,3,583,DXRIGID,Rigidity at diagnosis,0,no fall,Yes,275,68.9
5,3,583,DXRIGID,Rigidity at diagnosis,1,rare fall,No,28,22.0
5,3,583,DXRIGID,Rigidity at diagnosis,1,rare fall,Unknown,7,5.5
5,3,583,DXRIGID,Rigidity at diagnosis,1,rare fall,Yes,92,72.4
5,3,583,DXRIGID,Rigidity at diagnosis,2,recurrent fall,No,14,24.6
5,3,583,DXRIGID,Rigidity at diagnosis,2,recurrent fall,Unknown,2,3.5
5,3,583,DXRIGID,Rigidity at diagnosis,2,recurrent fall,Yes,41,71.9
5,3,583,DOPTHERST,Dopaminergic therapy started,0,no fall,<Missing>,67,16.8
5,3,583,DOPTHERST,Dopaminergic therapy started,0,no fall,No,76,19.0
5,3,583,DOPTHERST,Dopaminergic therapy started,0,no fall,Yes,256,64.2
5,3,583,DOPTHERST,Dopaminergic therapy started,1,rare fall,<Missing>,30,23.6
5,3,583,DOPTHERST,Dopaminergic therapy started,1,rare fall,No,15,11.8
5,3,583,DOPTHERST,Dopaminergic therapy started,1,rare fall,Yes,82,64.6
5,3,583,DOPTHERST,Dopaminergic therapy started,2,recurrent fall,<Missing>,12,21.1
5,3,583,DOPTHERST,Dopaminergic therapy started,2,recurrent fall,No,4,7.0
5,3,583,DOPTHERST,Dopaminergic therapy started,2,recurrent fall,Yes,41,71.9
5,3,583,FEATPOSHYP,Postural hypotension clinical feature,0,no fall,No,257,64.4
5,3,583,FEATPOSHYP,Postural hypotension clinical feature,0,no fall,Uncertain,9,2.3
5,3,583,FEATPOSHYP,Postural hypotension clinical feature,0,no fall,Yes,133,33.3
5,3,583,FEATPOSHYP,Postural hypotension clinical feature,1,rare fall,No,77,60.6
5,3,583,FEATPOSHYP,Postural hypotension clinical feature,1,rare fall,Uncertain,2,1.6
5,3,583,FEATPOSHYP,Postural hypotension clinical feature,1,rare fall,Yes,48,37.8
5,3,583,FEATPOSHYP,Postural hypotension clinical feature,2,recurrent fall,No,23,40.4
5,3,583,FEATPOSHYP,Postural hypotension clinical feature,2,recurrent fall,Uncertain,1,1.8
5,3,583,FEATPOSHYP,Postural hypotension clinical feature,2,recurrent fall,Yes,33,57.9
5,3,583,ANYFAMPD,Family history of Parkinson's disease,0,no fall,<Missing>,19,4.8
5,3,583,ANYFAMPD,Family history of Parkinson's disease,0,no fall,No,234,58.6
5,3,583,ANYFAMPD,Family history of Parkinson's disease,0,no fall,Yes,146,36.6
5,3,583,ANYFAMPD,Family history of Parkinson's disease,1,rare fall,<Missing>,12,9.4
5,3,583,ANYFAMPD,Family history of Parkinson's disease,1,rare fall,No,67,52.8
5,3,583,ANYFAMPD,Family history of Parkinson's disease,1,rare fall,Yes,48,37.8
5,3,583,ANYFAMPD,Family history of Parkinson's disease,2,recurrent fall,<Missing>,6,10.5
5,3,583,ANYFAMPD,Family history of Parkinson's disease,2,recurrent fall,No,20,35.1
5,3,583,ANYFAMPD,Family history of Parkinson's disease,2,recurrent fall,Yes,31,54.4
5,3,583,DXTREMOR,Resting tremor at diagnosis,0,no fall,No,70,17.5
5,3,583,DXTREMOR,Resting tremor at diagnosis,0,no fall,Unknown,9,2.3
5,3,583,DXTREMOR,Resting tremor at diagnosis,0,no fall,Yes,320,80.2
5,3,583,DXTREMOR,Resting tremor at diagnosis,1,rare fall,No,27,21.3
5,3,583,DXTREMOR,Resting tremor at diagnosis,1,rare fall,Unknown,3,2.4
5,3,583,DXTREMOR,Resting tremor at diagnosis,1,rare fall,Yes,97,76.4
5,3,583,DXTREMOR,Resting tremor at diagnosis,2,recurrent fall,No,17,29.8
5,3,583,DXTREMOR,Resting tremor at diagnosis,2,recurrent fall,Yes,40,70.2
5,3,583,DXBRADY,Bradykinesia at diagnosis,0,no fall,No,48,12.0
5,3,583,DXBRADY,Bradykinesia at diagnosis,0,no fall,Unknown,26,6.5
5,3,583,DXBRADY,Bradykinesia at diagnosis,0,no fall,Yes,325,81.5
5,3,583,DXBRADY,Bradykinesia at diagnosis,1,rare fall,No,25,19.7
5,3,583,DXBRADY,Bradykinesia at diagnosis,1,rare fall,Unknown,6,4.7
5,3,583,DXBRADY,Bradykinesia at diagnosis,1,rare fall,Yes,96,75.6
5,3,583,DXBRADY,Bradykinesia at diagnosis,2,recurrent fall,No,11,19.3
5,3,583,DXBRADY,Bradykinesia at diagnosis,2,recurrent fall,Unknown,2,3.5
5,3,583,DXBRADY,Bradykinesia at diagnosis,2,recurrent fall,Yes,44,77.2
5,3,583,DOMSIDE,Predominantly affected side at onset,0,no fall,Left,167,41.9
5,3,583,DOMSIDE,Predominantly affected side at onset,0,no fall,Right,218,54.6
5,3,583,DOMSIDE,Predominantly affected side at onset,0,no fall,Symmetric,10,2.5
5,3,583,DOMSIDE,Predominantly affected side at onset,0,no fall,Unknown,4,1.0
5,3,583,DOMSIDE,Predominantly affected side at onset,1,rare fall,Left,55,43.3
5,3,583,DOMSIDE,Predominantly affected side at onset,1,rare fall,Right,69,54.3
5,3,583,DOMSIDE,Predominantly affected side at onset,1,rare fall,Symmetric,2,1.6
5,3,583,DOMSIDE,Predominantly affected side at onset,1,rare fall,Unknown,1,0.8
5,3,583,DOMSIDE,Predominantly affected side at onset,2,recurrent fall,Left,27,47.4
5,3,583,DOMSIDE,Predominantly affected side at onset,2,recurrent fall,Right,29,50.9
5,3,583,DOMSIDE,Predominantly affected side at onset,2,recurrent fall,Unknown,1,1.8
5,4,583,DXPOSINS,Postural instability at diagnosis,0,no fall,No,343,86.0
5,4,583,DXPOSINS,Postural instability at diagnosis,0,no fall,Unknown,27,6.8
5,4,583,DXPOSINS,Postural instability at diagnosis,0,no fall,Yes,29,7.3
5,4,583,DXPOSINS,Postural instability at diagnosis,1,rare fall,No,110,86.6
5,4,583,DXPOSINS,Postural instability at diagnosis,1,rare fall,Unknown,8,6.3
5,4,583,DXPOSINS,Postural instability at diagnosis,1,rare fall,Yes,9,7.1
5,4,583,DXPOSINS,Postural instability at diagnosis,2,recurrent fall,No,45,78.9
5,4,583,DXPOSINS,Postural instability at diagnosis,2,recurrent fall,Unknown,2,3.5
5,4,583,DXPOSINS,Postural instability at diagnosis,2,recurrent fall,Yes,10,17.5
5,4,583,DXRIGID,Rigidity at diagnosis,0,no fall,No,84,21.1
5,4,583,DXRIGID,Rigidity at diagnosis,0,no fall,Unknown,31,7.8
5,4,583,DXRIGID,Rigidity at diagnosis,0,no fall,Yes,284,71.2
5,4,583,DXRIGID,Rigidity at diagnosis,1,rare fall,No,26,20.5
5,4,583,DXRIGID,Rigidity at diagnosis,1,rare fall,Unknown,5,3.9
5,4,583,DXRIGID,Rigidity at diagnosis,1,rare fall,Yes,96,75.6
5,4,583,DXRIGID,Rigidity at diagnosis,2,recurrent fall,No,13,22.8
5,4,583,DXRIGID,Rigidity at diagnosis,2,recurrent fall,Unknown,3,5.3
5,4,583,DXRIGID,Rigidity at diagnosis,2,recurrent fall,Yes,41,71.9
5,4,583,DOPTHERST,Dopaminergic therapy started,0,no fall,<Missing>,68,17.0
5,4,583,DOPTHERST,Dopaminergic therapy started,0,no fall,No,71,17.8
5,4,583,DOPTHERST,Dopaminergic therapy started,0,no fall,Yes,260,65.2
5,4,583,DOPTHERST,Dopaminergic therapy started,1,rare fall,<Missing>,26,20.5
5,4,583,DOPTHERST,Dopaminergic therapy started,1,rare fall,No,15,11.8
5,4,583,DOPTHERST,Dopaminergic therapy started,1,rare fall,Yes,86,67.7
5,4,583,DOPTHERST,Dopaminergic therapy started,2,recurrent fall,<Missing>,16,28.1
5,4,583,DOPTHERST,Dopaminergic therapy started,2,recurrent fall,No,3,5.3
5,4,583,DOPTHERST,Dopaminergic therapy started,2,recurrent fall,Yes,38,66.7
5,4,583,FEATPOSHYP,Postural hypotension clinical feature,0,no fall,No,255,63.9
5,4,583,FEATPOSHYP,Postural hypotension clinical feature,0,no fall,Uncertain,9,2.3
5,4,583,FEATPOSHYP,Postural hypotension clinical feature,0,no fall,Yes,135,33.8
5,4,583,FEATPOSHYP,Postural hypotension clinical feature,1,rare fall,No,77,60.6
5,4,583,FEATPOSHYP,Postural hypotension clinical feature,1,rare fall,Uncertain,2,1.6
5,4,583,FEATPOSHYP,Postural hypotension clinical feature,1,rare fall,Yes,48,37.8
5,4,583,FEATPOSHYP,Postural hypotension clinical feature,2,recurrent fall,No,30,52.6
5,4,583,FEATPOSHYP,Postural hypotension clinical feature,2,recurrent fall,Uncertain,1,1.8
5,4,583,FEATPOSHYP,Postural hypotension clinical feature,2,recurrent fall,Yes,26,45.6
5,4,583,ANYFAMPD,Family history of Parkinson's disease,0,no fall,<Missing>,19,4.8
5,4,583,ANYFAMPD,Family history of Parkinson's disease,0,no fall,No,231,57.9
5,4,583,ANYFAMPD,Family history of Parkinson's disease,0,no fall,Yes,149,37.3
5,4,583,ANYFAMPD,Family history of Parkinson's disease,1,rare fall,<Missing>,9,7.1
5,4,583,ANYFAMPD,Family history of Parkinson's disease,1,rare fall,No,71,55.9
5,4,583,ANYFAMPD,Family history of Parkinson's disease,1,rare fall,Yes,47,37.0
5,4,583,ANYFAMPD,Family history of Parkinson's disease,2,recurrent fall,<Missing>,5,8.8
5,4,583,ANYFAMPD,Family history of Parkinson's disease,2,recurrent fall,No,25,43.9
5,4,583,ANYFAMPD,Family history of Parkinson's disease,2,recurrent fall,Yes,27,47.4
5,4,583,DXTREMOR,Resting tremor at diagnosis,0,no fall,No,71,17.8
5,4,583,DXTREMOR,Resting tremor at diagnosis,0,no fall,Unknown,10,2.5
5,4,583,DXTREMOR,Resting tremor at diagnosis,0,no fall,Yes,318,79.7
5,4,583,DXTREMOR,Resting tremor at diagnosis,1,rare fall,No,32,25.2
5,4,583,DXTREMOR,Resting tremor at diagnosis,1,rare fall,Unknown,3,2.4
5,4,583,DXTREMOR,Resting tremor at diagnosis,1,rare fall,Yes,92,72.4
5,4,583,DXTREMOR,Resting tremor at diagnosis,2,recurrent fall,No,13,22.8
5,4,583,DXTREMOR,Resting tremor at diagnosis,2,recurrent fall,Unknown,1,1.8
5,4,583,DXTREMOR,Resting tremor at diagnosis,2,recurrent fall,Yes,43,75.4
5,4,583,DXBRADY,Bradykinesia at diagnosis,0,no fall,No,51,12.8
5,4,583,DXBRADY,Bradykinesia at diagnosis,0,no fall,Unknown,23,5.8
5,4,583,DXBRADY,Bradykinesia at diagnosis,0,no fall,Yes,325,81.5
5,4,583,DXBRADY,Bradykinesia at diagnosis,1,rare fall,No,23,18.1
5,4,583,DXBRADY,Bradykinesia at diagnosis,1,rare fall,Unknown,4,3.1
5,4,583,DXBRADY,Bradykinesia at diagnosis,1,rare fall,Yes,100,78.7
5,4,583,DXBRADY,Bradykinesia at diagnosis,2,recurrent fall,No,9,15.8
5,4,583,DXBRADY,Bradykinesia at diagnosis,2,recurrent fall,Unknown,3,5.3
5,4,583,DXBRADY,Bradykinesia at diagnosis,2,recurrent fall,Yes,45,78.9
5,4,583,DOMSIDE,Predominantly affected side at onset,0,no fall,Left,171,42.9
5,4,583,DOMSIDE,Predominantly affected side at onset,0,no fall,Right,216,54.1
5,4,583,DOMSIDE,Predominantly affected side at onset,0,no fall,Symmetric,7,1.8
5,4,583,DOMSIDE,Predominantly affected side at onset,0,no fall,Unknown,5,1.3
5,4,583,DOMSIDE,Predominantly affected side at onset,1,rare fall,Left,46,36.2
5,4,583,DOMSIDE,Predominantly affected side at onset,1,rare fall,Right,78,61.4
5,4,583,DOMSIDE,Predominantly affected side at onset,1,rare fall,Symmetric,2,1.6
5,4,583,DOMSIDE,Predominantly affected side at onset,1,rare fall,Unknown,1,0.8
5,4,583,DOMSIDE,Predominantly affected side at onset,2,recurrent fall,Left,27,47.4
5,4,583,DOMSIDE,Predominantly affected side at onset,2,recurrent fall,Right,28,49.1
5,4,583,DOMSIDE,Predominantly affected side at onset,2,recurrent fall,Symmetric,1,1.8
5,4,583,DOMSIDE,Predominantly affected side at onset,2,recurrent fall,Unknown,1,1.8
6,0,582,DXPOSINS,Postural instability at diagnosis,0,no fall,<Missing>,1,0.3
6,0,582,DXPOSINS,Postural instability at diagnosis,0,no fall,No,339,85.2
6,0,582,DXPOSINS,Postural instability at diagnosis,0,no fall,Unknown,25,6.3
6,0,582,DXPOSINS,Postural instability at diagnosis,0,no fall,Yes,33,8.3
6,0,582,DXPOSINS,Postural instability at diagnosis,1,rare fall,No,107,84.3
6,0,582,DXPOSINS,Postural instability at diagnosis,1,rare fall,Unknown,6,4.7
6,0,582,DXPOSINS,Postural instability at diagnosis,1,rare fall,Yes,14,11.0
6,0,582,DXPOSINS,Postural instability at diagnosis,2,recurrent fall,No,52,91.2
6,0,582,DXPOSINS,Postural instability at diagnosis,2,recurrent fall,Unknown,1,1.8
6,0,582,DXPOSINS,Postural instability at diagnosis,2,recurrent fall,Yes,4,7.0
6,0,582,DXRIGID,Rigidity at diagnosis,0,no fall,No,87,21.9
6,0,582,DXRIGID,Rigidity at diagnosis,0,no fall,Unknown,24,6.0
6,0,582,DXRIGID,Rigidity at diagnosis,0,no fall,Yes,287,72.1
6,0,582,DXRIGID,Rigidity at diagnosis,1,rare fall,No,25,19.7
6,0,582,DXRIGID,Rigidity at diagnosis,1,rare fall,Unknown,5,3.9
6,0,582,DXRIGID,Rigidity at diagnosis,1,rare fall,Yes,97,76.4
6,0,582,DXRIGID,Rigidity at diagnosis,2,recurrent fall,No,12,21.1
6,0,582,DXRIGID,Rigidity at diagnosis,2,recurrent fall,Unknown,1,1.8
6,0,582,DXRIGID,Rigidity at diagnosis,2,recurrent fall,Yes,44,77.2
6,0,582,DOPTHERST,Dopaminergic therapy started,0,no fall,<Missing>,70,17.6
6,0,582,DOPTHERST,Dopaminergic therapy started,0,no fall,No,77,19.3
6,0,582,DOPTHERST,Dopaminergic therapy started,0,no fall,Yes,251,63.1
6,0,582,DOPTHERST,Dopaminergic therapy started,1,rare fall,<Missing>,32,25.2
6,0,582,DOPTHERST,Dopaminergic therapy started,1,rare fall,No,17,13.4
6,0,582,DOPTHERST,Dopaminergic therapy started,1,rare fall,Yes,78,61.4
6,0,582,DOPTHERST,Dopaminergic therapy started,2,recurrent fall,<Missing>,14,24.6
6,0,582,DOPTHERST,Dopaminergic therapy started,2,recurrent fall,No,4,7.0
6,0,582,DOPTHERST,Dopaminergic therapy started,2,recurrent fall,Yes,39,68.4
6,0,582,FEATPOSHYP,Postural hypotension clinical feature,0,no fall,No,260,65.3
6,0,582,FEATPOSHYP,Postural hypotension clinical feature,0,no fall,Uncertain,13,3.3
6,0,582,FEATPOSHYP,Postural hypotension clinical feature,0,no fall,Yes,125,31.4
6,0,582,FEATPOSHYP,Postural hypotension clinical feature,1,rare fall,No,77,60.6
6,0,582,FEATPOSHYP,Postural hypotension clinical feature,1,rare fall,Uncertain,2,1.6
6,0,582,FEATPOSHYP,Postural hypotension clinical feature,1,rare fall,Yes,48,37.8
6,0,582,FEATPOSHYP,Postural hypotension clinical feature,2,recurrent fall,No,24,42.1
6,0,582,FEATPOSHYP,Postural hypotension clinical feature,2,recurrent fall,Uncertain,2,3.5
6,0,582,FEATPOSHYP,Postural hypotension clinical feature,2,recurrent fall,Yes,31,54.4
6,0,582,ANYFAMPD,Family history of Parkinson's disease,0,no fall,<Missing>,16,4.0
6,0,582,ANYFAMPD,Family history of Parkinson's disease,0,no fall,No,243,61.1
6,0,582,ANYFAMPD,Family history of Parkinson's disease,0,no fall,Yes,139,34.9
6,0,582,ANYFAMPD,Family history of Parkinson's disease,1,rare fall,<Missing>,14,11.0
6,0,582,ANYFAMPD,Family history of Parkinson's disease,1,rare fall,No,73,57.5
6,0,582,ANYFAMPD,Family history of Parkinson's disease,1,rare fall,Yes,40,31.5
6,0,582,ANYFAMPD,Family history of Parkinson's disease,2,recurrent fall,<Missing>,5,8.8
6,0,582,ANYFAMPD,Family history of Parkinson's disease,2,recurrent fall,No,23,40.4
6,0,582,ANYFAMPD,Family history of Parkinson's disease,2,recurrent fall,Yes,29,50.9
6,0,582,DXTREMOR,Resting tremor at diagnosis,0,no fall,No,77,19.3
6,0,582,DXTREMOR,Resting tremor at diagnosis,0,no fall,Unknown,12,3.0
6,0,582,DXTREMOR,Resting tremor at diagnosis,0,no fall,Yes,309,77.6
6,0,582,DXTREMOR,Resting tremor at diagnosis,1,rare fall,No,25,19.7
6,0,582,DXTREMOR,Resting tremor at diagnosis,1,rare fall,Unknown,1,0.8
6,0,582,DXTREMOR,Resting tremor at diagnosis,1,rare fall,Yes,101,79.5
6,0,582,DXTREMOR,Resting tremor at diagnosis,2,recurrent fall,No,16,28.1
6,0,582,DXTREMOR,Resting tremor at diagnosis,2,recurrent fall,Yes,41,71.9
6,0,582,DXBRADY,Bradykinesia at diagnosis,0,no fall,No,50,12.6
6,0,582,DXBRADY,Bradykinesia at diagnosis,0,no fall,Unknown,24,6.0
6,0,582,DXBRADY,Bradykinesia at diagnosis,0,no fall,Yes,324,81.4
6,0,582,DXBRADY,Bradykinesia at diagnosis,1,rare fall,No,22,17.3
6,0,582,DXBRADY,Bradykinesia at diagnosis,1,rare fall,Unknown,3,2.4
6,0,582,DXBRADY,Bradykinesia at diagnosis,1,rare fall,Yes,102,80.3
6,0,582,DXBRADY,Bradykinesia at diagnosis,2,recurrent fall,No,11,19.3
6,0,582,DXBRADY,Bradykinesia at diagnosis,2,recurrent fall,Unknown,1,1.8
6,0,582,DXBRADY,Bradykinesia at diagnosis,2,recurrent fall,Yes,45,78.9
6,0,582,DOMSIDE,Predominantly affected side at onset,0,no fall,Left,167,42.0
6,0,582,DOMSIDE,Predominantly affected side at onset,0,no fall,Right,221,55.5
6,0,582,DOMSIDE,Predominantly affected side at onset,0,no fall,Symmetric,6,1.5
6,0,582,DOMSIDE,Predominantly affected side at onset,0,no fall,Unknown,4,1.0
6,0,582,DOMSIDE,Predominantly affected side at onset,1,rare fall,Left,57,44.9
6,0,582,DOMSIDE,Predominantly affected side at onset,1,rare fall,Right,67,52.8
6,0,582,DOMSIDE,Predominantly affected side at onset,1,rare fall,Symmetric,3,2.4
6,0,582,DOMSIDE,Predominantly affected side at onset,2,recurrent fall,Left,24,42.1
6,0,582,DOMSIDE,Predominantly affected side at onset,2,recurrent fall,Right,29,50.9
6,0,582,DOMSIDE,Predominantly affected side at onset,2,recurrent fall,Symmetric,2,3.5
6,0,582,DOMSIDE,Predominantly affected side at onset,2,recurrent fall,Unknown,2,3.5
6,1,582,DXPOSINS,Postural instability at diagnosis,0,no fall,<Missing>,1,0.3
6,1,582,DXPOSINS,Postural instability at diagnosis,0,no fall,No,346,86.9
6,1,582,DXPOSINS,Postural instability at diagnosis,0,no fall,Unknown,21,5.3
6,1,582,DXPOSINS,Postural instability at diagnosis,0,no fall,Yes,30,7.5
6,1,582,DXPOSINS,Postural instability at diagnosis,1,rare fall,No,105,82.7
6,1,582,DXPOSINS,Postural instability at diagnosis,1,rare fall,Unknown,9,7.1
6,1,582,DXPOSINS,Postural instability at diagnosis,1,rare fall,Yes,13,10.2
6,1,582,DXPOSINS,Postural instability at diagnosis,2,recurrent fall,No,49,86.0
6,1,582,DXPOSINS,Postural instability at diagnosis,2,recurrent fall,Unknown,1,1.8
6,1,582,DXPOSINS,Postural instability at diagnosis,2,recurrent fall,Yes,7,12.3
6,1,582,DXRIGID,Rigidity at diagnosis,0,no fall,No,91,22.9
6,1,582,DXRIGID,Rigidity at diagnosis,0,no fall,Unknown,23,5.8
6,1,582,DXRIGID,Rigidity at diagnosis,0,no fall,Yes,284,71.4
6,1,582,DXRIGID,Rigidity at diagnosis,1,rare fall,No,23,18.1
6,1,582,DXRIGID,Rigidity at diagnosis,1,rare fall,Unknown,6,4.7
6,1,582,DXRIGID,Rigidity at diagnosis,1,rare fall,Yes,98,77.2
6,1,582,DXRIGID,Rigidity at diagnosis,2,recurrent fall,No,15,26.3
6,1,582,DXRIGID,Rigidity at diagnosis,2,recurrent fall,Yes,42,73.7
6,1,582,DOPTHERST,Dopaminergic therapy started,0,no fall,<Missing>,70,17.6
6,1,582,DOPTHERST,Dopaminergic therapy started,0,no fall,No,73,18.3
6,1,582,DOPTHERST,Dopaminergic therapy started,0,no fall,Yes,255,64.1
6,1,582,DOPTHERST,Dopaminergic therapy started,1,rare fall,<Missing>,26,20.5
6,1,582,DOPTHERST,Dopaminergic therapy started,1,rare fall,No,15,11.8
6,1,582,DOPTHERST,Dopaminergic therapy started,1,rare fall,Yes,86,67.7
6,1,582,DOPTHERST,Dopaminergic therapy started,2,recurrent fall,<Missing>,17,29.8
6,1,582,DOPTHERST,Dopaminergic therapy started,2,recurrent fall,No,3,5.3
6,1,582,DOPTHERST,Dopaminergic therapy started,2,recurrent fall,Yes,37,64.9
6,1,582,FEATPOSHYP,Postural hypotension clinical feature,0,no fall,No,266,66.8
6,1,582,FEATPOSHYP,Postural hypotension clinical feature,0,no fall,Uncertain,12,3.0
6,1,582,FEATPOSHYP,Postural hypotension clinical feature,0,no fall,Yes,120,30.2
6,1,582,FEATPOSHYP,Postural hypotension clinical feature,1,rare fall,No,78,61.4
6,1,582,FEATPOSHYP,Postural hypotension clinical feature,1,rare fall,Uncertain,3,2.4
6,1,582,FEATPOSHYP,Postural hypotension clinical feature,1,rare fall,Yes,46,36.2
6,1,582,FEATPOSHYP,Postural hypotension clinical feature,2,recurrent fall,No,25,43.9
6,1,582,FEATPOSHYP,Postural hypotension clinical feature,2,recurrent fall,Uncertain,1,1.8
6,1,582,FEATPOSHYP,Postural hypotension clinical feature,2,recurrent fall,Yes,31,54.4
6,1,582,ANYFAMPD,Family history of Parkinson's disease,0,no fall,<Missing>,18,4.5
6,1,582,ANYFAMPD,Family history of Parkinson's disease,0,no fall,No,236,59.3
6,1,582,ANYFAMPD,Family history of Parkinson's disease,0,no fall,Yes,144,36.2
6,1,582,ANYFAMPD,Family history of Parkinson's disease,1,rare fall,<Missing>,11,8.7
6,1,582,ANYFAMPD,Family history of Parkinson's disease,1,rare fall,No,68,53.5
6,1,582,ANYFAMPD,Family history of Parkinson's disease,1,rare fall,Yes,48,37.8
6,1,582,ANYFAMPD,Family history of Parkinson's disease,2,recurrent fall,<Missing>,5,8.8
6,1,582,ANYFAMPD,Family history of Parkinson's disease,2,recurrent fall,No,22,38.6
6,1,582,ANYFAMPD,Family history of Parkinson's disease,2,recurrent fall,Yes,30,52.6
6,1,582,DXTREMOR,Resting tremor at diagnosis,0,no fall,No,68,17.1
6,1,582,DXTREMOR,Resting tremor at diagnosis,0,no fall,Unknown,11,2.8
6,1,582,DXTREMOR,Resting tremor at diagnosis,0,no fall,Yes,319,80.2
6,1,582,DXTREMOR,Resting tremor at diagnosis,1,rare fall,No,25,19.7
6,1,582,DXTREMOR,Resting tremor at diagnosis,1,rare fall,Unknown,2,1.6
6,1,582,DXTREMOR,Resting tremor at diagnosis,1,rare fall,Yes,100,78.7
6,1,582,DXTREMOR,Resting tremor at diagnosis,2,recurrent fall,No,16,28.1
6,1,582,DXTREMOR,Resting tremor at diagnosis,2,recurrent fall,Yes,41,71.9
6,1,582,DXBRADY,Bradykinesia at diagnosis,0,no fall,No,49,12.3
6,1,582,DXBRADY,Bradykinesia at diagnosis,0,no fall,Unknown,18,4.5
6,1,582,DXBRADY,Bradykinesia at diagnosis,0,no fall,Yes,331,83.2
6,1,582,DXBRADY,Bradykinesia at diagnosis,1,rare fall,No,23,18.1
6,1,582,DXBRADY,Bradykinesia at diagnosis,1,rare fall,Unknown,3,2.4
6,1,582,DXBRADY,Bradykinesia at diagnosis,1,rare fall,Yes,101,79.5
6,1,582,DXBRADY,Bradykinesia at diagnosis,2,recurrent fall,No,10,17.5
6,1,582,DXBRADY,Bradykinesia at diagnosis,2,recurrent fall,Unknown,1,1.8
6,1,582,DXBRADY,Bradykinesia at diagnosis,2,recurrent fall,Yes,46,80.7
6,1,582,DOMSIDE,Predominantly affected side at onset,0,no fall,Left,170,42.7
6,1,582,DOMSIDE,Predominantly affected side at onset,0,no fall,Right,220,55.3
6,1,582,DOMSIDE,Predominantly affected side at onset,0,no fall,Symmetric,5,1.3
6,1,582,DOMSIDE,Predominantly affected side at onset,0,no fall,Unknown,3,0.8
6,1,582,DOMSIDE,Predominantly affected side at onset,1,rare fall,Left,57,44.9
6,1,582,DOMSIDE,Predominantly affected side at onset,1,rare fall,Right,66,52.0
6,1,582,DOMSIDE,Predominantly affected side at onset,1,rare fall,Symmetric,3,2.4
6,1,582,DOMSIDE,Predominantly affected side at onset,1,rare fall,Unknown,1,0.8
6,1,582,DOMSIDE,Predominantly affected side at onset,2,recurrent fall,Left,25,43.9
6,1,582,DOMSIDE,Predominantly affected side at onset,2,recurrent fall,Right,27,47.4
6,1,582,DOMSIDE,Predominantly affected side at onset,2,recurrent fall,Symmetric,3,5.3
6,1,582,DOMSIDE,Predominantly affected side at onset,2,recurrent fall,Unknown,2,3.5
6,2,582,DXPOSINS,Postural instability at diagnosis,0,no fall,<Missing>,1,0.3
6,2,582,DXPOSINS,Postural instability at diagnosis,0,no fall,No,341,85.7
6,2,582,DXPOSINS,Postural instability at diagnosis,0,no fall,Unknown,22,5.5
6,2,582,DXPOSINS,Postural instability at diagnosis,0,no fall,Yes,34,8.5
6,2,582,DXPOSINS,Postural instability at diagnosis,1,rare fall,No,104,81.2
6,2,582,DXPOSINS,Postural instability at diagnosis,1,rare fall,Unknown,9,7.0
6,2,582,DXPOSINS,Postural instability at diagnosis,1,rare fall,Yes,15,11.7
6,2,582,DXPOSINS,Postural instability at diagnosis,2,recurrent fall,No,48,85.7
6,2,582,DXPOSINS,Postural instability at diagnosis,2,recurrent fall,Unknown,1,1.8
6,2,582,DXPOSINS,Postural instability at diagnosis,2,recurrent fall,Yes,7,12.5
6,2,582,DXRIGID,Rigidity at diagnosis,0,no fall,No,87,21.9
6,2,582,DXRIGID,Rigidity at diagnosis,0,no fall,Unknown,31,7.8
6,2,582,DXRIGID,Rigidity at diagnosis,0,no fall,Yes,280,70.4
6,2,582,DXRIGID,Rigidity at diagnosis,1,rare fall,No,21,16.4
6,2,582,DXRIGID,Rigidity at diagnosis,1,rare fall,Unknown,7,5.5
6,2,582,DXRIGID,Rigidity at diagnosis,1,rare fall,Yes,100,78.1
6,2,582,DXRIGID,Rigidity at diagnosis,2,recurrent fall,No,14,25.0
6,2,582,DXRIGID,Rigidity at diagnosis,2,recurrent fall,Unknown,1,1.8
6,2,582,DXRIGID,Rigidity at diagnosis,2,recurrent fall,Yes,41,73.2
6,2,582,DOPTHERST,Dopaminergic therapy started,0,no fall,<Missing>,70,17.6
6,2,582,DOPTHERST,Dopaminergic therapy started,0,no fall,No,76,19.1
6,2,582,DOPTHERST,Dopaminergic therapy started,0,no fall,Yes,252,63.3
6,2,582,DOPTHERST,Dopaminergic therapy started,1,rare fall,<Missing>,29,22.7
6,2,582,DOPTHERST,Dopaminergic therapy started,1,rare fall,No,15,11.7
6,2,582,DOPTHERST,Dopaminergic therapy started,1,rare fall,Yes,84,65.6
6,2,582,DOPTHERST,Dopaminergic therapy started,2,recurrent fall,<Missing>,17,30.4
6,2,582,DOPTHERST,Dopaminergic therapy started,2,recurrent fall,No,4,7.1
6,2,582,DOPTHERST,Dopaminergic therapy started,2,recurrent fall,Yes,35,62.5
6,2,582,FEATPOSHYP,Postural hypotension clinical feature,0,no fall,No,266,66.8
6,2,582,FEATPOSHYP,Postural hypotension clinical feature,0,no fall,Uncertain,9,2.3
6,2,582,FEATPOSHYP,Postural hypotension clinical feature,0,no fall,Yes,123,30.9
6,2,582,FEATPOSHYP,Postural hypotension clinical feature,1,rare fall,No,75,58.6
6,2,582,FEATPOSHYP,Postural hypotension clinical feature,1,rare fall,Uncertain,2,1.6
6,2,582,FEATPOSHYP,Postural hypotension clinical feature,1,rare fall,Yes,51,39.8
6,2,582,FEATPOSHYP,Postural hypotension clinical feature,2,recurrent fall,No,22,39.3
6,2,582,FEATPOSHYP,Postural hypotension clinical feature,2,recurrent fall,Uncertain,2,3.6
6,2,582,FEATPOSHYP,Postural hypotension clinical feature,2,recurrent fall,Yes,32,57.1
6,2,582,ANYFAMPD,Family history of Parkinson's disease,0,no fall,<Missing>,15,3.8
6,2,582,ANYFAMPD,Family history of Parkinson's disease,0,no fall,No,238,59.8
6,2,582,ANYFAMPD,Family history of Parkinson's disease,0,no fall,Yes,145,36.4
6,2,582,ANYFAMPD,Family history of Parkinson's disease,1,rare fall,<Missing>,11,8.6
6,2,582,ANYFAMPD,Family history of Parkinson's disease,1,rare fall,No,70,54.7
6,2,582,ANYFAMPD,Family history of Parkinson's disease,1,rare fall,Yes,47,36.7
6,2,582,ANYFAMPD,Family history of Parkinson's disease,2,recurrent fall,<Missing>,6,10.7
6,2,582,ANYFAMPD,Family history of Parkinson's disease,2,recurrent fall,No,20,35.7
6,2,582,ANYFAMPD,Family history of Parkinson's disease,2,recurrent fall,Yes,30,53.6
6,2,582,DXTREMOR,Resting tremor at diagnosis,0,no fall,No,69,17.3
6,2,582,DXTREMOR,Resting tremor at diagnosis,0,no fall,Unknown,11,2.8
6,2,582,DXTREMOR,Resting tremor at diagnosis,0,no fall,Yes,318,79.9
6,2,582,DXTREMOR,Resting tremor at diagnosis,1,rare fall,No,24,18.8
6,2,582,DXTREMOR,Resting tremor at diagnosis,1,rare fall,Unknown,1,0.8
6,2,582,DXTREMOR,Resting tremor at diagnosis,1,rare fall,Yes,103,80.5
6,2,582,DXTREMOR,Resting tremor at diagnosis,2,recurrent fall,No,17,30.4
6,2,582,DXTREMOR,Resting tremor at diagnosis,2,recurrent fall,Yes,39,69.6
6,2,582,DXBRADY,Bradykinesia at diagnosis,0,no fall,No,49,12.3
6,2,582,DXBRADY,Bradykinesia at diagnosis,0,no fall,Unknown,23,5.8
6,2,582,DXBRADY,Bradykinesia at diagnosis,0,no fall,Yes,326,81.9
6,2,582,DXBRADY,Bradykinesia at diagnosis,1,rare fall,No,25,19.5
6,2,582,DXBRADY,Bradykinesia at diagnosis,1,rare fall,Unknown,4,3.1
6,2,582,DXBRADY,Bradykinesia at diagnosis,1,rare fall,Yes,99,77.3
6,2,582,DXBRADY,Bradykinesia at diagnosis,2,recurrent fall,No,14,25.0
6,2,582,DXBRADY,Bradykinesia at diagnosis,2,recurrent fall,Unknown,1,1.8
6,2,582,DXBRADY,Bradykinesia at diagnosis,2,recurrent fall,Yes,41,73.2
6,2,582,DOMSIDE,Predominantly affected side at onset,0,no fall,Left,174,43.7
6,2,582,DOMSIDE,Predominantly affected side at onset,0,no fall,Right,215,54.0
6,2,582,DOMSIDE,Predominantly affected side at onset,0,no fall,Symmetric,5,1.3
6,2,582,DOMSIDE,Predominantly affected side at onset,0,no fall,Unknown,4,1.0
6,2,582,DOMSIDE,Predominantly affected side at onset,1,rare fall,Left,54,42.2
6,2,582,DOMSIDE,Predominantly affected side at onset,1,rare fall,Right,71,55.5
6,2,582,DOMSIDE,Predominantly affected side at onset,1,rare fall,Symmetric,2,1.6
6,2,582,DOMSIDE,Predominantly affected side at onset,1,rare fall,Unknown,1,0.8
6,2,582,DOMSIDE,Predominantly affected side at onset,2,recurrent fall,Left,26,46.4
6,2,582,DOMSIDE,Predominantly affected side at onset,2,recurrent fall,Right,26,46.4
6,2,582,DOMSIDE,Predominantly affected side at onset,2,recurrent fall,Symmetric,2,3.6
6,2,582,DOMSIDE,Predominantly affected side at onset,2,recurrent fall,Unknown,2,3.6
6,3,583,DXPOSINS,Postural instability at diagnosis,0,no fall,<Missing>,1,0.3
6,3,583,DXPOSINS,Postural instability at diagnosis,0,no fall,No,343,86.0
6,3,583,DXPOSINS,Postural instability at diagnosis,0,no fall,Unknown,23,5.8
6,3,583,DXPOSINS,Postural instability at diagnosis,0,no fall,Yes,32,8.0
6,3,583,DXPOSINS,Postural instability at diagnosis,1,rare fall,No,110,86.6
6,3,583,DXPOSINS,Postural instability at diagnosis,1,rare fall,Unknown,5,3.9
6,3,583,DXPOSINS,Postural instability at diagnosis,1,rare fall,Yes,12,9.4
6,3,583,DXPOSINS,Postural instability at diagnosis,2,recurrent fall,No,50,87.7
6,3,583,DXPOSINS,Postural instability at diagnosis,2,recurrent fall,Unknown,1,1.8
6,3,583,DXPOSINS,Postural instability at diagnosis,2,recurrent fall,Yes,6,10.5
6,3,583,DXRIGID,Rigidity at diagnosis,0,no fall,No,80,20.1
6,3,583,DXRIGID,Rigidity at diagnosis,0,no fall,Unknown,28,7.0
6,3,583,DXRIGID,Rigidity at diagnosis,0,no fall,Yes,291,72.9
6,3,583,DXRIGID,Rigidity at diagnosis,1,rare fall,No,23,18.1
6,3,583,DXRIGID,Rigidity at diagnosis,1,rare fall,Unknown,4,3.1
6,3,583,DXRIGID,Rigidity at diagnosis,1,rare fall,Yes,100,78.7
6,3,583,DXRIGID,Rigidity at diagnosis,2,recurrent fall,No,15,26.3
6,3,583,DXRIGID,Rigidity at diagnosis,2,recurrent fall,Unknown,1,1.8
6,3,583,DXRIGID,Rigidity at diagnosis,2,recurrent fall,Yes,41,71.9
6,3,583,DOPTHERST,Dopaminergic therapy started,0,no fall,<Missing>,64,16.0
6,3,583,DOPTHERST,Dopaminergic therapy started,0,no fall,No,76,19.0
6,3,583,DOPTHERST,Dopaminergic therapy started,0,no fall,Yes,259,64.9
6,3,583,DOPTHERST,Dopaminergic therapy started,1,rare fall,<Missing>,29,22.8
6,3,583,DOPTHERST,Dopaminergic therapy started,1,rare fall,No,15,11.8
6,3,583,DOPTHERST,Dopaminergic therapy started,1,rare fall,Yes,83,65.4
6,3,583,DOPTHERST,Dopaminergic therapy started,2,recurrent fall,<Missing>,18,31.6
6,3,583,DOPTHERST,Dopaminergic therapy started,2,recurrent fall,No,1,1.8
6,3,583,DOPTHERST,Dopaminergic therapy started,2,recurrent fall,Yes,38,66.7
6,3,583,FEATPOSHYP,Postural hypotension clinical feature,0,no fall,No,261,65.4
6,3,583,FEATPOSHYP,Postural hypotension clinical feature,0,no fall,Uncertain,14,3.5
6,3,583,FEATPOSHYP,Postural hypotension clinical feature,0,no fall,Yes,124,31.1
6,3,583,FEATPOSHYP,Postural hypotension clinical feature,1,rare fall,No,77,60.6
6,3,583,FEATPOSHYP,Postural hypotension clinical feature,1,rare fall,Uncertain,3,2.4
6,3,583,FEATPOSHYP,Postural hypotension clinical feature,1,rare fall,Yes,47,37.0
6,3,583,FEATPOSHYP,Postural hypotension clinical feature,2,recurrent fall,No,22,38.6
6,3,583,FEATPOSHYP,Postural hypotension clinical feature,2,recurrent fall,Uncertain,1,1.8
6,3,583,FEATPOSHYP,Postural hypotension clinical feature,2,recurrent fall,Yes,34,59.6
6,3,583,ANYFAMPD,Family history of Parkinson's disease,0,no fall,<Missing>,15,3.8
6,3,583,ANYFAMPD,Family history of Parkinson's disease,0,no fall,No,245,61.4
6,3,583,ANYFAMPD,Family history of Parkinson's disease,0,no fall,Yes,139,34.8
6,3,583,ANYFAMPD,Family history of Parkinson's disease,1,rare fall,<Missing>,10,7.9
6,3,583,ANYFAMPD,Family history of Parkinson's disease,1,rare fall,No,71,55.9
6,3,583,ANYFAMPD,Family history of Parkinson's disease,1,rare fall,Yes,46,36.2
6,3,583,ANYFAMPD,Family history of Parkinson's disease,2,recurrent fall,<Missing>,6,10.5
6,3,583,ANYFAMPD,Family history of Parkinson's disease,2,recurrent fall,No,21,36.8
6,3,583,ANYFAMPD,Family history of Parkinson's disease,2,recurrent fall,Yes,30,52.6
6,3,583,DXTREMOR,Resting tremor at diagnosis,0,no fall,No,76,19.0
6,3,583,DXTREMOR,Resting tremor at diagnosis,0,no fall,Unknown,9,2.3
6,3,583,DXTREMOR,Resting tremor at diagnosis,0,no fall,Yes,314,78.7
6,3,583,DXTREMOR,Resting tremor at diagnosis,1,rare fall,No,32,25.2
6,3,583,DXTREMOR,Resting tremor at diagnosis,1,rare fall,Unknown,2,1.6
6,3,583,DXTREMOR,Resting tremor at diagnosis,1,rare fall,Yes,93,73.2
6,3,583,DXTREMOR,Resting tremor at diagnosis,2,recurrent fall,No,15,26.3
6,3,583,DXTREMOR,Resting tremor at diagnosis,2,recurrent fall,Yes,42,73.7
6,3,583,DXBRADY,Bradykinesia at diagnosis,0,no fall,No,43,10.8
6,3,583,DXBRADY,Bradykinesia at diagnosis,0,no fall,Unknown,24,6.0
6,3,583,DXBRADY,Bradykinesia at diagnosis,0,no fall,Yes,332,83.2
6,3,583,DXBRADY,Bradykinesia at diagnosis,1,rare fall,No,27,21.3
6,3,583,DXBRADY,Bradykinesia at diagnosis,1,rare fall,Unknown,3,2.4
6,3,583,DXBRADY,Bradykinesia at diagnosis,1,rare fall,Yes,97,76.4
6,3,583,DXBRADY,Bradykinesia at diagnosis,2,recurrent fall,No,13,22.8
6,3,583,DXBRADY,Bradykinesia at diagnosis,2,recurrent fall,Unknown,1,1.8
6,3,583,DXBRADY,Bradykinesia at diagnosis,2,recurrent fall,Yes,43,75.4
6,3,583,DOMSIDE,Predominantly affected side at onset,0,no fall,Left,175,43.9
6,3,583,DOMSIDE,Predominantly affected side at onset,0,no fall,Right,214,53.6
6,3,583,DOMSIDE,Predominantly affected side at onset,0,no fall,Symmetric,7,1.8
6,3,583,DOMSIDE,Predominantly affected side at onset,0,no fall,Unknown,3,0.8
6,3,583,DOMSIDE,Predominantly affected side at onset,1,rare fall,Left,55,43.3
6,3,583,DOMSIDE,Predominantly affected side at onset,1,rare fall,Right,69,54.3
6,3,583,DOMSIDE,Predominantly affected side at onset,1,rare fall,Symmetric,2,1.6
6,3,583,DOMSIDE,Predominantly affected side at onset,1,rare fall,Unknown,1,0.8
6,3,583,DOMSIDE,Predominantly affected side at onset,2,recurrent fall,Left,23,40.4
6,3,583,DOMSIDE,Predominantly affected side at onset,2,recurrent fall,Right,30,52.6
6,3,583,DOMSIDE,Predominantly affected side at onset,2,recurrent fall,Symmetric,3,5.3
6,3,583,DOMSIDE,Predominantly affected side at onset,2,recurrent fall,Unknown,1,1.8
6,4,583,DXPOSINS,Postural instability at diagnosis,0,no fall,No,343,86.0
6,4,583,DXPOSINS,Postural instability at diagnosis,0,no fall,Unknown,25,6.3
6,4,583,DXPOSINS,Postural instability at diagnosis,0,no fall,Yes,31,7.8
6,4,583,DXPOSINS,Postural instability at diagnosis,1,rare fall,No,110,86.6
6,4,583,DXPOSINS,Postural instability at diagnosis,1,rare fall,Unknown,7,5.5
6,4,583,DXPOSINS,Postural instability at diagnosis,1,rare fall,Yes,10,7.9
6,4,583,DXPOSINS,Postural instability at diagnosis,2,recurrent fall,No,53,93.0
6,4,583,DXPOSINS,Postural instability at diagnosis,2,recurrent fall,Yes,4,7.0
6,4,583,DXRIGID,Rigidity at diagnosis,0,no fall,No,83,20.8
6,4,583,DXRIGID,Rigidity at diagnosis,0,no fall,Unknown,26,6.5
6,4,583,DXRIGID,Rigidity at diagnosis,0,no fall,Yes,290,72.7
6,4,583,DXRIGID,Rigidity at diagnosis,1,rare fall,No,28,22.0
6,4,583,DXRIGID,Rigidity at diagnosis,1,rare fall,Unknown,6,4.7
6,4,583,DXRIGID,Rigidity at diagnosis,1,rare fall,Yes,93,73.2
6,4,583,DXRIGID,Rigidity at diagnosis,2,recurrent fall,No,12,21.1
6,4,583,DXRIGID,Rigidity at diagnosis,2,recurrent fall,Unknown,1,1.8
6,4,583,DXRIGID,Rigidity at diagnosis,2,recurrent fall,Yes,44,77.2
6,4,583,DOPTHERST,Dopaminergic therapy started,0,no fall,<Missing>,62,15.5
6,4,583,DOPTHERST,Dopaminergic therapy started,0,no fall,No,78,19.5
6,4,583,DOPTHERST,Dopaminergic therapy started,0,no fall,Yes,259,64.9
6,4,583,DOPTHERST,Dopaminergic therapy started,1,rare fall,<Missing>,32,25.2
6,4,583,DOPTHERST,Dopaminergic therapy started,1,rare fall,No,14,11.0
6,4,583,DOPTHERST,Dopaminergic therapy started,1,rare fall,Yes,81,63.8
6,4,583,DOPTHERST,Dopaminergic therapy started,2,recurrent fall,<Missing>,18,31.6
6,4,583,DOPTHERST,Dopaminergic therapy started,2,recurrent fall,No,4,7.0
6,4,583,DOPTHERST,Dopaminergic therapy started,2,recurrent fall,Yes,35,61.4
6,4,583,FEATPOSHYP,Postural hypotension clinical feature,0,no fall,No,259,64.9
6,4,583,FEATPOSHYP,Postural hypotension clinical feature,0,no fall,Uncertain,8,2.0
6,4,583,FEATPOSHYP,Postural hypotension clinical feature,0,no fall,Yes,132,33.1
6,4,583,FEATPOSHYP,Postural hypotension clinical feature,1,rare fall,No,81,63.8
6,4,583,FEATPOSHYP,Postural hypotension clinical feature,1,rare fall,Uncertain,2,1.6
6,4,583,FEATPOSHYP,Postural hypotension clinical feature,1,rare fall,Yes,44,34.6
6,4,583,FEATPOSHYP,Postural hypotension clinical feature,2,recurrent fall,No,19,33.3
6,4,583,FEATPOSHYP,Postural hypotension clinical feature,2,recurrent fall,Uncertain,2,3.5
6,4,583,FEATPOSHYP,Postural hypotension clinical feature,2,recurrent fall,Yes,36,63.2
6,4,583,ANYFAMPD,Family history of Parkinson's disease,0,no fall,<Missing>,16,4.0
6,4,583,ANYFAMPD,Family history of Parkinson's disease,0,no fall,No,246,61.7
6,4,583,ANYFAMPD,Family history of Parkinson's disease,0,no fall,Yes,137,34.3
6,4,583,ANYFAMPD,Family history of Parkinson's disease,1,rare fall,<Missing>,14,11.0
6,4,583,ANYFAMPD,Family history of Parkinson's disease,1,rare fall,No,70,55.1
6,4,583,ANYFAMPD,Family history of Parkinson's disease,1,rare fall,Yes,43,33.9
6,4,583,ANYFAMPD,Family history of Parkinson's disease,2,recurrent fall,<Missing>,6,10.5
6,4,583,ANYFAMPD,Family history of Parkinson's disease,2,recurrent fall,No,18,31.6
6,4,583,ANYFAMPD,Family history of Parkinson's disease,2,recurrent fall,Yes,33,57.9
6,4,583,DXTREMOR,Resting tremor at diagnosis,0,no fall,No,78,19.5
6,4,583,DXTREMOR,Resting tremor at diagnosis,0,no fall,Unknown,9,2.3
6,4,583,DXTREMOR,Resting tremor at diagnosis,0,no fall,Yes,312,78.2
6,4,583,DXTREMOR,Resting tremor at diagnosis,1,rare fall,No,26,20.5
6,4,583,DXTREMOR,Resting tremor at diagnosis,1,rare fall,Unknown,2,1.6
6,4,583,DXTREMOR,Resting tremor at diagnosis,1,rare fall,Yes,99,78.0
6,4,583,DXTREMOR,Resting tremor at diagnosis,2,recurrent fall,No,12,21.1
6,4,583,DXTREMOR,Resting tremor at diagnosis,2,recurrent fall,Yes,45,78.9
6,4,583,DXBRADY,Bradykinesia at diagnosis,0,no fall,No,45,11.3
6,4,583,DXBRADY,Bradykinesia at diagnosis,0,no fall,Unknown,23,5.8
6,4,583,DXBRADY,Bradykinesia at diagnosis,0,no fall,Yes,331,83.0
6,4,583,DXBRADY,Bradykinesia at diagnosis,1,rare fall,No,27,21.3
6,4,583,DXBRADY,Bradykinesia at diagnosis,1,rare fall,Unknown,3,2.4
6,4,583,DXBRADY,Bradykinesia at diagnosis,1,rare fall,Yes,97,76.4
6,4,583,DXBRADY,Bradykinesia at diagnosis,2,recurrent fall,No,12,21.1
6,4,583,DXBRADY,Bradykinesia at diagnosis,2,recurrent fall,Yes,45,78.9
6,4,583,DOMSIDE,Predominantly affected side at onset,0,no fall,Left,166,41.6
6,4,583,DOMSIDE,Predominantly affected side at onset,0,no fall,Right,226,56.6
6,4,583,DOMSIDE,Predominantly affected side at onset,0,no fall,Symmetric,5,1.3
6,4,583,DOMSIDE,Predominantly affected side at onset,0,no fall,Unknown,2,0.5
6,4,583,DOMSIDE,Predominantly affected side at onset,1,rare fall,Left,57,44.9
6,4,583,DOMSIDE,Predominantly affected side at onset,1,rare fall,Right,67,52.8
6,4,583,DOMSIDE,Predominantly affected side at onset,1,rare fall,Symmetric,2,1.6
6,4,583,DOMSIDE,Predominantly affected side at onset,1,rare fall,Unknown,1,0.8
6,4,583,DOMSIDE,Predominantly affected side at onset,2,recurrent fall,Left,26,45.6
6,4,583,DOMSIDE,Predominantly affected side at onset,2,recurrent fall,Right,28,49.1
6,4,583,DOMSIDE,Predominantly affected side at onset,2,recurrent fall,Symmetric,2,3.5
6,4,583,DOMSIDE,Predominantly affected side at onset,2,recurrent fall,Unknown,1,1.8
7,0,582,DXPOSINS,Postural instability at diagnosis,0,no fall,<Missing>,1,0.3
7,0,582,DXPOSINS,Postural instability at diagnosis,0,no fall,No,340,85.4
7,0,582,DXPOSINS,Postural instability at diagnosis,0,no fall,Unknown,29,7.3
7,0,582,DXPOSINS,Postural instability at diagnosis,0,no fall,Yes,28,7.0
7,0,582,DXPOSINS,Postural instability at diagnosis,1,rare fall,No,107,84.3
7,0,582,DXPOSINS,Postural instability at diagnosis,1,rare fall,Unknown,5,3.9
7,0,582,DXPOSINS,Postural instability at diagnosis,1,rare fall,Yes,15,11.8
7,0,582,DXPOSINS,Postural instability at diagnosis,2,recurrent fall,No,49,86.0
7,0,582,DXPOSINS,Postural instability at diagnosis,2,recurrent fall,Unknown,2,3.5
7,0,582,DXPOSINS,Postural instability at diagnosis,2,recurrent fall,Yes,6,10.5
7,0,582,DXRIGID,Rigidity at diagnosis,0,no fall,No,87,21.9
7,0,582,DXRIGID,Rigidity at diagnosis,0,no fall,Unknown,35,8.8
7,0,582,DXRIGID,Rigidity at diagnosis,0,no fall,Yes,276,69.3
7,0,582,DXRIGID,Rigidity at diagnosis,1,rare fall,No,30,23.6
7,0,582,DXRIGID,Rigidity at diagnosis,1,rare fall,Unknown,5,3.9
7,0,582,DXRIGID,Rigidity at diagnosis,1,rare fall,Yes,92,72.4
7,0,582,DXRIGID,Rigidity at diagnosis,2,recurrent fall,No,16,28.1
7,0,582,DXRIGID,Rigidity at diagnosis,2,recurrent fall,Unknown,2,3.5
7,0,582,DXRIGID,Rigidity at diagnosis,2,recurrent fall,Yes,39,68.4
7,0,582,DOPTHERST,Dopaminergic therapy started,0,no fall,<Missing>,63,15.8
7,0,582,DOPTHERST,Dopaminergic therapy started,0,no fall,No,74,18.6
7,0,582,DOPTHERST,Dopaminergic therapy started,0,no fall,Yes,261,65.6
7,0,582,DOPTHERST,Dopaminergic therapy started,1,rare fall,<Missing>,24,18.9
7,0,582,DOPTHERST,Dopaminergic therapy started,1,rare fall,No,6,4.7
7,0,582,DOPTHERST,Dopaminergic therapy started,1,rare fall,Yes,97,76.4
7,0,582,DOPTHERST,Dopaminergic therapy started,2,recurrent fall,<Missing>,11,19.3
7,0,582,DOPTHERST,Dopaminergic therapy started,2,recurrent fall,No,4,7.0
7,0,582,DOPTHERST,Dopaminergic therapy started,2,recurrent fall,Yes,42,73.7
7,0,582,FEATPOSHYP,Postural hypotension clinical feature,0,no fall,No,265,66.6
7,0,582,FEATPOSHYP,Postural hypotension clinical feature,0,no fall,Uncertain,8,2.0
7,0,582,FEATPOSHYP,Postural hypotension clinical feature,0,no fall,Yes,125,31.4
7,0,582,FEATPOSHYP,Postural hypotension clinical feature,1,rare fall,No,73,57.5
7,0,582,FEATPOSHYP,Postural hypotension clinical feature,1,rare fall,Uncertain,4,3.1
7,0,582,FEATPOSHYP,Postural hypotension clinical feature,1,rare fall,Yes,50,39.4
7,0,582,FEATPOSHYP,Postural hypotension clinical feature,2,recurrent fall,No,30,52.6
7,0,582,FEATPOSHYP,Postural hypotension clinical feature,2,recurrent fall,Uncertain,2,3.5
7,0,582,FEATPOSHYP,Postural hypotension clinical feature,2,recurrent fall,Yes,25,43.9
7,0,582,ANYFAMPD,Family history of Parkinson's disease,0,no fall,<Missing>,18,4.5
7,0,582,ANYFAMPD,Family history of Parkinson's disease,0,no fall,No,237,59.5
7,0,582,ANYFAMPD,Family history of Parkinson's disease,0,no fall,Yes,143,35.9
7,0,582,ANYFAMPD,Family history of Parkinson's disease,1,rare fall,<Missing>,10,7.9
7,0,582,ANYFAMPD,Family history of Parkinson's disease,1,rare fall,No,74,58.3
7,0,582,ANYFAMPD,Family history of Parkinson's disease,1,rare fall,Yes,43,33.9
7,0,582,ANYFAMPD,Family history of Parkinson's disease,2,recurrent fall,<Missing>,4,7.0
7,0,582,ANYFAMPD,Family history of Parkinson's disease,2,recurrent fall,No,24,42.1
7,0,582,ANYFAMPD,Family history of Parkinson's disease,2,recurrent fall,Yes,29,50.9
7,0,582,DXTREMOR,Resting tremor at diagnosis,0,no fall,No,73,18.3
7,0,582,DXTREMOR,Resting tremor at diagnosis,0,no fall,Unknown,9,2.3
7,0,582,DXTREMOR,Resting tremor at diagnosis,0,no fall,Yes,316,79.4
7,0,582,DXTREMOR,Resting tremor at diagnosis,1,rare fall,No,27,21.3
7,0,582,DXTREMOR,Resting tremor at diagnosis,1,rare fall,Unknown,1,0.8
7,0,582,DXTREMOR,Resting tremor at diagnosis,1,rare fall,Yes,99,78.0
7,0,582,DXTREMOR,Resting tremor at diagnosis,2,recurrent fall,No,14,24.6
7,0,582,DXTREMOR,Resting tremor at diagnosis,2,recurrent fall,Unknown,1,1.8
7,0,582,DXTREMOR,Resting tremor at diagnosis,2,recurrent fall,Yes,42,73.7
7,0,582,DXBRADY,Bradykinesia at diagnosis,0,no fall,No,55,13.8
7,0,582,DXBRADY,Bradykinesia at diagnosis,0,no fall,Unknown,25,6.3
7,0,582,DXBRADY,Bradykinesia at diagnosis,0,no fall,Yes,318,79.9
7,0,582,DXBRADY,Bradykinesia at diagnosis,1,rare fall,No,25,19.7
7,0,582,DXBRADY,Bradykinesia at diagnosis,1,rare fall,Unknown,4,3.1
7,0,582,DXBRADY,Bradykinesia at diagnosis,1,rare fall,Yes,98,77.2
7,0,582,DXBRADY,Bradykinesia at diagnosis,2,recurrent fall,No,12,21.1
7,0,582,DXBRADY,Bradykinesia at diagnosis,2,recurrent fall,Unknown,2,3.5
7,0,582,DXBRADY,Bradykinesia at diagnosis,2,recurrent fall,Yes,43,75.4
7,0,582,DOMSIDE,Predominantly affected side at onset,0,no fall,Left,176,44.2
7,0,582,DOMSIDE,Predominantly affected side at onset,0,no fall,Right,211,53.0
7,0,582,DOMSIDE,Predominantly affected side at onset,0,no fall,Symmetric,6,1.5
7,0,582,DOMSIDE,Predominantly affected side at onset,0,no fall,Unknown,5,1.3
7,0,582,DOMSIDE,Predominantly affected side at onset,1,rare fall,Left,58,45.7
7,0,582,DOMSIDE,Predominantly affected side at onset,1,rare fall,Right,65,51.2
7,0,582,DOMSIDE,Predominantly affected side at onset,1,rare fall,Symmetric,3,2.4
7,0,582,DOMSIDE,Predominantly affected side at onset,1,rare fall,Unknown,1,0.8
7,0,582,DOMSIDE,Predominantly affected side at onset,2,recurrent fall,Left,30,52.6
7,0,582,DOMSIDE,Predominantly affected side at onset,2,recurrent fall,Right,24,42.1
7,0,582,DOMSIDE,Predominantly affected side at onset,2,recurrent fall,Symmetric,2,3.5
7,0,582,DOMSIDE,Predominantly affected side at onset,2,recurrent fall,Unknown,1,1.8
7,1,582,DXPOSINS,Postural instability at diagnosis,0,no fall,<Missing>,1,0.3
7,1,582,DXPOSINS,Postural instability at diagnosis,0,no fall,No,339,85.2
7,1,582,DXPOSINS,Postural instability at diagnosis,0,no fall,Unknown,23,5.8
7,1,582,DXPOSINS,Postural instability at diagnosis,0,no fall,Yes,35,8.8
7,1,582,DXPOSINS,Postural instability at diagnosis,1,rare fall,No,107,84.3
7,1,582,DXPOSINS,Postural instability at diagnosis,1,rare fall,Unknown,10,7.9
7,1,582,DXPOSINS,Postural instability at diagnosis,1,rare fall,Yes,10,7.9
7,1,582,DXPOSINS,Postural instability at diagnosis,2,recurrent fall,No,50,87.7
7,1,582,DXPOSINS,Postural instability at diagnosis,2,recurrent fall,Yes,7,12.3
7,1,582,DXRIGID,Rigidity at diagnosis,0,no fall,No,84,21.1
7,1,582,DXRIGID,Rigidity at diagnosis,0,no fall,Unknown,32,8.0
7,1,582,DXRIGID,Rigidity at diagnosis,0,no fall,Yes,282,70.9
7,1,582,DXRIGID,Rigidity at diagnosis,1,rare fall,No,26,20.5
7,1,582,DXRIGID,Rigidity at diagnosis,1,rare fall,Unknown,8,6.3
7,1,582,DXRIGID,Rigidity at diagnosis,1,rare fall,Yes,93,73.2
7,1,582,DXRIGID,Rigidity at diagnosis,2,recurrent fall,No,13,22.8
7,1,582,DXRIGID,Rigidity at diagnosis,2,recurrent fall,Unknown,1,1.8
7,1,582,DXRIGID,Rigidity at diagnosis,2,recurrent fall,Yes,43,75.4
7,1,582,DOPTHERST,Dopaminergic therapy started,0,no fall,<Missing>,66,16.6
7,1,582,DOPTHERST,Dopaminergic therapy started,0,no fall,No,77,19.3
7,1,582,DOPTHERST,Dopaminergic therapy started,0,no fall,Yes,255,64.1
7,1,582,DOPTHERST,Dopaminergic therapy started,1,rare fall,<Missing>,26,20.5
7,1,582,DOPTHERST,Dopaminergic therapy started,1,rare fall,No,12,9.4
7,1,582,DOPTHERST,Dopaminergic therapy started,1,rare fall,Yes,89,70.1
7,1,582,DOPTHERST,Dopaminergic therapy started,2,recurrent fall,<Missing>,17,29.8
7,1,582,DOPTHERST,Dopaminergic therapy started,2,recurrent fall,No,3,5.3
7,1,582,DOPTHERST,Dopaminergic therapy started,2,recurrent fall,Yes,37,64.9
7,1,582,FEATPOSHYP,Postural hypotension clinical feature,0,no fall,No,262,65.8
7,1,582,FEATPOSHYP,Postural hypotension clinical feature,0,no fall,Uncertain,9,2.3
7,1,582,FEATPOSHYP,Postural hypotension clinical feature,0,no fall,Yes,127,31.9
7,1,582,FEATPOSHYP,Postural hypotension clinical feature,1,rare fall,No,77,60.6
7,1,582,FEATPOSHYP,Postural hypotension clinical feature,1,rare fall,Uncertain,2,1.6
7,1,582,FEATPOSHYP,Postural hypotension clinical feature,1,rare fall,Yes,48,37.8
7,1,582,FEATPOSHYP,Postural hypotension clinical feature,2,recurrent fall,No,28,49.1
7,1,582,FEATPOSHYP,Postural hypotension clinical feature,2,recurrent fall,Uncertain,2,3.5
7,1,582,FEATPOSHYP,Postural hypotension clinical feature,2,recurrent fall,Yes,27,47.4
7,1,582,ANYFAMPD,Family history of Parkinson's disease,0,no fall,<Missing>,17,4.3
7,1,582,ANYFAMPD,Family history of Parkinson's disease,0,no fall,No,242,60.8
7,1,582,ANYFAMPD,Family history of Parkinson's disease,0,no fall,Yes,139,34.9
7,1,582,ANYFAMPD,Family history of Parkinson's disease,1,rare fall,<Missing>,11,8.7
7,1,582,ANYFAMPD,Family history of Parkinson's disease,1,rare fall,No,65,51.2
7,1,582,ANYFAMPD,Family history of Parkinson's disease,1,rare fall,Yes,51,40.2
7,1,582,ANYFAMPD,Family history of Parkinson's disease,2,recurrent fall,<Missing>,6,10.5
7,1,582,ANYFAMPD,Family history of Parkinson's disease,2,recurrent fall,No,24,42.1
7,1,582,ANYFAMPD,Family history of Parkinson's disease,2,recurrent fall,Yes,27,47.4
7,1,582,DXTREMOR,Resting tremor at diagnosis,0,no fall,No,85,21.4
7,1,582,DXTREMOR,Resting tremor at diagnosis,0,no fall,Unknown,6,1.5
7,1,582,DXTREMOR,Resting tremor at diagnosis,0,no fall,Yes,307,77.1
7,1,582,DXTREMOR,Resting tremor at diagnosis,1,rare fall,No,27,21.3
7,1,582,DXTREMOR,Resting tremor at diagnosis,1,rare fall,Unknown,2,1.6
7,1,582,DXTREMOR,Resting tremor at diagnosis,1,rare fall,Yes,98,77.2
7,1,582,DXTREMOR,Resting tremor at diagnosis,2,recurrent fall,No,18,31.6
7,1,582,DXTREMOR,Resting tremor at diagnosis,2,recurrent fall,Yes,39,68.4
7,1,582,DXBRADY,Bradykinesia at diagnosis,0,no fall,No,51,12.8
7,1,582,DXBRADY,Bradykinesia at diagnosis,0,no fall,Unknown,24,6.0
7,1,582,DXBRADY,Bradykinesia at diagnosis,0,no fall,Yes,323,81.2
7,1,582,DXBRADY,Bradykinesia at diagnosis,1,rare fall,No,23,18.1
7,1,582,DXBRADY,Bradykinesia at diagnosis,1,rare fall,Unknown,4,3.1
7,1,582,DXBRADY,Bradykinesia at diagnosis,1,rare fall,Yes,100,78.7
7,1,582,DXBRADY,Bradykinesia at diagnosis,2,recurrent fall,No,13,22.8
7,1,582,DXBRADY,Bradykinesia at diagnosis,2,recurrent fall,Yes,44,77.2
7,1,582,DOMSIDE,Predominantly affected side at onset,0,no fall,Left,159,39.9
7,1,582,DOMSIDE,Predominantly affected side at onset,0,no fall,Right,228,57.3
7,1,582,DOMSIDE,Predominantly affected side at onset,0,no fall,Symmetric,8,2.0
7,1,582,DOMSIDE,Predominantly affected side at onset,0,no fall,Unknown,3,0.8
7,1,582,DOMSIDE,Predominantly affected side at onset,1,rare fall,Left,54,42.5
7,1,582,DOMSIDE,Predominantly affected side at onset,1,rare fall,Right,71,55.9
7,1,582,DOMSIDE,Predominantly affected side at onset,1,rare fall,Symmetric,2,1.6
7,1,582,DOMSIDE,Predominantly affected side at onset,2,recurrent fall,Left,31,54.4
7,1,582,DOMSIDE,Predominantly affected side at onset,2,recurrent fall,Right,23,40.4
7,1,582,DOMSIDE,Predominantly affected side at onset,2,recurrent fall,Symmetric,2,3.5
7,1,582,DOMSIDE,Predominantly affected side at onset,2,recurrent fall,Unknown,1,1.8
7,2,582,DXPOSINS,Postural instability at diagnosis,0,no fall,No,338,84.9
7,2,582,DXPOSINS,Postural instability at diagnosis,0,no fall,Unknown,27,6.8
7,2,582,DXPOSINS,Postural instability at diagnosis,0,no fall,Yes,33,8.3
7,2,582,DXPOSINS,Postural instability at diagnosis,1,rare fall,No,102,79.7
7,2,582,DXPOSINS,Postural instability at diagnosis,1,rare fall,Unknown,10,7.8
7,2,582,DXPOSINS,Postural instability at diagnosis,1,rare fall,Yes,16,12.5
7,2,582,DXPOSINS,Postural instability at diagnosis,2,recurrent fall,No,51,91.1
7,2,582,DXPOSINS,Postural instability at diagnosis,2,recurrent fall,Unknown,2,3.6
7,2,582,DXPOSINS,Postural instability at diagnosis,2,recurrent fall,Yes,3,5.4
7,2,582,DXRIGID,Rigidity at diagnosis,0,no fall,No,78,19.6
7,2,582,DXRIGID,Rigidity at diagnosis,0,no fall,Unknown,33,8.3
7,2,582,DXRIGID,Rigidity at diagnosis,0,no fall,Yes,287,72.1
7,2,582,DXRIGID,Rigidity at diagnosis,1,rare fall,No,26,20.3
7,2,582,DXRIGID,Rigidity at diagnosis,1,rare fall,Unknown,7,5.5
7,2,582,DXRIGID,Rigidity at diagnosis,1,rare fall,Yes,95,74.2
7,2,582,DXRIGID,Rigidity at diagnosis,2,recurrent fall,No,13,23.2
7,2,582,DXRIGID,Rigidity at diagnosis,2,recurrent fall,Unknown,2,3.6
7,2,582,DXRIGID,Rigidity at diagnosis,2,recurrent fall,Yes,41,73.2
7,2,582,DOPTHERST,Dopaminergic therapy started,0,no fall,<Missing>,71,17.8
7,2,582,DOPTHERST,Dopaminergic therapy started,0,no fall,No,78,19.6
7,2,582,DOPTHERST,Dopaminergic therapy started,0,no fall,Yes,249,62.6
7,2,582,DOPTHERST,Dopaminergic therapy started,1,rare fall,<Missing>,27,21.1
7,2,582,DOPTHERST,Dopaminergic therapy started,1,rare fall,No,12,9.4
7,2,582,DOPTHERST,Dopaminergic therapy started,1,rare fall,Yes,89,69.5
7,2,582,DOPTHERST,Dopaminergic therapy started,2,recurrent fall,<Missing>,18,32.1
7,2,582,DOPTHERST,Dopaminergic therapy started,2,recurrent fall,No,2,3.6
7,2,582,DOPTHERST,Dopaminergic therapy started,2,recurrent fall,Yes,36,64.3
7,2,582,FEATPOSHYP,Postural hypotension clinical feature,0,no fall,No,256,64.3
7,2,582,FEATPOSHYP,Postural hypotension clinical feature,0,no fall,Uncertain,5,1.3
7,2,582,FEATPOSHYP,Postural hypotension clinical feature,0,no fall,Yes,137,34.4
7,2,582,FEATPOSHYP,Postural hypotension clinical feature,1,rare fall,No,72,56.2
7,2,582,FEATPOSHYP,Postural hypotension clinical feature,1,rare fall,Uncertain,4,3.1
7,2,582,FEATPOSHYP,Postural hypotension clinical feature,1,rare fall,Yes,52,40.6
7,2,582,FEATPOSHYP,Postural hypotension clinical feature,2,recurrent fall,No,26,46.4
7,2,582,FEATPOSHYP,Postural hypotension clinical feature,2,recurrent fall,Uncertain,2,3.6
7,2,582,FEATPOSHYP,Postural hypotension clinical feature,2,recurrent fall,Yes,28,50.0
7,2,582,ANYFAMPD,Family history of Parkinson's disease,0,no fall,<Missing>,18,4.5
7,2,582,ANYFAMPD,Family history of Parkinson's disease,0,no fall,No,234,58.8
7,2,582,ANYFAMPD,Family history of Parkinson's disease,0,no fall,Yes,146,36.7
7,2,582,ANYFAMPD,Family history of Parkinson's disease,1,rare fall,<Missing>,13,10.2
7,2,582,ANYFAMPD,Family history of Parkinson's disease,1,rare fall,No,67,52.3
7,2,582,ANYFAMPD,Family history of Parkinson's disease,1,rare fall,Yes,48,37.5
7,2,582,ANYFAMPD,Family history of Parkinson's disease,2,recurrent fall,<Missing>,6,10.7
7,2,582,ANYFAMPD,Family history of Parkinson's disease,2,recurrent fall,No,22,39.3
7,2,582,ANYFAMPD,Family history of Parkinson's disease,2,recurrent fall,Yes,28,50.0
7,2,582,DXTREMOR,Resting tremor at diagnosis,0,no fall,No,78,19.6
7,2,582,DXTREMOR,Resting tremor at diagnosis,0,no fall,Unknown,6,1.5
7,2,582,DXTREMOR,Resting tremor at diagnosis,0,no fall,Yes,314,78.9
7,2,582,DXTREMOR,Resting tremor at diagnosis,1,rare fall,No,26,20.3
7,2,582,DXTREMOR,Resting tremor at diagnosis,1,rare fall,Unknown,1,0.8
7,2,582,DXTREMOR,Resting tremor at diagnosis,1,rare fall,Yes,101,78.9
7,2,582,DXTREMOR,Resting tremor at diagnosis,2,recurrent fall,No,13,23.2
7,2,582,DXTREMOR,Resting tremor at diagnosis,2,recurrent fall,Unknown,1,1.8
7,2,582,DXTREMOR,Resting tremor at diagnosis,2,recurrent fall,Yes,42,75.0
7,2,582,DXBRADY,Bradykinesia at diagnosis,0,no fall,No,54,13.6
7,2,582,DXBRADY,Bradykinesia at diagnosis,0,no fall,Unknown,20,5.0
7,2,582,DXBRADY,Bradykinesia at diagnosis,0,no fall,Yes,324,81.4
7,2,582,DXBRADY,Bradykinesia at diagnosis,1,rare fall,No,22,17.2
7,2,582,DXBRADY,Bradykinesia at diagnosis,1,rare fall,Unknown,3,2.3
7,2,582,DXBRADY,Bradykinesia at diagnosis,1,rare fall,Yes,103,80.5
7,2,582,DXBRADY,Bradykinesia at diagnosis,2,recurrent fall,No,11,19.6
7,2,582,DXBRADY,Bradykinesia at diagnosis,2,recurrent fall,Unknown,2,3.6
7,2,582,DXBRADY,Bradykinesia at diagnosis,2,recurrent fall,Yes,43,76.8
7,2,582,DOMSIDE,Predominantly affected side at onset,0,no fall,Left,169,42.5
7,2,582,DOMSIDE,Predominantly affected side at onset,0,no fall,Right,218,54.8
7,2,582,DOMSIDE,Predominantly affected side at onset,0,no fall,Symmetric,6,1.5
7,2,582,DOMSIDE,Predominantly affected side at onset,0,no fall,Unknown,5,1.3
7,2,582,DOMSIDE,Predominantly affected side at onset,1,rare fall,Left,57,44.5
7,2,582,DOMSIDE,Predominantly affected side at onset,1,rare fall,Right,67,52.3
7,2,582,DOMSIDE,Predominantly affected side at onset,1,rare fall,Symmetric,3,2.3
7,2,582,DOMSIDE,Predominantly affected side at onset,1,rare fall,Unknown,1,0.8
7,2,582,DOMSIDE,Predominantly affected side at onset,2,recurrent fall,Left,25,44.6
7,2,582,DOMSIDE,Predominantly affected side at onset,2,recurrent fall,Right,27,48.2
7,2,582,DOMSIDE,Predominantly affected side at onset,2,recurrent fall,Symmetric,3,5.4
7,2,582,DOMSIDE,Predominantly affected side at onset,2,recurrent fall,Unknown,1,1.8
7,3,583,DXPOSINS,Postural instability at diagnosis,0,no fall,<Missing>,1,0.3
7,3,583,DXPOSINS,Postural instability at diagnosis,0,no fall,No,337,84.5
7,3,583,DXPOSINS,Postural instability at diagnosis,0,no fall,Unknown,29,7.3
7,3,583,DXPOSINS,Postural instability at diagnosis,0,no fall,Yes,32,8.0
7,3,583,DXPOSINS,Postural instability at diagnosis,1,rare fall,No,105,82.7
7,3,583,DXPOSINS,Postural instability at diagnosis,1,rare fall,Unknown,8,6.3
7,3,583,DXPOSINS,Postural instability at diagnosis,1,rare fall,Yes,14,11.0
7,3,583,DXPOSINS,Postural instability at diagnosis,2,recurrent fall,No,50,87.7
7,3,583,DXPOSINS,Postural instability at diagnosis,2,recurrent fall,Unknown,2,3.5
7,3,583,DXPOSINS,Postural instability at diagnosis,2,recurrent fall,Yes,5,8.8
7,3,583,DXRIGID,Rigidity at diagnosis,0,no fall,No,87,21.8
7,3,583,DXRIGID,Rigidity at diagnosis,0,no fall,Unknown,40,10.0
7,3,583,DXRIGID,Rigidity at diagnosis,0,no fall,Yes,272,68.2
7,3,583,DXRIGID,Rigidity at diagnosis,1,rare fall,No,27,21.3
7,3,583,DXRIGID,Rigidity at diagnosis,1,rare fall,Unknown,5,3.9
7,3,583,DXRIGID,Rigidity at diagnosis,1,rare fall,Yes,95,74.8
7,3,583,DXRIGID,Rigidity at diagnosis,2,recurrent fall,No,13,22.8
7,3,583,DXRIGID,Rigidity at diagnosis,2,recurrent fall,Unknown,1,1.8
7,3,583,DXRIGID,Rigidity at diagnosis,2,recurrent fall,Yes,43,75.4
7,3,583,DOPTHERST,Dopaminergic therapy started,0,no fall,<Missing>,74,18.5
7,3,583,DOPTHERST,Dopaminergic therapy started,0,no fall,No,76,19.0
7,3,583,DOPTHERST,Dopaminergic therapy started,0,no fall,Yes,249,62.4
7,3,583,DOPTHERST,Dopaminergic therapy started,1,rare fall,<Missing>,27,21.3
7,3,583,DOPTHERST,Dopaminergic therapy started,1,rare fall,No,13,10.2
7,3,583,DOPTHERST,Dopaminergic therapy started,1,rare fall,Yes,87,68.5
7,3,583,DOPTHERST,Dopaminergic therapy started,2,recurrent fall,<Missing>,17,29.8
7,3,583,DOPTHERST,Dopaminergic therapy started,2,recurrent fall,No,3,5.3
7,3,583,DOPTHERST,Dopaminergic therapy started,2,recurrent fall,Yes,37,64.9
7,3,583,FEATPOSHYP,Postural hypotension clinical feature,0,no fall,No,268,67.2
7,3,583,FEATPOSHYP,Postural hypotension clinical feature,0,no fall,Uncertain,7,1.8
7,3,583,FEATPOSHYP,Postural hypotension clinical feature,0,no fall,Yes,124,31.1
7,3,583,FEATPOSHYP,Postural hypotension clinical feature,1,rare fall,No,76,59.8
7,3,583,FEATPOSHYP,Postural hypotension clinical feature,1,rare fall,Uncertain,3,2.4
7,3,583,FEATPOSHYP,Postural hypotension clinical feature,1,rare fall,Yes,48,37.8
7,3,583,FEATPOSHYP,Postural hypotension clinical feature,2,recurrent fall,No,28,49.1
7,3,583,FEATPOSHYP,Postural hypotension clinical feature,2,recurrent fall,Uncertain,1,1.8
7,3,583,FEATPOSHYP,Postural hypotension clinical feature,2,recurrent fall,Yes,28,49.1
7,3,583,ANYFAMPD,Family history of Parkinson's disease,0,no fall,<Missing>,17,4.3
7,3,583,ANYFAMPD,Family history of Parkinson's disease,0,no fall,No,243,60.9
7,3,583,ANYFAMPD,Family history of Parkinson's disease,0,no fall,Yes,139,34.8
7,3,583,ANYFAMPD,Family history of Parkinson's disease,1,rare fall,<Missing>,12,9.4
7,3,583,ANYFAMPD,Family history of Parkinson's disease,1,rare fall,No,72,56.7
7,3,583,ANYFAMPD,Family history of Parkinson's disease,1,rare fall,Yes,43,33.9
7,3,583,ANYFAMPD,Family history of Parkinson's disease,2,recurrent fall,<Missing>,7,12.3
7,3,583,ANYFAMPD,Family history of Parkinson's disease,2,recurrent fall,No,19,33.3
7,3,583,ANYFAMPD,Family history of Parkinson's disease,2,recurrent fall,Yes,31,54.4
7,3,583,DXTREMOR,Resting tremor at diagnosis,0,no fall,No,82,20.6
7,3,583,DXTREMOR,Resting tremor at diagnosis,0,no fall,Unknown,7,1.8
7,3,583,DXTREMOR,Resting tremor at diagnosis,0,no fall,Yes,310,77.7
7,3,583,DXTREMOR,Resting tremor at diagnosis,1,rare fall,No,27,21.3
7,3,583,DXTREMOR,Resting tremor at diagnosis,1,rare fall,Unknown,2,1.6
7,3,583,DXTREMOR,Resting tremor at diagnosis,1,rare fall,Yes,98,77.2
7,3,583,DXTREMOR,Resting tremor at diagnosis,2,recurrent fall,No,14,24.6
7,3,583,DXTREMOR,Resting tremor at diagnosis,2,recurrent fall,Unknown,1,1.8
7,3,583,DXTREMOR,Resting tremor at diagnosis,2,recurrent fall,Yes,42,73.7
7,3,583,DXBRADY,Bradykinesia at diagnosis,0,no fall,No,51,12.8
7,3,583,DXBRADY,Bradykinesia at diagnosis,0,no fall,Unknown,28,7.0
7,3,583,DXBRADY,Bradykinesia at diagnosis,0,no fall,Yes,320,80.2
7,3,583,DXBRADY,Bradykinesia at diagnosis,1,rare fall,No,15,11.8
7,3,583,DXBRADY,Bradykinesia at diagnosis,1,rare fall,Unknown,2,1.6
7,3,583,DXBRADY,Bradykinesia at diagnosis,1,rare fall,Yes,110,86.6
7,3,583,DXBRADY,Bradykinesia at diagnosis,2,recurrent fall,No,12,21.1
7,3,583,DXBRADY,Bradykinesia at diagnosis,2,recurrent fall,Unknown,2,3.5
7,3,583,DXBRADY,Bradykinesia at diagnosis,2,recurrent fall,Yes,43,75.4
7,3,583,DOMSIDE,Predominantly affected side at onset,0,no fall,Left,174,43.6
7,3,583,DOMSIDE,Predominantly affected side at onset,0,no fall,Right,216,54.1
7,3,583,DOMSIDE,Predominantly affected side at onset,0,no fall,Symmetric,6,1.5
7,3,583,DOMSIDE,Predominantly affected side at onset,0,no fall,Unknown,3,0.8
7,3,583,DOMSIDE,Predominantly affected side at onset,1,rare fall,Left,56,44.1
7,3,583,DOMSIDE,Predominantly affected side at onset,1,rare fall,Right,69,54.3
7,3,583,DOMSIDE,Predominantly affected side at onset,1,rare fall,Symmetric,1,0.8
7,3,583,DOMSIDE,Predominantly affected side at onset,1,rare fall,Unknown,1,0.8
7,3,583,DOMSIDE,Predominantly affected side at onset,2,recurrent fall,Left,27,47.4
7,3,583,DOMSIDE,Predominantly affected side at onset,2,recurrent fall,Right,27,47.4
7,3,583,DOMSIDE,Predominantly affected side at onset,2,recurrent fall,Symmetric,3,5.3
7,4,583,DXPOSINS,Postural instability at diagnosis,0,no fall,<Missing>,1,0.3
7,4,583,DXPOSINS,Postural instability at diagnosis,0,no fall,No,338,84.7
7,4,583,DXPOSINS,Postural instability at diagnosis,0,no fall,Unknown,28,7.0
7,4,583,DXPOSINS,Postural instability at diagnosis,0,no fall,Yes,32,8.0
7,4,583,DXPOSINS,Postural instability at diagnosis,1,rare fall,No,107,84.3
7,4,583,DXPOSINS,Postural instability at diagnosis,1,rare fall,Unknown,7,5.5
7,4,583,DXPOSINS,Postural instability at diagnosis,1,rare fall,Yes,13,10.2
7,4,583,DXPOSINS,Postural instability at diagnosis,2,recurrent fall,No,48,84.2
7,4,583,DXPOSINS,Postural instability at diagnosis,2,recurrent fall,Unknown,2,3.5
7,4,583,DXPOSINS,Postural instability at diagnosis,2,recurrent fall,Yes,7,12.3
7,4,583,DXRIGID,Rigidity at diagnosis,0,no fall,No,76,19.0
7,4,583,DXRIGID,Rigidity at diagnosis,0,no fall,Unknown,36,9.0
7,4,583,DXRIGID,Rigidity at diagnosis,0,no fall,Yes,287,71.9
7,4,583,DXRIGID,Rigidity at diagnosis,1,rare fall,No,27,21.3
7,4,583,DXRIGID,Rigidity at diagnosis,1,rare fall,Unknown,7,5.5
7,4,583,DXRIGID,Rigidity at diagnosis,1,rare fall,Yes,93,73.2
7,4,583,DXRIGID,Rigidity at diagnosis,2,recurrent fall,No,13,22.8
7,4,583,DXRIGID,Rigidity at diagnosis,2,recurrent fall,Unknown,2,3.5
7,4,583,DXRIGID,Rigidity at diagnosis,2,recurrent fall,Yes,42,73.7
7,4,583,DOPTHERST,Dopaminergic therapy started,0,no fall,<Missing>,66,16.5
7,4,583,DOPTHERST,Dopaminergic therapy started,0,no fall,No,71,17.8
7,4,583,DOPTHERST,Dopaminergic therapy started,0,no fall,Yes,262,65.7
7,4,583,DOPTHERST,Dopaminergic therapy started,1,rare fall,<Missing>,24,18.9
7,4,583,DOPTHERST,Dopaminergic therapy started,1,rare fall,No,13,10.2
7,4,583,DOPTHERST,Dopaminergic therapy started,1,rare fall,Yes,90,70.9
7,4,583,DOPTHERST,Dopaminergic therapy started,2,recurrent fall,<Missing>,17,29.8
7,4,583,DOPTHERST,Dopaminergic therapy started,2,recurrent fall,No,4,7.0
7,4,583,DOPTHERST,Dopaminergic therapy started,2,recurrent fall,Yes,36,63.2
7,4,583,FEATPOSHYP,Postural hypotension clinical feature,0,no fall,No,253,63.4
7,4,583,FEATPOSHYP,Postural hypotension clinical feature,0,no fall,Uncertain,7,1.8
7,4,583,FEATPOSHYP,Postural hypotension clinical feature,0,no fall,Yes,139,34.8
7,4,583,FEATPOSHYP,Postural hypotension clinical feature,1,rare fall,No,78,61.4
7,4,583,FEATPOSHYP,Postural hypotension clinical feature,1,rare fall,Uncertain,3,2.4
7,4,583,FEATPOSHYP,Postural hypotension clinical feature,1,rare fall,Yes,46,36.2
7,4,583,FEATPOSHYP,Postural hypotension clinical feature,2,recurrent fall,No,28,49.1
7,4,583,FEATPOSHYP,Postural hypotension clinical feature,2,recurrent fall,Uncertain,1,1.8
7,4,583,FEATPOSHYP,Postural hypotension clinical feature,2,recurrent fall,Yes,28,49.1
7,4,583,ANYFAMPD,Family history of Parkinson's disease,0,no fall,<Missing>,18,4.5
7,4,583,ANYFAMPD,Family history of Parkinson's disease,0,no fall,No,240,60.2
7,4,583,ANYFAMPD,Family history of Parkinson's disease,0,no fall,Yes,141,35.3
7,4,583,ANYFAMPD,Family history of Parkinson's disease,1,rare fall,<Missing>,10,7.9
7,4,583,ANYFAMPD,Family history of Parkinson's disease,1,rare fall,No,70,55.1
7,4,583,ANYFAMPD,Family history of Parkinson's disease,1,rare fall,Yes,47,37.0
7,4,583,ANYFAMPD,Family history of Parkinson's disease,2,recurrent fall,<Missing>,5,8.8
7,4,583,ANYFAMPD,Family history of Parkinson's disease,2,recurrent fall,No,23,40.4
7,4,583,ANYFAMPD,Family history of Parkinson's disease,2,recurrent fall,Yes,29,50.9
7,4,583,DXTREMOR,Resting tremor at diagnosis,0,no fall,No,82,20.6
7,4,583,DXTREMOR,Resting tremor at diagnosis,0,no fall,Unknown,8,2.0
7,4,583,DXTREMOR,Resting tremor at diagnosis,0,no fall,Yes,309,77.4
7,4,583,DXTREMOR,Resting tremor at diagnosis,1,rare fall,No,25,19.7
7,4,583,DXTREMOR,Resting tremor at diagnosis,1,rare fall,Unknown,2,1.6
7,4,583,DXTREMOR,Resting tremor at diagnosis,1,rare fall,Yes,100,78.7
7,4,583,DXTREMOR,Resting tremor at diagnosis,2,recurrent fall,No,17,29.8
7,4,583,DXTREMOR,Resting tremor at diagnosis,2,recurrent fall,Unknown,1,1.8
7,4,583,DXTREMOR,Resting tremor at diagnosis,2,recurrent fall,Yes,39,68.4
7,4,583,DXBRADY,Bradykinesia at diagnosis,0,no fall,No,49,12.3
7,4,583,DXBRADY,Bradykinesia at diagnosis,0,no fall,Unknown,27,6.8
7,4,583,DXBRADY,Bradykinesia at diagnosis,0,no fall,Yes,323,81.0
7,4,583,DXBRADY,Bradykinesia at diagnosis,1,rare fall,No,23,18.1
7,4,583,DXBRADY,Bradykinesia at diagnosis,1,rare fall,Unknown,3,2.4
7,4,583,DXBRADY,Bradykinesia at diagnosis,1,rare fall,Yes,101,79.5
7,4,583,DXBRADY,Bradykinesia at diagnosis,2,recurrent fall,No,12,21.1
7,4,583,DXBRADY,Bradykinesia at diagnosis,2,recurrent fall,Unknown,2,3.5
7,4,583,DXBRADY,Bradykinesia at diagnosis,2,recurrent fall,Yes,43,75.4
7,4,583,DOMSIDE,Predominantly affected side at onset,0,no fall,Left,170,42.6
7,4,583,DOMSIDE,Predominantly affected side at onset,0,no fall,Right,219,54.9
7,4,583,DOMSIDE,Predominantly affected side at onset,0,no fall,Symmetric,6,1.5
7,4,583,DOMSIDE,Predominantly affected side at onset,0,no fall,Unknown,4,1.0
7,4,583,DOMSIDE,Predominantly affected side at onset,1,rare fall,Left,59,46.5
7,4,583,DOMSIDE,Predominantly affected side at onset,1,rare fall,Right,64,50.4
7,4,583,DOMSIDE,Predominantly affected side at onset,1,rare fall,Symmetric,3,2.4
7,4,583,DOMSIDE,Predominantly affected side at onset,1,rare fall,Unknown,1,0.8
7,4,583,DOMSIDE,Predominantly affected side at onset,2,recurrent fall,Left,31,54.4
7,4,583,DOMSIDE,Predominantly affected side at onset,2,recurrent fall,Right,23,40.4
7,4,583,DOMSIDE,Predominantly affected side at onset,2,recurrent fall,Symmetric,2,3.5
7,4,583,DOMSIDE,Predominantly affected side at onset,2,recurrent fall,Unknown,1,1.8
8,0,582,DXPOSINS,Postural instability at diagnosis,0,no fall,No,331,83.2
8,0,582,DXPOSINS,Postural instability at diagnosis,0,no fall,Unknown,30,7.5
8,0,582,DXPOSINS,Postural instability at diagnosis,0,no fall,Yes,37,9.3
8,0,582,DXPOSINS,Postural instability at diagnosis,1,rare fall,No,107,84.3
8,0,582,DXPOSINS,Postural instability at diagnosis,1,rare fall,Unknown,6,4.7
8,0,582,DXPOSINS,Postural instability at diagnosis,1,rare fall,Yes,14,11.0
8,0,582,DXPOSINS,Postural instability at diagnosis,2,recurrent fall,No,52,91.2
8,0,582,DXPOSINS,Postural instability at diagnosis,2,recurrent fall,Unknown,1,1.8
8,0,582,DXPOSINS,Postural instability at diagnosis,2,recurrent fall,Yes,4,7.0
8,0,582,DXRIGID,Rigidity at diagnosis,0,no fall,No,80,20.1
8,0,582,DXRIGID,Rigidity at diagnosis,0,no fall,Unknown,38,9.5
8,0,582,DXRIGID,Rigidity at diagnosis,0,no fall,Yes,280,70.4
8,0,582,DXRIGID,Rigidity at diagnosis,1,rare fall,No,30,23.6
8,0,582,DXRIGID,Rigidity at diagnosis,1,rare fall,Unknown,7,5.5
8,0,582,DXRIGID,Rigidity at diagnosis,1,rare fall,Yes,90,70.9
8,0,582,DXRIGID,Rigidity at diagnosis,2,recurrent fall,No,13,22.8
8,0,582,DXRIGID,Rigidity at diagnosis,2,recurrent fall,Unknown,2,3.5
8,0,582,DXRIGID,Rigidity at diagnosis,2,recurrent fall,Yes,42,73.7
8,0,582,DOPTHERST,Dopaminergic therapy started,0,no fall,<Missing>,77,19.3
8,0,582,DOPTHERST,Dopaminergic therapy started,0,no fall,No,65,16.3
8,0,582,DOPTHERST,Dopaminergic therapy started,0,no fall,Yes,256,64.3
8,0,582,DOPTHERST,Dopaminergic therapy started,1,rare fall,<Missing>,24,18.9
8,0,582,DOPTHERST,Dopaminergic therapy started,1,rare fall,No,9,7.1
8,0,582,DOPTHERST,Dopaminergic therapy started,1,rare fall,Yes,94,74.0
8,0,582,DOPTHERST,Dopaminergic therapy started,2,recurrent fall,<Missing>,13,22.8
8,0,582,DOPTHERST,Dopaminergic therapy started,2,recurrent fall,No,3,5.3
8,0,582,DOPTHERST,Dopaminergic therapy started,2,recurrent fall,Yes,41,71.9
8,0,582,FEATPOSHYP,Postural hypotension clinical feature,0,no fall,No,257,64.6
8,0,582,FEATPOSHYP,Postural hypotension clinical feature,0,no fall,Uncertain,9,2.3
8,0,582,FEATPOSHYP,Postural hypotension clinical feature,0,no fall,Yes,132,33.2
8,0,582,FEATPOSHYP,Postural hypotension clinical feature,1,rare fall,No,75,59.1
8,0,582,FEATPOSHYP,Postural hypotension clinical feature,1,rare fall,Uncertain,2,1.6
8,0,582,FEATPOSHYP,Postural hypotension clinical feature,1,rare fall,Yes,50,39.4
8,0,582,FEATPOSHYP,Postural hypotension clinical feature,2,recurrent fall,No,30,52.6
8,0,582,FEATPOSHYP,Postural hypotension clinical feature,2,recurrent fall,Uncertain,1,1.8
8,0,582,FEATPOSHYP,Postural hypotension clinical feature,2,recurrent fall,Yes,26,45.6
8,0,582,ANYFAMPD,Family history of Parkinson's disease,0,no fall,<Missing>,19,4.8
8,0,582,ANYFAMPD,Family history of Parkinson's disease,0,no fall,No,232,58.3
8,0,582,ANYFAMPD,Family history of Parkinson's disease,0,no fall,Yes,147,36.9
8,0,582,ANYFAMPD,Family history of Parkinson's disease,1,rare fall,<Missing>,9,7.1
8,0,582,ANYFAMPD,Family history of Parkinson's disease,1,rare fall,No,75,59.1
8,0,582,ANYFAMPD,Family history of Parkinson's disease,1,rare fall,Yes,43,33.9
8,0,582,ANYFAMPD,Family history of Parkinson's disease,2,recurrent fall,<Missing>,8,14.0
8,0,582,ANYFAMPD,Family history of Parkinson's disease,2,recurrent fall,No,23,40.4
8,0,582,ANYFAMPD,Family history of Parkinson's disease,2,recurrent fall,Yes,26,45.6
8,0,582,DXTREMOR,Resting tremor at diagnosis,0,no fall,No,81,20.4
8,0,582,DXTREMOR,Resting tremor at diagnosis,0,no fall,Unknown,11,2.8
8,0,582,DXTREMOR,Resting tremor at diagnosis,0,no fall,Yes,306,76.9
8,0,582,DXTREMOR,Resting tremor at diagnosis,1,rare fall,No,28,22.0
8,0,582,DXTREMOR,Resting tremor at diagnosis,1,rare fall,Unknown,3,2.4
8,0,582,DXTREMOR,Resting tremor at diagnosis,1,rare fall,Yes,96,75.6
8,0,582,DXTREMOR,Resting tremor at diagnosis,2,recurrent fall,No,14,24.6
8,0,582,DXTREMOR,Resting tremor at diagnosis,2,recurrent fall,Yes,43,75.4
8,0,582,DXBRADY,Bradykinesia at diagnosis,0,no fall,No,54,13.6
8,0,582,DXBRADY,Bradykinesia at diagnosis,0,no fall,Unknown,21,5.3
8,0,582,DXBRADY,Bradykinesia at diagnosis,0,no fall,Yes,323,81.2
8,0,582,DXBRADY,Bradykinesia at diagnosis,1,rare fall,No,24,18.9
8,0,582,DXBRADY,Bradykinesia at diagnosis,1,rare fall,Unknown,3,2.4
8,0,582,DXBRADY,Bradykinesia at diagnosis,1,rare fall,Yes,100,78.7
8,0,582,DXBRADY,Bradykinesia at diagnosis,2,recurrent fall,No,9,15.8
8,0,582,DXBRADY,Bradykinesia at diagnosis,2,recurrent fall,Unknown,2,3.5
8,0,582,DXBRADY,Bradykinesia at diagnosis,2,recurrent fall,Yes,46,80.7
8,0,582,DOMSIDE,Predominantly affected side at onset,0,no fall,Left,181,45.5
8,0,582,DOMSIDE,Predominantly affected side at onset,0,no fall,Right,208,52.3
8,0,582,DOMSIDE,Predominantly affected side at onset,0,no fall,Symmetric,6,1.5
8,0,582,DOMSIDE,Predominantly affected side at onset,0,no fall,Unknown,3,0.8
8,0,582,DOMSIDE,Predominantly affected side at onset,1,rare fall,Left,56,44.1
8,0,582,DOMSIDE,Predominantly affected side at onset,1,rare fall,Right,69,54.3
8,0,582,DOMSIDE,Predominantly affected side at onset,1,rare fall,Symmetric,2,1.6
8,0,582,DOMSIDE,Predominantly affected side at onset,2,recurrent fall,Left,20,35.1
8,0,582,DOMSIDE,Predominantly affected side at onset,2,recurrent fall,Right,34,59.6
8,0,582,DOMSIDE,Predominantly affected side at onset,2,recurrent fall,Symmetric,1,1.8
8,0,582,DOMSIDE,Predominantly affected side at onset,2,recurrent fall,Unknown,2,3.5
8,1,582,DXPOSINS,Postural instability at diagnosis,0,no fall,No,337,84.7
8,1,582,DXPOSINS,Postural instability at diagnosis,0,no fall,Unknown,25,6.3
8,1,582,DXPOSINS,Postural instability at diagnosis,0,no fall,Yes,36,9.0
8,1,582,DXPOSINS,Postural instability at diagnosis,1,rare fall,No,108,85.0
8,1,582,DXPOSINS,Postural instability at diagnosis,1,rare fall,Unknown,4,3.1
8,1,582,DXPOSINS,Postural instability at diagnosis,1,rare fall,Yes,15,11.8
8,1,582,DXPOSINS,Postural instability at diagnosis,2,recurrent fall,No,50,87.7
8,1,582,DXPOSINS,Postural instability at diagnosis,2,recurrent fall,Yes,7,12.3
8,1,582,DXRIGID,Rigidity at diagnosis,0,no fall,No,85,21.4
8,1,582,DXRIGID,Rigidity at diagnosis,0,no fall,Unknown,36,9.0
8,1,582,DXRIGID,Rigidity at diagnosis,0,no fall,Yes,277,69.6
8,1,582,DXRIGID,Rigidity at diagnosis,1,rare fall,No,33,26.0
8,1,582,DXRIGID,Rigidity at diagnosis,1,rare fall,Unknown,4,3.1
8,1,582,DXRIGID,Rigidity at diagnosis,1,rare fall,Yes,90,70.9
8,1,582,DXRIGID,Rigidity at diagnosis,2,recurrent fall,No,13,22.8
8,1,582,DXRIGID,Rigidity at diagnosis,2,recurrent fall,Unknown,2,3.5
8,1,582,DXRIGID,Rigidity at diagnosis,2,recurrent fall,Yes,42,73.7
8,1,582,DOPTHERST,Dopaminergic therapy started,0,no fall,<Missing>,75,18.8
8,1,582,DOPTHERST,Dopaminergic therapy started,0,no fall,No,67,16.8
8,1,582,DOPTHERST,Dopaminergic therapy started,0,no fall,Yes,256,64.3
8,1,582,DOPTHERST,Dopaminergic therapy started,1,rare fall,<Missing>,27,21.3
8,1,582,DOPTHERST,Dopaminergic therapy started,1,rare fall,No,8,6.3
8,1,582,DOPTHERST,Dopaminergic therapy started,1,rare fall,Yes,92,72.4
8,1,582,DOPTHERST,Dopaminergic therapy started,2,recurrent fall,<Missing>,15,26.3
8,1,582,DOPTHERST,Dopaminergic therapy started,2,recurrent fall,No,4,7.0
8,1,582,DOPTHERST,Dopaminergic therapy started,2,recurrent fall,Yes,38,66.7
8,1,582,FEATPOSHYP,Postural hypotension clinical feature,0,no fall,No,266,66.8
8,1,582,FEATPOSHYP,Postural hypotension clinical feature,0,no fall,Uncertain,8,2.0
8,1,582,FEATPOSHYP,Postural hypotension clinical feature,0,no fall,Yes,124,31.2
8,1,582,FEATPOSHYP,Postural hypotension clinical feature,1,rare fall,No,74,58.3
8,1,582,FEATPOSHYP,Postural hypotension clinical feature,1,rare fall,Uncertain,4,3.1
8,1,582,FEATPOSHYP,Postural hypotension clinical feature,1,rare fall,Yes,49,38.6
8,1,582,FEATPOSHYP,Postural hypotension clinical feature,2,recurrent fall,No,24,42.1
8,1,582,FEATPOSHYP,Postural hypotension clinical feature,2,recurrent fall,Yes,33,57.9
8,1,582,ANYFAMPD,Family history of Parkinson's disease,0,no fall,<Missing>,17,4.3
8,1,582,ANYFAMPD,Family history of Parkinson's disease,0,no fall,No,238,59.8
8,1,582,ANYFAMPD,Family history of Parkinson's disease,0,no fall,Yes,143,35.9
8,1,582,ANYFAMPD,Family history of Parkinson's disease,1,rare fall,<Missing>,11,8.7
8,1,582,ANYFAMPD,Family history of Parkinson's disease,1,rare fall,No,73,57.5
8,1,582,ANYFAMPD,Family history of Parkinson's disease,1,rare fall,Yes,43,33.9
8,1,582,ANYFAMPD,Family history of Parkinson's disease,2,recurrent fall,<Missing>,6,10.5
8,1,582,ANYFAMPD,Family history of Parkinson's disease,2,recurrent fall,No,24,42.1
8,1,582,ANYFAMPD,Family history of Parkinson's disease,2,recurrent fall,Yes,27,47.4
8,1,582,DXTREMOR,Resting tremor at diagnosis,0,no fall,No,79,19.8
8,1,582,DXTREMOR,Resting tremor at diagnosis,0,no fall,Unknown,11,2.8
8,1,582,DXTREMOR,Resting tremor at diagnosis,0,no fall,Yes,308,77.4
8,1,582,DXTREMOR,Resting tremor at diagnosis,1,rare fall,No,25,19.7
8,1,582,DXTREMOR,Resting tremor at diagnosis,1,rare fall,Unknown,1,0.8
8,1,582,DXTREMOR,Resting tremor at diagnosis,1,rare fall,Yes,101,79.5
8,1,582,DXTREMOR,Resting tremor at diagnosis,2,recurrent fall,No,13,22.8
8,1,582,DXTREMOR,Resting tremor at diagnosis,2,recurrent fall,Yes,44,77.2
8,1,582,DXBRADY,Bradykinesia at diagnosis,0,no fall,No,51,12.8
8,1,582,DXBRADY,Bradykinesia at diagnosis,0,no fall,Unknown,25,6.3
8,1,582,DXBRADY,Bradykinesia at diagnosis,0,no fall,Yes,322,80.9
8,1,582,DXBRADY,Bradykinesia at diagnosis,1,rare fall,No,25,19.7
8,1,582,DXBRADY,Bradykinesia at diagnosis,1,rare fall,Unknown,3,2.4
8,1,582,DXBRADY,Bradykinesia at diagnosis,1,rare fall,Yes,99,78.0
8,1,582,DXBRADY,Bradykinesia at diagnosis,2,recurrent fall,No,11,19.3
8,1,582,DXBRADY,Bradykinesia at diagnosis,2,recurrent fall,Unknown,2,3.5
8,1,582,DXBRADY,Bradykinesia at diagnosis,2,recurrent fall,Yes,44,77.2
8,1,582,DOMSIDE,Predominantly affected side at onset,0,no fall,Left,165,41.5
8,1,582,DOMSIDE,Predominantly affected side at onset,0,no fall,Right,222,55.8
8,1,582,DOMSIDE,Predominantly affected side at onset,0,no fall,Symmetric,7,1.8
8,1,582,DOMSIDE,Predominantly affected side at onset,0,no fall,Unknown,4,1.0
8,1,582,DOMSIDE,Predominantly affected side at onset,1,rare fall,Left,54,42.5
8,1,582,DOMSIDE,Predominantly affected side at onset,1,rare fall,Right,72,56.7
8,1,582,DOMSIDE,Predominantly affected side at onset,1,rare fall,Symmetric,1,0.8
8,1,582,DOMSIDE,Predominantly affected side at onset,2,recurrent fall,Left,24,42.1
8,1,582,DOMSIDE,Predominantly affected side at onset,2,recurrent fall,Right,32,56.1
8,1,582,DOMSIDE,Predominantly affected side at onset,2,recurrent fall,Symmetric,1,1.8
8,2,582,DXPOSINS,Postural instability at diagnosis,0,no fall,No,336,84.2
8,2,582,DXPOSINS,Postural instability at diagnosis,0,no fall,Unknown,31,7.8
8,2,582,DXPOSINS,Postural instability at diagnosis,0,no fall,Yes,32,8.0
8,2,582,DXPOSINS,Postural instability at diagnosis,1,rare fall,No,106,83.5
8,2,582,DXPOSINS,Postural instability at diagnosis,1,rare fall,Unknown,8,6.3
8,2,582,DXPOSINS,Postural instability at diagnosis,1,rare fall,Yes,13,10.2
8,2,582,DXPOSINS,Postural instability at diagnosis,2,recurrent fall,No,47,83.9
8,2,582,DXPOSINS,Postural instability at diagnosis,2,recurrent fall,Unknown,1,1.8
8,2,582,DXPOSINS,Postural instability at diagnosis,2,recurrent fall,Yes,8,14.3
8,2,582,DXRIGID,Rigidity at diagnosis,0,no fall,No,83,20.8
8,2,582,DXRIGID,Rigidity at diagnosis,0,no fall,Unknown,36,9.0
8,2,582,DXRIGID,Rigidity at diagnosis,0,no fall,Yes,280,70.2
8,2,582,DXRIGID,Rigidity at diagnosis,1,rare fall,No,29,22.8
8,2,582,DXRIGID,Rigidity at diagnosis,1,rare fall,Unknown,8,6.3
8,2,582,DXRIGID,Rigidity at diagnosis,1,rare fall,Yes,90,70.9
8,2,582,DXRIGID,Rigidity at diagnosis,2,recurrent fall,No,12,21.4
8,2,582,DXRIGID,Rigidity at diagnosis,2,recurrent fall,Unknown,1,1.8
8,2,582,DXRIGID,Rigidity at diagnosis,2,recurrent fall,Yes,43,76.8
8,2,582,DOPTHERST,Dopaminergic therapy started,0,no fall,<Missing>,75,18.8
8,2,582,DOPTHERST,Dopaminergic therapy started,0,no fall,No,64,16.0
8,2,582,DOPTHERST,Dopaminergic therapy started,0,no fall,Yes,260,65.2
8,2,582,DOPTHERST,Dopaminergic therapy started,1,rare fall,<Missing>,25,19.7
8,2,582,DOPTHERST,Dopaminergic therapy started,1,rare fall,No,11,8.7
8,2,582,DOPTHERST,Dopaminergic therapy started,1,rare fall,Yes,91,71.7
8,2,582,DOPTHERST,Dopaminergic therapy started,2,recurrent fall,<Missing>,14,25.0
8,2,582,DOPTHERST,Dopaminergic therapy started,2,recurrent fall,No,2,3.6
8,2,582,DOPTHERST,Dopaminergic therapy started,2,recurrent fall,Yes,40,71.4
8,2,582,FEATPOSHYP,Postural hypotension clinical feature,0,no fall,No,264,66.2
8,2,582,FEATPOSHYP,Postural hypotension clinical feature,0,no fall,Uncertain,8,2.0
8,2,582,FEATPOSHYP,Postural hypotension clinical feature,0,no fall,Yes,127,31.8
8,2,582,FEATPOSHYP,Postural hypotension clinical feature,1,rare fall,No,76,59.8
8,2,582,FEATPOSHYP,Postural hypotension clinical feature,1,rare fall,Uncertain,3,2.4
8,2,582,FEATPOSHYP,Postural hypotension clinical feature,1,rare fall,Yes,48,37.8
8,2,582,FEATPOSHYP,Postural hypotension clinical feature,2,recurrent fall,No,23,41.1
8,2,582,FEATPOSHYP,Postural hypotension clinical feature,2,recurrent fall,Uncertain,1,1.8
8,2,582,FEATPOSHYP,Postural hypotension clinical feature,2,recurrent fall,Yes,32,57.1
8,2,582,ANYFAMPD,Family history of Parkinson's disease,0,no fall,<Missing>,17,4.3
8,2,582,ANYFAMPD,Family history of Parkinson's disease,0,no fall,No,241,60.4
8,2,582,ANYFAMPD,Family history of Parkinson's disease,0,no fall,Yes,141,35.3
8,2,582,ANYFAMPD,Family history of Parkinson's disease,1,rare fall,<Missing>,11,8.7
8,2,582,ANYFAMPD,Family history of Parkinson's disease,1,rare fall,No,76,59.8
8,2,582,ANYFAMPD,Family history of Parkinson's disease,1,rare fall,Yes,40,31.5
8,2,582,ANYFAMPD,Family history of Parkinson's disease,2,recurrent fall,<Missing>,5,8.9
8,2,582,ANYFAMPD,Family history of Parkinson's disease,2,recurrent fall,No,24,42.9
8,2,582,ANYFAMPD,Family history of Parkinson's disease,2,recurrent fall,Yes,27,48.2
8,2,582,DXTREMOR,Resting tremor at diagnosis,0,no fall,No,80,20.1
8,2,582,DXTREMOR,Resting tremor at diagnosis,0,no fall,Unknown,11,2.8
8,2,582,DXTREMOR,Resting tremor at diagnosis,0,no fall,Yes,308,77.2
8,2,582,DXTREMOR,Resting tremor at diagnosis,1,rare fall,No,29,22.8
8,2,582,DXTREMOR,Resting tremor at diagnosis,1,rare fall,Unknown,3,2.4
8,2,582,DXTREMOR,Resting tremor at diagnosis,1,rare fall,Yes,95,74.8
8,2,582,DXTREMOR,Resting tremor at diagnosis,2,recurrent fall,No,14,25.0
8,2,582,DXTREMOR,Resting tremor at diagnosis,2,recurrent fall,Yes,42,75.0
8,2,582,DXBRADY,Bradykinesia at diagnosis,0,no fall,No,49,12.3
8,2,582,DXBRADY,Bradykinesia at diagnosis,0,no fall,Unknown,26,6.5
8,2,582,DXBRADY,Bradykinesia at diagnosis,0,no fall,Yes,324,81.2
8,2,582,DXBRADY,Bradykinesia at diagnosis,1,rare fall,No,21,16.5
8,2,582,DXBRADY,Bradykinesia at diagnosis,1,rare fall,Unknown,4,3.1
8,2,582,DXBRADY,Bradykinesia at diagnosis,1,rare fall,Yes,102,80.3
8,2,582,DXBRADY,Bradykinesia at diagnosis,2,recurrent fall,No,9,16.1
8,2,582,DXBRADY,Bradykinesia at diagnosis,2,recurrent fall,Unknown,2,3.6
8,2,582,DXBRADY,Bradykinesia at diagnosis,2,recurrent fall,Yes,45,80.4
8,2,582,DOMSIDE,Predominantly affected side at onset,0,no fall,Left,177,44.4
8,2,582,DOMSIDE,Predominantly affected side at onset,0,no fall,Right,214,53.6
8,2,582,DOMSIDE,Predominantly affected side at onset,0,no fall,Symmetric,4,1.0
8,2,582,DOMSIDE,Predominantly affected side at onset,0,no fall,Unknown,4,1.0
8,2,582,DOMSIDE,Predominantly affected side at onset,1,rare fall,Left,51,40.2
8,2,582,DOMSIDE,Predominantly affected side at onset,1,rare fall,Right,74,58.3
8,2,582,DOMSIDE,Predominantly affected side at onset,1,rare fall,Symmetric,2,1.6
8,2,582,DOMSIDE,Predominantly affected side at onset,2,recurrent fall,Left,24,42.9
8,2,582,DOMSIDE,Predominantly affected side at onset,2,recurrent fall,Right,29,51.8
8,2,582,DOMSIDE,Predominantly affected side at onset,2,recurrent fall,Symmetric,1,1.8
8,2,582,DOMSIDE,Predominantly affected side at onset,2,recurrent fall,Unknown,2,3.6
8,3,583,DXPOSINS,Postural instability at diagnosis,0,no fall,No,338,84.7
8,3,583,DXPOSINS,Postural instability at diagnosis,0,no fall,Unknown,26,6.5
8,3,583,DXPOSINS,Postural instability at diagnosis,0,no fall,Yes,35,8.8
8,3,583,DXPOSINS,Postural instability at diagnosis,1,rare fall,No,105,82.7
8,3,583,DXPOSINS,Postural instability at diagnosis,1,rare fall,Unknown,6,4.7
8,3,583,DXPOSINS,Postural instability at diagnosis,1,rare fall,Yes,16,12.6
8,3,583,DXPOSINS,Postural instability at diagnosis,2,recurrent fall,No,48,84.2
8,3,583,DXPOSINS,Postural instability at diagnosis,2,recurrent fall,Unknown,1,1.8
8,3,583,DXPOSINS,Postural instability at diagnosis,2,recurrent fall,Yes,8,14.0
8,3,583,DXRIGID,Rigidity at diagnosis,0,no fall,No,76,19.0
8,3,583,DXRIGID,Rigidity at diagnosis,0,no fall,Unknown,36,9.0
8,3,583,DXRIGID,Rigidity at diagnosis,0,no fall,Yes,287,71.9
8,3,583,DXRIGID,Rigidity at diagnosis,1,rare fall,No,31,24.4
8,3,583,DXRIGID,Rigidity at diagnosis,1,rare fall,Unknown,5,3.9
8,3,583,DXRIGID,Rigidity at diagnosis,1,rare fall,Yes,91,71.7
8,3,583,DXRIGID,Rigidity at diagnosis,2,recurrent fall,No,15,26.3
8,3,583,DXRIGID,Rigidity at diagnosis,2,recurrent fall,Unknown,1,1.8
8,3,583,DXRIGID,Rigidity at diagnosis,2,recurrent fall,Yes,41,71.9
8,3,583,DOPTHERST,Dopaminergic therapy started,0,no fall,<Missing>,73,18.3
8,3,583,DOPTHERST,Dopaminergic therapy started,0,no fall,No,72,18.0
8,3,583,DOPTHERST,Dopaminergic therapy started,0,no fall,Yes,254,63.7
8,3,583,DOPTHERST,Dopaminergic therapy started,1,rare fall,<Missing>,27,21.3
8,3,583,DOPTHERST,Dopaminergic therapy started,1,rare fall,No,7,5.5
8,3,583,DOPTHERST,Dopaminergic therapy started,1,rare fall,Yes,93,73.2
8,3,583,DOPTHERST,Dopaminergic therapy started,2,recurrent fall,<Missing>,17,29.8
8,3,583,DOPTHERST,Dopaminergic therapy started,2,recurrent fall,No,4,7.0
8,3,583,DOPTHERST,Dopaminergic therapy started,2,recurrent fall,Yes,36,63.2
8,3,583,FEATPOSHYP,Postural hypotension clinical feature,0,no fall,No,265,66.4
8,3,583,FEATPOSHYP,Postural hypotension clinical feature,0,no fall,Uncertain,7,1.8
8,3,583,FEATPOSHYP,Postural hypotension clinical feature,0,no fall,Yes,127,31.8
8,3,583,FEATPOSHYP,Postural hypotension clinical feature,1,rare fall,No,75,59.1
8,3,583,FEATPOSHYP,Postural hypotension clinical feature,1,rare fall,Uncertain,3,2.4
8,3,583,FEATPOSHYP,Postural hypotension clinical feature,1,rare fall,Yes,49,38.6
8,3,583,FEATPOSHYP,Postural hypotension clinical feature,2,recurrent fall,No,29,50.9
8,3,583,FEATPOSHYP,Postural hypotension clinical feature,2,recurrent fall,Uncertain,1,1.8
8,3,583,FEATPOSHYP,Postural hypotension clinical feature,2,recurrent fall,Yes,27,47.4
8,3,583,ANYFAMPD,Family history of Parkinson's disease,0,no fall,<Missing>,16,4.0
8,3,583,ANYFAMPD,Family history of Parkinson's disease,0,no fall,No,240,60.2
8,3,583,ANYFAMPD,Family history of Parkinson's disease,0,no fall,Yes,143,35.8
8,3,583,ANYFAMPD,Family history of Parkinson's disease,1,rare fall,<Missing>,12,9.4
8,3,583,ANYFAMPD,Family history of Parkinson's disease,1,rare fall,No,72,56.7
8,3,583,ANYFAMPD,Family history of Parkinson's disease,1,rare fall,Yes,43,33.9
8,3,583,ANYFAMPD,Family history of Parkinson's disease,2,recurrent fall,<Missing>,9,15.8
8,3,583,ANYFAMPD,Family history of Parkinson's disease,2,recurrent fall,No,21,36.8
8,3,583,ANYFAMPD,Family history of Parkinson's disease,2,recurrent fall,Yes,27,47.4
8,3,583,DXTREMOR,Resting tremor at diagnosis,0,no fall,No,80,20.1
8,3,583,DXTREMOR,Resting tremor at diagnosis,0,no fall,Unknown,12,3.0
8,3,583,DXTREMOR,Resting tremor at diagnosis,0,no fall,Yes,307,76.9
8,3,583,DXTREMOR,Resting tremor at diagnosis,1,rare fall,No,28,22.0
8,3,583,DXTREMOR,Resting tremor at diagnosis,1,rare fall,Unknown,2,1.6
8,3,583,DXTREMOR,Resting tremor at diagnosis,1,rare fall,Yes,97,76.4
8,3,583,DXTREMOR,Resting tremor at diagnosis,2,recurrent fall,No,16,28.1
8,3,583,DXTREMOR,Resting tremor at diagnosis,2,recurrent fall,Yes,41,71.9
8,3,583,DXBRADY,Bradykinesia at diagnosis,0,no fall,No,51,12.8
8,3,583,DXBRADY,Bradykinesia at diagnosis,0,no fall,Unknown,24,6.0
8,3,583,DXBRADY,Bradykinesia at diagnosis,0,no fall,Yes,324,81.2
8,3,583,DXBRADY,Bradykinesia at diagnosis,1,rare fall,No,21,16.5
8,3,583,DXBRADY,Bradykinesia at diagnosis,1,rare fall,Unknown,2,1.6
8,3,583,DXBRADY,Bradykinesia at diagnosis,1,rare fall,Yes,104,81.9
8,3,583,DXBRADY,Bradykinesia at diagnosis,2,recurrent fall,No,11,19.3
8,3,583,DXBRADY,Bradykinesia at diagnosis,2,recurrent fall,Unknown,1,1.8
8,3,583,DXBRADY,Bradykinesia at diagnosis,2,recurrent fall,Yes,45,78.9
8,3,583,DOMSIDE,Predominantly affected side at onset,0,no fall,Left,185,46.4
8,3,583,DOMSIDE,Predominantly affected side at onset,0,no fall,Right,208,52.1
8,3,583,DOMSIDE,Predominantly affected side at onset,0,no fall,Symmetric,4,1.0
8,3,583,DOMSIDE,Predominantly affected side at onset,0,no fall,Unknown,2,0.5
8,3,583,DOMSIDE,Predominantly affected side at onset,1,rare fall,Left,52,40.9
8,3,583,DOMSIDE,Predominantly affected side at onset,1,rare fall,Right,73,57.5
8,3,583,DOMSIDE,Predominantly affected side at onset,1,rare fall,Symmetric,2,1.6
8,3,583,DOMSIDE,Predominantly affected side at onset,2,recurrent fall,Left,25,43.9
8,3,583,DOMSIDE,Predominantly affected side at onset,2,recurrent fall,Right,30,52.6
8,3,583,DOMSIDE,Predominantly affected side at onset,2,recurrent fall,Unknown,2,3.5
8,4,583,DXPOSINS,Postural instability at diagnosis,0,no fall,No,334,83.9
8,4,583,DXPOSINS,Postural instability at diagnosis,0,no fall,Unknown,32,8.0
8,4,583,DXPOSINS,Postural instability at diagnosis,0,no fall,Yes,32,8.0
8,4,583,DXPOSINS,Postural instability at diagnosis,1,rare fall,No,110,85.9
8,4,583,DXPOSINS,Postural instability at diagnosis,1,rare fall,Unknown,8,6.2
8,4,583,DXPOSINS,Postural instability at diagnosis,1,rare fall,Yes,10,7.8
8,4,583,DXPOSINS,Postural instability at diagnosis,2,recurrent fall,No,51,89.5
8,4,583,DXPOSINS,Postural instability at diagnosis,2,recurrent fall,Unknown,1,1.8
8,4,583,DXPOSINS,Postural instability at diagnosis,2,recurrent fall,Yes,5,8.8
8,4,583,DXRIGID,Rigidity at diagnosis,0,no fall,No,80,20.1
8,4,583,DXRIGID,Rigidity at diagnosis,0,no fall,Unknown,38,9.5
8,4,583,DXRIGID,Rigidity at diagnosis,0,no fall,Yes,280,70.4
8,4,583,DXRIGID,Rigidity at diagnosis,1,rare fall,No,29,22.7
8,4,583,DXRIGID,Rigidity at diagnosis,1,rare fall,Unknown,8,6.2
8,4,583,DXRIGID,Rigidity at diagnosis,1,rare fall,Yes,91,71.1
8,4,583,DXRIGID,Rigidity at diagnosis,2,recurrent fall,No,15,26.3
8,4,583,DXRIGID,Rigidity at diagnosis,2,recurrent fall,Unknown,2,3.5
8,4,583,DXRIGID,Rigidity at diagnosis,2,recurrent fall,Yes,40,70.2
8,4,583,DOPTHERST,Dopaminergic therapy started,0,no fall,<Missing>,68,17.1
8,4,583,DOPTHERST,Dopaminergic therapy started,0,no fall,No,68,17.1
8,4,583,DOPTHERST,Dopaminergic therapy started,0,no fall,Yes,262,65.8
8,4,583,DOPTHERST,Dopaminergic therapy started,1,rare fall,<Missing>,25,19.5
8,4,583,DOPTHERST,Dopaminergic therapy started,1,rare fall,No,9,7.0
8,4,583,DOPTHERST,Dopaminergic therapy started,1,rare fall,Yes,94,73.4
8,4,583,DOPTHERST,Dopaminergic therapy started,2,recurrent fall,<Missing>,13,22.8
8,4,583,DOPTHERST,Dopaminergic therapy started,2,recurrent fall,No,3,5.3
8,4,583,DOPTHERST,Dopaminergic therapy started,2,recurrent fall,Yes,41,71.9
8,4,583,FEATPOSHYP,Postural hypotension clinical feature,0,no fall,No,252,63.3
8,4,583,FEATPOSHYP,Postural hypotension clinical feature,0,no fall,Uncertain,8,2.0
8,4,583,FEATPOSHYP,Postural hypotension clinical feature,0,no fall,Yes,138,34.7
8,4,583,FEATPOSHYP,Postural hypotension clinical feature,1,rare fall,No,76,59.4
8,4,583,FEATPOSHYP,Postural hypotension clinical feature,1,rare fall,Uncertain,4,3.1
8,4,583,FEATPOSHYP,Postural hypotension clinical feature,1,rare fall,Yes,48,37.5
8,4,583,FEATPOSHYP,Postural hypotension clinical feature,2,recurrent fall,No,30,52.6
8,4,583,FEATPOSHYP,Postural hypotension clinical feature,2,recurrent fall,Uncertain,1,1.8
8,4,583,FEATPOSHYP,Postural hypotension clinical feature,2,recurrent fall,Yes,26,45.6
8,4,583,ANYFAMPD,Family history of Parkinson's disease,0,no fall,<Missing>,15,3.8
8,4,583,ANYFAMPD,Family history of Parkinson's disease,0,no fall,No,237,59.5
8,4,583,ANYFAMPD,Family history of Parkinson's disease,0,no fall,Yes,146,36.7
8,4,583,ANYFAMPD,Family history of Parkinson's disease,1,rare fall,<Missing>,9,7.0
8,4,583,ANYFAMPD,Family history of Parkinson's disease,1,rare fall,No,80,62.5
8,4,583,ANYFAMPD,Family history of Parkinson's disease,1,rare fall,Yes,39,30.5
8,4,583,ANYFAMPD,Family history of Parkinson's disease,2,recurrent fall,<Missing>,8,14.0
8,4,583,ANYFAMPD,Family history of Parkinson's disease,2,recurrent fall,No,24,42.1
8,4,583,ANYFAMPD,Family history of Parkinson's disease,2,recurrent fall,Yes,25,43.9
8,4,583,DXTREMOR,Resting tremor at diagnosis,0,no fall,No,84,21.1
8,4,583,DXTREMOR,Resting tremor at diagnosis,0,no fall,Unknown,11,2.8
8,4,583,DXTREMOR,Resting tremor at diagnosis,0,no fall,Yes,303,76.1
8,4,583,DXTREMOR,Resting tremor at diagnosis,1,rare fall,No,26,20.3
8,4,583,DXTREMOR,Resting tremor at diagnosis,1,rare fall,Unknown,3,2.3
8,4,583,DXTREMOR,Resting tremor at diagnosis,1,rare fall,Yes,99,77.3
8,4,583,DXTREMOR,Resting tremor at diagnosis,2,recurrent fall,No,11,19.3
8,4,583,DXTREMOR,Resting tremor at diagnosis,2,recurrent fall,Yes,46,80.7
8,4,583,DXBRADY,Bradykinesia at diagnosis,0,no fall,No,51,12.8
8,4,583,DXBRADY,Bradykinesia at diagnosis,0,no fall,Unknown,24,6.0
8,4,583,DXBRADY,Bradykinesia at diagnosis,0,no fall,Yes,323,81.2
8,4,583,DXBRADY,Bradykinesia at diagnosis,1,rare fall,No,25,19.5
8,4,583,DXBRADY,Bradykinesia at diagnosis,1,rare fall,Unknown,4,3.1
8,4,583,DXBRADY,Bradykinesia at diagnosis,1,rare fall,Yes,99,77.3
8,4,583,DXBRADY,Bradykinesia at diagnosis,2,recurrent fall,No,12,21.1
8,4,583,DXBRADY,Bradykinesia at diagnosis,2,recurrent fall,Unknown,1,1.8
8,4,583,DXBRADY,Bradykinesia at diagnosis,2,recurrent fall,Yes,44,77.2
8,4,583,DOMSIDE,Predominantly affected side at onset,0,no fall,Left,184,46.2
8,4,583,DOMSIDE,Predominantly affected side at onset,0,no fall,Right,204,51.3
8,4,583,DOMSIDE,Predominantly affected side at onset,0,no fall,Symmetric,7,1.8
8,4,583,DOMSIDE,Predominantly affected side at onset,0,no fall,Unknown,3,0.8
8,4,583,DOMSIDE,Predominantly affected side at onset,1,rare fall,Left,59,46.1
8,4,583,DOMSIDE,Predominantly affected side at onset,1,rare fall,Right,68,53.1
8,4,583,DOMSIDE,Predominantly affected side at onset,1,rare fall,Symmetric,1,0.8
8,4,583,DOMSIDE,Predominantly affected side at onset,2,recurrent fall,Left,23,40.4
8,4,583,DOMSIDE,Predominantly affected side at onset,2,recurrent fall,Right,31,54.4
8,4,583,DOMSIDE,Predominantly affected side at onset,2,recurrent fall,Symmetric,1,1.8
8,4,583,DOMSIDE,Predominantly affected side at onset,2,recurrent fall,Unknown,2,3.5
9,0,582,DXPOSINS,Postural instability at diagnosis,0,no fall,<Missing>,1,0.3
9,0,582,DXPOSINS,Postural instability at diagnosis,0,no fall,No,347,87.2
9,0,582,DXPOSINS,Postural instability at diagnosis,0,no fall,Unknown,25,6.3
9,0,582,DXPOSINS,Postural instability at diagnosis,0,no fall,Yes,25,6.3
9,0,582,DXPOSINS,Postural instability at diagnosis,1,rare fall,No,109,85.8
9,0,582,DXPOSINS,Postural instability at diagnosis,1,rare fall,Unknown,7,5.5
9,0,582,DXPOSINS,Postural instability at diagnosis,1,rare fall,Yes,11,8.7
9,0,582,DXPOSINS,Postural instability at diagnosis,2,recurrent fall,No,50,87.7
9,0,582,DXPOSINS,Postural instability at diagnosis,2,recurrent fall,Unknown,1,1.8
9,0,582,DXPOSINS,Postural instability at diagnosis,2,recurrent fall,Yes,6,10.5
9,0,582,DXRIGID,Rigidity at diagnosis,0,no fall,No,83,20.9
9,0,582,DXRIGID,Rigidity at diagnosis,0,no fall,Unknown,30,7.5
9,0,582,DXRIGID,Rigidity at diagnosis,0,no fall,Yes,285,71.6
9,0,582,DXRIGID,Rigidity at diagnosis,1,rare fall,No,28,22.0
9,0,582,DXRIGID,Rigidity at diagnosis,1,rare fall,Unknown,7,5.5
9,0,582,DXRIGID,Rigidity at diagnosis,1,rare fall,Yes,92,72.4
9,0,582,DXRIGID,Rigidity at diagnosis,2,recurrent fall,No,16,28.1
9,0,582,DXRIGID,Rigidity at diagnosis,2,recurrent fall,Unknown,2,3.5
9,0,582,DXRIGID,Rigidity at diagnosis,2,recurrent fall,Yes,39,68.4
9,0,582,DOPTHERST,Dopaminergic therapy started,0,no fall,<Missing>,75,18.8
9,0,582,DOPTHERST,Dopaminergic therapy started,0,no fall,No,60,15.1
9,0,582,DOPTHERST,Dopaminergic therapy started,0,no fall,Yes,263,66.1
9,0,582,DOPTHERST,Dopaminergic therapy started,1,rare fall,<Missing>,31,24.4
9,0,582,DOPTHERST,Dopaminergic therapy started,1,rare fall,No,12,9.4
9,0,582,DOPTHERST,Dopaminergic therapy started,1,rare fall,Yes,84,66.1
9,0,582,DOPTHERST,Dopaminergic therapy started,2,recurrent fall,<Missing>,15,26.3
9,0,582,DOPTHERST,Dopaminergic therapy started,2,recurrent fall,No,3,5.3
9,0,582,DOPTHERST,Dopaminergic therapy started,2,recurrent fall,Yes,39,68.4
9,0,582,FEATPOSHYP,Postural hypotension clinical feature,0,no fall,No,268,67.3
9,0,582,FEATPOSHYP,Postural hypotension clinical feature,0,no fall,Uncertain,11,2.8
9,0,582,FEATPOSHYP,Postural hypotension clinical feature,0,no fall,Yes,119,29.9
9,0,582,FEATPOSHYP,Postural hypotension clinical feature,1,rare fall,No,78,61.4
9,0,582,FEATPOSHYP,Postural hypotension clinical feature,1,rare fall,Uncertain,3,2.4
9,0,582,FEATPOSHYP,Postural hypotension clinical feature,1,rare fall,Yes,46,36.2
9,0,582,FEATPOSHYP,Postural hypotension clinical feature,2,recurrent fall,No,23,40.4
9,0,582,FEATPOSHYP,Postural hypotension clinical feature,2,recurrent fall,Uncertain,1,1.8
9,0,582,FEATPOSHYP,Postural hypotension clinical feature,2,recurrent fall,Yes,33,57.9
9,0,582,ANYFAMPD,Family history of Parkinson's disease,0,no fall,<Missing>,18,4.5
9,0,582,ANYFAMPD,Family history of Parkinson's disease,0,no fall,No,232,58.3
9,0,582,ANYFAMPD,Family history of Parkinson's disease,0,no fall,Yes,148,37.2
9,0,582,ANYFAMPD,Family history of Parkinson's disease,1,rare fall,<Missing>,9,7.1
9,0,582,ANYFAMPD,Family history of Parkinson's disease,1,rare fall,No,68,53.5
9,0,582,ANYFAMPD,Family history of Parkinson's disease,1,rare fall,Yes,50,39.4
9,0,582,ANYFAMPD,Family history of Parkinson's disease,2,recurrent fall,<Missing>,4,7.0
9,0,582,ANYFAMPD,Family history of Parkinson's disease,2,recurrent fall,No,25,43.9
9,0,582,ANYFAMPD,Family history of Parkinson's disease,2,recurrent fall,Yes,28,49.1
9,0,582,DXTREMOR,Resting tremor at diagnosis,0,no fall,No,86,21.6
9,0,582,DXTREMOR,Resting tremor at diagnosis,0,no fall,Unknown,9,2.3
9,0,582,DXTREMOR,Resting tremor at diagnosis,0,no fall,Yes,303,76.1
9,0,582,DXTREMOR,Resting tremor at diagnosis,1,rare fall,No,25,19.7
9,0,582,DXTREMOR,Resting tremor at diagnosis,1,rare fall,Unknown,3,2.4
9,0,582,DXTREMOR,Resting tremor at diagnosis,1,rare fall,Yes,99,78.0
9,0,582,DXTREMOR,Resting tremor at diagnosis,2,recurrent fall,No,14,24.6
9,0,582,DXTREMOR,Resting tremor at diagnosis,2,recurrent fall,Yes,43,75.4
9,0,582,DXBRADY,Bradykinesia at diagnosis,0,no fall,No,53,13.3
9,0,582,DXBRADY,Bradykinesia at diagnosis,0,no fall,Unknown,19,4.8
9,0,582,DXBRADY,Bradykinesia at diagnosis,0,no fall,Yes,326,81.9
9,0,582,DXBRADY,Bradykinesia at diagnosis,1,rare fall,No,21,16.5
9,0,582,DXBRADY,Bradykinesia at diagnosis,1,rare fall,Unknown,7,5.5
9,0,582,DXBRADY,Bradykinesia at diagnosis,1,rare fall,Yes,99,78.0
9,0,582,DXBRADY,Bradykinesia at diagnosis,2,recurrent fall,No,11,19.3
9,0,582,DXBRADY,Bradykinesia at diagnosis,2,recurrent fall,Unknown,1,1.8
9,0,582,DXBRADY,Bradykinesia at diagnosis,2,recurrent fall,Yes,45,78.9
9,0,582,DOMSIDE,Predominantly affected side at onset,0,no fall,Left,179,45.0
9,0,582,DOMSIDE,Predominantly affected side at onset,0,no fall,Right,213,53.5
9,0,582,DOMSIDE,Predominantly affected side at onset,0,no fall,Symmetric,5,1.3
9,0,582,DOMSIDE,Predominantly affected side at onset,0,no fall,Unknown,1,0.3
9,0,582,DOMSIDE,Predominantly affected side at onset,1,rare fall,Left,51,40.2
9,0,582,DOMSIDE,Predominantly affected side at onset,1,rare fall,Right,71,55.9
9,0,582,DOMSIDE,Predominantly affected side at onset,1,rare fall,Symmetric,4,3.1
9,0,582,DOMSIDE,Predominantly affected side at onset,1,rare fall,Unknown,1,0.8
9,0,582,DOMSIDE,Predominantly affected side at onset,2,recurrent fall,Left,28,49.1
9,0,582,DOMSIDE,Predominantly affected side at onset,2,recurrent fall,Right,25,43.9
9,0,582,DOMSIDE,Predominantly affected side at onset,2,recurrent fall,Symmetric,2,3.5
9,0,582,DOMSIDE,Predominantly affected side at onset,2,recurrent fall,Unknown,2,3.5
9,1,582,DXPOSINS,Postural instability at diagnosis,0,no fall,<Missing>,1,0.3
9,1,582,DXPOSINS,Postural instability at diagnosis,0,no fall,No,349,87.7
9,1,582,DXPOSINS,Postural instability at diagnosis,0,no fall,Unknown,19,4.8
9,1,582,DXPOSINS,Postural instability at diagnosis,0,no fall,Yes,29,7.3
9,1,582,DXPOSINS,Postural instability at diagnosis,1,rare fall,No,107,84.3
9,1,582,DXPOSINS,Postural instability at diagnosis,1,rare fall,Unknown,8,6.3
9,1,582,DXPOSINS,Postural instability at diagnosis,1,rare fall,Yes,12,9.4
9,1,582,DXPOSINS,Postural instability at diagnosis,2,recurrent fall,No,52,91.2
9,1,582,DXPOSINS,Postural instability at diagnosis,2,recurrent fall,Unknown,1,1.8
9,1,582,DXPOSINS,Postural instability at diagnosis,2,recurrent fall,Yes,4,7.0
9,1,582,DXRIGID,Rigidity at diagnosis,0,no fall,No,75,18.8
9,1,582,DXRIGID,Rigidity at diagnosis,0,no fall,Unknown,29,7.3
9,1,582,DXRIGID,Rigidity at diagnosis,0,no fall,Yes,294,73.9
9,1,582,DXRIGID,Rigidity at diagnosis,1,rare fall,No,26,20.5
9,1,582,DXRIGID,Rigidity at diagnosis,1,rare fall,Unknown,8,6.3
9,1,582,DXRIGID,Rigidity at diagnosis,1,rare fall,Yes,93,73.2
9,1,582,DXRIGID,Rigidity at diagnosis,2,recurrent fall,No,17,29.8
9,1,582,DXRIGID,Rigidity at diagnosis,2,recurrent fall,Unknown,2,3.5
9,1,582,DXRIGID,Rigidity at diagnosis,2,recurrent fall,Yes,38,66.7
9,1,582,DOPTHERST,Dopaminergic therapy started,0,no fall,<Missing>,71,17.8
9,1,582,DOPTHERST,Dopaminergic therapy started,0,no fall,No,68,17.1
9,1,582,DOPTHERST,Dopaminergic therapy started,0,no fall,Yes,259,65.1
9,1,582,DOPTHERST,Dopaminergic therapy started,1,rare fall,<Missing>,29,22.8
9,1,582,DOPTHERST,Dopaminergic therapy started,1,rare fall,No,11,8.7
9,1,582,DOPTHERST,Dopaminergic therapy started,1,rare fall,Yes,87,68.5
9,1,582,DOPTHERST,Dopaminergic therapy started,2,recurrent fall,<Missing>,14,24.6
9,1,582,DOPTHERST,Dopaminergic therapy started,2,recurrent fall,No,3,5.3
9,1,582,DOPTHERST,Dopaminergic therapy started,2,recurrent fall,Yes,40,70.2
9,1,582,FEATPOSHYP,Postural hypotension clinical feature,0,no fall,No,264,66.3
9,1,582,FEATPOSHYP,Postural hypotension clinical feature,0,no fall,Uncertain,6,1.5
9,1,582,FEATPOSHYP,Postural hypotension clinical feature,0,no fall,Yes,128,32.2
9,1,582,FEATPOSHYP,Postural hypotension clinical feature,1,rare fall,No,76,59.8
9,1,582,FEATPOSHYP,Postural hypotension clinical feature,1,rare fall,Uncertain,3,2.4
9,1,582,FEATPOSHYP,Postural hypotension clinical feature,1,rare fall,Yes,48,37.8
9,1,582,FEATPOSHYP,Postural hypotension clinical feature,2,recurrent fall,No,26,45.6
9,1,582,FEATPOSHYP,Postural hypotension clinical feature,2,recurrent fall,Uncertain,1,1.8
9,1,582,FEATPOSHYP,Postural hypotension clinical feature,2,recurrent fall,Yes,30,52.6
9,1,582,ANYFAMPD,Family history of Parkinson's disease,0,no fall,<Missing>,17,4.3
9,1,582,ANYFAMPD,Family history of Parkinson's disease,0,no fall,No,242,60.8
9,1,582,ANYFAMPD,Family history of Parkinson's disease,0,no fall,Yes,139,34.9
9,1,582,ANYFAMPD,Family history of Parkinson's disease,1,rare fall,<Missing>,9,7.1
9,1,582,ANYFAMPD,Family history of Parkinson's disease,1,rare fall,No,70,55.1
9,1,582,ANYFAMPD,Family history of Parkinson's disease,1,rare fall,Yes,48,37.8
9,1,582,ANYFAMPD,Family history of Parkinson's disease,2,recurrent fall,<Missing>,4,7.0
9,1,582,ANYFAMPD,Family history of Parkinson's disease,2,recurrent fall,No,23,40.4
9,1,582,ANYFAMPD,Family history of Parkinson's disease,2,recurrent fall,Yes,30,52.6
9,1,582,DXTREMOR,Resting tremor at diagnosis,0,no fall,No,82,20.6
9,1,582,DXTREMOR,Resting tremor at diagnosis,0,no fall,Unknown,10,2.5
9,1,582,DXTREMOR,Resting tremor at diagnosis,0,no fall,Yes,306,76.9
9,1,582,DXTREMOR,Resting tremor at diagnosis,1,rare fall,No,28,22.0
9,1,582,DXTREMOR,Resting tremor at diagnosis,1,rare fall,Unknown,3,2.4
9,1,582,DXTREMOR,Resting tremor at diagnosis,1,rare fall,Yes,96,75.6
9,1,582,DXTREMOR,Resting tremor at diagnosis,2,recurrent fall,No,13,22.8
9,1,582,DXTREMOR,Resting tremor at diagnosis,2,recurrent fall,Yes,44,77.2
9,1,582,DXBRADY,Bradykinesia at diagnosis,0,no fall,No,50,12.6
9,1,582,DXBRADY,Bradykinesia at diagnosis,0,no fall,Unknown,18,4.5
9,1,582,DXBRADY,Bradykinesia at diagnosis,0,no fall,Yes,330,82.9
9,1,582,DXBRADY,Bradykinesia at diagnosis,1,rare fall,No,19,15.0
9,1,582,DXBRADY,Bradykinesia at diagnosis,1,rare fall,Unknown,8,6.3
9,1,582,DXBRADY,Bradykinesia at diagnosis,1,rare fall,Yes,100,78.7
9,1,582,DXBRADY,Bradykinesia at diagnosis,2,recurrent fall,No,12,21.1
9,1,582,DXBRADY,Bradykinesia at diagnosis,2,recurrent fall,Unknown,1,1.8
9,1,582,DXBRADY,Bradykinesia at diagnosis,2,recurrent fall,Yes,44,77.2
9,1,582,DOMSIDE,Predominantly affected side at onset,0,no fall,Left,178,44.7
9,1,582,DOMSIDE,Predominantly affected side at onset,0,no fall,Right,210,52.8
9,1,582,DOMSIDE,Predominantly affected side at onset,0,no fall,Symmetric,7,1.8
9,1,582,DOMSIDE,Predominantly affected side at onset,0,no fall,Unknown,3,0.8
9,1,582,DOMSIDE,Predominantly affected side at onset,1,rare fall,Left,52,40.9
9,1,582,DOMSIDE,Predominantly affected side at onset,1,rare fall,Right,72,56.7
9,1,582,DOMSIDE,Predominantly affected side at onset,1,rare fall,Symmetric,2,1.6
9,1,582,DOMSIDE,Predominantly affected side at onset,1,rare fall,Unknown,1,0.8
9,1,582,DOMSIDE,Predominantly affected side at onset,2,recurrent fall,Left,25,43.9
9,1,582,DOMSIDE,Predominantly affected side at onset,2,recurrent fall,Right,29,50.9
9,1,582,DOMSIDE,Predominantly affected side at onset,2,recurrent fall,Symmetric,1,1.8
9,1,582,DOMSIDE,Predominantly affected side at onset,2,recurrent fall,Unknown,2,3.5
9,2,582,DXPOSINS,Postural instability at diagnosis,0,no fall,<Missing>,1,0.3
9,2,582,DXPOSINS,Postural instability at diagnosis,0,no fall,No,352,88.4
9,2,582,DXPOSINS,Postural instability at diagnosis,0,no fall,Unknown,20,5.0
9,2,582,DXPOSINS,Postural instability at diagnosis,0,no fall,Yes,25,6.3
9,2,582,DXPOSINS,Postural instability at diagnosis,1,rare fall,No,111,86.7
9,2,582,DXPOSINS,Postural instability at diagnosis,1,rare fall,Unknown,8,6.2
9,2,582,DXPOSINS,Postural instability at diagnosis,1,rare fall,Yes,9,7.0
9,2,582,DXPOSINS,Postural instability at diagnosis,2,recurrent fall,No,49,87.5
9,2,582,DXPOSINS,Postural instability at diagnosis,2,recurrent fall,Unknown,1,1.8
9,2,582,DXPOSINS,Postural instability at diagnosis,2,recurrent fall,Yes,6,10.7
9,2,582,DXRIGID,Rigidity at diagnosis,0,no fall,No,80,20.1
9,2,582,DXRIGID,Rigidity at diagnosis,0,no fall,Unknown,27,6.8
9,2,582,DXRIGID,Rigidity at diagnosis,0,no fall,Yes,291,73.1
9,2,582,DXRIGID,Rigidity at diagnosis,1,rare fall,No,24,18.8
9,2,582,DXRIGID,Rigidity at diagnosis,1,rare fall,Unknown,7,5.5
9,2,582,DXRIGID,Rigidity at diagnosis,1,rare fall,Yes,97,75.8
9,2,582,DXRIGID,Rigidity at diagnosis,2,recurrent fall,No,13,23.2
9,2,582,DXRIGID,Rigidity at diagnosis,2,recurrent fall,Unknown,1,1.8
9,2,582,DXRIGID,Rigidity at diagnosis,2,recurrent fall,Yes,42,75.0
9,2,582,DOPTHERST,Dopaminergic therapy started,0,no fall,<Missing>,68,17.1
9,2,582,DOPTHERST,Dopaminergic therapy started,0,no fall,No,61,15.3
9,2,582,DOPTHERST,Dopaminergic therapy started,0,no fall,Yes,269,67.6
9,2,582,DOPTHERST,Dopaminergic therapy started,1,rare fall,<Missing>,33,25.8
9,2,582,DOPTHERST,Dopaminergic therapy started,1,rare fall,No,14,10.9
9,2,582,DOPTHERST,Dopaminergic therapy started,1,rare fall,Yes,81,63.3
9,2,582,DOPTHERST,Dopaminergic therapy started,2,recurrent fall,<Missing>,12,21.4
9,2,582,DOPTHERST,Dopaminergic therapy started,2,recurrent fall,No,3,5.4
9,2,582,DOPTHERST,Dopaminergic therapy started,2,recurrent fall,Yes,41,73.2
9,2,582,FEATPOSHYP,Postural hypotension clinical feature,0,no fall,No,260,65.3
9,2,582,FEATPOSHYP,Postural hypotension clinical feature,0,no fall,Uncertain,10,2.5
9,2,582,FEATPOSHYP,Postural hypotension clinical feature,0,no fall,Yes,128,32.2
9,2,582,FEATPOSHYP,Postural hypotension clinical feature,1,rare fall,No,84,65.6
9,2,582,FEATPOSHYP,Postural hypotension clinical feature,1,rare fall,Uncertain,1,0.8
9,2,582,FEATPOSHYP,Postural hypotension clinical feature,1,rare fall,Yes,43,33.6
9,2,582,FEATPOSHYP,Postural hypotension clinical feature,2,recurrent fall,No,22,39.3
9,2,582,FEATPOSHYP,Postural hypotension clinical feature,2,recurrent fall,Uncertain,1,1.8
9,2,582,FEATPOSHYP,Postural hypotension clinical feature,2,recurrent fall,Yes,33,58.9
9,2,582,ANYFAMPD,Family history of Parkinson's disease,0,no fall,<Missing>,17,4.3
9,2,582,ANYFAMPD,Family history of Parkinson's disease,0,no fall,No,241,60.6
9,2,582,ANYFAMPD,Family history of Parkinson's disease,0,no fall,Yes,140,35.2
9,2,582,ANYFAMPD,Family history of Parkinson's disease,1,rare fall,<Missing>,13,10.2
9,2,582,ANYFAMPD,Family history of Parkinson's disease,1,rare fall,No,62,48.4
9,2,582,ANYFAMPD,Family history of Parkinson's disease,1,rare fall,Yes,53,41.4
9,2,582,ANYFAMPD,Family history of Parkinson's disease,2,recurrent fall,<Missing>,1,1.8
9,2,582,ANYFAMPD,Family history of Parkinson's disease,2,recurrent fall,No,28,50.0
9,2,582,ANYFAMPD,Family history of Parkinson's disease,2,recurrent fall,Yes,27,48.2
9,2,582,DXTREMOR,Resting tremor at diagnosis,0,no fall,No,86,21.6
9,2,582,DXTREMOR,Resting tremor at diagnosis,0,no fall,Unknown,8,2.0
9,2,582,DXTREMOR,Resting tremor at diagnosis,0,no fall,Yes,304,76.4
9,2,582,DXTREMOR,Resting tremor at diagnosis,1,rare fall,No,27,21.1
9,2,582,DXTREMOR,Resting tremor at diagnosis,1,rare fall,Unknown,2,1.6
9,2,582,DXTREMOR,Resting tremor at diagnosis,1,rare fall,Yes,99,77.3
9,2,582,DXTREMOR,Resting tremor at diagnosis,2,recurrent fall,No,15,26.8
9,2,582,DXTREMOR,Resting tremor at diagnosis,2,recurrent fall,Yes,41,73.2
9,2,582,DXBRADY,Bradykinesia at diagnosis,0,no fall,No,52,13.1
9,2,582,DXBRADY,Bradykinesia at diagnosis,0,no fall,Unknown,19,4.8
9,2,582,DXBRADY,Bradykinesia at diagnosis,0,no fall,Yes,327,82.2
9,2,582,DXBRADY,Bradykinesia at diagnosis,1,rare fall,No,22,17.2
9,2,582,DXBRADY,Bradykinesia at diagnosis,1,rare fall,Unknown,7,5.5
9,2,582,DXBRADY,Bradykinesia at diagnosis,1,rare fall,Yes,99,77.3
9,2,582,DXBRADY,Bradykinesia at diagnosis,2,recurrent fall,No,10,17.9
9,2,582,DXBRADY,Bradykinesia at diagnosis,2,recurrent fall,Unknown,1,1.8
9,2,582,DXBRADY,Bradykinesia at diagnosis,2,recurrent fall,Yes,45,80.4
9,2,582,DOMSIDE,Predominantly affected side at onset,0,no fall,Left,176,44.2
9,2,582,DOMSIDE,Predominantly affected side at onset,0,no fall,Right,213,53.5
9,2,582,DOMSIDE,Predominantly affected side at onset,0,no fall,Symmetric,6,1.5
9,2,582,DOMSIDE,Predominantly affected side at onset,0,no fall,Unknown,3,0.8
9,2,582,DOMSIDE,Predominantly affected side at onset,1,rare fall,Left,45,35.2
9,2,582,DOMSIDE,Predominantly affected side at onset,1,rare fall,Right,79,61.7
9,2,582,DOMSIDE,Predominantly affected side at onset,1,rare fall,Symmetric,3,2.3
9,2,582,DOMSIDE,Predominantly affected side at onset,1,rare fall,Unknown,1,0.8
9,2,582,DOMSIDE,Predominantly affected side at onset,2,recurrent fall,Left,28,50.0
9,2,582,DOMSIDE,Predominantly affected side at onset,2,recurrent fall,Right,25,44.6
9,2,582,DOMSIDE,Predominantly affected side at onset,2,recurrent fall,Symmetric,1,1.8
9,2,582,DOMSIDE,Predominantly affected side at onset,2,recurrent fall,Unknown,2,3.6
9,3,583,DXPOSINS,Postural instability at diagnosis,0,no fall,<Missing>,1,0.3
9,3,583,DXPOSINS,Postural instability at diagnosis,0,no fall,No,349,87.5
9,3,583,DXPOSINS,Postural instability at diagnosis,0,no fall,Unknown,22,5.5
9,3,583,DXPOSINS,Postural instability at diagnosis,0,no fall,Yes,27,6.8
9,3,583,DXPOSINS,Postural instability at diagnosis,1,rare fall,No,109,85.8
9,3,583,DXPOSINS,Postural instability at diagnosis,1,rare fall,Unknown,5,3.9
9,3,583,DXPOSINS,Postural instability at diagnosis,1,rare fall,Yes,13,10.2
9,3,583,DXPOSINS,Postural instability at diagnosis,2,recurrent fall,No,51,89.5
9,3,583,DXPOSINS,Postural instability at diagnosis,2,recurrent fall,Unknown,1,1.8
9,3,583,DXPOSINS,Postural instability at diagnosis,2,recurrent fall,Yes,5,8.8
9,3,583,DXRIGID,Rigidity at diagnosis,0,no fall,No,81,20.3
9,3,583,DXRIGID,Rigidity at diagnosis,0,no fall,Unknown,28,7.0
9,3,583,DXRIGID,Rigidity at diagnosis,0,no fall,Yes,290,72.7
9,3,583,DXRIGID,Rigidity at diagnosis,1,rare fall,No,27,21.3
9,3,583,DXRIGID,Rigidity at diagnosis,1,rare fall,Unknown,6,4.7
9,3,583,DXRIGID,Rigidity at diagnosis,1,rare fall,Yes,94,74.0
9,3,583,DXRIGID,Rigidity at diagnosis,2,recurrent fall,No,14,24.6
9,3,583,DXRIGID,Rigidity at diagnosis,2,recurrent fall,Unknown,2,3.5
9,3,583,DXRIGID,Rigidity at diagnosis,2,recurrent fall,Yes,41,71.9
9,3,583,DOPTHERST,Dopaminergic therapy started,0,no fall,<Missing>,60,15.0
9,3,583,DOPTHERST,Dopaminergic therapy started,0,no fall,No,61,15.3
9,3,583,DOPTHERST,Dopaminergic therapy started,0,no fall,Yes,278,69.7
9,3,583,DOPTHERST,Dopaminergic therapy started,1,rare fall,<Missing>,29,22.8
9,3,583,DOPTHERST,Dopaminergic therapy started,1,rare fall,No,8,6.3
9,3,583,DOPTHERST,Dopaminergic therapy started,1,rare fall,Yes,90,70.9
9,3,583,DOPTHERST,Dopaminergic therapy started,2,recurrent fall,<Missing>,15,26.3
9,3,583,DOPTHERST,Dopaminergic therapy started,2,recurrent fall,No,3,5.3
9,3,583,DOPTHERST,Dopaminergic therapy started,2,recurrent fall,Yes,39,68.4
9,3,583,FEATPOSHYP,Postural hypotension clinical feature,0,no fall,No,262,65.7
9,3,583,FEATPOSHYP,Postural hypotension clinical feature,0,no fall,Uncertain,9,2.3
9,3,583,FEATPOSHYP,Postural hypotension clinical feature,0,no fall,Yes,128,32.1
9,3,583,FEATPOSHYP,Postural hypotension clinical feature,1,rare fall,No,75,59.1
9,3,583,FEATPOSHYP,Postural hypotension clinical feature,1,rare fall,Uncertain,3,2.4
9,3,583,FEATPOSHYP,Postural hypotension clinical feature,1,rare fall,Yes,49,38.6
9,3,583,FEATPOSHYP,Postural hypotension clinical feature,2,recurrent fall,No,29,50.9
9,3,583,FEATPOSHYP,Postural hypotension clinical feature,2,recurrent fall,Yes,28,49.1
9,3,583,ANYFAMPD,Family history of Parkinson's disease,0,no fall,<Missing>,17,4.3
9,3,583,ANYFAMPD,Family history of Parkinson's disease,0,no fall,No,247,61.9
9,3,583,ANYFAMPD,Family history of Parkinson's disease,0,no fall,Yes,135,33.8
9,3,583,ANYFAMPD,Family history of Parkinson's disease,1,rare fall,<Missing>,13,10.2
9,3,583,ANYFAMPD,Family history of Parkinson's disease,1,rare fall,No,69,54.3
9,3,583,ANYFAMPD,Family history of Parkinson's disease,1,rare fall,Yes,45,35.4
9,3,583,ANYFAMPD,Family history of Parkinson's disease,2,recurrent fall,<Missing>,4,7.0
9,3,583,ANYFAMPD,Family history of Parkinson's disease,2,recurrent fall,No,28,49.1
9,3,583,ANYFAMPD,Family history of Parkinson's disease,2,recurrent fall,Yes,25,43.9
9,3,583,DXTREMOR,Resting tremor at diagnosis,0,no fall,No,75,18.8
9,3,583,DXTREMOR,Resting tremor at diagnosis,0,no fall,Unknown,8,2.0
9,3,583,DXTREMOR,Resting tremor at diagnosis,0,no fall,Yes,316,79.2
9,3,583,DXTREMOR,Resting tremor at diagnosis,1,rare fall,No,27,21.3
9,3,583,DXTREMOR,Resting tremor at diagnosis,1,rare fall,Unknown,1,0.8
9,3,583,DXTREMOR,Resting tremor at diagnosis,1,rare fall,Yes,99,78.0
9,3,583,DXTREMOR,Resting tremor at diagnosis,2,recurrent fall,No,15,26.3
9,3,583,DXTREMOR,Resting tremor at diagnosis,2,recurrent fall,Yes,42,73.7
9,3,583,DXBRADY,Bradykinesia at diagnosis,0,no fall,No,54,13.5
9,3,583,DXBRADY,Bradykinesia at diagnosis,0,no fall,Unknown,21,5.3
9,3,583,DXBRADY,Bradykinesia at diagnosis,0,no fall,Yes,324,81.2
9,3,583,DXBRADY,Bradykinesia at diagnosis,1,rare fall,No,19,15.0
9,3,583,DXBRADY,Bradykinesia at diagnosis,1,rare fall,Unknown,5,3.9
9,3,583,DXBRADY,Bradykinesia at diagnosis,1,rare fall,Yes,103,81.1
9,3,583,DXBRADY,Bradykinesia at diagnosis,2,recurrent fall,No,11,19.3
9,3,583,DXBRADY,Bradykinesia at diagnosis,2,recurrent fall,Unknown,1,1.8
9,3,583,DXBRADY,Bradykinesia at diagnosis,2,recurrent fall,Yes,45,78.9
9,3,583,DOMSIDE,Predominantly affected side at onset,0,no fall,Left,178,44.6
9,3,583,DOMSIDE,Predominantly affected side at onset,0,no fall,Right,212,53.1
9,3,583,DOMSIDE,Predominantly affected side at onset,0,no fall,Symmetric,7,1.8
9,3,583,DOMSIDE,Predominantly affected side at onset,0,no fall,Unknown,2,0.5
9,3,583,DOMSIDE,Predominantly affected side at onset,1,rare fall,Left,50,39.4
9,3,583,DOMSIDE,Predominantly affected side at onset,1,rare fall,Right,73,57.5
9,3,583,DOMSIDE,Predominantly affected side at onset,1,rare fall,Symmetric,4,3.1
9,3,583,DOMSIDE,Predominantly affected side at onset,2,recurrent fall,Left,26,45.6
9,3,583,DOMSIDE,Predominantly affected side at onset,2,recurrent fall,Right,28,49.1
9,3,583,DOMSIDE,Predominantly affected side at onset,2,recurrent fall,Symmetric,2,3.5
9,3,583,DOMSIDE,Predominantly affected side at onset,2,recurrent fall,Unknown,1,1.8
9,4,583,DXPOSINS,Postural instability at diagnosis,0,no fall,No,355,89.0
9,4,583,DXPOSINS,Postural instability at diagnosis,0,no fall,Unknown,22,5.5
9,4,583,DXPOSINS,Postural instability at diagnosis,0,no fall,Yes,22,5.5
9,4,583,DXPOSINS,Postural instability at diagnosis,1,rare fall,No,108,85.0
9,4,583,DXPOSINS,Postural instability at diagnosis,1,rare fall,Unknown,8,6.3
9,4,583,DXPOSINS,Postural instability at diagnosis,1,rare fall,Yes,11,8.7
9,4,583,DXPOSINS,Postural instability at diagnosis,2,recurrent fall,No,50,87.7
9,4,583,DXPOSINS,Postural instability at diagnosis,2,recurrent fall,Yes,7,12.3
9,4,583,DXRIGID,Rigidity at diagnosis,0,no fall,No,85,21.3
9,4,583,DXRIGID,Rigidity at diagnosis,0,no fall,Unknown,30,7.5
9,4,583,DXRIGID,Rigidity at diagnosis,0,no fall,Yes,284,71.2
9,4,583,DXRIGID,Rigidity at diagnosis,1,rare fall,No,27,21.3
9,4,583,DXRIGID,Rigidity at diagnosis,1,rare fall,Unknown,8,6.3
9,4,583,DXRIGID,Rigidity at diagnosis,1,rare fall,Yes,92,72.4
9,4,583,DXRIGID,Rigidity at diagnosis,2,recurrent fall,No,16,28.1
9,4,583,DXRIGID,Rigidity at diagnosis,2,recurrent fall,Unknown,1,1.8
9,4,583,DXRIGID,Rigidity at diagnosis,2,recurrent fall,Yes,40,70.2
9,4,583,DOPTHERST,Dopaminergic therapy started,0,no fall,<Missing>,70,17.5
9,4,583,DOPTHERST,Dopaminergic therapy started,0,no fall,No,62,15.5
9,4,583,DOPTHERST,Dopaminergic therapy started,0,no fall,Yes,267,66.9
9,4,583,DOPTHERST,Dopaminergic therapy started,1,rare fall,<Missing>,30,23.6
9,4,583,DOPTHERST,Dopaminergic therapy started,1,rare fall,No,11,8.7
9,4,583,DOPTHERST,Dopaminergic therapy started,1,rare fall,Yes,86,67.7
9,4,583,DOPTHERST,Dopaminergic therapy started,2,recurrent fall,<Missing>,12,21.1
9,4,583,DOPTHERST,Dopaminergic therapy started,2,recurrent fall,No,4,7.0
9,4,583,DOPTHERST,Dopaminergic therapy started,2,recurrent fall,Yes,41,71.9
9,4,583,FEATPOSHYP,Postural hypotension clinical feature,0,no fall,No,266,66.7
9,4,583,FEATPOSHYP,Postural hypotension clinical feature,0,no fall,Uncertain,8,2.0
9,4,583,FEATPOSHYP,Postural hypotension clinical feature,0,no fall,Yes,125,31.3
9,4,583,FEATPOSHYP,Postural hypotension clinical feature,1,rare fall,No,75,59.1
9,4,583,FEATPOSHYP,Postural hypotension clinical feature,1,rare fall,Uncertain,2,1.6
9,4,583,FEATPOSHYP,Postural hypotension clinical feature,1,rare fall,Yes,50,39.4
9,4,583,FEATPOSHYP,Postural hypotension clinical feature,2,recurrent fall,No,28,49.1
9,4,583,FEATPOSHYP,Postural hypotension clinical feature,2,recurrent fall,Uncertain,1,1.8
9,4,583,FEATPOSHYP,Postural hypotension clinical feature,2,recurrent fall,Yes,28,49.1
9,4,583,ANYFAMPD,Family history of Parkinson's disease,0,no fall,<Missing>,19,4.8
9,4,583,ANYFAMPD,Family history of Parkinson's disease,0,no fall,No,238,59.6
9,4,583,ANYFAMPD,Family history of Parkinson's disease,0,no fall,Yes,142,35.6
9,4,583,ANYFAMPD,Family history of Parkinson's disease,1,rare fall,<Missing>,12,9.4
9,4,583,ANYFAMPD,Family history of Parkinson's disease,1,rare fall,No,67,52.8
9,4,583,ANYFAMPD,Family history of Parkinson's disease,1,rare fall,Yes,48,37.8
9,4,583,ANYFAMPD,Family history of Parkinson's disease,2,recurrent fall,<Missing>,3,5.3
9,4,583,ANYFAMPD,Family history of Parkinson's disease,2,recurrent fall,No,24,42.1
9,4,583,ANYFAMPD,Family history of Parkinson's disease,2,recurrent fall,Yes,30,52.6
9,4,583,DXTREMOR,Resting tremor at diagnosis,0,no fall,No,83,20.8
9,4,583,DXTREMOR,Resting tremor at diagnosis,0,no fall,Unknown,9,2.3
9,4,583,DXTREMOR,Resting tremor at diagnosis,0,no fall,Yes,307,76.9
9,4,583,DXTREMOR,Resting tremor at diagnosis,1,rare fall,No,25,19.7
9,4,583,DXTREMOR,Resting tremor at diagnosis,1,rare fall,Unknown,3,2.4
9,4,583,DXTREMOR,Resting tremor at diagnosis,1,rare fall,Yes,99,78.0
9,4,583,DXTREMOR,Resting tremor at diagnosis,2,recurrent fall,No,15,26.3
9,4,583,DXTREMOR,Resting tremor at diagnosis,2,recurrent fall,Yes,42,73.7
9,4,583,DXBRADY,Bradykinesia at diagnosis,0,no fall,No,55,13.8
9,4,583,DXBRADY,Bradykinesia at diagnosis,0,no fall,Unknown,19,4.8
9,4,583,DXBRADY,Bradykinesia at diagnosis,0,no fall,Yes,325,81.5
9,4,583,DXBRADY,Bradykinesia at diagnosis,1,rare fall,No,23,18.1
9,4,583,DXBRADY,Bradykinesia at diagnosis,1,rare fall,Unknown,5,3.9
9,4,583,DXBRADY,Bradykinesia at diagnosis,1,rare fall,Yes,99,78.0
9,4,583,DXBRADY,Bradykinesia at diagnosis,2,recurrent fall,No,12,21.1
9,4,583,DXBRADY,Bradykinesia at diagnosis,2,recurrent fall,Yes,45,78.9
9,4,583,DOMSIDE,Predominantly affected side at onset,0,no fall,Left,181,45.4
9,4,583,DOMSIDE,Predominantly affected side at onset,0,no fall,Right,208,52.1
9,4,583,DOMSIDE,Predominantly affected side at onset,0,no fall,Symmetric,7,1.8
9,4,583,DOMSIDE,Predominantly affected side at onset,0,no fall,Unknown,3,0.8
9,4,583,DOMSIDE,Predominantly affected side at onset,1,rare fall,Left,50,39.4
9,4,583,DOMSIDE,Predominantly affected side at onset,1,rare fall,Right,73,57.5
9,4,583,DOMSIDE,Predominantly affected side at onset,1,rare fall,Symmetric,3,2.4
9,4,583,DOMSIDE,Predominantly affected side at onset,1,rare fall,Unknown,1,0.8
9,4,583,DOMSIDE,Predominantly affected side at onset,2,recurrent fall,Left,25,43.9
9,4,583,DOMSIDE,Predominantly affected side at onset,2,recurrent fall,Right,29,50.9
9,4,583,DOMSIDE,Predominantly affected side at onset,2,recurrent fall,Symmetric,2,3.5
9,4,583,DOMSIDE,Predominantly affected side at onset,2,recurrent fall,Unknown,1,1.8
10,0,582,DXPOSINS,Postural instability at diagnosis,0,no fall,<Missing>,1,0.3
10,0,582,DXPOSINS,Postural instability at diagnosis,0,no fall,No,340,85.4
10,0,582,DXPOSINS,Postural instability at diagnosis,0,no fall,Unknown,27,6.8
10,0,582,DXPOSINS,Postural instability at diagnosis,0,no fall,Yes,30,7.5
10,0,582,DXPOSINS,Postural instability at diagnosis,1,rare fall,No,106,83.5
10,0,582,DXPOSINS,Postural instability at diagnosis,1,rare fall,Unknown,8,6.3
10,0,582,DXPOSINS,Postural instability at diagnosis,1,rare fall,Yes,13,10.2
10,0,582,DXPOSINS,Postural instability at diagnosis,2,recurrent fall,No,47,82.5
10,0,582,DXPOSINS,Postural instability at diagnosis,2,recurrent fall,Unknown,2,3.5
10,0,582,DXPOSINS,Postural instability at diagnosis,2,recurrent fall,Yes,8,14.0
10,0,582,DXRIGID,Rigidity at diagnosis,0,no fall,No,85,21.4
10,0,582,DXRIGID,Rigidity at diagnosis,0,no fall,Unknown,34,8.5
10,0,582,DXRIGID,Rigidity at diagnosis,0,no fall,Yes,279,70.1
10,0,582,DXRIGID,Rigidity at diagnosis,1,rare fall,No,26,20.5
10,0,582,DXRIGID,Rigidity at diagnosis,1,rare fall,Unknown,5,3.9
10,0,582,DXRIGID,Rigidity at diagnosis,1,rare fall,Yes,96,75.6
10,0,582,DXRIGID,Rigidity at diagnosis,2,recurrent fall,No,10,17.5
10,0,582,DXRIGID,Rigidity at diagnosis,2,recurrent fall,Unknown,3,5.3
10,0,582,DXRIGID,Rigidity at diagnosis,2,recurrent fall,Yes,44,77.2
10,0,582,DOPTHERST,Dopaminergic therapy started,0,no fall,<Missing>,64,16.1
10,0,582,DOPTHERST,Dopaminergic therapy started,0,no fall,No,62,15.6
10,0,582,DOPTHERST,Dopaminergic therapy started,0,no fall,Yes,272,68.3
10,0,582,DOPTHERST,Dopaminergic therapy started,1,rare fall,<Missing>,27,21.3
10,0,582,DOPTHERST,Dopaminergic therapy started,1,rare fall,No,15,11.8
10,0,582,DOPTHERST,Dopaminergic therapy started,1,rare fall,Yes,85,66.9
10,0,582,DOPTHERST,Dopaminergic therapy started,2,recurrent fall,<Missing>,18,31.6
10,0,582,DOPTHERST,Dopaminergic therapy started,2,recurrent fall,No,3,5.3
10,0,582,DOPTHERST,Dopaminergic therapy started,2,recurrent fall,Yes,36,63.2
10,0,582,FEATPOSHYP,Postural hypotension clinical feature,0,no fall,No,253,63.6
10,0,582,FEATPOSHYP,Postural hypotension clinical feature,0,no fall,Uncertain,12,3.0
10,0,582,FEATPOSHYP,Postural hypotension clinical feature,0,no fall,Yes,133,33.4
10,0,582,FEATPOSHYP,Postural hypotension clinical feature,1,rare fall,No,79,62.2
10,0,582,FEATPOSHYP,Postural hypotension clinical feature,1,rare fall,Uncertain,2,1.6
10,0,582,FEATPOSHYP,Postural hypotension clinical feature,1,rare fall,Yes,46,36.2
10,0,582,FEATPOSHYP,Postural hypotension clinical feature,2,recurrent fall,No,31,54.4
10,0,582,FEATPOSHYP,Postural hypotension clinical feature,2,recurrent fall,Uncertain,1,1.8
10,0,582,FEATPOSHYP,Postural hypotension clinical feature,2,recurrent fall,Yes,25,43.9
10,0,582,ANYFAMPD,Family history of Parkinson's disease,0,no fall,<Missing>,17,4.3
10,0,582,ANYFAMPD,Family history of Parkinson's disease,0,no fall,No,225,56.5
10,0,582,ANYFAMPD,Family history of Parkinson's disease,0,no fall,Yes,156,39.2
10,0,582,ANYFAMPD,Family history of Parkinson's disease,1,rare fall,<Missing>,9,7.1
10,0,582,ANYFAMPD,Family history of Parkinson's disease,1,rare fall,No,74,58.3
10,0,582,ANYFAMPD,Family history of Parkinson's disease,1,rare fall,Yes,44,34.6
10,0,582,ANYFAMPD,Family history of Parkinson's disease,2,recurrent fall,<Missing>,7,12.3
10,0,582,ANYFAMPD,Family history of Parkinson's disease,2,recurrent fall,No,25,43.9
10,0,582,ANYFAMPD,Family history of Parkinson's disease,2,recurrent fall,Yes,25,43.9
10,0,582,DXTREMOR,Resting tremor at diagnosis,0,no fall,No,89,22.4
10,0,582,DXTREMOR,Resting tremor at diagnosis,0,no fall,Unknown,7,1.8
10,0,582,DXTREMOR,Resting tremor at diagnosis,0,no fall,Yes,302,75.9
10,0,582,DXTREMOR,Resting tremor at diagnosis,1,rare fall,No,25,19.7
10,0,582,DXTREMOR,Resting tremor at diagnosis,1,rare fall,Unknown,1,0.8
10,0,582,DXTREMOR,Resting tremor at diagnosis,1,rare fall,Yes,101,79.5
10,0,582,DXTREMOR,Resting tremor at diagnosis,2,recurrent fall,No,14,24.6
10,0,582,DXTREMOR,Resting tremor at diagnosis,2,recurrent fall,Unknown,1,1.8
10,0,582,DXTREMOR,Resting tremor at diagnosis,2,recurrent fall,Yes,42,73.7
10,0,582,DXBRADY,Bradykinesia at diagnosis,0,no fall,No,50,12.6
10,0,582,DXBRADY,Bradykinesia at diagnosis,0,no fall,Unknown,21,5.3
10,0,582,DXBRADY,Bradykinesia at diagnosis,0,no fall,Yes,327,82.2
10,0,582,DXBRADY,Bradykinesia at diagnosis,1,rare fall,No,21,16.5
10,0,582,DXBRADY,Bradykinesia at diagnosis,1,rare fall,Unknown,5,3.9
10,0,582,DXBRADY,Bradykinesia at diagnosis,1,rare fall,Yes,101,79.5
10,0,582,DXBRADY,Bradykinesia at diagnosis,2,recurrent fall,No,9,15.8
10,0,582,DXBRADY,Bradykinesia at diagnosis,2,recurrent fall,Unknown,2,3.5
10,0,582,DXBRADY,Bradykinesia at diagnosis,2,recurrent fall,Yes,46,80.7
10,0,582,DOMSIDE,Predominantly affected side at onset,0,no fall,Left,177,44.5
10,0,582,DOMSIDE,Predominantly affected side at onset,0,no fall,Right,211,53.0
10,0,582,DOMSIDE,Predominantly affected side at onset,0,no fall,Symmetric,8,2.0
10,0,582,DOMSIDE,Predominantly affected side at onset,0,no fall,Unknown,2,0.5
10,0,582,DOMSIDE,Predominantly affected side at onset,1,rare fall,Left,56,44.1
10,0,582,DOMSIDE,Predominantly affected side at onset,1,rare fall,Right,68,53.5
10,0,582,DOMSIDE,Predominantly affected side at onset,1,rare fall,Symmetric,2,1.6
10,0,582,DOMSIDE,Predominantly affected side at onset,1,rare fall,Unknown,1,0.8
10,0,582,DOMSIDE,Predominantly affected side at onset,2,recurrent fall,Left,29,50.9
10,0,582,DOMSIDE,Predominantly affected side at onset,2,recurrent fall,Right,25,43.9
10,0,582,DOMSIDE,Predominantly affected side at onset,2,recurrent fall,Symmetric,2,3.5
10,0,582,DOMSIDE,Predominantly affected side at onset,2,recurrent fall,Unknown,1,1.8
10,1,582,DXPOSINS,Postural instability at diagnosis,0,no fall,No,343,86.2
10,1,582,DXPOSINS,Postural instability at diagnosis,0,no fall,Unknown,27,6.8
10,1,582,DXPOSINS,Postural instability at diagnosis,0,no fall,Yes,28,7.0
10,1,582,DXPOSINS,Postural instability at diagnosis,1,rare fall,No,106,83.5
10,1,582,DXPOSINS,Postural instability at diagnosis,1,rare fall,Unknown,8,6.3
10,1,582,DXPOSINS,Postural instability at diagnosis,1,rare fall,Yes,13,10.2
10,1,582,DXPOSINS,Postural instability at diagnosis,2,recurrent fall,No,48,84.2
10,1,582,DXPOSINS,Postural instability at diagnosis,2,recurrent fall,Unknown,1,1.8
10,1,582,DXPOSINS,Postural instability at diagnosis,2,recurrent fall,Yes,8,14.0
10,1,582,DXRIGID,Rigidity at diagnosis,0,no fall,No,74,18.6
10,1,582,DXRIGID,Rigidity at diagnosis,0,no fall,Unknown,28,7.0
10,1,582,DXRIGID,Rigidity at diagnosis,0,no fall,Yes,296,74.4
10,1,582,DXRIGID,Rigidity at diagnosis,1,rare fall,No,26,20.5
10,1,582,DXRIGID,Rigidity at diagnosis,1,rare fall,Unknown,6,4.7
10,1,582,DXRIGID,Rigidity at diagnosis,1,rare fall,Yes,95,74.8
10,1,582,DXRIGID,Rigidity at diagnosis,2,recurrent fall,No,8,14.0
10,1,582,DXRIGID,Rigidity at diagnosis,2,recurrent fall,Unknown,3,5.3
10,1,582,DXRIGID,Rigidity at diagnosis,2,recurrent fall,Yes,46,80.7
10,1,582,DOPTHERST,Dopaminergic therapy started,0,no fall,<Missing>,57,14.3
10,1,582,DOPTHERST,Dopaminergic therapy started,0,no fall,No,64,16.1
10,1,582,DOPTHERST,Dopaminergic therapy started,0,no fall,Yes,277,69.6
10,1,582,DOPTHERST,Dopaminergic therapy started,1,rare fall,<Missing>,31,24.4
10,1,582,DOPTHERST,Dopaminergic therapy started,1,rare fall,No,13,10.2
10,1,582,DOPTHERST,Dopaminergic therapy started,1,rare fall,Yes,83,65.4
10,1,582,DOPTHERST,Dopaminergic therapy started,2,recurrent fall,<Missing>,20,35.1
10,1,582,DOPTHERST,Dopaminergic therapy started,2,recurrent fall,No,2,3.5
10,1,582,DOPTHERST,Dopaminergic therapy started,2,recurrent fall,Yes,35,61.4
10,1,582,FEATPOSHYP,Postural hypotension clinical feature,0,no fall,No,249,62.6
10,1,582,FEATPOSHYP,Postural hypotension clinical feature,0,no fall,Uncertain,9,2.3
10,1,582,FEATPOSHYP,Postural hypotension clinical feature,0,no fall,Yes,140,35.2
10,1,582,FEATPOSHYP,Postural hypotension clinical feature,1,rare fall,No,73,57.5
10,1,582,FEATPOSHYP,Postural hypotension clinical feature,1,rare fall,Uncertain,2,1.6
10,1,582,FEATPOSHYP,Postural hypotension clinical feature,1,rare fall,Yes,52,40.9
10,1,582,FEATPOSHYP,Postural hypotension clinical feature,2,recurrent fall,No,29,50.9
10,1,582,FEATPOSHYP,Postural hypotension clinical feature,2,recurrent fall,Uncertain,1,1.8
10,1,582,FEATPOSHYP,Postural hypotension clinical feature,2,recurrent fall,Yes,27,47.4
10,1,582,ANYFAMPD,Family history of Parkinson's disease,0,no fall,<Missing>,12,3.0
10,1,582,ANYFAMPD,Family history of Parkinson's disease,0,no fall,No,225,56.5
10,1,582,ANYFAMPD,Family history of Parkinson's disease,0,no fall,Yes,161,40.5
10,1,582,ANYFAMPD,Family history of Parkinson's disease,1,rare fall,<Missing>,7,5.5
10,1,582,ANYFAMPD,Family history of Parkinson's disease,1,rare fall,No,70,55.1
10,1,582,ANYFAMPD,Family history of Parkinson's disease,1,rare fall,Yes,50,39.4
10,1,582,ANYFAMPD,Family history of Parkinson's disease,2,recurrent fall,<Missing>,8,14.0
10,1,582,ANYFAMPD,Family history of Parkinson's disease,2,recurrent fall,No,21,36.8
10,1,582,ANYFAMPD,Family history of Parkinson's disease,2,recurrent fall,Yes,28,49.1
10,1,582,DXTREMOR,Resting tremor at diagnosis,0,no fall,No,79,19.8
10,1,582,DXTREMOR,Resting tremor at diagnosis,0,no fall,Unknown,7,1.8
10,1,582,DXTREMOR,Resting tremor at diagnosis,0,no fall,Yes,312,78.4
10,1,582,DXTREMOR,Resting tremor at diagnosis,1,rare fall,No,23,18.1
10,1,582,DXTREMOR,Resting tremor at diagnosis,1,rare fall,Unknown,1,0.8
10,1,582,DXTREMOR,Resting tremor at diagnosis,1,rare fall,Yes,103,81.1
10,1,582,DXTREMOR,Resting tremor at diagnosis,2,recurrent fall,No,17,29.8
10,1,582,DXTREMOR,Resting tremor at diagnosis,2,recurrent fall,Unknown,1,1.8
10,1,582,DXTREMOR,Resting tremor at diagnosis,2,recurrent fall,Yes,39,68.4
10,1,582,DXBRADY,Bradykinesia at diagnosis,0,no fall,No,56,14.1
10,1,582,DXBRADY,Bradykinesia at diagnosis,0,no fall,Unknown,20,5.0
10,1,582,DXBRADY,Bradykinesia at diagnosis,0,no fall,Yes,322,80.9
10,1,582,DXBRADY,Bradykinesia at diagnosis,1,rare fall,No,18,14.2
10,1,582,DXBRADY,Bradykinesia at diagnosis,1,rare fall,Unknown,6,4.7
10,1,582,DXBRADY,Bradykinesia at diagnosis,1,rare fall,Yes,103,81.1
10,1,582,DXBRADY,Bradykinesia at diagnosis,2,recurrent fall,No,6,10.5
10,1,582,DXBRADY,Bradykinesia at diagnosis,2,recurrent fall,Unknown,3,5.3
10,1,582,DXBRADY,Bradykinesia at diagnosis,2,recurrent fall,Yes,48,84.2
10,1,582,DOMSIDE,Predominantly affected side at onset,0,no fall,Left,172,43.2
10,1,582,DOMSIDE,Predominantly affected side at onset,0,no fall,Right,217,54.5
10,1,582,DOMSIDE,Predominantly affected side at onset,0,no fall,Symmetric,5,1.3
10,1,582,DOMSIDE,Predominantly affected side at onset,0,no fall,Unknown,4,1.0
10,1,582,DOMSIDE,Predominantly affected side at onset,1,rare fall,Left,55,43.3
10,1,582,DOMSIDE,Predominantly affected side at onset,1,rare fall,Right,70,55.1
10,1,582,DOMSIDE,Predominantly affected side at onset,1,rare fall,Symmetric,2,1.6
10,1,582,DOMSIDE,Predominantly affected side at onset,2,recurrent fall,Left,27,47.4
10,1,582,DOMSIDE,Predominantly affected side at onset,2,recurrent fall,Right,26,45.6
10,1,582,DOMSIDE,Predominantly affected side at onset,2,recurrent fall,Symmetric,2,3.5
10,1,582,DOMSIDE,Predominantly affected side at onset,2,recurrent fall,Unknown,2,3.5
10,2,582,DXPOSINS,Postural instability at diagnosis,0,no fall,<Missing>,1,0.3
10,2,582,DXPOSINS,Postural instability at diagnosis,0,no fall,No,343,86.2
10,2,582,DXPOSINS,Postural instability at diagnosis,0,no fall,Unknown,25,6.3
10,2,582,DXPOSINS,Postural instability at diagnosis,0,no fall,Yes,29,7.3
10,2,582,DXPOSINS,Postural instability at diagnosis,1,rare fall,No,107,84.3
10,2,582,DXPOSINS,Postural instability at diagnosis,1,rare fall,Unknown,6,4.7
10,2,582,DXPOSINS,Postural instability at diagnosis,1,rare fall,Yes,14,11.0
10,2,582,DXPOSINS,Postural instability at diagnosis,2,recurrent fall,No,46,80.7
10,2,582,DXPOSINS,Postural instability at diagnosis,2,recurrent fall,Unknown,2,3.5
10,2,582,DXPOSINS,Postural instability at diagnosis,2,recurrent fall,Yes,9,15.8
10,2,582,DXRIGID,Rigidity at diagnosis,0,no fall,No,82,20.6
10,2,582,DXRIGID,Rigidity at diagnosis,0,no fall,Unknown,30,7.5
10,2,582,DXRIGID,Rigidity at diagnosis,0,no fall,Yes,286,71.9
10,2,582,DXRIGID,Rigidity at diagnosis,1,rare fall,No,25,19.7
10,2,582,DXRIGID,Rigidity at diagnosis,1,rare fall,Unknown,5,3.9
10,2,582,DXRIGID,Rigidity at diagnosis,1,rare fall,Yes,97,76.4
10,2,582,DXRIGID,Rigidity at diagnosis,2,recurrent fall,No,8,14.0
10,2,582,DXRIGID,Rigidity at diagnosis,2,recurrent fall,Unknown,4,7.0
10,2,582,DXRIGID,Rigidity at diagnosis,2,recurrent fall,Yes,45,78.9
10,2,582,DOPTHERST,Dopaminergic therapy started,0,no fall,<Missing>,63,15.8
10,2,582,DOPTHERST,Dopaminergic therapy started,0,no fall,No,70,17.6
10,2,582,DOPTHERST,Dopaminergic therapy started,0,no fall,Yes,265,66.6
10,2,582,DOPTHERST,Dopaminergic therapy started,1,rare fall,<Missing>,29,22.8
10,2,582,DOPTHERST,Dopaminergic therapy started,1,rare fall,No,13,10.2
10,2,582,DOPTHERST,Dopaminergic therapy started,1,rare fall,Yes,85,66.9
10,2,582,DOPTHERST,Dopaminergic therapy started,2,recurrent fall,<Missing>,19,33.3
10,2,582,DOPTHERST,Dopaminergic therapy started,2,recurrent fall,No,3,5.3
10,2,582,DOPTHERST,Dopaminergic therapy started,2,recurrent fall,Yes,35,61.4
10,2,582,FEATPOSHYP,Postural hypotension clinical feature,0,no fall,No,258,64.8
10,2,582,FEATPOSHYP,Postural hypotension clinical feature,0,no fall,Uncertain,10,2.5
10,2,582,FEATPOSHYP,Postural hypotension clinical feature,0,no fall,Yes,130,32.7
10,2,582,FEATPOSHYP,Postural hypotension clinical feature,1,rare fall,No,75,59.1
10,2,582,FEATPOSHYP,Postural hypotension clinical feature,1,rare fall,Uncertain,2,1.6
10,2,582,FEATPOSHYP,Postural hypotension clinical feature,1,rare fall,Yes,50,39.4
10,2,582,FEATPOSHYP,Postural hypotension clinical feature,2,recurrent fall,No,35,61.4
10,2,582,FEATPOSHYP,Postural hypotension clinical feature,2,recurrent fall,Yes,22,38.6
10,2,582,ANYFAMPD,Family history of Parkinson's disease,0,no fall,<Missing>,17,4.3
10,2,582,ANYFAMPD,Family history of Parkinson's disease,0,no fall,No,231,58.0
10,2,582,ANYFAMPD,Family history of Parkinson's disease,0,no fall,Yes,150,37.7
10,2,582,ANYFAMPD,Family history of Parkinson's disease,1,rare fall,<Missing>,7,5.5
10,2,582,ANYFAMPD,Family history of Parkinson's disease,1,rare fall,No,69,54.3
10,2,582,ANYFAMPD,Family history of Parkinson's disease,1,rare fall,Yes,51,40.2
10,2,582,ANYFAMPD,Family history of Parkinson's disease,2,recurrent fall,<Missing>,6,10.5
10,2,582,ANYFAMPD,Family history of Parkinson's disease,2,recurrent fall,No,27,47.4
10,2,582,ANYFAMPD,Family history of Parkinson's disease,2,recurrent fall,Yes,24,42.1
10,2,582,DXTREMOR,Resting tremor at diagnosis,0,no fall,No,87,21.9
10,2,582,DXTREMOR,Resting tremor at diagnosis,0,no fall,Unknown,8,2.0
10,2,582,DXTREMOR,Resting tremor at diagnosis,0,no fall,Yes,303,76.1
10,2,582,DXTREMOR,Resting tremor at diagnosis,1,rare fall,No,31,24.4
10,2,582,DXTREMOR,Resting tremor at diagnosis,1,rare fall,Yes,96,75.6
10,2,582,DXTREMOR,Resting tremor at diagnosis,2,recurrent fall,No,17,29.8
10,2,582,DXTREMOR,Resting tremor at diagnosis,2,recurrent fall,Unknown,1,1.8
10,2,582,DXTREMOR,Resting tremor at diagnosis,2,recurrent fall,Yes,39,68.4
10,2,582,DXBRADY,Bradykinesia at diagnosis,0,no fall,No,57,14.3
10,2,582,DXBRADY,Bradykinesia at diagnosis,0,no fall,Unknown,19,4.8
10,2,582,DXBRADY,Bradykinesia at diagnosis,0,no fall,Yes,322,80.9
10,2,582,DXBRADY,Bradykinesia at diagnosis,1,rare fall,No,22,17.3
10,2,582,DXBRADY,Bradykinesia at diagnosis,1,rare fall,Unknown,3,2.4
10,2,582,DXBRADY,Bradykinesia at diagnosis,1,rare fall,Yes,102,80.3
10,2,582,DXBRADY,Bradykinesia at diagnosis,2,recurrent fall,No,9,15.8
10,2,582,DXBRADY,Bradykinesia at diagnosis,2,recurrent fall,Unknown,3,5.3
10,2,582,DXBRADY,Bradykinesia at diagnosis,2,recurrent fall,Yes,45,78.9
10,2,582,DOMSIDE,Predominantly affected side at onset,0,no fall,Left,170,42.7
10,2,582,DOMSIDE,Predominantly affected side at onset,0,no fall,Right,218,54.8
10,2,582,DOMSIDE,Predominantly affected side at onset,0,no fall,Symmetric,6,1.5
10,2,582,DOMSIDE,Predominantly affected side at onset,0,no fall,Unknown,4,1.0
10,2,582,DOMSIDE,Predominantly affected side at onset,1,rare fall,Left,57,44.9
10,2,582,DOMSIDE,Predominantly affected side at onset,1,rare fall,Right,67,52.8
10,2,582,DOMSIDE,Predominantly affected side at onset,1,rare fall,Symmetric,2,1.6
10,2,582,DOMSIDE,Predominantly affected side at onset,1,rare fall,Unknown,1,0.8
10,2,582,DOMSIDE,Predominantly affected side at onset,2,recurrent fall,Left,29,50.9
10,2,582,DOMSIDE,Predominantly affected side at onset,2,recurrent fall,Right,25,43.9
10,2,582,DOMSIDE,Predominantly affected side at onset,2,recurrent fall,Symmetric,2,3.5
10,2,582,DOMSIDE,Predominantly affected side at onset,2,recurrent fall,Unknown,1,1.8
10,3,583,DXPOSINS,Postural instability at diagnosis,0,no fall,<Missing>,1,0.3
10,3,583,DXPOSINS,Postural instability at diagnosis,0,no fall,No,339,85.0
10,3,583,DXPOSINS,Postural instability at diagnosis,0,no fall,Unknown,27,6.8
10,3,583,DXPOSINS,Postural instability at diagnosis,0,no fall,Yes,32,8.0
10,3,583,DXPOSINS,Postural instability at diagnosis,1,rare fall,No,113,88.3
10,3,583,DXPOSINS,Postural instability at diagnosis,1,rare fall,Unknown,4,3.1
10,3,583,DXPOSINS,Postural instability at diagnosis,1,rare fall,Yes,11,8.6
10,3,583,DXPOSINS,Postural instability at diagnosis,2,recurrent fall,No,47,83.9
10,3,583,DXPOSINS,Postural instability at diagnosis,2,recurrent fall,Unknown,2,3.6
10,3,583,DXPOSINS,Postural instability at diagnosis,2,recurrent fall,Yes,7,12.5
10,3,583,DXRIGID,Rigidity at diagnosis,0,no fall,No,76,19.0
10,3,583,DXRIGID,Rigidity at diagnosis,0,no fall,Unknown,35,8.8
10,3,583,DXRIGID,Rigidity at diagnosis,0,no fall,Yes,288,72.2
10,3,583,DXRIGID,Rigidity at diagnosis,1,rare fall,No,22,17.2
10,3,583,DXRIGID,Rigidity at diagnosis,1,rare fall,Unknown,3,2.3
10,3,583,DXRIGID,Rigidity at diagnosis,1,rare fall,Yes,103,80.5
10,3,583,DXRIGID,Rigidity at diagnosis,2,recurrent fall,No,8,14.3
10,3,583,DXRIGID,Rigidity at diagnosis,2,recurrent fall,Unknown,4,7.1
10,3,583,DXRIGID,Rigidity at diagnosis,2,recurrent fall,Yes,44,78.6
10,3,583,DOPTHERST,Dopaminergic therapy started,0,no fall,<Missing>,70,17.5
10,3,583,DOPTHERST,Dopaminergic therapy started,0,no fall,No,60,15.0
10,3,583,DOPTHERST,Dopaminergic therapy started,0,no fall,Yes,269,67.4
10,3,583,DOPTHERST,Dopaminergic therapy started,1,rare fall,<Missing>,32,25.0
10,3,583,DOPTHERST,Dopaminergic therapy started,1,rare fall,No,13,10.2
10,3,583,DOPTHERST,Dopaminergic therapy started,1,rare fall,Yes,83,64.8
10,3,583,DOPTHERST,Dopaminergic therapy started,2,recurrent fall,<Missing>,17,30.4
10,3,583,DOPTHERST,Dopaminergic therapy started,2,recurrent fall,No,3,5.4
10,3,583,DOPTHERST,Dopaminergic therapy started,2,recurrent fall,Yes,36,64.3
10,3,583,FEATPOSHYP,Postural hypotension clinical feature,0,no fall,No,258,64.7
10,3,583,FEATPOSHYP,Postural hypotension clinical feature,0,no fall,Uncertain,11,2.8
10,3,583,FEATPOSHYP,Postural hypotension clinical feature,0,no fall,Yes,130,32.6
10,3,583,FEATPOSHYP,Postural hypotension clinical feature,1,rare fall,No,78,60.9
10,3,583,FEATPOSHYP,Postural hypotension clinical feature,1,rare fall,Uncertain,3,2.3
10,3,583,FEATPOSHYP,Postural hypotension clinical feature,1,rare fall,Yes,47,36.7
10,3,583,FEATPOSHYP,Postural hypotension clinical feature,2,recurrent fall,No,33,58.9
10,3,583,FEATPOSHYP,Postural hypotension clinical feature,2,recurrent fall,Uncertain,1,1.8
10,3,583,FEATPOSHYP,Postural hypotension clinical feature,2,recurrent fall,Yes,22,39.3
10,3,583,ANYFAMPD,Family history of Parkinson's disease,0,no fall,<Missing>,16,4.0
10,3,583,ANYFAMPD,Family history of Parkinson's disease,0,no fall,No,227,56.9
10,3,583,ANYFAMPD,Family history of Parkinson's disease,0,no fall,Yes,156,39.1
10,3,583,ANYFAMPD,Family history of Parkinson's disease,1,rare fall,<Missing>,10,7.8
10,3,583,ANYFAMPD,Family history of Parkinson's disease,1,rare fall,No,73,57.0
10,3,583,ANYFAMPD,Family history of Parkinson's disease,1,rare fall,Yes,45,35.2
10,3,583,ANYFAMPD,Family history of Parkinson's disease,2,recurrent fall,<Missing>,9,16.1
10,3,583,ANYFAMPD,Family history of Parkinson's disease,2,recurrent fall,No,24,42.9
10,3,583,ANYFAMPD,Family history of Parkinson's disease,2,recurrent fall,Yes,23,41.1
10,3,583,DXTREMOR,Resting tremor at diagnosis,0,no fall,No,87,21.8
10,3,583,DXTREMOR,Resting tremor at diagnosis,0,no fall,Unknown,8,2.0
10,3,583,DXTREMOR,Resting tremor at diagnosis,0,no fall,Yes,304,76.2
10,3,583,DXTREMOR,Resting tremor at diagnosis,1,rare fall,No,29,22.7
10,3,583,DXTREMOR,Resting tremor at diagnosis,1,rare fall,Unknown,1,0.8
10,3,583,DXTREMOR,Resting tremor at diagnosis,1,rare fall,Yes,98,76.6
10,3,583,DXTREMOR,Resting tremor at diagnosis,2,recurrent fall,No,13,23.2
10,3,583,DXTREMOR,Resting tremor at diagnosis,2,recurrent fall,Unknown,1,1.8
10,3,583,DXTREMOR,Resting tremor at diagnosis,2,recurrent fall,Yes,42,75.0
10,3,583,DXBRADY,Bradykinesia at diagnosis,0,no fall,No,47,11.8
10,3,583,DXBRADY,Bradykinesia at diagnosis,0,no fall,Unknown,20,5.0
10,3,583,DXBRADY,Bradykinesia at diagnosis,0,no fall,Yes,332,83.2
10,3,583,DXBRADY,Bradykinesia at diagnosis,1,rare fall,No,22,17.2
10,3,583,DXBRADY,Bradykinesia at diagnosis,1,rare fall,Unknown,4,3.1
10,3,583,DXBRADY,Bradykinesia at diagnosis,1,rare fall,Yes,102,79.7
10,3,583,DXBRADY,Bradykinesia at diagnosis,2,recurrent fall,No,8,14.3
10,3,583,DXBRADY,Bradykinesia at diagnosis,2,recurrent fall,Unknown,3,5.4
10,3,583,DXBRADY,Bradykinesia at diagnosis,2,recurrent fall,Yes,45,80.4
10,3,583,DOMSIDE,Predominantly affected side at onset,0,no fall,Left,170,42.6
10,3,583,DOMSIDE,Predominantly affected side at onset,0,no fall,Right,219,54.9
10,3,583,DOMSIDE,Predominantly affected side at onset,0,no fall,Symmetric,7,1.8
10,3,583,DOMSIDE,Predominantly affected side at onset,0,no fall,Unknown,3,0.8
10,3,583,DOMSIDE,Predominantly affected side at onset,1,rare fall,Left,59,46.1
10,3,583,DOMSIDE,Predominantly affected side at onset,1,rare fall,Right,67,52.3
10,3,583,DOMSIDE,Predominantly affected side at onset,1,rare fall,Symmetric,1,0.8
10,3,583,DOMSIDE,Predominantly affected side at onset,1,rare fall,Unknown,1,0.8
10,3,583,DOMSIDE,Predominantly affected side at onset,2,recurrent fall,Left,29,51.8
10,3,583,DOMSIDE,Predominantly affected side at onset,2,recurrent fall,Right,24,42.9
10,3,583,DOMSIDE,Predominantly affected side at onset,2,recurrent fall,Symmetric,1,1.8
10,3,583,DOMSIDE,Predominantly affected side at onset,2,recurrent fall,Unknown,2,3.6
10,4,583,DXPOSINS,Postural instability at diagnosis,0,no fall,<Missing>,1,0.3
10,4,583,DXPOSINS,Postural instability at diagnosis,0,no fall,No,347,87.0
10,4,583,DXPOSINS,Postural instability at diagnosis,0,no fall,Unknown,22,5.5
10,4,583,DXPOSINS,Postural instability at diagnosis,0,no fall,Yes,29,7.3
10,4,583,DXPOSINS,Postural instability at diagnosis,1,rare fall,No,108,85.0
10,4,583,DXPOSINS,Postural instability at diagnosis,1,rare fall,Unknown,6,4.7
10,4,583,DXPOSINS,Postural instability at diagnosis,1,rare fall,Yes,13,10.2
10,4,583,DXPOSINS,Postural instability at diagnosis,2,recurrent fall,No,48,84.2
10,4,583,DXPOSINS,Postural instability at diagnosis,2,recurrent fall,Unknown,1,1.8
10,4,583,DXPOSINS,Postural instability at diagnosis,2,recurrent fall,Yes,8,14.0
10,4,583,DXRIGID,Rigidity at diagnosis,0,no fall,No,83,20.8
10,4,583,DXRIGID,Rigidity at diagnosis,0,no fall,Unknown,29,7.3
10,4,583,DXRIGID,Rigidity at diagnosis,0,no fall,Yes,287,71.9
10,4,583,DXRIGID,Rigidity at diagnosis,1,rare fall,No,25,19.7
10,4,583,DXRIGID,Rigidity at diagnosis,1,rare fall,Unknown,5,3.9
10,4,583,DXRIGID,Rigidity at diagnosis,1,rare fall,Yes,97,76.4
10,4,583,DXRIGID,Rigidity at diagnosis,2,recurrent fall,No,10,17.5
10,4,583,DXRIGID,Rigidity at diagnosis,2,recurrent fall,Unknown,2,3.5
10,4,583,DXRIGID,Rigidity at diagnosis,2,recurrent fall,Yes,45,78.9
10,4,583,DOPTHERST,Dopaminergic therapy started,0,no fall,<Missing>,58,14.5
10,4,583,DOPTHERST,Dopaminergic therapy started,0,no fall,No,68,17.0
10,4,583,DOPTHERST,Dopaminergic therapy started,0,no fall,Yes,273,68.4
10,4,583,DOPTHERST,Dopaminergic therapy started,1,rare fall,<Missing>,29,22.8
10,4,583,DOPTHERST,Dopaminergic therapy started,1,rare fall,No,10,7.9
10,4,583,DOPTHERST,Dopaminergic therapy started,1,rare fall,Yes,88,69.3
10,4,583,DOPTHERST,Dopaminergic therapy started,2,recurrent fall,<Missing>,22,38.6
10,4,583,DOPTHERST,Dopaminergic therapy started,2,recurrent fall,No,1,1.8
10,4,583,DOPTHERST,Dopaminergic therapy started,2,recurrent fall,Yes,34,59.6
10,4,583,FEATPOSHYP,Postural hypotension clinical feature,0,no fall,No,250,62.7
10,4,583,FEATPOSHYP,Postural hypotension clinical feature,0,no fall,Uncertain,10,2.5
10,4,583,FEATPOSHYP,Postural hypotension clinical feature,0,no fall,Yes,139,34.8
10,4,583,FEATPOSHYP,Postural hypotension clinical feature,1,rare fall,No,79,62.2
10,4,583,FEATPOSHYP,Postural hypotension clinical feature,1,rare fall,Uncertain,3,2.4
10,4,583,FEATPOSHYP,Postural hypotension clinical feature,1,rare fall,Yes,45,35.4
10,4,583,FEATPOSHYP,Postural hypotension clinical feature,2,recurrent fall,No,32,56.1
10,4,583,FEATPOSHYP,Postural hypotension clinical feature,2,recurrent fall,Uncertain,1,1.8
10,4,583,FEATPOSHYP,Postural hypotension clinical feature,2,recurrent fall,Yes,24,42.1
10,4,583,ANYFAMPD,Family history of Parkinson's disease,0,no fall,<Missing>,14,3.5
10,4,583,ANYFAMPD,Family history of Parkinson's disease,0,no fall,No,228,57.1
10,4,583,ANYFAMPD,Family history of Parkinson's disease,0,no fall,Yes,157,39.3
10,4,583,ANYFAMPD,Family history of Parkinson's disease,1,rare fall,<Missing>,7,5.5
10,4,583,ANYFAMPD,Family history of Parkinson's disease,1,rare fall,No,78,61.4
10,4,583,ANYFAMPD,Family history of Parkinson's disease,1,rare fall,Yes,42,33.1
10,4,583,ANYFAMPD,Family history of Parkinson's disease,2,recurrent fall,<Missing>,10,17.5
10,4,583,ANYFAMPD,Family history of Parkinson's disease,2,recurrent fall,No,23,40.4
10,4,583,ANYFAMPD,Family history of Parkinson's disease,2,recurrent fall,Yes,24,42.1
10,4,583,DXTREMOR,Resting tremor at diagnosis,0,no fall,No,90,22.6
10,4,583,DXTREMOR,Resting tremor at diagnosis,0,no fall,Unknown,10,2.5
10,4,583,DXTREMOR,Resting tremor at diagnosis,0,no fall,Yes,299,74.9
10,4,583,DXTREMOR,Resting tremor at diagnosis,1,rare fall,No,28,22.0
10,4,583,DXTREMOR,Resting tremor at diagnosis,1,rare fall,Unknown,1,0.8
10,4,583,DXTREMOR,Resting tremor at diagnosis,1,rare fall,Yes,98,77.2
10,4,583,DXTREMOR,Resting tremor at diagnosis,2,recurrent fall,No,19,33.3
10,4,583,DXTREMOR,Resting tremor at diagnosis,2,recurrent fall,Yes,38,66.7
10,4,583,DXBRADY,Bradykinesia at diagnosis,0,no fall,No,50,12.5
10,4,583,DXBRADY,Bradykinesia at diagnosis,0,no fall,Unknown,20,5.0
10,4,583,DXBRADY,Bradykinesia at diagnosis,0,no fall,Yes,329,82.5
10,4,583,DXBRADY,Bradykinesia at diagnosis,1,rare fall,No,21,16.5
10,4,583,DXBRADY,Bradykinesia at diagnosis,1,rare fall,Unknown,6,4.7
10,4,583,DXBRADY,Bradykinesia at diagnosis,1,rare fall,Yes,100,78.7
10,4,583,DXBRADY,Bradykinesia at diagnosis,2,recurrent fall,No,8,14.0
10,4,583,DXBRADY,Bradykinesia at diagnosis,2,recurrent fall,Unknown,1,1.8
10,4,583,DXBRADY,Bradykinesia at diagnosis,2,recurrent fall,Yes,48,84.2
10,4,583,DOMSIDE,Predominantly affected side at onset,0,no fall,Left,179,44.9
10,4,583,DOMSIDE,Predominantly affected side at onset,0,no fall,Right,211,52.9
10,4,583,DOMSIDE,Predominantly affected side at onset,0,no fall,Symmetric,6,1.5
10,4,583,DOMSIDE,Predominantly affected side at onset,0,no fall,Unknown,3,0.8
10,4,583,DOMSIDE,Predominantly affected side at onset,1,rare fall,Left,61,48.0
10,4,583,DOMSIDE,Predominantly affected side at onset,1,rare fall,Right,64,50.4
10,4,583,DOMSIDE,Predominantly affected side at onset,1,rare fall,Symmetric,1,0.8
10,4,583,DOMSIDE,Predominantly affected side at onset,1,rare fall,Unknown,1,0.8
10,4,583,DOMSIDE,Predominantly affected side at onset,2,recurrent fall,Left,30,52.6
10,4,583,DOMSIDE,Predominantly affected side at onset,2,recurrent fall,Right,24,42.1
10,4,583,DOMSIDE,Predominantly affected side at onset,2,recurrent fall,Symmetric,1,1.8
10,4,583,DOMSIDE,Predominantly affected side at onset,2,recurrent fall,Unknown,2,3.5
11,0,582,DXPOSINS,Postural instability at diagnosis,0,no fall,<Missing>,1,0.3
11,0,582,DXPOSINS,Postural instability at diagnosis,0,no fall,No,341,85.7
11,0,582,DXPOSINS,Postural instability at diagnosis,0,no fall,Unknown,23,5.8
11,0,582,DXPOSINS,Postural instability at diagnosis,0,no fall,Yes,33,8.3
11,0,582,DXPOSINS,Postural instability at diagnosis,1,rare fall,No,108,85.0
11,0,582,DXPOSINS,Postural instability at diagnosis,1,rare fall,Unknown,9,7.1
11,0,582,DXPOSINS,Postural instability at diagnosis,1,rare fall,Yes,10,7.9
11,0,582,DXPOSINS,Postural instability at diagnosis,2,recurrent fall,No,45,78.9
11,0,582,DXPOSINS,Postural instability at diagnosis,2,recurrent fall,Unknown,1,1.8
11,0,582,DXPOSINS,Postural instability at diagnosis,2,recurrent fall,Yes,11,19.3
11,0,582,DXRIGID,Rigidity at diagnosis,0,no fall,No,86,21.6
11,0,582,DXRIGID,Rigidity at diagnosis,0,no fall,Unknown,29,7.3
11,0,582,DXRIGID,Rigidity at diagnosis,0,no fall,Yes,283,71.1
11,0,582,DXRIGID,Rigidity at diagnosis,1,rare fall,No,23,18.1
11,0,582,DXRIGID,Rigidity at diagnosis,1,rare fall,Unknown,8,6.3
11,0,582,DXRIGID,Rigidity at diagnosis,1,rare fall,Yes,96,75.6
11,0,582,DXRIGID,Rigidity at diagnosis,2,recurrent fall,No,14,24.6
11,0,582,DXRIGID,Rigidity at diagnosis,2,recurrent fall,Unknown,3,5.3
11,0,582,DXRIGID,Rigidity at diagnosis,2,recurrent fall,Yes,40,70.2
11,0,582,DOPTHERST,Dopaminergic therapy started,0,no fall,<Missing>,60,15.1
11,0,582,DOPTHERST,Dopaminergic therapy started,0,no fall,No,76,19.1
11,0,582,DOPTHERST,Dopaminergic therapy started,0,no fall,Yes,262,65.8
11,0,582,DOPTHERST,Dopaminergic therapy started,1,rare fall,<Missing>,28,22.0
11,0,582,DOPTHERST,Dopaminergic therapy started,1,rare fall,No,12,9.4
11,0,582,DOPTHERST,Dopaminergic therapy started,1,rare fall,Yes,87,68.5
11,0,582,DOPTHERST,Dopaminergic therapy started,2,recurrent fall,<Missing>,13,22.8
11,0,582,DOPTHERST,Dopaminergic therapy started,2,recurrent fall,No,3,5.3
11,0,582,DOPTHERST,Dopaminergic therapy started,2,recurrent fall,Yes,41,71.9
11,0,582,FEATPOSHYP,Postural hypotension clinical feature,0,no fall,No,261,65.6
11,0,582,FEATPOSHYP,Postural hypotension clinical feature,0,no fall,Uncertain,9,2.3
11,0,582,FEATPOSHYP,Postural hypotension clinical feature,0,no fall,Yes,128,32.2
11,0,582,FEATPOSHYP,Postural hypotension clinical feature,1,rare fall,No,71,55.9
11,0,582,FEATPOSHYP,Postural hypotension clinical feature,1,rare fall,Uncertain,2,1.6
11,0,582,FEATPOSHYP,Postural hypotension clinical feature,1,rare fall,Yes,54,42.5
11,0,582,FEATPOSHYP,Postural hypotension clinical feature,2,recurrent fall,No,26,45.6
11,0,582,FEATPOSHYP,Postural hypotension clinical feature,2,recurrent fall,Uncertain,2,3.5
11,0,582,FEATPOSHYP,Postural hypotension clinical feature,2,recurrent fall,Yes,29,50.9
11,0,582,ANYFAMPD,Family history of Parkinson's disease,0,no fall,<Missing>,14,3.5
11,0,582,ANYFAMPD,Family history of Parkinson's disease,0,no fall,No,235,59.0
11,0,582,ANYFAMPD,Family history of Parkinson's disease,0,no fall,Yes,149,37.4
11,0,582,ANYFAMPD,Family history of Parkinson's disease,1,rare fall,<Missing>,9,7.1
11,0,582,ANYFAMPD,Family history of Parkinson's disease,1,rare fall,No,71,55.9
11,0,582,ANYFAMPD,Family history of Parkinson's disease,1,rare fall,Yes,47,37.0
11,0,582,ANYFAMPD,Family history of Parkinson's disease,2,recurrent fall,<Missing>,4,7.0
11,0,582,ANYFAMPD,Family history of Parkinson's disease,2,recurrent fall,No,25,43.9
11,0,582,ANYFAMPD,Family history of Parkinson's disease,2,recurrent fall,Yes,28,49.1
11,0,582,DXTREMOR,Resting tremor at diagnosis,0,no fall,No,74,18.6
11,0,582,DXTREMOR,Resting tremor at diagnosis,0,no fall,Unknown,8,2.0
11,0,582,DXTREMOR,Resting tremor at diagnosis,0,no fall,Yes,316,79.4
11,0,582,DXTREMOR,Resting tremor at diagnosis,1,rare fall,No,24,18.9
11,0,582,DXTREMOR,Resting tremor at diagnosis,1,rare fall,Unknown,3,2.4
11,0,582,DXTREMOR,Resting tremor at diagnosis,1,rare fall,Yes,100,78.7
11,0,582,DXTREMOR,Resting tremor at diagnosis,2,recurrent fall,No,13,22.8
11,0,582,DXTREMOR,Resting tremor at diagnosis,2,recurrent fall,Yes,44,77.2
11,0,582,DXBRADY,Bradykinesia at diagnosis,0,no fall,No,54,13.6
11,0,582,DXBRADY,Bradykinesia at diagnosis,0,no fall,Unknown,20,5.0
11,0,582,DXBRADY,Bradykinesia at diagnosis,0,no fall,Yes,324,81.4
11,0,582,DXBRADY,Bradykinesia at diagnosis,1,rare fall,No,18,14.2
11,0,582,DXBRADY,Bradykinesia at diagnosis,1,rare fall,Unknown,6,4.7
11,0,582,DXBRADY,Bradykinesia at diagnosis,1,rare fall,Yes,103,81.1
11,0,582,DXBRADY,Bradykinesia at diagnosis,2,recurrent fall,No,7,12.3
11,0,582,DXBRADY,Bradykinesia at diagnosis,2,recurrent fall,Unknown,2,3.5
11,0,582,DXBRADY,Bradykinesia at diagnosis,2,recurrent fall,Yes,48,84.2
11,0,582,DOMSIDE,Predominantly affected side at onset,0,no fall,Left,172,43.2
11,0,582,DOMSIDE,Predominantly affected side at onset,0,no fall,Right,216,54.3
11,0,582,DOMSIDE,Predominantly affected side at onset,0,no fall,Symmetric,8,2.0
11,0,582,DOMSIDE,Predominantly affected side at onset,0,no fall,Unknown,2,0.5
11,0,582,DOMSIDE,Predominantly affected side at onset,1,rare fall,Left,47,37.0
11,0,582,DOMSIDE,Predominantly affected side at onset,1,rare fall,Right,76,59.8
11,0,582,DOMSIDE,Predominantly affected side at onset,1,rare fall,Symmetric,3,2.4
11,0,582,DOMSIDE,Predominantly affected side at onset,1,rare fall,Unknown,1,0.8
11,0,582,DOMSIDE,Predominantly affected side at onset,2,recurrent fall,Left,27,47.4
11,0,582,DOMSIDE,Predominantly affected side at onset,2,recurrent fall,Right,25,43.9
11,0,582,DOMSIDE,Predominantly affected side at onset,2,recurrent fall,Symmetric,3,5.3
11,0,582,DOMSIDE,Predominantly affected side at onset,2,recurrent fall,Unknown,2,3.5
11,1,582,DXPOSINS,Postural instability at diagnosis,0,no fall,No,342,85.9
11,1,582,DXPOSINS,Postural instability at diagnosis,0,no fall,Unknown,26,6.5
11,1,582,DXPOSINS,Postural instability at diagnosis,0,no fall,Yes,30,7.5
11,1,582,DXPOSINS,Postural instability at diagnosis,1,rare fall,No,103,81.1
11,1,582,DXPOSINS,Postural instability at diagnosis,1,rare fall,Unknown,10,7.9
11,1,582,DXPOSINS,Postural instability at diagnosis,1,rare fall,Yes,14,11.0
11,1,582,DXPOSINS,Postural instability at diagnosis,2,recurrent fall,No,46,80.7
11,1,582,DXPOSINS,Postural instability at diagnosis,2,recurrent fall,Unknown,1,1.8
11,1,582,DXPOSINS,Postural instability at diagnosis,2,recurrent fall,Yes,10,17.5
11,1,582,DXRIGID,Rigidity at diagnosis,0,no fall,No,77,19.3
11,1,582,DXRIGID,Rigidity at diagnosis,0,no fall,Unknown,33,8.3
11,1,582,DXRIGID,Rigidity at diagnosis,0,no fall,Yes,288,72.4
11,1,582,DXRIGID,Rigidity at diagnosis,1,rare fall,No,28,22.0
11,1,582,DXRIGID,Rigidity at diagnosis,1,rare fall,Unknown,8,6.3
11,1,582,DXRIGID,Rigidity at diagnosis,1,rare fall,Yes,91,71.7
11,1,582,DXRIGID,Rigidity at diagnosis,2,recurrent fall,No,12,21.1
11,1,582,DXRIGID,Rigidity at diagnosis,2,recurrent fall,Unknown,1,1.8
11,1,582,DXRIGID,Rigidity at diagnosis,2,recurrent fall,Yes,44,77.2
11,1,582,DOPTHERST,Dopaminergic therapy started,0,no fall,<Missing>,60,15.1
11,1,582,DOPTHERST,Dopaminergic therapy started,0,no fall,No,70,17.6
11,1,582,DOPTHERST,Dopaminergic therapy started,0,no fall,Yes,268,67.3
11,1,582,DOPTHERST,Dopaminergic therapy started,1,rare fall,<Missing>,28,22.0
11,1,582,DOPTHERST,Dopaminergic therapy started,1,rare fall,No,15,11.8
11,1,582,DOPTHERST,Dopaminergic therapy started,1,rare fall,Yes,84,66.1
11,1,582,DOPTHERST,Dopaminergic therapy started,2,recurrent fall,<Missing>,17,29.8
11,1,582,DOPTHERST,Dopaminergic therapy started,2,recurrent fall,No,4,7.0
11,1,582,DOPTHERST,Dopaminergic therapy started,2,recurrent fall,Yes,36,63.2
11,1,582,FEATPOSHYP,Postural hypotension clinical feature,0,no fall,No,255,64.1
11,1,582,FEATPOSHYP,Postural hypotension clinical feature,0,no fall,Uncertain,7,1.8
11,1,582,FEATPOSHYP,Postural hypotension clinical feature,0,no fall,Yes,136,34.2
11,1,582,FEATPOSHYP,Postural hypotension clinical feature,1,rare fall,No,71,55.9
11,1,582,FEATPOSHYP,Postural hypotension clinical feature,1,rare fall,Uncertain,4,3.1
11,1,582,FEATPOSHYP,Postural hypotension clinical feature,1,rare fall,Yes,52,40.9
11,1,582,FEATPOSHYP,Postural hypotension clinical feature,2,recurrent fall,No,24,42.1
11,1,582,FEATPOSHYP,Postural hypotension clinical feature,2,recurrent fall,Uncertain,2,3.5
11,1,582,FEATPOSHYP,Postural hypotension clinical feature,2,recurrent fall,Yes,31,54.4
11,1,582,ANYFAMPD,Family history of Parkinson's disease,0,no fall,<Missing>,15,3.8
11,1,582,ANYFAMPD,Family history of Parkinson's disease,0,no fall,No,236,59.3
11,1,582,ANYFAMPD,Family history of Parkinson's disease,0,no fall,Yes,147,36.9
11,1,582,ANYFAMPD,Family history of Parkinson's disease,1,rare fall,<Missing>,11,8.7
11,1,582,ANYFAMPD,Family history of Parkinson's disease,1,rare fall,No,70,55.1
11,1,582,ANYFAMPD,Family history of Parkinson's disease,1,rare fall,Yes,46,36.2
11,1,582,ANYFAMPD,Family history of Parkinson's disease,2,recurrent fall,<Missing>,7,12.3
11,1,582,ANYFAMPD,Family history of Parkinson's disease,2,recurrent fall,No,27,47.4
11,1,582,ANYFAMPD,Family history of Parkinson's disease,2,recurrent fall,Yes,23,40.4
11,1,582,DXTREMOR,Resting tremor at diagnosis,0,no fall,No,79,19.8
11,1,582,DXTREMOR,Resting tremor at diagnosis,0,no fall,Unknown,8,2.0
11,1,582,DXTREMOR,Resting tremor at diagnosis,0,no fall,Yes,311,78.1
11,1,582,DXTREMOR,Resting tremor at diagnosis,1,rare fall,No,24,18.9
11,1,582,DXTREMOR,Resting tremor at diagnosis,1,rare fall,Unknown,3,2.4
11,1,582,DXTREMOR,Resting tremor at diagnosis,1,rare fall,Yes,100,78.7
11,1,582,DXTREMOR,Resting tremor at diagnosis,2,recurrent fall,No,15,26.3
11,1,582,DXTREMOR,Resting tremor at diagnosis,2,recurrent fall,Yes,42,73.7
11,1,582,DXBRADY,Bradykinesia at diagnosis,0,no fall,No,47,11.8
11,1,582,DXBRADY,Bradykinesia at diagnosis,0,no fall,Unknown,22,5.5
11,1,582,DXBRADY,Bradykinesia at diagnosis,0,no fall,Yes,329,82.7
11,1,582,DXBRADY,Bradykinesia at diagnosis,1,rare fall,No,18,14.2
11,1,582,DXBRADY,Bradykinesia at diagnosis,1,rare fall,Unknown,4,3.1
11,1,582,DXBRADY,Bradykinesia at diagnosis,1,rare fall,Yes,105,82.7
11,1,582,DXBRADY,Bradykinesia at diagnosis,2,recurrent fall,No,8,14.0
11,1,582,DXBRADY,Bradykinesia at diagnosis,2,recurrent fall,Unknown,2,3.5
11,1,582,DXBRADY,Bradykinesia at diagnosis,2,recurrent fall,Yes,47,82.5
11,1,582,DOMSIDE,Predominantly affected side at onset,0,no fall,Left,169,42.5
11,1,582,DOMSIDE,Predominantly affected side at onset,0,no fall,Right,222,55.8
11,1,582,DOMSIDE,Predominantly affected side at onset,0,no fall,Symmetric,5,1.3
11,1,582,DOMSIDE,Predominantly affected side at onset,0,no fall,Unknown,2,0.5
11,1,582,DOMSIDE,Predominantly affected side at onset,1,rare fall,Left,50,39.4
11,1,582,DOMSIDE,Predominantly affected side at onset,1,rare fall,Right,76,59.8
11,1,582,DOMSIDE,Predominantly affected side at onset,1,rare fall,Unknown,1,0.8
11,1,582,DOMSIDE,Predominantly affected side at onset,2,recurrent fall,Left,29,50.9
11,1,582,DOMSIDE,Predominantly affected side at onset,2,recurrent fall,Right,25,43.9
11,1,582,DOMSIDE,Predominantly affected side at onset,2,recurrent fall,Symmetric,1,1.8
11,1,582,DOMSIDE,Predominantly affected side at onset,2,recurrent fall,Unknown,2,3.5
11,2,582,DXPOSINS,Postural instability at diagnosis,0,no fall,<Missing>,1,0.3
11,2,582,DXPOSINS,Postural instability at diagnosis,0,no fall,No,347,87.0
11,2,582,DXPOSINS,Postural instability at diagnosis,0,no fall,Unknown,25,6.3
11,2,582,DXPOSINS,Postural instability at diagnosis,0,no fall,Yes,26,6.5
11,2,582,DXPOSINS,Postural instability at diagnosis,1,rare fall,No,110,86.6
11,2,582,DXPOSINS,Postural instability at diagnosis,1,rare fall,Unknown,5,3.9
11,2,582,DXPOSINS,Postural instability at diagnosis,1,rare fall,Yes,12,9.4
11,2,582,DXPOSINS,Postural instability at diagnosis,2,recurrent fall,No,46,82.1
11,2,582,DXPOSINS,Postural instability at diagnosis,2,recurrent fall,Unknown,1,1.8
11,2,582,DXPOSINS,Postural instability at diagnosis,2,recurrent fall,Yes,9,16.1
11,2,582,DXRIGID,Rigidity at diagnosis,0,no fall,No,84,21.1
11,2,582,DXRIGID,Rigidity at diagnosis,0,no fall,Unknown,31,7.8
11,2,582,DXRIGID,Rigidity at diagnosis,0,no fall,Yes,284,71.2
11,2,582,DXRIGID,Rigidity at diagnosis,1,rare fall,No,24,18.9
11,2,582,DXRIGID,Rigidity at diagnosis,1,rare fall,Unknown,6,4.7
11,2,582,DXRIGID,Rigidity at diagnosis,1,rare fall,Yes,97,76.4
11,2,582,DXRIGID,Rigidity at diagnosis,2,recurrent fall,No,14,25.0
11,2,582,DXRIGID,Rigidity at diagnosis,2,recurrent fall,Unknown,2,3.6
11,2,582,DXRIGID,Rigidity at diagnosis,2,recurrent fall,Yes,40,71.4
11,2,582,DOPTHERST,Dopaminergic therapy started,0,no fall,<Missing>,64,16.0
11,2,582,DOPTHERST,Dopaminergic therapy started,0,no fall,No,77,19.3
11,2,582,DOPTHERST,Dopaminergic therapy started,0,no fall,Yes,258,64.7
11,2,582,DOPTHERST,Dopaminergic therapy started,1,rare fall,<Missing>,27,21.3
11,2,582,DOPTHERST,Dopaminergic therapy started,1,rare fall,No,17,13.4
11,2,582,DOPTHERST,Dopaminergic therapy started,1,rare fall,Yes,83,65.4
11,2,582,DOPTHERST,Dopaminergic therapy started,2,recurrent fall,<Missing>,17,30.4
11,2,582,DOPTHERST,Dopaminergic therapy started,2,recurrent fall,No,4,7.1
11,2,582,DOPTHERST,Dopaminergic therapy started,2,recurrent fall,Yes,35,62.5
11,2,582,FEATPOSHYP,Postural hypotension clinical feature,0,no fall,No,263,65.9
11,2,582,FEATPOSHYP,Postural hypotension clinical feature,0,no fall,Uncertain,8,2.0
11,2,582,FEATPOSHYP,Postural hypotension clinical feature,0,no fall,Yes,128,32.1
11,2,582,FEATPOSHYP,Postural hypotension clinical feature,1,rare fall,No,74,58.3
11,2,582,FEATPOSHYP,Postural hypotension clinical feature,1,rare fall,Uncertain,4,3.1
11,2,582,FEATPOSHYP,Postural hypotension clinical feature,1,rare fall,Yes,49,38.6
11,2,582,FEATPOSHYP,Postural hypotension clinical feature,2,recurrent fall,No,25,44.6
11,2,582,FEATPOSHYP,Postural hypotension clinical feature,2,recurrent fall,Uncertain,2,3.6
11,2,582,FEATPOSHYP,Postural hypotension clinical feature,2,recurrent fall,Yes,29,51.8
11,2,582,ANYFAMPD,Family history of Parkinson's disease,0,no fall,<Missing>,14,3.5
11,2,582,ANYFAMPD,Family history of Parkinson's disease,0,no fall,No,243,60.9
11,2,582,ANYFAMPD,Family history of Parkinson's disease,0,no fall,Yes,142,35.6
11,2,582,ANYFAMPD,Family history of Parkinson's disease,1,rare fall,<Missing>,12,9.4
11,2,582,ANYFAMPD,Family history of Parkinson's disease,1,rare fall,No,69,54.3
11,2,582,ANYFAMPD,Family history of Parkinson's disease,1,rare fall,Yes,46,36.2
11,2,582,ANYFAMPD,Family history of Parkinson's disease,2,recurrent fall,<Missing>,6,10.7
11,2,582,ANYFAMPD,Family history of Parkinson's disease,2,recurrent fall,No,24,42.9
11,2,582,ANYFAMPD,Family history of Parkinson's disease,2,recurrent fall,Yes,26,46.4
11,2,582,DXTREMOR,Resting tremor at diagnosis,0,no fall,No,84,21.1
11,2,582,DXTREMOR,Resting tremor at diagnosis,0,no fall,Unknown,9,2.3
11,2,582,DXTREMOR,Resting tremor at diagnosis,0,no fall,Yes,306,76.7
11,2,582,DXTREMOR,Resting tremor at diagnosis,1,rare fall,No,22,17.3
11,2,582,DXTREMOR,Resting tremor at diagnosis,1,rare fall,Unknown,1,0.8
11,2,582,DXTREMOR,Resting tremor at diagnosis,1,rare fall,Yes,104,81.9
11,2,582,DXTREMOR,Resting tremor at diagnosis,2,recurrent fall,No,11,19.6
11,2,582,DXTREMOR,Resting tremor at diagnosis,2,recurrent fall,Yes,45,80.4
11,2,582,DXBRADY,Bradykinesia at diagnosis,0,no fall,No,48,12.0
11,2,582,DXBRADY,Bradykinesia at diagnosis,0,no fall,Unknown,22,5.5
11,2,582,DXBRADY,Bradykinesia at diagnosis,0,no fall,Yes,329,82.5
11,2,582,DXBRADY,Bradykinesia at diagnosis,1,rare fall,No,16,12.6
11,2,582,DXBRADY,Bradykinesia at diagnosis,1,rare fall,Unknown,4,3.1
11,2,582,DXBRADY,Bradykinesia at diagnosis,1,rare fall,Yes,107,84.3
11,2,582,DXBRADY,Bradykinesia at diagnosis,2,recurrent fall,No,10,17.9
11,2,582,DXBRADY,Bradykinesia at diagnosis,2,recurrent fall,Unknown,1,1.8
11,2,582,DXBRADY,Bradykinesia at diagnosis,2,recurrent fall,Yes,45,80.4
11,2,582,DOMSIDE,Predominantly affected side at onset,0,no fall,Left,169,42.4
11,2,582,DOMSIDE,Predominantly affected side at onset,0,no fall,Right,223,55.9
11,2,582,DOMSIDE,Predominantly affected side at onset,0,no fall,Symmetric,6,1.5
11,2,582,DOMSIDE,Predominantly affected side at onset,0,no fall,Unknown,1,0.3
11,2,582,DOMSIDE,Predominantly affected side at onset,1,rare fall,Left,49,38.6
11,2,582,DOMSIDE,Predominantly affected side at onset,1,rare fall,Right,75,59.1
11,2,582,DOMSIDE,Predominantly affected side at onset,1,rare fall,Symmetric,3,2.4
11,2,582,DOMSIDE,Predominantly affected side at onset,2,recurrent fall,Left,25,44.6
11,2,582,DOMSIDE,Predominantly affected side at onset,2,recurrent fall,Right,29,51.8
11,2,582,DOMSIDE,Predominantly affected side at onset,2,recurrent fall,Symmetric,2,3.6
11,3,583,DXPOSINS,Postural instability at diagnosis,0,no fall,<Missing>,1,0.3
11,3,583,DXPOSINS,Postural instability at diagnosis,0,no fall,No,344,86.2
11,3,583,DXPOSINS,Postural instability at diagnosis,0,no fall,Unknown,23,5.8
11,3,583,DXPOSINS,Postural instability at diagnosis,0,no fall,Yes,31,7.8
11,3,583,DXPOSINS,Postural instability at diagnosis,1,rare fall,No,108,85.0
11,3,583,DXPOSINS,Postural instability at diagnosis,1,rare fall,Unknown,6,4.7
11,3,583,DXPOSINS,Postural instability at diagnosis,1,rare fall,Yes,13,10.2
11,3,583,DXPOSINS,Postural instability at diagnosis,2,recurrent fall,No,45,78.9
11,3,583,DXPOSINS,Postural instability at diagnosis,2,recurrent fall,Unknown,1,1.8
11,3,583,DXPOSINS,Postural instability at diagnosis,2,recurrent fall,Yes,11,19.3
11,3,583,DXRIGID,Rigidity at diagnosis,0,no fall,No,80,20.1
11,3,583,DXRIGID,Rigidity at diagnosis,0,no fall,Unknown,28,7.0
11,3,583,DXRIGID,Rigidity at diagnosis,0,no fall,Yes,291,72.9
11,3,583,DXRIGID,Rigidity at diagnosis,1,rare fall,No,28,22.0
11,3,583,DXRIGID,Rigidity at diagnosis,1,rare fall,Unknown,5,3.9
11,3,583,DXRIGID,Rigidity at diagnosis,1,rare fall,Yes,94,74.0
11,3,583,DXRIGID,Rigidity at diagnosis,2,recurrent fall,No,13,22.8
11,3,583,DXRIGID,Rigidity at diagnosis,2,recurrent fall,Unknown,3,5.3
11,3,583,DXRIGID,Rigidity at diagnosis,2,recurrent fall,Yes,41,71.9
11,3,583,DOPTHERST,Dopaminergic therapy started,0,no fall,<Missing>,59,14.8
11,3,583,DOPTHERST,Dopaminergic therapy started,0,no fall,No,75,18.8
11,3,583,DOPTHERST,Dopaminergic therapy started,0,no fall,Yes,265,66.4
11,3,583,DOPTHERST,Dopaminergic therapy started,1,rare fall,<Missing>,29,22.8
11,3,583,DOPTHERST,Dopaminergic therapy started,1,rare fall,No,14,11.0
11,3,583,DOPTHERST,Dopaminergic therapy started,1,rare fall,Yes,84,66.1
11,3,583,DOPTHERST,Dopaminergic therapy started,2,recurrent fall,<Missing>,19,33.3
11,3,583,DOPTHERST,Dopaminergic therapy started,2,recurrent fall,No,1,1.8
11,3,583,DOPTHERST,Dopaminergic therapy started,2,recurrent fall,Yes,37,64.9
11,3,583,FEATPOSHYP,Postural hypotension clinical feature,0,no fall,No,250,62.7
11,3,583,FEATPOSHYP,Postural hypotension clinical feature,0,no fall,Uncertain,9,2.3
11,3,583,FEATPOSHYP,Postural hypotension clinical feature,0,no fall,Yes,140,35.1
11,3,583,FEATPOSHYP,Postural hypotension clinical feature,1,rare fall,No,77,60.6
11,3,583,FEATPOSHYP,Postural hypotension clinical feature,1,rare fall,Uncertain,4,3.1
11,3,583,FEATPOSHYP,Postural hypotension clinical feature,1,rare fall,Yes,46,36.2
11,3,583,FEATPOSHYP,Postural hypotension clinical feature,2,recurrent fall,No,24,42.1
11,3,583,FEATPOSHYP,Postural hypotension clinical feature,2,recurrent fall,Uncertain,1,1.8
11,3,583,FEATPOSHYP,Postural hypotension clinical feature,2,recurrent fall,Yes,32,56.1
11,3,583,ANYFAMPD,Family history of Parkinson's disease,0,no fall,<Missing>,15,3.8
11,3,583,ANYFAMPD,Family history of Parkinson's disease,0,no fall,No,232,58.1
11,3,583,ANYFAMPD,Family history of Parkinson's disease,0,no fall,Yes,152,38.1
11,3,583,ANYFAMPD,Family history of Parkinson's disease,1,rare fall,<Missing>,11,8.7
11,3,583,ANYFAMPD,Family history of Parkinson's disease,1,rare fall,No,68,53.5
11,3,583,ANYFAMPD,Family history of Parkinson's disease,1,rare fall,Yes,48,37.8
11,3,583,ANYFAMPD,Family history of Parkinson's disease,2,recurrent fall,<Missing>,8,14.0
11,3,583,ANYFAMPD,Family history of Parkinson's disease,2,recurrent fall,No,24,42.1
11,3,583,ANYFAMPD,Family history of Parkinson's disease,2,recurrent fall,Yes,25,43.9
11,3,583,DXTREMOR,Resting tremor at diagnosis,0,no fall,No,81,20.3
11,3,583,DXTREMOR,Resting tremor at diagnosis,0,no fall,Unknown,10,2.5
11,3,583,DXTREMOR,Resting tremor at diagnosis,0,no fall,Yes,308,77.2
11,3,583,DXTREMOR,Resting tremor at diagnosis,1,rare fall,No,26,20.5
11,3,583,DXTREMOR,Resting tremor at diagnosis,1,rare fall,Unknown,2,1.6
11,3,583,DXTREMOR,Resting tremor at diagnosis,1,rare fall,Yes,99,78.0
11,3,583,DXTREMOR,Resting tremor at diagnosis,2,recurrent fall,No,17,29.8
11,3,583,DXTREMOR,Resting tremor at diagnosis,2,recurrent fall,Yes,40,70.2
11,3,583,DXBRADY,Bradykinesia at diagnosis,0,no fall,No,50,12.5
11,3,583,DXBRADY,Bradykinesia at diagnosis,0,no fall,Unknown,19,4.8
11,3,583,DXBRADY,Bradykinesia at diagnosis,0,no fall,Yes,330,82.7
11,3,583,DXBRADY,Bradykinesia at diagnosis,1,rare fall,No,20,15.7
11,3,583,DXBRADY,Bradykinesia at diagnosis,1,rare fall,Unknown,4,3.1
11,3,583,DXBRADY,Bradykinesia at diagnosis,1,rare fall,Yes,103,81.1
11,3,583,DXBRADY,Bradykinesia at diagnosis,2,recurrent fall,No,8,14.0
11,3,583,DXBRADY,Bradykinesia at diagnosis,2,recurrent fall,Unknown,2,3.5
11,3,583,DXBRADY,Bradykinesia at diagnosis,2,recurrent fall,Yes,47,82.5
11,3,583,DOMSIDE,Predominantly affected side at onset,0,no fall,Left,167,41.9
11,3,583,DOMSIDE,Predominantly affected side at onset,0,no fall,Right,224,56.1
11,3,583,DOMSIDE,Predominantly affected side at onset,0,no fall,Symmetric,7,1.8
11,3,583,DOMSIDE,Predominantly affected side at onset,0,no fall,Unknown,1,0.3
11,3,583,DOMSIDE,Predominantly affected side at onset,1,rare fall,Left,52,40.9
11,3,583,DOMSIDE,Predominantly affected side at onset,1,rare fall,Right,71,55.9
11,3,583,DOMSIDE,Predominantly affected side at onset,1,rare fall,Symmetric,3,2.4
11,3,583,DOMSIDE,Predominantly affected side at onset,1,rare fall,Unknown,1,0.8
11,3,583,DOMSIDE,Predominantly affected side at onset,2,recurrent fall,Left,26,45.6
11,3,583,DOMSIDE,Predominantly affected side at onset,2,recurrent fall,Right,26,45.6
11,3,583,DOMSIDE,Predominantly affected side at onset,2,recurrent fall,Symmetric,3,5.3
11,3,583,DOMSIDE,Predominantly affected side at onset,2,recurrent fall,Unknown,2,3.5
11,4,583,DXPOSINS,Postural instability at diagnosis,0,no fall,<Missing>,1,0.3
11,4,583,DXPOSINS,Postural instability at diagnosis,0,no fall,No,338,84.9
11,4,583,DXPOSINS,Postural instability at diagnosis,0,no fall,Unknown,27,6.8
11,4,583,DXPOSINS,Postural instability at diagnosis,0,no fall,Yes,32,8.0
11,4,583,DXPOSINS,Postural instability at diagnosis,1,rare fall,No,107,83.6
11,4,583,DXPOSINS,Postural instability at diagnosis,1,rare fall,Unknown,10,7.8
11,4,583,DXPOSINS,Postural instability at diagnosis,1,rare fall,Yes,11,8.6
11,4,583,DXPOSINS,Postural instability at diagnosis,2,recurrent fall,No,46,80.7
11,4,583,DXPOSINS,Postural instability at diagnosis,2,recurrent fall,Yes,11,19.3
11,4,583,DXRIGID,Rigidity at diagnosis,0,no fall,No,85,21.4
11,4,583,DXRIGID,Rigidity at diagnosis,0,no fall,Unknown,35,8.8
11,4,583,DXRIGID,Rigidity at diagnosis,0,no fall,Yes,278,69.8
11,4,583,DXRIGID,Rigidity at diagnosis,1,rare fall,No,25,19.5
11,4,583,DXRIGID,Rigidity at diagnosis,1,rare fall,Unknown,9,7.0
11,4,583,DXRIGID,Rigidity at diagnosis,1,rare fall,Yes,94,73.4
11,4,583,DXRIGID,Rigidity at diagnosis,2,recurrent fall,No,11,19.3
11,4,583,DXRIGID,Rigidity at diagnosis,2,recurrent fall,Unknown,3,5.3
11,4,583,DXRIGID,Rigidity at diagnosis,2,recurrent fall,Yes,43,75.4
11,4,583,DOPTHERST,Dopaminergic therapy started,0,no fall,<Missing>,57,14.3
11,4,583,DOPTHERST,Dopaminergic therapy started,0,no fall,No,74,18.6
11,4,583,DOPTHERST,Dopaminergic therapy started,0,no fall,Yes,267,67.1
11,4,583,DOPTHERST,Dopaminergic therapy started,1,rare fall,<Missing>,28,21.9
11,4,583,DOPTHERST,Dopaminergic therapy started,1,rare fall,No,18,14.1
11,4,583,DOPTHERST,Dopaminergic therapy started,1,rare fall,Yes,82,64.1
11,4,583,DOPTHERST,Dopaminergic therapy started,2,recurrent fall,<Missing>,18,31.6
11,4,583,DOPTHERST,Dopaminergic therapy started,2,recurrent fall,No,4,7.0
11,4,583,DOPTHERST,Dopaminergic therapy started,2,recurrent fall,Yes,35,61.4
11,4,583,FEATPOSHYP,Postural hypotension clinical feature,0,no fall,No,259,65.1
11,4,583,FEATPOSHYP,Postural hypotension clinical feature,0,no fall,Uncertain,11,2.8
11,4,583,FEATPOSHYP,Postural hypotension clinical feature,0,no fall,Yes,128,32.2
11,4,583,FEATPOSHYP,Postural hypotension clinical feature,1,rare fall,No,75,58.6
11,4,583,FEATPOSHYP,Postural hypotension clinical feature,1,rare fall,Uncertain,2,1.6
11,4,583,FEATPOSHYP,Postural hypotension clinical feature,1,rare fall,Yes,51,39.8
11,4,583,FEATPOSHYP,Postural hypotension clinical feature,2,recurrent fall,No,25,43.9
11,4,583,FEATPOSHYP,Postural hypotension clinical feature,2,recurrent fall,Uncertain,1,1.8
11,4,583,FEATPOSHYP,Postural hypotension clinical feature,2,recurrent fall,Yes,31,54.4
11,4,583,ANYFAMPD,Family history of Parkinson's disease,0,no fall,<Missing>,14,3.5
11,4,583,ANYFAMPD,Family history of Parkinson's disease,0,no fall,No,242,60.8
11,4,583,ANYFAMPD,Family history of Parkinson's disease,0,no fall,Yes,142,35.7
11,4,583,ANYFAMPD,Family history of Parkinson's disease,1,rare fall,<Missing>,9,7.0
11,4,583,ANYFAMPD,Family history of Parkinson's disease,1,rare fall,No,70,54.7
11,4,583,ANYFAMPD,Family history of Parkinson's disease,1,rare fall,Yes,49,38.3
11,4,583,ANYFAMPD,Family history of Parkinson's disease,2,recurrent fall,<Missing>,7,12.3
11,4,583,ANYFAMPD,Family history of Parkinson's disease,2,recurrent fall,No,28,49.1
11,4,583,ANYFAMPD,Family history of Parkinson's disease,2,recurrent fall,Yes,22,38.6
11,4,583,DXTREMOR,Resting tremor at diagnosis,0,no fall,No,74,18.6
11,4,583,DXTREMOR,Resting tremor at diagnosis,0,no fall,Unknown,9,2.3
11,4,583,DXTREMOR,Resting tremor at diagnosis,0,no fall,Yes,315,79.1
11,4,583,DXTREMOR,Resting tremor at diagnosis,1,rare fall,No,24,18.8
11,4,583,DXTREMOR,Resting tremor at diagnosis,1,rare fall,Unknown,3,2.3
11,4,583,DXTREMOR,Resting tremor at diagnosis,1,rare fall,Yes,101,78.9
11,4,583,DXTREMOR,Resting tremor at diagnosis,2,recurrent fall,No,16,28.1
11,4,583,DXTREMOR,Resting tremor at diagnosis,2,recurrent fall,Yes,41,71.9
11,4,583,DXBRADY,Bradykinesia at diagnosis,0,no fall,No,45,11.3
11,4,583,DXBRADY,Bradykinesia at diagnosis,0,no fall,Unknown,21,5.3
11,4,583,DXBRADY,Bradykinesia at diagnosis,0,no fall,Yes,332,83.4
11,4,583,DXBRADY,Bradykinesia at diagnosis,1,rare fall,No,16,12.5
11,4,583,DXBRADY,Bradykinesia at diagnosis,1,rare fall,Unknown,6,4.7
11,4,583,DXBRADY,Bradykinesia at diagnosis,1,rare fall,Yes,106,82.8
11,4,583,DXBRADY,Bradykinesia at diagnosis,2,recurrent fall,No,7,12.3
11,4,583,DXBRADY,Bradykinesia at diagnosis,2,recurrent fall,Unknown,1,1.8
11,4,583,DXBRADY,Bradykinesia at diagnosis,2,recurrent fall,Yes,49,86.0
11,4,583,DOMSIDE,Predominantly affected side at onset,0,no fall,Left,167,42.0
11,4,583,DOMSIDE,Predominantly affected side at onset,0,no fall,Right,223,56.0
11,4,583,DOMSIDE,Predominantly affected side at onset,0,no fall,Symmetric,6,1.5
11,4,583,DOMSIDE,Predominantly affected side at onset,0,no fall,Unknown,2,0.5
11,4,583,DOMSIDE,Predominantly affected side at onset,1,rare fall,Left,54,42.2
11,4,583,DOMSIDE,Predominantly affected side at onset,1,rare fall,Right,70,54.7
11,4,583,DOMSIDE,Predominantly affected side at onset,1,rare fall,Symmetric,3,2.3
11,4,583,DOMSIDE,Predominantly affected side at onset,1,rare fall,Unknown,1,0.8
11,4,583,DOMSIDE,Predominantly affected side at onset,2,recurrent fall,Left,29,50.9
11,4,583,DOMSIDE,Predominantly affected side at onset,2,recurrent fall,Right,23,40.4
11,4,583,DOMSIDE,Predominantly affected side at onset,2,recurrent fall,Symmetric,3,5.3
11,4,583,DOMSIDE,Predominantly affected side at onset,2,recurrent fall,Unknown,2,3.5
12,0,582,DXPOSINS,Postural instability at diagnosis,0,no fall,<Missing>,1,0.3
12,0,582,DXPOSINS,Postural instability at diagnosis,0,no fall,No,345,86.7
12,0,582,DXPOSINS,Postural instability at diagnosis,0,no fall,Unknown,24,6.0
12,0,582,DXPOSINS,Postural instability at diagnosis,0,no fall,Yes,28,7.0
12,0,582,DXPOSINS,Postural instability at diagnosis,1,rare fall,No,107,84.3
12,0,582,DXPOSINS,Postural instability at diagnosis,1,rare fall,Unknown,6,4.7
12,0,582,DXPOSINS,Postural instability at diagnosis,1,rare fall,Yes,14,11.0
12,0,582,DXPOSINS,Postural instability at diagnosis,2,recurrent fall,No,50,87.7
12,0,582,DXPOSINS,Postural instability at diagnosis,2,recurrent fall,Unknown,1,1.8
12,0,582,DXPOSINS,Postural instability at diagnosis,2,recurrent fall,Yes,6,10.5
12,0,582,DXRIGID,Rigidity at diagnosis,0,no fall,No,87,21.9
12,0,582,DXRIGID,Rigidity at diagnosis,0,no fall,Unknown,27,6.8
12,0,582,DXRIGID,Rigidity at diagnosis,0,no fall,Yes,284,71.4
12,0,582,DXRIGID,Rigidity at diagnosis,1,rare fall,No,25,19.7
12,0,582,DXRIGID,Rigidity at diagnosis,1,rare fall,Unknown,5,3.9
12,0,582,DXRIGID,Rigidity at diagnosis,1,rare fall,Yes,97,76.4
12,0,582,DXRIGID,Rigidity at diagnosis,2,recurrent fall,No,13,22.8
12,0,582,DXRIGID,Rigidity at diagnosis,2,recurrent fall,Unknown,1,1.8
12,0,582,DXRIGID,Rigidity at diagnosis,2,recurrent fall,Yes,43,75.4
12,0,582,DOPTHERST,Dopaminergic therapy started,0,no fall,<Missing>,58,14.6
12,0,582,DOPTHERST,Dopaminergic therapy started,0,no fall,No,69,17.3
12,0,582,DOPTHERST,Dopaminergic therapy started,0,no fall,Yes,271,68.1
12,0,582,DOPTHERST,Dopaminergic therapy started,1,rare fall,<Missing>,32,25.2
12,0,582,DOPTHERST,Dopaminergic therapy started,1,rare fall,No,14,11.0
12,0,582,DOPTHERST,Dopaminergic therapy started,1,rare fall,Yes,81,63.8
12,0,582,DOPTHERST,Dopaminergic therapy started,2,recurrent fall,<Missing>,15,26.3
12,0,582,DOPTHERST,Dopaminergic therapy started,2,recurrent fall,No,1,1.8
12,0,582,DOPTHERST,Dopaminergic therapy started,2,recurrent fall,Yes,41,71.9
12,0,582,FEATPOSHYP,Postural hypotension clinical feature,0,no fall,No,257,64.6
12,0,582,FEATPOSHYP,Postural hypotension clinical feature,0,no fall,Uncertain,8,2.0
12,0,582,FEATPOSHYP,Postural hypotension clinical feature,0,no fall,Yes,133,33.4
12,0,582,FEATPOSHYP,Postural hypotension clinical feature,1,rare fall,No,80,63.0
12,0,582,FEATPOSHYP,Postural hypotension clinical feature,1,rare fall,Uncertain,4,3.1
12,0,582,FEATPOSHYP,Postural hypotension clinical feature,1,rare fall,Yes,43,33.9
12,0,582,FEATPOSHYP,Postural hypotension clinical feature,2,recurrent fall,No,25,43.9
12,0,582,FEATPOSHYP,Postural hypotension clinical feature,2,recurrent fall,Uncertain,1,1.8
12,0,582,FEATPOSHYP,Postural hypotension clinical feature,2,recurrent fall,Yes,31,54.4
12,0,582,ANYFAMPD,Family history of Parkinson's disease,0,no fall,<Missing>,15,3.8
12,0,582,ANYFAMPD,Family history of Parkinson's disease,0,no fall,No,237,59.5
12,0,582,ANYFAMPD,Family history of Parkinson's disease,0,no fall,Yes,146,36.7
12,0,582,ANYFAMPD,Family history of Parkinson's disease,1,rare fall,<Missing>,9,7.1
12,0,582,ANYFAMPD,Family history of Parkinson's disease,1,rare fall,No,77,60.6
12,0,582,ANYFAMPD,Family history of Parkinson's disease,1,rare fall,Yes,41,32.3
12,0,582,ANYFAMPD,Family history of Parkinson's disease,2,recurrent fall,<Missing>,5,8.8
12,0,582,ANYFAMPD,Family history of Parkinson's disease,2,recurrent fall,No,24,42.1
12,0,582,ANYFAMPD,Family history of Parkinson's disease,2,recurrent fall,Yes,28,49.1
12,0,582,DXTREMOR,Resting tremor at diagnosis,0,no fall,No,75,18.8
12,0,582,DXTREMOR,Resting tremor at diagnosis,0,no fall,Unknown,6,1.5
12,0,582,DXTREMOR,Resting tremor at diagnosis,0,no fall,Yes,317,79.6
12,0,582,DXTREMOR,Resting tremor at diagnosis,1,rare fall,No,24,18.9
12,0,582,DXTREMOR,Resting tremor at diagnosis,1,rare fall,Unknown,1,0.8
12,0,582,DXTREMOR,Resting tremor at diagnosis,1,rare fall,Yes,102,80.3
12,0,582,DXTREMOR,Resting tremor at diagnosis,2,recurrent fall,No,14,24.6
12,0,582,DXTREMOR,Resting tremor at diagnosis,2,recurrent fall,Yes,43,75.4
12,0,582,DXBRADY,Bradykinesia at diagnosis,0,no fall,No,52,13.1
12,0,582,DXBRADY,Bradykinesia at diagnosis,0,no fall,Unknown,20,5.0
12,0,582,DXBRADY,Bradykinesia at diagnosis,0,no fall,Yes,326,81.9
12,0,582,DXBRADY,Bradykinesia at diagnosis,1,rare fall,No,19,15.0
12,0,582,DXBRADY,Bradykinesia at diagnosis,1,rare fall,Unknown,5,3.9
12,0,582,DXBRADY,Bradykinesia at diagnosis,1,rare fall,Yes,103,81.1
12,0,582,DXBRADY,Bradykinesia at diagnosis,2,recurrent fall,No,10,17.5
12,0,582,DXBRADY,Bradykinesia at diagnosis,2,recurrent fall,Unknown,1,1.8
12,0,582,DXBRADY,Bradykinesia at diagnosis,2,recurrent fall,Yes,46,80.7
12,0,582,DOMSIDE,Predominantly affected side at onset,0,no fall,Left,184,46.2
12,0,582,DOMSIDE,Predominantly affected side at onset,0,no fall,Right,207,52.0
12,0,582,DOMSIDE,Predominantly affected side at onset,0,no fall,Symmetric,4,1.0
12,0,582,DOMSIDE,Predominantly affected side at onset,0,no fall,Unknown,3,0.8
12,0,582,DOMSIDE,Predominantly affected side at onset,1,rare fall,Left,56,44.1
12,0,582,DOMSIDE,Predominantly affected side at onset,1,rare fall,Right,68,53.5
12,0,582,DOMSIDE,Predominantly affected side at onset,1,rare fall,Symmetric,3,2.4
12,0,582,DOMSIDE,Predominantly affected side at onset,2,recurrent fall,Left,28,49.1
12,0,582,DOMSIDE,Predominantly affected side at onset,2,recurrent fall,Right,26,45.6
12,0,582,DOMSIDE,Predominantly affected side at onset,2,recurrent fall,Symmetric,3,5.3
12,1,582,DXPOSINS,Postural instability at diagnosis,0,no fall,<Missing>,1,0.3
12,1,582,DXPOSINS,Postural instability at diagnosis,0,no fall,No,343,86.2
12,1,582,DXPOSINS,Postural instability at diagnosis,0,no fall,Unknown,24,6.0
12,1,582,DXPOSINS,Postural instability at diagnosis,0,no fall,Yes,30,7.5
12,1,582,DXPOSINS,Postural instability at diagnosis,1,rare fall,No,107,84.3
12,1,582,DXPOSINS,Postural instability at diagnosis,1,rare fall,Unknown,7,5.5
12,1,582,DXPOSINS,Postural instability at diagnosis,1,rare fall,Yes,13,10.2
12,1,582,DXPOSINS,Postural instability at diagnosis,2,recurrent fall,No,50,87.7
12,1,582,DXPOSINS,Postural instability at diagnosis,2,recurrent fall,Unknown,1,1.8
12,1,582,DXPOSINS,Postural instability at diagnosis,2,recurrent fall,Yes,6,10.5
12,1,582,DXRIGID,Rigidity at diagnosis,0,no fall,No,84,21.1
12,1,582,DXRIGID,Rigidity at diagnosis,0,no fall,Unknown,25,6.3
12,1,582,DXRIGID,Rigidity at diagnosis,0,no fall,Yes,289,72.6
12,1,582,DXRIGID,Rigidity at diagnosis,1,rare fall,No,27,21.3
12,1,582,DXRIGID,Rigidity at diagnosis,1,rare fall,Unknown,5,3.9
12,1,582,DXRIGID,Rigidity at diagnosis,1,rare fall,Yes,95,74.8
12,1,582,DXRIGID,Rigidity at diagnosis,2,recurrent fall,No,12,21.1
12,1,582,DXRIGID,Rigidity at diagnosis,2,recurrent fall,Yes,45,78.9
12,1,582,DOPTHERST,Dopaminergic therapy started,0,no fall,<Missing>,60,15.1
12,1,582,DOPTHERST,Dopaminergic therapy started,0,no fall,No,69,17.3
12,1,582,DOPTHERST,Dopaminergic therapy started,0,no fall,Yes,269,67.6
12,1,582,DOPTHERST,Dopaminergic therapy started,1,rare fall,<Missing>,29,22.8
12,1,582,DOPTHERST,Dopaminergic therapy started,1,rare fall,No,16,12.6
12,1,582,DOPTHERST,Dopaminergic therapy started,1,rare fall,Yes,82,64.6
12,1,582,DOPTHERST,Dopaminergic therapy started,2,recurrent fall,<Missing>,16,28.1
12,1,582,DOPTHERST,Dopaminergic therapy started,2,recurrent fall,No,3,5.3
12,1,582,DOPTHERST,Dopaminergic therapy started,2,recurrent fall,Yes,38,66.7
12,1,582,FEATPOSHYP,Postural hypotension clinical feature,0,no fall,No,249,62.6
12,1,582,FEATPOSHYP,Postural hypotension clinical feature,0,no fall,Uncertain,9,2.3
12,1,582,FEATPOSHYP,Postural hypotension clinical feature,0,no fall,Yes,140,35.2
12,1,582,FEATPOSHYP,Postural hypotension clinical feature,1,rare fall,No,75,59.1
12,1,582,FEATPOSHYP,Postural hypotension clinical feature,1,rare fall,Uncertain,2,1.6
12,1,582,FEATPOSHYP,Postural hypotension clinical feature,1,rare fall,Yes,50,39.4
12,1,582,FEATPOSHYP,Postural hypotension clinical feature,2,recurrent fall,No,25,43.9
12,1,582,FEATPOSHYP,Postural hypotension clinical feature,2,recurrent fall,Uncertain,1,1.8
12,1,582,FEATPOSHYP,Postural hypotension clinical feature,2,recurrent fall,Yes,31,54.4
12,1,582,ANYFAMPD,Family history of Parkinson's disease,0,no fall,<Missing>,18,4.5
12,1,582,ANYFAMPD,Family history of Parkinson's disease,0,no fall,No,230,57.8
12,1,582,ANYFAMPD,Family history of Parkinson's disease,0,no fall,Yes,150,37.7
12,1,582,ANYFAMPD,Family history of Parkinson's disease,1,rare fall,<Missing>,10,7.9
12,1,582,ANYFAMPD,Family history of Parkinson's disease,1,rare fall,No,69,54.3
12,1,582,ANYFAMPD,Family history of Parkinson's disease,1,rare fall,Yes,48,37.8
12,1,582,ANYFAMPD,Family history of Parkinson's disease,2,recurrent fall,<Missing>,6,10.5
12,1,582,ANYFAMPD,Family history of Parkinson's disease,2,recurrent fall,No,24,42.1
12,1,582,ANYFAMPD,Family history of Parkinson's disease,2,recurrent fall,Yes,27,47.4
12,1,582,DXTREMOR,Resting tremor at diagnosis,0,no fall,No,70,17.6
12,1,582,DXTREMOR,Resting tremor at diagnosis,0,no fall,Unknown,6,1.5
12,1,582,DXTREMOR,Resting tremor at diagnosis,0,no fall,Yes,322,80.9
12,1,582,DXTREMOR,Resting tremor at diagnosis,1,rare fall,No,25,19.7
12,1,582,DXTREMOR,Resting tremor at diagnosis,1,rare fall,Unknown,2,1.6
12,1,582,DXTREMOR,Resting tremor at diagnosis,1,rare fall,Yes,100,78.7
12,1,582,DXTREMOR,Resting tremor at diagnosis,2,recurrent fall,No,14,24.6
12,1,582,DXTREMOR,Resting tremor at diagnosis,2,recurrent fall,Yes,43,75.4
12,1,582,DXBRADY,Bradykinesia at diagnosis,0,no fall,No,50,12.6
12,1,582,DXBRADY,Bradykinesia at diagnosis,0,no fall,Unknown,24,6.0
12,1,582,DXBRADY,Bradykinesia at diagnosis,0,no fall,Yes,324,81.4
12,1,582,DXBRADY,Bradykinesia at diagnosis,1,rare fall,No,24,18.9
12,1,582,DXBRADY,Bradykinesia at diagnosis,1,rare fall,Unknown,3,2.4
12,1,582,DXBRADY,Bradykinesia at diagnosis,1,rare fall,Yes,100,78.7
12,1,582,DXBRADY,Bradykinesia at diagnosis,2,recurrent fall,No,12,21.1
12,1,582,DXBRADY,Bradykinesia at diagnosis,2,recurrent fall,Unknown,1,1.8
12,1,582,DXBRADY,Bradykinesia at diagnosis,2,recurrent fall,Yes,44,77.2
12,1,582,DOMSIDE,Predominantly affected side at onset,0,no fall,Left,185,46.5
12,1,582,DOMSIDE,Predominantly affected side at onset,0,no fall,Right,203,51.0
12,1,582,DOMSIDE,Predominantly affected side at onset,0,no fall,Symmetric,5,1.3
12,1,582,DOMSIDE,Predominantly affected side at onset,0,no fall,Unknown,5,1.3
12,1,582,DOMSIDE,Predominantly affected side at onset,1,rare fall,Left,51,40.2
12,1,582,DOMSIDE,Predominantly affected side at onset,1,rare fall,Right,75,59.1
12,1,582,DOMSIDE,Predominantly affected side at onset,1,rare fall,Symmetric,1,0.8
12,1,582,DOMSIDE,Predominantly affected side at onset,2,recurrent fall,Left,26,45.6
12,1,582,DOMSIDE,Predominantly affected side at onset,2,recurrent fall,Right,28,49.1
12,1,582,DOMSIDE,Predominantly affected side at onset,2,recurrent fall,Symmetric,2,3.5
12,1,582,DOMSIDE,Predominantly affected side at onset,2,recurrent fall,Unknown,1,1.8
12,2,582,DXPOSINS,Postural instability at diagnosis,0,no fall,No,338,84.9
12,2,582,DXPOSINS,Postural instability at diagnosis,0,no fall,Unknown,31,7.8
12,2,582,DXPOSINS,Postural instability at diagnosis,0,no fall,Yes,29,7.3
12,2,582,DXPOSINS,Postural instability at diagnosis,1,rare fall,No,108,85.0
12,2,582,DXPOSINS,Postural instability at diagnosis,1,rare fall,Unknown,6,4.7
12,2,582,DXPOSINS,Postural instability at diagnosis,1,rare fall,Yes,13,10.2
12,2,582,DXPOSINS,Postural instability at diagnosis,2,recurrent fall,No,48,84.2
12,2,582,DXPOSINS,Postural instability at diagnosis,2,recurrent fall,Unknown,1,1.8
12,2,582,DXPOSINS,Postural instability at diagnosis,2,recurrent fall,Yes,8,14.0
12,2,582,DXRIGID,Rigidity at diagnosis,0,no fall,No,83,20.9
12,2,582,DXRIGID,Rigidity at diagnosis,0,no fall,Unknown,31,7.8
12,2,582,DXRIGID,Rigidity at diagnosis,0,no fall,Yes,284,71.4
12,2,582,DXRIGID,Rigidity at diagnosis,1,rare fall,No,28,22.0
12,2,582,DXRIGID,Rigidity at diagnosis,1,rare fall,Unknown,6,4.7
12,2,582,DXRIGID,Rigidity at diagnosis,1,rare fall,Yes,93,73.2
12,2,582,DXRIGID,Rigidity at diagnosis,2,recurrent fall,No,9,15.8
12,2,582,DXRIGID,Rigidity at diagnosis,2,recurrent fall,Unknown,1,1.8
12,2,582,DXRIGID,Rigidity at diagnosis,2,recurrent fall,Yes,47,82.5
12,2,582,DOPTHERST,Dopaminergic therapy started,0,no fall,<Missing>,63,15.8
12,2,582,DOPTHERST,Dopaminergic therapy started,0,no fall,No,69,17.3
12,2,582,DOPTHERST,Dopaminergic therapy started,0,no fall,Yes,266,66.8
12,2,582,DOPTHERST,Dopaminergic therapy started,1,rare fall,<Missing>,33,26.0
12,2,582,DOPTHERST,Dopaminergic therapy started,1,rare fall,No,14,11.0
12,2,582,DOPTHERST,Dopaminergic therapy started,1,rare fall,Yes,80,63.0
12,2,582,DOPTHERST,Dopaminergic therapy started,2,recurrent fall,<Missing>,16,28.1
12,2,582,DOPTHERST,Dopaminergic therapy started,2,recurrent fall,No,3,5.3
12,2,582,DOPTHERST,Dopaminergic therapy started,2,recurrent fall,Yes,38,66.7
12,2,582,FEATPOSHYP,Postural hypotension clinical feature,0,no fall,No,253,63.6
12,2,582,FEATPOSHYP,Postural hypotension clinical feature,0,no fall,Uncertain,5,1.3
12,2,582,FEATPOSHYP,Postural hypotension clinical feature,0,no fall,Yes,140,35.2
12,2,582,FEATPOSHYP,Postural hypotension clinical feature,1,rare fall,No,70,55.1
12,2,582,FEATPOSHYP,Postural hypotension clinical feature,1,rare fall,Uncertain,3,2.4
12,2,582,FEATPOSHYP,Postural hypotension clinical feature,1,rare fall,Yes,54,42.5
12,2,582,FEATPOSHYP,Postural hypotension clinical feature,2,recurrent fall,No,27,47.4
12,2,582,FEATPOSHYP,Postural hypotension clinical feature,2,recurrent fall,Uncertain,1,1.8
12,2,582,FEATPOSHYP,Postural hypotension clinical feature,2,recurrent fall,Yes,29,50.9
12,2,582,ANYFAMPD,Family history of Parkinson's disease,0,no fall,<Missing>,17,4.3
12,2,582,ANYFAMPD,Family history of Parkinson's disease,0,no fall,No,229,57.5
12,2,582,ANYFAMPD,Family history of Parkinson's disease,0,no fall,Yes,152,38.2
12,2,582,ANYFAMPD,Family history of Parkinson's disease,1,rare fall,<Missing>,11,8.7
12,2,582,ANYFAMPD,Family history of Parkinson's disease,1,rare fall,No,70,55.1
12,2,582,ANYFAMPD,Family history of Parkinson's disease,1,rare fall,Yes,46,36.2
12,2,582,ANYFAMPD,Family history of Parkinson's disease,2,recurrent fall,<Missing>,8,14.0
12,2,582,ANYFAMPD,Family history of Parkinson's disease,2,recurrent fall,No,23,40.4
12,2,582,ANYFAMPD,Family history of Parkinson's disease,2,recurrent fall,Yes,26,45.6
12,2,582,DXTREMOR,Resting tremor at diagnosis,0,no fall,No,69,17.3
12,2,582,DXTREMOR,Resting tremor at diagnosis,0,no fall,Unknown,8,2.0
12,2,582,DXTREMOR,Resting tremor at diagnosis,0,no fall,Yes,321,80.7
12,2,582,DXTREMOR,Resting tremor at diagnosis,1,rare fall,No,26,20.5
12,2,582,DXTREMOR,Resting tremor at diagnosis,1,rare fall,Unknown,2,1.6
12,2,582,DXTREMOR,Resting tremor at diagnosis,1,rare fall,Yes,99,78.0
12,2,582,DXTREMOR,Resting tremor at diagnosis,2,recurrent fall,No,13,22.8
12,2,582,DXTREMOR,Resting tremor at diagnosis,2,recurrent fall,Yes,44,77.2
12,2,582,DXBRADY,Bradykinesia at diagnosis,0,no fall,No,49,12.3
12,2,582,DXBRADY,Bradykinesia at diagnosis,0,no fall,Unknown,26,6.5
12,2,582,DXBRADY,Bradykinesia at diagnosis,0,no fall,Yes,323,81.2
12,2,582,DXBRADY,Bradykinesia at diagnosis,1,rare fall,No,23,18.1
12,2,582,DXBRADY,Bradykinesia at diagnosis,1,rare fall,Unknown,6,4.7
12,2,582,DXBRADY,Bradykinesia at diagnosis,1,rare fall,Yes,98,77.2
12,2,582,DXBRADY,Bradykinesia at diagnosis,2,recurrent fall,No,9,15.8
12,2,582,DXBRADY,Bradykinesia at diagnosis,2,recurrent fall,Unknown,1,1.8
12,2,582,DXBRADY,Bradykinesia at diagnosis,2,recurrent fall,Yes,47,82.5
12,2,582,DOMSIDE,Predominantly affected side at onset,0,no fall,Left,176,44.2
12,2,582,DOMSIDE,Predominantly affected side at onset,0,no fall,Right,213,53.5
12,2,582,DOMSIDE,Predominantly affected side at onset,0,no fall,Symmetric,5,1.3
12,2,582,DOMSIDE,Predominantly affected side at onset,0,no fall,Unknown,4,1.0
12,2,582,DOMSIDE,Predominantly affected side at onset,1,rare fall,Left,52,40.9
12,2,582,DOMSIDE,Predominantly affected side at onset,1,rare fall,Right,72,56.7
12,2,582,DOMSIDE,Predominantly affected side at onset,1,rare fall,Symmetric,3,2.4
12,2,582,DOMSIDE,Predominantly affected side at onset,2,recurrent fall,Left,26,45.6
12,2,582,DOMSIDE,Predominantly affected side at onset,2,recurrent fall,Right,27,47.4
12,2,582,DOMSIDE,Predominantly affected side at onset,2,recurrent fall,Symmetric,3,5.3
12,2,582,DOMSIDE,Predominantly affected side at onset,2,recurrent fall,Unknown,1,1.8
12,3,583,DXPOSINS,Postural instability at diagnosis,0,no fall,<Missing>,1,0.3
12,3,583,DXPOSINS,Postural instability at diagnosis,0,no fall,No,338,84.7
12,3,583,DXPOSINS,Postural instability at diagnosis,0,no fall,Unknown,33,8.3
12,3,583,DXPOSINS,Postural instability at diagnosis,0,no fall,Yes,27,6.8
12,3,583,DXPOSINS,Postural instability at diagnosis,1,rare fall,No,110,85.9
12,3,583,DXPOSINS,Postural instability at diagnosis,1,rare fall,Unknown,7,5.5
12,3,583,DXPOSINS,Postural instability at diagnosis,1,rare fall,Yes,11,8.6
12,3,583,DXPOSINS,Postural instability at diagnosis,2,recurrent fall,No,50,89.3
12,3,583,DXPOSINS,Postural instability at diagnosis,2,recurrent fall,Unknown,1,1.8
12,3,583,DXPOSINS,Postural instability at diagnosis,2,recurrent fall,Yes,5,8.9
12,3,583,DXRIGID,Rigidity at diagnosis,0,no fall,No,91,22.8
12,3,583,DXRIGID,Rigidity at diagnosis,0,no fall,Unknown,33,8.3
12,3,583,DXRIGID,Rigidity at diagnosis,0,no fall,Yes,275,68.9
12,3,583,DXRIGID,Rigidity at diagnosis,1,rare fall,No,29,22.7
12,3,583,DXRIGID,Rigidity at diagnosis,1,rare fall,Unknown,7,5.5
12,3,583,DXRIGID,Rigidity at diagnosis,1,rare fall,Yes,92,71.9
12,3,583,DXRIGID,Rigidity at diagnosis,2,recurrent fall,No,12,21.4
12,3,583,DXRIGID,Rigidity at diagnosis,2,recurrent fall,Unknown,1,1.8
12,3,583,DXRIGID,Rigidity at diagnosis,2,recurrent fall,Yes,43,76.8
12,3,583,DOPTHERST,Dopaminergic therapy started,0,no fall,<Missing>,65,16.3
12,3,583,DOPTHERST,Dopaminergic therapy started,0,no fall,No,75,18.8
12,3,583,DOPTHERST,Dopaminergic therapy started,0,no fall,Yes,259,64.9
12,3,583,DOPTHERST,Dopaminergic therapy started,1,rare fall,<Missing>,32,25.0
12,3,583,DOPTHERST,Dopaminergic therapy started,1,rare fall,No,16,12.5
12,3,583,DOPTHERST,Dopaminergic therapy started,1,rare fall,Yes,80,62.5
12,3,583,DOPTHERST,Dopaminergic therapy started,2,recurrent fall,<Missing>,17,30.4
12,3,583,DOPTHERST,Dopaminergic therapy started,2,recurrent fall,No,2,3.6
12,3,583,DOPTHERST,Dopaminergic therapy started,2,recurrent fall,Yes,37,66.1
12,3,583,FEATPOSHYP,Postural hypotension clinical feature,0,no fall,No,257,64.4
12,3,583,FEATPOSHYP,Postural hypotension clinical feature,0,no fall,Uncertain,9,2.3
12,3,583,FEATPOSHYP,Postural hypotension clinical feature,0,no fall,Yes,133,33.3
12,3,583,FEATPOSHYP,Postural hypotension clinical feature,1,rare fall,No,77,60.2
12,3,583,FEATPOSHYP,Postural hypotension clinical feature,1,rare fall,Uncertain,4,3.1
12,3,583,FEATPOSHYP,Postural hypotension clinical feature,1,rare fall,Yes,47,36.7
12,3,583,FEATPOSHYP,Postural hypotension clinical feature,2,recurrent fall,No,26,46.4
12,3,583,FEATPOSHYP,Postural hypotension clinical feature,2,recurrent fall,Uncertain,1,1.8
12,3,583,FEATPOSHYP,Postural hypotension clinical feature,2,recurrent fall,Yes,29,51.8
12,3,583,ANYFAMPD,Family history of Parkinson's disease,0,no fall,<Missing>,17,4.3
12,3,583,ANYFAMPD,Family history of Parkinson's disease,0,no fall,No,246,61.7
12,3,583,ANYFAMPD,Family history of Parkinson's disease,0,no fall,Yes,136,34.1
12,3,583,ANYFAMPD,Family history of Parkinson's disease,1,rare fall,<Missing>,9,7.0
12,3,583,ANYFAMPD,Family history of Parkinson's disease,1,rare fall,No,73,57.0
12,3,583,ANYFAMPD,Family history of Parkinson's disease,1,rare fall,Yes,46,35.9
12,3,583,ANYFAMPD,Family history of Parkinson's disease,2,recurrent fall,<Missing>,8,14.3
12,3,583,ANYFAMPD,Family history of Parkinson's disease,2,recurrent fall,No,24,42.9
12,3,583,ANYFAMPD,Family history of Parkinson's disease,2,recurrent fall,Yes,24,42.9
12,3,583,DXTREMOR,Resting tremor at diagnosis,0,no fall,No,75,18.8
12,3,583,DXTREMOR,Resting tremor at diagnosis,0,no fall,Unknown,7,1.8
12,3,583,DXTREMOR,Resting tremor at diagnosis,0,no fall,Yes,317,79.4
12,3,583,DXTREMOR,Resting tremor at diagnosis,1,rare fall,No,29,22.7
12,3,583,DXTREMOR,Resting tremor at diagnosis,1,rare fall,Unknown,2,1.6
12,3,583,DXTREMOR,Resting tremor at diagnosis,1,rare fall,Yes,97,75.8
12,3,583,DXTREMOR,Resting tremor at diagnosis,2,recurrent fall,No,15,26.8
12,3,583,DXTREMOR,Resting tremor at diagnosis,2,recurrent fall,Yes,41,73.2
12,3,583,DXBRADY,Bradykinesia at diagnosis,0,no fall,No,50,12.5
12,3,583,DXBRADY,Bradykinesia at diagnosis,0,no fall,Unknown,27,6.8
12,3,583,DXBRADY,Bradykinesia at diagnosis,0,no fall,Yes,322,80.7
12,3,583,DXBRADY,Bradykinesia at diagnosis,1,rare fall,No,22,17.2
12,3,583,DXBRADY,Bradykinesia at diagnosis,1,rare fall,Unknown,6,4.7
12,3,583,DXBRADY,Bradykinesia at diagnosis,1,rare fall,Yes,100,78.1
12,3,583,DXBRADY,Bradykinesia at diagnosis,2,recurrent fall,No,11,19.6
12,3,583,DXBRADY,Bradykinesia at diagnosis,2,recurrent fall,Yes,45,80.4
12,3,583,DOMSIDE,Predominantly affected side at onset,0,no fall,Left,180,45.1
12,3,583,DOMSIDE,Predominantly affected side at onset,0,no fall,Right,212,53.1
12,3,583,DOMSIDE,Predominantly affected side at onset,0,no fall,Symmetric,3,0.8
12,3,583,DOMSIDE,Predominantly affected side at onset,0,no fall,Unknown,4,1.0
12,3,583,DOMSIDE,Predominantly affected side at onset,1,rare fall,Left,51,39.8
12,3,583,DOMSIDE,Predominantly affected side at onset,1,rare fall,Right,74,57.8
12,3,583,DOMSIDE,Predominantly affected side at onset,1,rare fall,Symmetric,3,2.3
12,3,583,DOMSIDE,Predominantly affected side at onset,2,recurrent fall,Left,24,42.9
12,3,583,DOMSIDE,Predominantly affected side at onset,2,recurrent fall,Right,30,53.6
12,3,583,DOMSIDE,Predominantly affected side at onset,2,recurrent fall,Symmetric,1,1.8
12,3,583,DOMSIDE,Predominantly affected side at onset,2,recurrent fall,Unknown,1,1.8
12,4,583,DXPOSINS,Postural instability at diagnosis,0,no fall,<Missing>,1,0.3
12,4,583,DXPOSINS,Postural instability at diagnosis,0,no fall,No,344,86.2
12,4,583,DXPOSINS,Postural instability at diagnosis,0,no fall,Unknown,24,6.0
12,4,583,DXPOSINS,Postural instability at diagnosis,0,no fall,Yes,30,7.5
12,4,583,DXPOSINS,Postural instability at diagnosis,1,rare fall,No,108,85.0
12,4,583,DXPOSINS,Postural instability at diagnosis,1,rare fall,Unknown,6,4.7
12,4,583,DXPOSINS,Postural instability at diagnosis,1,rare fall,Yes,13,10.2
12,4,583,DXPOSINS,Postural instability at diagnosis,2,recurrent fall,No,50,87.7
12,4,583,DXPOSINS,Postural instability at diagnosis,2,recurrent fall,Yes,7,12.3
12,4,583,DXRIGID,Rigidity at diagnosis,0,no fall,No,87,21.8
12,4,583,DXRIGID,Rigidity at diagnosis,0,no fall,Unknown,32,8.0
12,4,583,DXRIGID,Rigidity at diagnosis,0,no fall,Yes,280,70.2
12,4,583,DXRIGID,Rigidity at diagnosis,1,rare fall,No,27,21.3
12,4,583,DXRIGID,Rigidity at diagnosis,1,rare fall,Unknown,5,3.9
12,4,583,DXRIGID,Rigidity at diagnosis,1,rare fall,Yes,95,74.8
12,4,583,DXRIGID,Rigidity at diagnosis,2,recurrent fall,No,10,17.5
12,4,583,DXRIGID,Rigidity at diagnosis,2,recurrent fall,Unknown,1,1.8
12,4,583,DXRIGID,Rigidity at diagnosis,2,recurrent fall,Yes,46,80.7
12,4,583,DOPTHERST,Dopaminergic therapy started,0,no fall,<Missing>,58,14.5
12,4,583,DOPTHERST,Dopaminergic therapy started,0,no fall,No,74,18.5
12,4,583,DOPTHERST,Dopaminergic therapy started,0,no fall,Yes,267,66.9
12,4,583,DOPTHERST,Dopaminergic therapy started,1,rare fall,<Missing>,30,23.6
12,4,583,DOPTHERST,Dopaminergic therapy started,1,rare fall,No,12,9.4
12,4,583,DOPTHERST,Dopaminergic therapy started,1,rare fall,Yes,85,66.9
12,4,583,DOPTHERST,Dopaminergic therapy started,2,recurrent fall,<Missing>,20,35.1
12,4,583,DOPTHERST,Dopaminergic therapy started,2,recurrent fall,No,3,5.3
12,4,583,DOPTHERST,Dopaminergic therapy started,2,recurrent fall,Yes,34,59.6
12,4,583,FEATPOSHYP,Postural hypotension clinical feature,0,no fall,No,256,64.2
12,4,583,FEATPOSHYP,Postural hypotension clinical feature,0,no fall,Uncertain,9,2.3
12,4,583,FEATPOSHYP,Postural hypotension clinical feature,0,no fall,Yes,134,33.6
12,4,583,FEATPOSHYP,Postural hypotension clinical feature,1,rare fall,No,78,61.4
12,4,583,FEATPOSHYP,Postural hypotension clinical feature,1,rare fall,Uncertain,3,2.4
12,4,583,FEATPOSHYP,Postural hypotension clinical feature,1,rare fall,Yes,46,36.2
12,4,583,FEATPOSHYP,Postural hypotension clinical feature,2,recurrent fall,No,25,43.9
12,4,583,FEATPOSHYP,Postural hypotension clinical feature,2,recurrent fall,Yes,32,56.1
12,4,583,ANYFAMPD,Family history of Parkinson's disease,0,no fall,<Missing>,13,3.3
12,4,583,ANYFAMPD,Family history of Parkinson's disease,0,no fall,No,242,60.7
12,4,583,ANYFAMPD,Family history of Parkinson's disease,0,no fall,Yes,144,36.1
12,4,583,ANYFAMPD,Family history of Parkinson's disease,1,rare fall,<Missing>,9,7.1
12,4,583,ANYFAMPD,Family history of Parkinson's disease,1,rare fall,No,75,59.1
12,4,583,ANYFAMPD,Family history of Parkinson's disease,1,rare fall,Yes,43,33.9
12,4,583,ANYFAMPD,Family history of Parkinson's disease,2,recurrent fall,<Missing>,9,15.8
12,4,583,ANYFAMPD,Family history of Parkinson's disease,2,recurrent fall,No,21,36.8
12,4,583,ANYFAMPD,Family history of Parkinson's disease,2,recurrent fall,Yes,27,47.4
12,4,583,DXTREMOR,Resting tremor at diagnosis,0,no fall,No,67,16.8
12,4,583,DXTREMOR,Resting tremor at diagnosis,0,no fall,Unknown,9,2.3
12,4,583,DXTREMOR,Resting tremor at diagnosis,0,no fall,Yes,323,81.0
12,4,583,DXTREMOR,Resting tremor at diagnosis,1,rare fall,No,24,18.9
12,4,583,DXTREMOR,Resting tremor at diagnosis,1,rare fall,Unknown,1,0.8
12,4,583,DXTREMOR,Resting tremor at diagnosis,1,rare fall,Yes,102,80.3
12,4,583,DXTREMOR,Resting tremor at diagnosis,2,recurrent fall,No,12,21.1
12,4,583,DXTREMOR,Resting tremor at diagnosis,2,recurrent fall,Yes,45,78.9
12,4,583,DXBRADY,Bradykinesia at diagnosis,0,no fall,No,55,13.8
12,4,583,DXBRADY,Bradykinesia at diagnosis,0,no fall,Unknown,27,6.8
12,4,583,DXBRADY,Bradykinesia at diagnosis,0,no fall,Yes,317,79.4
12,4,583,DXBRADY,Bradykinesia at diagnosis,1,rare fall,No,24,18.9
12,4,583,DXBRADY,Bradykinesia at diagnosis,1,rare fall,Unknown,4,3.1
12,4,583,DXBRADY,Bradykinesia at diagnosis,1,rare fall,Yes,99,78.0
12,4,583,DXBRADY,Bradykinesia at diagnosis,2,recurrent fall,No,10,17.5
12,4,583,DXBRADY,Bradykinesia at diagnosis,2,recurrent fall,Unknown,1,1.8
12,4,583,DXBRADY,Bradykinesia at diagnosis,2,recurrent fall,Yes,46,80.7
12,4,583,DOMSIDE,Predominantly affected side at onset,0,no fall,Left,179,44.9
12,4,583,DOMSIDE,Predominantly affected side at onset,0,no fall,Right,213,53.4
12,4,583,DOMSIDE,Predominantly affected side at onset,0,no fall,Symmetric,3,0.8
12,4,583,DOMSIDE,Predominantly affected side at onset,0,no fall,Unknown,4,1.0
12,4,583,DOMSIDE,Predominantly affected side at onset,1,rare fall,Left,50,39.4
12,4,583,DOMSIDE,Predominantly affected side at onset,1,rare fall,Right,75,59.1
12,4,583,DOMSIDE,Predominantly affected side at onset,1,rare fall,Symmetric,2,1.6
12,4,583,DOMSIDE,Predominantly affected side at onset,2,recurrent fall,Left,24,42.1
12,4,583,DOMSIDE,Predominantly affected side at onset,2,recurrent fall,Right,29,50.9
12,4,583,DOMSIDE,Predominantly affected side at onset,2,recurrent fall,Symmetric,3,5.3
12,4,583,DOMSIDE,Predominantly affected side at onset,2,recurrent fall,Unknown,1,1.8
13,0,582,DXPOSINS,Postural instability at diagnosis,0,no fall,<Missing>,1,0.3
13,0,582,DXPOSINS,Postural instability at diagnosis,0,no fall,No,342,85.9
13,0,582,DXPOSINS,Postural instability at diagnosis,0,no fall,Unknown,27,6.8
13,0,582,DXPOSINS,Postural instability at diagnosis,0,no fall,Yes,28,7.0
13,0,582,DXPOSINS,Postural instability at diagnosis,1,rare fall,No,108,85.0
13,0,582,DXPOSINS,Postural instability at diagnosis,1,rare fall,Unknown,7,5.5
13,0,582,DXPOSINS,Postural instability at diagnosis,1,rare fall,Yes,12,9.4
13,0,582,DXPOSINS,Postural instability at diagnosis,2,recurrent fall,No,48,84.2
13,0,582,DXPOSINS,Postural instability at diagnosis,2,recurrent fall,Unknown,1,1.8
13,0,582,DXPOSINS,Postural instability at diagnosis,2,recurrent fall,Yes,8,14.0
13,0,582,DXRIGID,Rigidity at diagnosis,0,no fall,No,76,19.1
13,0,582,DXRIGID,Rigidity at diagnosis,0,no fall,Unknown,31,7.8
13,0,582,DXRIGID,Rigidity at diagnosis,0,no fall,Yes,291,73.1
13,0,582,DXRIGID,Rigidity at diagnosis,1,rare fall,No,26,20.5
13,0,582,DXRIGID,Rigidity at diagnosis,1,rare fall,Unknown,3,2.4
13,0,582,DXRIGID,Rigidity at diagnosis,1,rare fall,Yes,98,77.2
13,0,582,DXRIGID,Rigidity at diagnosis,2,recurrent fall,No,13,22.8
13,0,582,DXRIGID,Rigidity at diagnosis,2,recurrent fall,Unknown,3,5.3
13,0,582,DXRIGID,Rigidity at diagnosis,2,recurrent fall,Yes,41,71.9
13,0,582,DOPTHERST,Dopaminergic therapy started,0,no fall,<Missing>,67,16.8
13,0,582,DOPTHERST,Dopaminergic therapy started,0,no fall,No,64,16.1
13,0,582,DOPTHERST,Dopaminergic therapy started,0,no fall,Yes,267,67.1
13,0,582,DOPTHERST,Dopaminergic therapy started,1,rare fall,<Missing>,31,24.4
13,0,582,DOPTHERST,Dopaminergic therapy started,1,rare fall,No,11,8.7
13,0,582,DOPTHERST,Dopaminergic therapy started,1,rare fall,Yes,85,66.9
13,0,582,DOPTHERST,Dopaminergic therapy started,2,recurrent fall,<Missing>,18,31.6
13,0,582,DOPTHERST,Dopaminergic therapy started,2,recurrent fall,No,3,5.3
13,0,582,DOPTHERST,Dopaminergic therapy started,2,recurrent fall,Yes,36,63.2
13,0,582,FEATPOSHYP,Postural hypotension clinical feature,0,no fall,No,247,62.1
13,0,582,FEATPOSHYP,Postural hypotension clinical feature,0,no fall,Uncertain,11,2.8
13,0,582,FEATPOSHYP,Postural hypotension clinical feature,0,no fall,Yes,140,35.2
13,0,582,FEATPOSHYP,Postural hypotension clinical feature,1,rare fall,No,76,59.8
13,0,582,FEATPOSHYP,Postural hypotension clinical feature,1,rare fall,Uncertain,1,0.8
13,0,582,FEATPOSHYP,Postural hypotension clinical feature,1,rare fall,Yes,50,39.4
13,0,582,FEATPOSHYP,Postural hypotension clinical feature,2,recurrent fall,No,24,42.1
13,0,582,FEATPOSHYP,Postural hypotension clinical feature,2,recurrent fall,Uncertain,1,1.8
13,0,582,FEATPOSHYP,Postural hypotension clinical feature,2,recurrent fall,Yes,32,56.1
13,0,582,ANYFAMPD,Family history of Parkinson's disease,0,no fall,<Missing>,18,4.5
13,0,582,ANYFAMPD,Family history of Parkinson's disease,0,no fall,No,225,56.5
13,0,582,ANYFAMPD,Family history of Parkinson's disease,0,no fall,Yes,155,38.9
13,0,582,ANYFAMPD,Family history of Parkinson's disease,1,rare fall,<Missing>,10,7.9
13,0,582,ANYFAMPD,Family history of Parkinson's disease,1,rare fall,No,76,59.8
13,0,582,ANYFAMPD,Family history of Parkinson's disease,1,rare fall,Yes,41,32.3
13,0,582,ANYFAMPD,Family history of Parkinson's disease,2,recurrent fall,<Missing>,7,12.3
13,0,582,ANYFAMPD,Family history of Parkinson's disease,2,recurrent fall,No,23,40.4
13,0,582,ANYFAMPD,Family history of Parkinson's disease,2,recurrent fall,Yes,27,47.4
13,0,582,DXTREMOR,Resting tremor at diagnosis,0,no fall,No,85,21.4
13,0,582,DXTREMOR,Resting tremor at diagnosis,0,no fall,Unknown,7,1.8
13,0,582,DXTREMOR,Resting tremor at diagnosis,0,no fall,Yes,306,76.9
13,0,582,DXTREMOR,Resting tremor at diagnosis,1,rare fall,No,28,22.0
13,0,582,DXTREMOR,Resting tremor at diagnosis,1,rare fall,Unknown,2,1.6
13,0,582,DXTREMOR,Resting tremor at diagnosis,1,rare fall,Yes,97,76.4
13,0,582,DXTREMOR,Resting tremor at diagnosis,2,recurrent fall,No,12,21.1
13,0,582,DXTREMOR,Resting tremor at diagnosis,2,recurrent fall,Unknown,1,1.8
13,0,582,DXTREMOR,Resting tremor at diagnosis,2,recurrent fall,Yes,44,77.2
13,0,582,DXBRADY,Bradykinesia at diagnosis,0,no fall,No,52,13.1
13,0,582,DXBRADY,Bradykinesia at diagnosis,0,no fall,Unknown,22,5.5
13,0,582,DXBRADY,Bradykinesia at diagnosis,0,no fall,Yes,324,81.4
13,0,582,DXBRADY,Bradykinesia at diagnosis,1,rare fall,No,18,14.2
13,0,582,DXBRADY,Bradykinesia at diagnosis,1,rare fall,Unknown,4,3.1
13,0,582,DXBRADY,Bradykinesia at diagnosis,1,rare fall,Yes,105,82.7
13,0,582,DXBRADY,Bradykinesia at diagnosis,2,recurrent fall,No,12,21.1
13,0,582,DXBRADY,Bradykinesia at diagnosis,2,recurrent fall,Unknown,1,1.8
13,0,582,DXBRADY,Bradykinesia at diagnosis,2,recurrent fall,Yes,44,77.2
13,0,582,DOMSIDE,Predominantly affected side at onset,0,no fall,Left,183,46.0
13,0,582,DOMSIDE,Predominantly affected side at onset,0,no fall,Right,204,51.3
13,0,582,DOMSIDE,Predominantly affected side at onset,0,no fall,Symmetric,7,1.8
13,0,582,DOMSIDE,Predominantly affected side at onset,0,no fall,Unknown,4,1.0
13,0,582,DOMSIDE,Predominantly affected side at onset,1,rare fall,Left,53,41.7
13,0,582,DOMSIDE,Predominantly affected side at onset,1,rare fall,Right,71,55.9
13,0,582,DOMSIDE,Predominantly affected side at onset,1,rare fall,Symmetric,3,2.4
13,0,582,DOMSIDE,Predominantly affected side at onset,2,recurrent fall,Left,26,45.6
13,0,582,DOMSIDE,Predominantly affected side at onset,2,recurrent fall,Right,28,49.1
13,0,582,DOMSIDE,Predominantly affected side at onset,2,recurrent fall,Symmetric,3,5.3
13,1,582,DXPOSINS,Postural instability at diagnosis,0,no fall,<Missing>,1,0.3
13,1,582,DXPOSINS,Postural instability at diagnosis,0,no fall,No,340,85.4
13,1,582,DXPOSINS,Postural instability at diagnosis,0,no fall,Unknown,30,7.5
13,1,582,DXPOSINS,Postural instability at diagnosis,0,no fall,Yes,27,6.8
13,1,582,DXPOSINS,Postural instability at diagnosis,1,rare fall,No,112,88.2
13,1,582,DXPOSINS,Postural instability at diagnosis,1,rare fall,Unknown,5,3.9
13,1,582,DXPOSINS,Postural instability at diagnosis,1,rare fall,Yes,10,7.9
13,1,582,DXPOSINS,Postural instability at diagnosis,2,recurrent fall,No,49,86.0
13,1,582,DXPOSINS,Postural instability at diagnosis,2,recurrent fall,Unknown,1,1.8
13,1,582,DXPOSINS,Postural instability at diagnosis,2,recurrent fall,Yes,7,12.3
13,1,582,DXRIGID,Rigidity at diagnosis,0,no fall,No,69,17.3
13,1,582,DXRIGID,Rigidity at diagnosis,0,no fall,Unknown,33,8.3
13,1,582,DXRIGID,Rigidity at diagnosis,0,no fall,Yes,296,74.4
13,1,582,DXRIGID,Rigidity at diagnosis,1,rare fall,No,29,22.8
13,1,582,DXRIGID,Rigidity at diagnosis,1,rare fall,Unknown,3,2.4
13,1,582,DXRIGID,Rigidity at diagnosis,1,rare fall,Yes,95,74.8
13,1,582,DXRIGID,Rigidity at diagnosis,2,recurrent fall,No,12,21.1
13,1,582,DXRIGID,Rigidity at diagnosis,2,recurrent fall,Unknown,3,5.3
13,1,582,DXRIGID,Rigidity at diagnosis,2,recurrent fall,Yes,42,73.7
13,1,582,DOPTHERST,Dopaminergic therapy started,0,no fall,<Missing>,67,16.8
13,1,582,DOPTHERST,Dopaminergic therapy started,0,no fall,No,68,17.1
13,1,582,DOPTHERST,Dopaminergic therapy started,0,no fall,Yes,263,66.1
13,1,582,DOPTHERST,Dopaminergic therapy started,1,rare fall,<Missing>,30,23.6
13,1,582,DOPTHERST,Dopaminergic therapy started,1,rare fall,No,11,8.7
13,1,582,DOPTHERST,Dopaminergic therapy started,1,rare fall,Yes,86,67.7
13,1,582,DOPTHERST,Dopaminergic therapy started,2,recurrent fall,<Missing>,20,35.1
13,1,582,DOPTHERST,Dopaminergic therapy started,2,recurrent fall,No,3,5.3
13,1,582,DOPTHERST,Dopaminergic therapy started,2,recurrent fall,Yes,34,59.6
13,1,582,FEATPOSHYP,Postural hypotension clinical feature,0,no fall,No,255,64.1
13,1,582,FEATPOSHYP,Postural hypotension clinical feature,0,no fall,Uncertain,7,1.8
13,1,582,FEATPOSHYP,Postural hypotension clinical feature,0,no fall,Yes,136,34.2
13,1,582,FEATPOSHYP,Postural hypotension clinical feature,1,rare fall,No,76,59.8
13,1,582,FEATPOSHYP,Postural hypotension clinical feature,1,rare fall,Uncertain,3,2.4
13,1,582,FEATPOSHYP,Postural hypotension clinical feature,1,rare fall,Yes,48,37.8
13,1,582,FEATPOSHYP,Postural hypotension clinical feature,2,recurrent fall,No,24,42.1
13,1,582,FEATPOSHYP,Postural hypotension clinical feature,2,recurrent fall,Uncertain,1,1.8
13,1,582,FEATPOSHYP,Postural hypotension clinical feature,2,recurrent fall,Yes,32,56.1
13,1,582,ANYFAMPD,Family history of Parkinson's disease,0,no fall,<Missing>,18,4.5
13,1,582,ANYFAMPD,Family history of Parkinson's disease,0,no fall,No,239,60.1
13,1,582,ANYFAMPD,Family history of Parkinson's disease,0,no fall,Yes,141,35.4
13,1,582,ANYFAMPD,Family history of Parkinson's disease,1,rare fall,<Missing>,9,7.1
13,1,582,ANYFAMPD,Family history of Parkinson's disease,1,rare fall,No,80,63.0
13,1,582,ANYFAMPD,Family history of Parkinson's disease,1,rare fall,Yes,38,29.9
13,1,582,ANYFAMPD,Family history of Parkinson's disease,2,recurrent fall,<Missing>,8,14.0
13,1,582,ANYFAMPD,Family history of Parkinson's disease,2,recurrent fall,No,21,36.8
13,1,582,ANYFAMPD,Family history of Parkinson's disease,2,recurrent fall,Yes,28,49.1
13,1,582,DXTREMOR,Resting tremor at diagnosis,0,no fall,No,86,21.6
13,1,582,DXTREMOR,Resting tremor at diagnosis,0,no fall,Unknown,7,1.8
13,1,582,DXTREMOR,Resting tremor at diagnosis,0,no fall,Yes,305,76.6
13,1,582,DXTREMOR,Resting tremor at diagnosis,1,rare fall,No,24,18.9
13,1,582,DXTREMOR,Resting tremor at diagnosis,1,rare fall,Unknown,1,0.8
13,1,582,DXTREMOR,Resting tremor at diagnosis,1,rare fall,Yes,102,80.3
13,1,582,DXTREMOR,Resting tremor at diagnosis,2,recurrent fall,No,15,26.3
13,1,582,DXTREMOR,Resting tremor at diagnosis,2,recurrent fall,Unknown,1,1.8
13,1,582,DXTREMOR,Resting tremor at diagnosis,2,recurrent fall,Yes,41,71.9
13,1,582,DXBRADY,Bradykinesia at diagnosis,0,no fall,No,43,10.8
13,1,582,DXBRADY,Bradykinesia at diagnosis,0,no fall,Unknown,23,5.8
13,1,582,DXBRADY,Bradykinesia at diagnosis,0,no fall,Yes,332,83.4
13,1,582,DXBRADY,Bradykinesia at diagnosis,1,rare fall,No,19,15.0
13,1,582,DXBRADY,Bradykinesia at diagnosis,1,rare fall,Unknown,4,3.1
13,1,582,DXBRADY,Bradykinesia at diagnosis,1,rare fall,Yes,104,81.9
13,1,582,DXBRADY,Bradykinesia at diagnosis,2,recurrent fall,No,11,19.3
13,1,582,DXBRADY,Bradykinesia at diagnosis,2,recurrent fall,Unknown,2,3.5
13,1,582,DXBRADY,Bradykinesia at diagnosis,2,recurrent fall,Yes,44,77.2
13,1,582,DOMSIDE,Predominantly affected side at onset,0,no fall,Left,175,44.0
13,1,582,DOMSIDE,Predominantly affected side at onset,0,no fall,Right,211,53.0
13,1,582,DOMSIDE,Predominantly affected side at onset,0,no fall,Symmetric,6,1.5
13,1,582,DOMSIDE,Predominantly affected side at onset,0,no fall,Unknown,6,1.5
13,1,582,DOMSIDE,Predominantly affected side at onset,1,rare fall,Left,53,41.7
13,1,582,DOMSIDE,Predominantly affected side at onset,1,rare fall,Right,71,55.9
13,1,582,DOMSIDE,Predominantly affected side at onset,1,rare fall,Symmetric,3,2.4
13,1,582,DOMSIDE,Predominantly affected side at onset,2,recurrent fall,Left,26,45.6
13,1,582,DOMSIDE,Predominantly affected side at onset,2,recurrent fall,Right,27,47.4
13,1,582,DOMSIDE,Predominantly affected side at onset,2,recurrent fall,Symmetric,3,5.3
13,1,582,DOMSIDE,Predominantly affected side at onset,2,recurrent fall,Unknown,1,1.8
13,2,582,DXPOSINS,Postural instability at diagnosis,0,no fall,No,339,85.0
13,2,582,DXPOSINS,Postural instability at diagnosis,0,no fall,Unknown,30,7.5
13,2,582,DXPOSINS,Postural instability at diagnosis,0,no fall,Yes,30,7.5
13,2,582,DXPOSINS,Postural instability at diagnosis,1,rare fall,No,110,86.6
13,2,582,DXPOSINS,Postural instability at diagnosis,1,rare fall,Unknown,5,3.9
13,2,582,DXPOSINS,Postural instability at diagnosis,1,rare fall,Yes,12,9.4
13,2,582,DXPOSINS,Postural instability at diagnosis,2,recurrent fall,No,47,83.9
13,2,582,DXPOSINS,Postural instability at diagnosis,2,recurrent fall,Unknown,1,1.8
13,2,582,DXPOSINS,Postural instability at diagnosis,2,recurrent fall,Yes,8,14.3
13,2,582,DXRIGID,Rigidity at diagnosis,0,no fall,No,72,18.0
13,2,582,DXRIGID,Rigidity at diagnosis,0,no fall,Unknown,30,7.5
13,2,582,DXRIGID,Rigidity at diagnosis,0,no fall,Yes,297,74.4
13,2,582,DXRIGID,Rigidity at diagnosis,1,rare fall,No,32,25.2
13,2,582,DXRIGID,Rigidity at diagnosis,1,rare fall,Unknown,4,3.1
13,2,582,DXRIGID,Rigidity at diagnosis,1,rare fall,Yes,91,71.7
13,2,582,DXRIGID,Rigidity at diagnosis,2,recurrent fall,No,13,23.2
13,2,582,DXRIGID,Rigidity at diagnosis,2,recurrent fall,Unknown,4,7.1
13,2,582,DXRIGID,Rigidity at diagnosis,2,recurrent fall,Yes,39,69.6
13,2,582,DOPTHERST,Dopaminergic therapy started,0,no fall,<Missing>,71,17.8
13,2,582,DOPTHERST,Dopaminergic therapy started,0,no fall,No,62,15.5
13,2,582,DOPTHERST,Dopaminergic therapy started,0,no fall,Yes,266,66.7
13,2,582,DOPTHERST,Dopaminergic therapy started,1,rare fall,<Missing>,31,24.4
13,2,582,DOPTHERST,Dopaminergic therapy started,1,rare fall,No,11,8.7
13,2,582,DOPTHERST,Dopaminergic therapy started,1,rare fall,Yes,85,66.9
13,2,582,DOPTHERST,Dopaminergic therapy started,2,recurrent fall,<Missing>,11,19.6
13,2,582,DOPTHERST,Dopaminergic therapy started,2,recurrent fall,No,1,1.8
13,2,582,DOPTHERST,Dopaminergic therapy started,2,recurrent fall,Yes,44,78.6
13,2,582,FEATPOSHYP,Postural hypotension clinical feature,0,no fall,No,251,62.9
13,2,582,FEATPOSHYP,Postural hypotension clinical feature,0,no fall,Uncertain,10,2.5
13,2,582,FEATPOSHYP,Postural hypotension clinical feature,0,no fall,Yes,138,34.6
13,2,582,FEATPOSHYP,Postural hypotension clinical feature,1,rare fall,No,67,52.8
13,2,582,FEATPOSHYP,Postural hypotension clinical feature,1,rare fall,Uncertain,4,3.1
13,2,582,FEATPOSHYP,Postural hypotension clinical feature,1,rare fall,Yes,56,44.1
13,2,582,FEATPOSHYP,Postural hypotension clinical feature,2,recurrent fall,No,24,42.9
13,2,582,FEATPOSHYP,Postural hypotension clinical feature,2,recurrent fall,Uncertain,1,1.8
13,2,582,FEATPOSHYP,Postural hypotension clinical feature,2,recurrent fall,Yes,31,55.4
13,2,582,ANYFAMPD,Family history of Parkinson's disease,0,no fall,<Missing>,19,4.8
13,2,582,ANYFAMPD,Family history of Parkinson's disease,0,no fall,No,233,58.4
13,2,582,ANYFAMPD,Family history of Parkinson's disease,0,no fall,Yes,147,36.8
13,2,582,ANYFAMPD,Family history of Parkinson's disease,1,rare fall,<Missing>,13,10.2
13,2,582,ANYFAMPD,Family history of Parkinson's disease,1,rare fall,No,71,55.9
13,2,582,ANYFAMPD,Family history of Parkinson's disease,1,rare fall,Yes,43,33.9
13,2,582,ANYFAMPD,Family history of Parkinson's disease,2,recurrent fall,<Missing>,5,8.9
13,2,582,ANYFAMPD,Family history of Parkinson's disease,2,recurrent fall,No,24,42.9
13,2,582,ANYFAMPD,Family history of Parkinson's disease,2,recurrent fall,Yes,27,48.2
13,2,582,DXTREMOR,Resting tremor at diagnosis,0,no fall,No,79,19.8
13,2,582,DXTREMOR,Resting tremor at diagnosis,0,no fall,Unknown,6,1.5
13,2,582,DXTREMOR,Resting tremor at diagnosis,0,no fall,Yes,314,78.7
13,2,582,DXTREMOR,Resting tremor at diagnosis,1,rare fall,No,25,19.7
13,2,582,DXTREMOR,Resting tremor at diagnosis,1,rare fall,Unknown,1,0.8
13,2,582,DXTREMOR,Resting tremor at diagnosis,1,rare fall,Yes,101,79.5
13,2,582,DXTREMOR,Resting tremor at diagnosis,2,recurrent fall,No,10,17.9
13,2,582,DXTREMOR,Resting tremor at diagnosis,2,recurrent fall,Unknown,1,1.8
13,2,582,DXTREMOR,Resting tremor at diagnosis,2,recurrent fall,Yes,45,80.4
13,2,582,DXBRADY,Bradykinesia at diagnosis,0,no fall,No,45,11.3
13,2,582,DXBRADY,Bradykinesia at diagnosis,0,no fall,Unknown,21,5.3
13,2,582,DXBRADY,Bradykinesia at diagnosis,0,no fall,Yes,333,83.5
13,2,582,DXBRADY,Bradykinesia at diagnosis,1,rare fall,No,23,18.1
13,2,582,DXBRADY,Bradykinesia at diagnosis,1,rare fall,Unknown,1,0.8
13,2,582,DXBRADY,Bradykinesia at diagnosis,1,rare fall,Yes,103,81.1
13,2,582,DXBRADY,Bradykinesia at diagnosis,2,recurrent fall,No,11,19.6
13,2,582,DXBRADY,Bradykinesia at diagnosis,2,recurrent fall,Unknown,2,3.6
13,2,582,DXBRADY,Bradykinesia at diagnosis,2,recurrent fall,Yes,43,76.8
13,2,582,DOMSIDE,Predominantly affected side at onset,0,no fall,Left,182,45.6
13,2,582,DOMSIDE,Predominantly affected side at onset,0,no fall,Right,206,51.6
13,2,582,DOMSIDE,Predominantly affected side at onset,0,no fall,Symmetric,7,1.8
13,2,582,DOMSIDE,Predominantly affected side at onset,0,no fall,Unknown,4,1.0
13,2,582,DOMSIDE,Predominantly affected side at onset,1,rare fall,Left,47,37.0
13,2,582,DOMSIDE,Predominantly affected side at onset,1,rare fall,Right,77,60.6
13,2,582,DOMSIDE,Predominantly affected side at onset,1,rare fall,Symmetric,3,2.4
13,2,582,DOMSIDE,Predominantly affected side at onset,2,recurrent fall,Left,26,46.4
13,2,582,DOMSIDE,Predominantly affected side at onset,2,recurrent fall,Right,26,46.4
13,2,582,DOMSIDE,Predominantly affected side at onset,2,recurrent fall,Symmetric,3,5.4
13,2,582,DOMSIDE,Predominantly affected side at onset,2,recurrent fall,Unknown,1,1.8
13,3,583,DXPOSINS,Postural instability at diagnosis,0,no fall,<Missing>,1,0.3
13,3,583,DXPOSINS,Postural instability at diagnosis,0,no fall,No,346,86.7
13,3,583,DXPOSINS,Postural instability at diagnosis,0,no fall,Unknown,24,6.0
13,3,583,DXPOSINS,Postural instability at diagnosis,0,no fall,Yes,28,7.0
13,3,583,DXPOSINS,Postural instability at diagnosis,1,rare fall,No,110,86.6
13,3,583,DXPOSINS,Postural instability at diagnosis,1,rare fall,Unknown,7,5.5
13,3,583,DXPOSINS,Postural instability at diagnosis,1,rare fall,Yes,10,7.9
13,3,583,DXPOSINS,Postural instability at diagnosis,2,recurrent fall,No,47,82.5
13,3,583,DXPOSINS,Postural instability at diagnosis,2,recurrent fall,Unknown,1,1.8
13,3,583,DXPOSINS,Postural instability at diagnosis,2,recurrent fall,Yes,9,15.8
13,3,583,DXRIGID,Rigidity at diagnosis,0,no fall,No,72,18.0
13,3,583,DXRIGID,Rigidity at diagnosis,0,no fall,Unknown,31,7.8
13,3,583,DXRIGID,Rigidity at diagnosis,0,no fall,Yes,296,74.2
13,3,583,DXRIGID,Rigidity at diagnosis,1,rare fall,No,29,22.8
13,3,583,DXRIGID,Rigidity at diagnosis,1,rare fall,Unknown,4,3.1
13,3,583,DXRIGID,Rigidity at diagnosis,1,rare fall,Yes,94,74.0
13,3,583,DXRIGID,Rigidity at diagnosis,2,recurrent fall,No,12,21.1
13,3,583,DXRIGID,Rigidity at diagnosis,2,recurrent fall,Unknown,4,7.0
13,3,583,DXRIGID,Rigidity at diagnosis,2,recurrent fall,Yes,41,71.9
13,3,583,DOPTHERST,Dopaminergic therapy started,0,no fall,<Missing>,76,19.0
13,3,583,DOPTHERST,Dopaminergic therapy started,0,no fall,No,63,15.8
13,3,583,DOPTHERST,Dopaminergic therapy started,0,no fall,Yes,260,65.2
13,3,583,DOPTHERST,Dopaminergic therapy started,1,rare fall,<Missing>,34,26.8
13,3,583,DOPTHERST,Dopaminergic therapy started,1,rare fall,No,11,8.7
13,3,583,DOPTHERST,Dopaminergic therapy started,1,rare fall,Yes,82,64.6
13,3,583,DOPTHERST,Dopaminergic therapy started,2,recurrent fall,<Missing>,18,31.6
13,3,583,DOPTHERST,Dopaminergic therapy started,2,recurrent fall,No,2,3.5
13,3,583,DOPTHERST,Dopaminergic therapy started,2,recurrent fall,Yes,37,64.9
13,3,583,FEATPOSHYP,Postural hypotension clinical feature,0,no fall,No,253,63.4
13,3,583,FEATPOSHYP,Postural hypotension clinical feature,0,no fall,Uncertain,10,2.5
13,3,583,FEATPOSHYP,Postural hypotension clinical feature,0,no fall,Yes,136,34.1
13,3,583,FEATPOSHYP,Postural hypotension clinical feature,1,rare fall,No,80,63.0
13,3,583,FEATPOSHYP,Postural hypotension clinical feature,1,rare fall,Uncertain,4,3.1
13,3,583,FEATPOSHYP,Postural hypotension clinical feature,1,rare fall,Yes,43,33.9
13,3,583,FEATPOSHYP,Postural hypotension clinical feature,2,recurrent fall,No,25,43.9
13,3,583,FEATPOSHYP,Postural hypotension clinical feature,2,recurrent fall,Yes,32,56.1
13,3,583,ANYFAMPD,Family history of Parkinson's disease,0,no fall,<Missing>,18,4.5
13,3,583,ANYFAMPD,Family history of Parkinson's disease,0,no fall,No,236,59.1
13,3,583,ANYFAMPD,Family history of Parkinson's disease,0,no fall,Yes,145,36.3
13,3,583,ANYFAMPD,Family history of Parkinson's disease,1,rare fall,<Missing>,10,7.9
13,3,583,ANYFAMPD,Family history of Parkinson's disease,1,rare fall,No,70,55.1
13,3,583,ANYFAMPD,Family history of Parkinson's disease,1,rare fall,Yes,47,37.0
13,3,583,ANYFAMPD,Family history of Parkinson's disease,2,recurrent fall,<Missing>,7,12.3
13,3,583,ANYFAMPD,Family history of Parkinson's disease,2,recurrent fall,No,24,42.1
13,3,583,ANYFAMPD,Family history of Parkinson's disease,2,recurrent fall,Yes,26,45.6
13,3,583,DXTREMOR,Resting tremor at diagnosis,0,no fall,No,86,21.6
13,3,583,DXTREMOR,Resting tremor at diagnosis,0,no fall,Unknown,9,2.3
13,3,583,DXTREMOR,Resting tremor at diagnosis,0,no fall,Yes,304,76.2
13,3,583,DXTREMOR,Resting tremor at diagnosis,1,rare fall,No,27,21.3
13,3,583,DXTREMOR,Resting tremor at diagnosis,1,rare fall,Unknown,2,1.6
13,3,583,DXTREMOR,Resting tremor at diagnosis,1,rare fall,Yes,98,77.2
13,3,583,DXTREMOR,Resting tremor at diagnosis,2,recurrent fall,No,13,22.8
13,3,583,DXTREMOR,Resting tremor at diagnosis,2,recurrent fall,Unknown,1,1.8
13,3,583,DXTREMOR,Resting tremor at diagnosis,2,recurrent fall,Yes,43,75.4
13,3,583,DXBRADY,Bradykinesia at diagnosis,0,no fall,No,48,12.0
13,3,583,DXBRADY,Bradykinesia at diagnosis,0,no fall,Unknown,21,5.3
13,3,583,DXBRADY,Bradykinesia at diagnosis,0,no fall,Yes,330,82.7
13,3,583,DXBRADY,Bradykinesia at diagnosis,1,rare fall,No,24,18.9
13,3,583,DXBRADY,Bradykinesia at diagnosis,1,rare fall,Unknown,4,3.1
13,3,583,DXBRADY,Bradykinesia at diagnosis,1,rare fall,Yes,99,78.0
13,3,583,DXBRADY,Bradykinesia at diagnosis,2,recurrent fall,No,13,22.8
13,3,583,DXBRADY,Bradykinesia at diagnosis,2,recurrent fall,Unknown,2,3.5
13,3,583,DXBRADY,Bradykinesia at diagnosis,2,recurrent fall,Yes,42,73.7
13,3,583,DOMSIDE,Predominantly affected side at onset,0,no fall,Left,181,45.4
13,3,583,DOMSIDE,Predominantly affected side at onset,0,no fall,Right,209,52.4
13,3,583,DOMSIDE,Predominantly affected side at onset,0,no fall,Symmetric,5,1.3
13,3,583,DOMSIDE,Predominantly affected side at onset,0,no fall,Unknown,4,1.0
13,3,583,DOMSIDE,Predominantly affected side at onset,1,rare fall,Left,52,40.9
13,3,583,DOMSIDE,Predominantly affected side at onset,1,rare fall,Right,74,58.3
13,3,583,DOMSIDE,Predominantly affected side at onset,1,rare fall,Symmetric,1,0.8
13,3,583,DOMSIDE,Predominantly affected side at onset,2,recurrent fall,Left,29,50.9
13,3,583,DOMSIDE,Predominantly affected side at onset,2,recurrent fall,Right,25,43.9
13,3,583,DOMSIDE,Predominantly affected side at onset,2,recurrent fall,Symmetric,2,3.5
13,3,583,DOMSIDE,Predominantly affected side at onset,2,recurrent fall,Unknown,1,1.8
13,4,583,DXPOSINS,Postural instability at diagnosis,0,no fall,<Missing>,1,0.3
13,4,583,DXPOSINS,Postural instability at diagnosis,0,no fall,No,341,85.7
13,4,583,DXPOSINS,Postural instability at diagnosis,0,no fall,Unknown,25,6.3
13,4,583,DXPOSINS,Postural instability at diagnosis,0,no fall,Yes,31,7.8
13,4,583,DXPOSINS,Postural instability at diagnosis,1,rare fall,No,116,90.6
13,4,583,DXPOSINS,Postural instability at diagnosis,1,rare fall,Unknown,4,3.1
13,4,583,DXPOSINS,Postural instability at diagnosis,1,rare fall,Yes,8,6.2
13,4,583,DXPOSINS,Postural instability at diagnosis,2,recurrent fall,No,49,86.0
13,4,583,DXPOSINS,Postural instability at diagnosis,2,recurrent fall,Yes,8,14.0
13,4,583,DXRIGID,Rigidity at diagnosis,0,no fall,No,79,19.8
13,4,583,DXRIGID,Rigidity at diagnosis,0,no fall,Unknown,35,8.8
13,4,583,DXRIGID,Rigidity at diagnosis,0,no fall,Yes,284,71.4
13,4,583,DXRIGID,Rigidity at diagnosis,1,rare fall,No,32,25.0
13,4,583,DXRIGID,Rigidity at diagnosis,1,rare fall,Unknown,2,1.6
13,4,583,DXRIGID,Rigidity at diagnosis,1,rare fall,Yes,94,73.4
13,4,583,DXRIGID,Rigidity at diagnosis,2,recurrent fall,No,14,24.6
13,4,583,DXRIGID,Rigidity at diagnosis,2,recurrent fall,Unknown,2,3.5
13,4,583,DXRIGID,Rigidity at diagnosis,2,recurrent fall,Yes,41,71.9
13,4,583,DOPTHERST,Dopaminergic therapy started,0,no fall,<Missing>,67,16.8
13,4,583,DOPTHERST,Dopaminergic therapy started,0,no fall,No,71,17.8
13,4,583,DOPTHERST,Dopaminergic therapy started,0,no fall,Yes,260,65.3
13,4,583,DOPTHERST,Dopaminergic therapy started,1,rare fall,<Missing>,30,23.4
13,4,583,DOPTHERST,Dopaminergic therapy started,1,rare fall,No,8,6.2
13,4,583,DOPTHERST,Dopaminergic therapy started,1,rare fall,Yes,90,70.3
13,4,583,DOPTHERST,Dopaminergic therapy started,2,recurrent fall,<Missing>,21,36.8
13,4,583,DOPTHERST,Dopaminergic therapy started,2,recurrent fall,No,3,5.3
13,4,583,DOPTHERST,Dopaminergic therapy started,2,recurrent fall,Yes,33,57.9
13,4,583,FEATPOSHYP,Postural hypotension clinical feature,0,no fall,No,258,64.8
13,4,583,FEATPOSHYP,Postural hypotension clinical feature,0,no fall,Uncertain,10,2.5
13,4,583,FEATPOSHYP,Postural hypotension clinical feature,0,no fall,Yes,130,32.7
13,4,583,FEATPOSHYP,Postural hypotension clinical feature,1,rare fall,No,77,60.2
13,4,583,FEATPOSHYP,Postural hypotension clinical feature,1,rare fall,Uncertain,4,3.1
13,4,583,FEATPOSHYP,Postural hypotension clinical feature,1,rare fall,Yes,47,36.7
13,4,583,FEATPOSHYP,Postural hypotension clinical feature,2,recurrent fall,No,23,40.4
13,4,583,FEATPOSHYP,Postural hypotension clinical feature,2,recurrent fall,Uncertain,1,1.8
13,4,583,FEATPOSHYP,Postural hypotension clinical feature,2,recurrent fall,Yes,33,57.9
13,4,583,ANYFAMPD,Family history of Parkinson's disease,0,no fall,<Missing>,19,4.8
13,4,583,ANYFAMPD,Family history of Parkinson's disease,0,no fall,No,231,58.0
13,4,583,ANYFAMPD,Family history of Parkinson's disease,0,no fall,Yes,148,37.2
13,4,583,ANYFAMPD,Family history of Parkinson's disease,1,rare fall,<Missing>,10,7.8
13,4,583,ANYFAMPD,Family history of Parkinson's disease,1,rare fall,No,71,55.5
13,4,583,ANYFAMPD,Family history of Parkinson's disease,1,rare fall,Yes,47,36.7
13,4,583,ANYFAMPD,Family history of Parkinson's disease,2,recurrent fall,<Missing>,9,15.8
13,4,583,ANYFAMPD,Family history of Parkinson's disease,2,recurrent fall,No,20,35.1
13,4,583,ANYFAMPD,Family history of Parkinson's disease,2,recurrent fall,Yes,28,49.1
13,4,583,DXTREMOR,Resting tremor at diagnosis,0,no fall,No,76,19.1
13,4,583,DXTREMOR,Resting tremor at diagnosis,0,no fall,Unknown,7,1.8
13,4,583,DXTREMOR,Resting tremor at diagnosis,0,no fall,Yes,315,79.1
13,4,583,DXTREMOR,Resting tremor at diagnosis,1,rare fall,No,24,18.8
13,4,583,DXTREMOR,Resting tremor at diagnosis,1,rare fall,Unknown,2,1.6
13,4,583,DXTREMOR,Resting tremor at diagnosis,1,rare fall,Yes,102,79.7
13,4,583,DXTREMOR,Resting tremor at diagnosis,2,recurrent fall,No,14,24.6
13,4,583,DXTREMOR,Resting tremor at diagnosis,2,recurrent fall,Yes,43,75.4
13,4,583,DXBRADY,Bradykinesia at diagnosis,0,no fall,No,48,12.1
13,4,583,DXBRADY,Bradykinesia at diagnosis,0,no fall,Unknown,21,5.3
13,4,583,DXBRADY,Bradykinesia at diagnosis,0,no fall,Yes,329,82.7
13,4,583,DXBRADY,Bradykinesia at diagnosis,1,rare fall,No,24,18.8
13,4,583,DXBRADY,Bradykinesia at diagnosis,1,rare fall,Unknown,3,2.3
13,4,583,DXBRADY,Bradykinesia at diagnosis,1,rare fall,Yes,101,78.9
13,4,583,DXBRADY,Bradykinesia at diagnosis,2,recurrent fall,No,13,22.8
13,4,583,DXBRADY,Bradykinesia at diagnosis,2,recurrent fall,Unknown,1,1.8
13,4,583,DXBRADY,Bradykinesia at diagnosis,2,recurrent fall,Yes,43,75.4
13,4,583,DOMSIDE,Predominantly affected side at onset,0,no fall,Left,171,43.0
13,4,583,DOMSIDE,Predominantly affected side at onset,0,no fall,Right,214,53.8
13,4,583,DOMSIDE,Predominantly affected side at onset,0,no fall,Symmetric,7,1.8
13,4,583,DOMSIDE,Predominantly affected side at onset,0,no fall,Unknown,6,1.5
13,4,583,DOMSIDE,Predominantly affected side at onset,1,rare fall,Left,47,36.7
13,4,583,DOMSIDE,Predominantly affected side at onset,1,rare fall,Right,79,61.7
13,4,583,DOMSIDE,Predominantly affected side at onset,1,rare fall,Symmetric,2,1.6
13,4,583,DOMSIDE,Predominantly affected side at onset,2,recurrent fall,Left,29,50.9
13,4,583,DOMSIDE,Predominantly affected side at onset,2,recurrent fall,Right,26,45.6
13,4,583,DOMSIDE,Predominantly affected side at onset,2,recurrent fall,Symmetric,1,1.8
13,4,583,DOMSIDE,Predominantly affected side at onset,2,recurrent fall,Unknown,1,1.8
14,0,582,DXPOSINS,Postural instability at diagnosis,0,no fall,No,345,86.7
14,0,582,DXPOSINS,Postural instability at diagnosis,0,no fall,Unknown,22,5.5
14,0,582,DXPOSINS,Postural instability at diagnosis,0,no fall,Yes,31,7.8
14,0,582,DXPOSINS,Postural instability at diagnosis,1,rare fall,No,110,86.6
14,0,582,DXPOSINS,Postural instability at diagnosis,1,rare fall,Unknown,8,6.3
14,0,582,DXPOSINS,Postural instability at diagnosis,1,rare fall,Yes,9,7.1
14,0,582,DXPOSINS,Postural instability at diagnosis,2,recurrent fall,No,47,82.5
14,0,582,DXPOSINS,Postural instability at diagnosis,2,recurrent fall,Unknown,2,3.5
14,0,582,DXPOSINS,Postural instability at diagnosis,2,recurrent fall,Yes,8,14.0
14,0,582,DXRIGID,Rigidity at diagnosis,0,no fall,No,71,17.8
14,0,582,DXRIGID,Rigidity at diagnosis,0,no fall,Unknown,30,7.5
14,0,582,DXRIGID,Rigidity at diagnosis,0,no fall,Yes,297,74.6
14,0,582,DXRIGID,Rigidity at diagnosis,1,rare fall,No,30,23.6
14,0,582,DXRIGID,Rigidity at diagnosis,1,rare fall,Unknown,4,3.1
14,0,582,DXRIGID,Rigidity at diagnosis,1,rare fall,Yes,93,73.2
14,0,582,DXRIGID,Rigidity at diagnosis,2,recurrent fall,No,12,21.1
14,0,582,DXRIGID,Rigidity at diagnosis,2,recurrent fall,Unknown,3,5.3
14,0,582,DXRIGID,Rigidity at diagnosis,2,recurrent fall,Yes,42,73.7
14,0,582,DOPTHERST,Dopaminergic therapy started,0,no fall,<Missing>,69,17.3
14,0,582,DOPTHERST,Dopaminergic therapy started,0,no fall,No,66,16.6
14,0,582,DOPTHERST,Dopaminergic therapy started,0,no fall,Yes,263,66.1
14,0,582,DOPTHERST,Dopaminergic therapy started,1,rare fall,<Missing>,32,25.2
14,0,582,DOPTHERST,Dopaminergic therapy started,1,rare fall,No,12,9.4
14,0,582,DOPTHERST,Dopaminergic therapy started,1,rare fall,Yes,83,65.4
14,0,582,DOPTHERST,Dopaminergic therapy started,2,recurrent fall,<Missing>,22,38.6
14,0,582,DOPTHERST,Dopaminergic therapy started,2,recurrent fall,Yes,35,61.4
14,0,582,FEATPOSHYP,Postural hypotension clinical feature,0,no fall,No,251,63.1
14,0,582,FEATPOSHYP,Postural hypotension clinical feature,0,no fall,Uncertain,7,1.8
14,0,582,FEATPOSHYP,Postural hypotension clinical feature,0,no fall,Yes,140,35.2
14,0,582,FEATPOSHYP,Postural hypotension clinical feature,1,rare fall,No,82,64.6
14,0,582,FEATPOSHYP,Postural hypotension clinical feature,1,rare fall,Uncertain,4,3.1
14,0,582,FEATPOSHYP,Postural hypotension clinical feature,1,rare fall,Yes,41,32.3
14,0,582,FEATPOSHYP,Postural hypotension clinical feature,2,recurrent fall,No,27,47.4
14,0,582,FEATPOSHYP,Postural hypotension clinical feature,2,recurrent fall,Yes,30,52.6
14,0,582,ANYFAMPD,Family history of Parkinson's disease,0,no fall,<Missing>,18,4.5
14,0,582,ANYFAMPD,Family history of Parkinson's disease,0,no fall,No,222,55.8
14,0,582,ANYFAMPD,Family history of Parkinson's disease,0,no fall,Yes,158,39.7
14,0,582,ANYFAMPD,Family history of Parkinson's disease,1,rare fall,<Missing>,12,9.4
14,0,582,ANYFAMPD,Family history of Parkinson's disease,1,rare fall,No,67,52.8
14,0,582,ANYFAMPD,Family history of Parkinson's disease,1,rare fall,Yes,48,37.8
14,0,582,ANYFAMPD,Family history of Parkinson's disease,2,recurrent fall,<Missing>,8,14.0
14,0,582,ANYFAMPD,Family history of Parkinson's disease,2,recurrent fall,No,24,42.1
14,0,582,ANYFAMPD,Family history of Parkinson's disease,2,recurrent fall,Yes,25,43.9
14,0,582,DXTREMOR,Resting tremor at diagnosis,0,no fall,No,84,21.1
14,0,582,DXTREMOR,Resting tremor at diagnosis,0,no fall,Unknown,7,1.8
14,0,582,DXTREMOR,Resting tremor at diagnosis,0,no fall,Yes,307,77.1
14,0,582,DXTREMOR,Resting tremor at diagnosis,1,rare fall,No,24,18.9
14,0,582,DXTREMOR,Resting tremor at diagnosis,1,rare fall,Unknown,1,0.8
14,0,582,DXTREMOR,Resting tremor at diagnosis,1,rare fall,Yes,102,80.3
14,0,582,DXTREMOR,Resting tremor at diagnosis,2,recurrent fall,No,14,24.6
14,0,582,DXTREMOR,Resting tremor at diagnosis,2,recurrent fall,Unknown,1,1.8
14,0,582,DXTREMOR,Resting tremor at diagnosis,2,recurrent fall,Yes,42,73.7
14,0,582,DXBRADY,Bradykinesia at diagnosis,0,no fall,No,44,11.1
14,0,582,DXBRADY,Bradykinesia at diagnosis,0,no fall,Unknown,22,5.5
14,0,582,DXBRADY,Bradykinesia at diagnosis,0,no fall,Yes,332,83.4
14,0,582,DXBRADY,Bradykinesia at diagnosis,1,rare fall,No,24,18.9
14,0,582,DXBRADY,Bradykinesia at diagnosis,1,rare fall,Unknown,2,1.6
14,0,582,DXBRADY,Bradykinesia at diagnosis,1,rare fall,Yes,101,79.5
14,0,582,DXBRADY,Bradykinesia at diagnosis,2,recurrent fall,No,10,17.5
14,0,582,DXBRADY,Bradykinesia at diagnosis,2,recurrent fall,Unknown,3,5.3
14,0,582,DXBRADY,Bradykinesia at diagnosis,2,recurrent fall,Yes,44,77.2
14,0,582,DOMSIDE,Predominantly affected side at onset,0,no fall,Left,170,42.7
14,0,582,DOMSIDE,Predominantly affected side at onset,0,no fall,Right,217,54.5
14,0,582,DOMSIDE,Predominantly affected side at onset,0,no fall,Symmetric,8,2.0
14,0,582,DOMSIDE,Predominantly affected side at onset,0,no fall,Unknown,3,0.8
14,0,582,DOMSIDE,Predominantly affected side at onset,1,rare fall,Left,50,39.4
14,0,582,DOMSIDE,Predominantly affected side at onset,1,rare fall,Right,73,57.5
14,0,582,DOMSIDE,Predominantly affected side at onset,1,rare fall,Symmetric,3,2.4
14,0,582,DOMSIDE,Predominantly affected side at onset,1,rare fall,Unknown,1,0.8
14,0,582,DOMSIDE,Predominantly affected side at onset,2,recurrent fall,Left,25,43.9
14,0,582,DOMSIDE,Predominantly affected side at onset,2,recurrent fall,Right,29,50.9
14,0,582,DOMSIDE,Predominantly affected side at onset,2,recurrent fall,Symmetric,2,3.5
14,0,582,DOMSIDE,Predominantly affected side at onset,2,recurrent fall,Unknown,1,1.8
14,1,582,DXPOSINS,Postural instability at diagnosis,0,no fall,No,342,85.9
14,1,582,DXPOSINS,Postural instability at diagnosis,0,no fall,Unknown,21,5.3
14,1,582,DXPOSINS,Postural instability at diagnosis,0,no fall,Yes,35,8.8
14,1,582,DXPOSINS,Postural instability at diagnosis,1,rare fall,No,111,87.4
14,1,582,DXPOSINS,Postural instability at diagnosis,1,rare fall,Unknown,6,4.7
14,1,582,DXPOSINS,Postural instability at diagnosis,1,rare fall,Yes,10,7.9
14,1,582,DXPOSINS,Postural instability at diagnosis,2,recurrent fall,No,48,84.2
14,1,582,DXPOSINS,Postural instability at diagnosis,2,recurrent fall,Yes,9,15.8
14,1,582,DXRIGID,Rigidity at diagnosis,0,no fall,No,82,20.6
14,1,582,DXRIGID,Rigidity at diagnosis,0,no fall,Unknown,26,6.5
14,1,582,DXRIGID,Rigidity at diagnosis,0,no fall,Yes,290,72.9
14,1,582,DXRIGID,Rigidity at diagnosis,1,rare fall,No,25,19.7
14,1,582,DXRIGID,Rigidity at diagnosis,1,rare fall,Unknown,5,3.9
14,1,582,DXRIGID,Rigidity at diagnosis,1,rare fall,Yes,97,76.4
14,1,582,DXRIGID,Rigidity at diagnosis,2,recurrent fall,No,12,21.1
14,1,582,DXRIGID,Rigidity at diagnosis,2,recurrent fall,Unknown,2,3.5
14,1,582,DXRIGID,Rigidity at diagnosis,2,recurrent fall,Yes,43,75.4
14,1,582,DOPTHERST,Dopaminergic therapy started,0,no fall,<Missing>,59,14.8
14,1,582,DOPTHERST,Dopaminergic therapy started,0,no fall,No,75,18.8
14,1,582,DOPTHERST,Dopaminergic therapy started,0,no fall,Yes,264,66.3
14,1,582,DOPTHERST,Dopaminergic therapy started,1,rare fall,<Missing>,26,20.5
14,1,582,DOPTHERST,Dopaminergic therapy started,1,rare fall,No,12,9.4
14,1,582,DOPTHERST,Dopaminergic therapy started,1,rare fall,Yes,89,70.1
14,1,582,DOPTHERST,Dopaminergic therapy started,2,recurrent fall,<Missing>,19,33.3
14,1,582,DOPTHERST,Dopaminergic therapy started,2,recurrent fall,No,2,3.5
14,1,582,DOPTHERST,Dopaminergic therapy started,2,recurrent fall,Yes,36,63.2
14,1,582,FEATPOSHYP,Postural hypotension clinical feature,0,no fall,No,245,61.6
14,1,582,FEATPOSHYP,Postural hypotension clinical feature,0,no fall,Uncertain,11,2.8
14,1,582,FEATPOSHYP,Postural hypotension clinical feature,0,no fall,Yes,142,35.7
14,1,582,FEATPOSHYP,Postural hypotension clinical feature,1,rare fall,No,81,63.8
14,1,582,FEATPOSHYP,Postural hypotension clinical feature,1,rare fall,Uncertain,4,3.1
14,1,582,FEATPOSHYP,Postural hypotension clinical feature,1,rare fall,Yes,42,33.1
14,1,582,FEATPOSHYP,Postural hypotension clinical feature,2,recurrent fall,No,27,47.4
14,1,582,FEATPOSHYP,Postural hypotension clinical feature,2,recurrent fall,Uncertain,1,1.8
14,1,582,FEATPOSHYP,Postural hypotension clinical feature,2,recurrent fall,Yes,29,50.9
14,1,582,ANYFAMPD,Family history of Parkinson's disease,0,no fall,<Missing>,13,3.3
14,1,582,ANYFAMPD,Family history of Parkinson's disease,0,no fall,No,235,59.0
14,1,582,ANYFAMPD,Family history of Parkinson's disease,0,no fall,Yes,150,37.7
14,1,582,ANYFAMPD,Family history of Parkinson's disease,1,rare fall,<Missing>,9,7.1
14,1,582,ANYFAMPD,Family history of Parkinson's disease,1,rare fall,No,72,56.7
14,1,582,ANYFAMPD,Family history of Parkinson's disease,1,rare fall,Yes,46,36.2
14,1,582,ANYFAMPD,Family history of Parkinson's disease,2,recurrent fall,<Missing>,8,14.0
14,1,582,ANYFAMPD,Family history of Parkinson's disease,2,recurrent fall,No,23,40.4
14,1,582,ANYFAMPD,Family history of Parkinson's disease,2,recurrent fall,Yes,26,45.6
14,1,582,DXTREMOR,Resting tremor at diagnosis,0,no fall,No,92,23.1
14,1,582,DXTREMOR,Resting tremor at diagnosis,0,no fall,Unknown,5,1.3
14,1,582,DXTREMOR,Resting tremor at diagnosis,0,no fall,Yes,301,75.6
14,1,582,DXTREMOR,Resting tremor at diagnosis,1,rare fall,No,20,15.7
14,1,582,DXTREMOR,Resting tremor at diagnosis,1,rare fall,Yes,107,84.3
14,1,582,DXTREMOR,Resting tremor at diagnosis,2,recurrent fall,No,13,22.8
14,1,582,DXTREMOR,Resting tremor at diagnosis,2,recurrent fall,Yes,44,77.2
14,1,582,DXBRADY,Bradykinesia at diagnosis,0,no fall,No,48,12.1
14,1,582,DXBRADY,Bradykinesia at diagnosis,0,no fall,Unknown,22,5.5
14,1,582,DXBRADY,Bradykinesia at diagnosis,0,no fall,Yes,328,82.4
14,1,582,DXBRADY,Bradykinesia at diagnosis,1,rare fall,No,21,16.5
14,1,582,DXBRADY,Bradykinesia at diagnosis,1,rare fall,Unknown,2,1.6
14,1,582,DXBRADY,Bradykinesia at diagnosis,1,rare fall,Yes,104,81.9
14,1,582,DXBRADY,Bradykinesia at diagnosis,2,recurrent fall,No,9,15.8
14,1,582,DXBRADY,Bradykinesia at diagnosis,2,recurrent fall,Unknown,1,1.8
14,1,582,DXBRADY,Bradykinesia at diagnosis,2,recurrent fall,Yes,47,82.5
14,1,582,DOMSIDE,Predominantly affected side at onset,0,no fall,Left,166,41.7
14,1,582,DOMSIDE,Predominantly affected side at onset,0,no fall,Right,220,55.3
14,1,582,DOMSIDE,Predominantly affected side at onset,0,no fall,Symmetric,9,2.3
14,1,582,DOMSIDE,Predominantly affected side at onset,0,no fall,Unknown,3,0.8
14,1,582,DOMSIDE,Predominantly affected side at onset,1,rare fall,Left,55,43.3
14,1,582,DOMSIDE,Predominantly affected side at onset,1,rare fall,Right,69,54.3
14,1,582,DOMSIDE,Predominantly affected side at onset,1,rare fall,Symmetric,3,2.4
14,1,582,DOMSIDE,Predominantly affected side at onset,2,recurrent fall,Left,24,42.1
14,1,582,DOMSIDE,Predominantly affected side at onset,2,recurrent fall,Right,29,50.9
14,1,582,DOMSIDE,Predominantly affected side at onset,2,recurrent fall,Symmetric,3,5.3
14,1,582,DOMSIDE,Predominantly affected side at onset,2,recurrent fall,Unknown,1,1.8
14,2,582,DXPOSINS,Postural instability at diagnosis,0,no fall,No,341,85.5
14,2,582,DXPOSINS,Postural instability at diagnosis,0,no fall,Unknown,24,6.0
14,2,582,DXPOSINS,Postural instability at diagnosis,0,no fall,Yes,34,8.5
14,2,582,DXPOSINS,Postural instability at diagnosis,1,rare fall,No,107,84.3
14,2,582,DXPOSINS,Postural instability at diagnosis,1,rare fall,Unknown,9,7.1
14,2,582,DXPOSINS,Postural instability at diagnosis,1,rare fall,Yes,11,8.7
14,2,582,DXPOSINS,Postural instability at diagnosis,2,recurrent fall,No,47,83.9
14,2,582,DXPOSINS,Postural instability at diagnosis,2,recurrent fall,Unknown,2,3.6
14,2,582,DXPOSINS,Postural instability at diagnosis,2,recurrent fall,Yes,7,12.5
14,2,582,DXRIGID,Rigidity at diagnosis,0,no fall,No,81,20.3
14,2,582,DXRIGID,Rigidity at diagnosis,0,no fall,Unknown,31,7.8
14,2,582,DXRIGID,Rigidity at diagnosis,0,no fall,Yes,287,71.9
14,2,582,DXRIGID,Rigidity at diagnosis,1,rare fall,No,23,18.1
14,2,582,DXRIGID,Rigidity at diagnosis,1,rare fall,Unknown,6,4.7
14,2,582,DXRIGID,Rigidity at diagnosis,1,rare fall,Yes,98,77.2
14,2,582,DXRIGID,Rigidity at diagnosis,2,recurrent fall,No,15,26.8
14,2,582,DXRIGID,Rigidity at diagnosis,2,recurrent fall,Unknown,3,5.4
14,2,582,DXRIGID,Rigidity at diagnosis,2,recurrent fall,Yes,38,67.9
14,2,582,DOPTHERST,Dopaminergic therapy started,0,no fall,<Missing>,57,14.3
14,2,582,DOPTHERST,Dopaminergic therapy started,0,no fall,No,71,17.8
14,2,582,DOPTHERST,Dopaminergic therapy started,0,no fall,Yes,271,67.9
14,2,582,DOPTHERST,Dopaminergic therapy started,1,rare fall,<Missing>,27,21.3
14,2,582,DOPTHERST,Dopaminergic therapy started,1,rare fall,No,15,11.8
14,2,582,DOPTHERST,Dopaminergic therapy started,1,rare fall,Yes,85,66.9
14,2,582,DOPTHERST,Dopaminergic therapy started,2,recurrent fall,<Missing>,15,26.8
14,2,582,DOPTHERST,Dopaminergic therapy started,2,recurrent fall,No,2,3.6
14,2,582,DOPTHERST,Dopaminergic therapy started,2,recurrent fall,Yes,39,69.6
14,2,582,FEATPOSHYP,Postural hypotension clinical feature,0,no fall,No,264,66.2
14,2,582,FEATPOSHYP,Postural hypotension clinical feature,0,no fall,Uncertain,8,2.0
14,2,582,FEATPOSHYP,Postural hypotension clinical feature,0,no fall,Yes,127,31.8
14,2,582,FEATPOSHYP,Postural hypotension clinical feature,1,rare fall,No,81,63.8
14,2,582,FEATPOSHYP,Postural hypotension clinical feature,1,rare fall,Uncertain,2,1.6
14,2,582,FEATPOSHYP,Postural hypotension clinical feature,1,rare fall,Yes,44,34.6
14,2,582,FEATPOSHYP,Postural hypotension clinical feature,2,recurrent fall,No,27,48.2
14,2,582,FEATPOSHYP,Postural hypotension clinical feature,2,recurrent fall,Uncertain,1,1.8
14,2,582,FEATPOSHYP,Postural hypotension clinical feature,2,recurrent fall,Yes,28,50.0
14,2,582,ANYFAMPD,Family history of Parkinson's disease,0,no fall,<Missing>,15,3.8
14,2,582,ANYFAMPD,Family history of Parkinson's disease,0,no fall,No,238,59.6
14,2,582,ANYFAMPD,Family history of Parkinson's disease,0,no fall,Yes,146,36.6
14,2,582,ANYFAMPD,Family history of Parkinson's disease,1,rare fall,<Missing>,11,8.7
14,2,582,ANYFAMPD,Family history of Parkinson's disease,1,rare fall,No,69,54.3
14,2,582,ANYFAMPD,Family history of Parkinson's disease,1,rare fall,Yes,47,37.0
14,2,582,ANYFAMPD,Family history of Parkinson's disease,2,recurrent fall,<Missing>,5,8.9
14,2,582,ANYFAMPD,Family history of Parkinson's disease,2,recurrent fall,No,21,37.5
14,2,582,ANYFAMPD,Family history of Parkinson's disease,2,recurrent fall,Yes,30,53.6
14,2,582,DXTREMOR,Resting tremor at diagnosis,0,no fall,No,82,20.6
14,2,582,DXTREMOR,Resting tremor at diagnosis,0,no fall,Unknown,6,1.5
14,2,582,DXTREMOR,Resting tremor at diagnosis,0,no fall,Yes,311,77.9
14,2,582,DXTREMOR,Resting tremor at diagnosis,1,rare fall,No,24,18.9
14,2,582,DXTREMOR,Resting tremor at diagnosis,1,rare fall,Unknown,1,0.8
14,2,582,DXTREMOR,Resting tremor at diagnosis,1,rare fall,Yes,102,80.3
14,2,582,DXTREMOR,Resting tremor at diagnosis,2,recurrent fall,No,12,21.4
14,2,582,DXTREMOR,Resting tremor at diagnosis,2,recurrent fall,Unknown,1,1.8
14,2,582,DXTREMOR,Resting tremor at diagnosis,2,recurrent fall,Yes,43,76.8
14,2,582,DXBRADY,Bradykinesia at diagnosis,0,no fall,No,49,12.3
14,2,582,DXBRADY,Bradykinesia at diagnosis,0,no fall,Unknown,22,5.5
14,2,582,DXBRADY,Bradykinesia at diagnosis,0,no fall,Yes,328,82.2
14,2,582,DXBRADY,Bradykinesia at diagnosis,1,rare fall,No,21,16.5
14,2,582,DXBRADY,Bradykinesia at diagnosis,1,rare fall,Unknown,3,2.4
14,2,582,DXBRADY,Bradykinesia at diagnosis,1,rare fall,Yes,103,81.1
14,2,582,DXBRADY,Bradykinesia at diagnosis,2,recurrent fall,No,12,21.4
14,2,582,DXBRADY,Bradykinesia at diagnosis,2,recurrent fall,Unknown,3,5.4
14,2,582,DXBRADY,Bradykinesia at diagnosis,2,recurrent fall,Yes,41,73.2
14,2,582,DOMSIDE,Predominantly affected side at onset,0,no fall,Left,165,41.4
14,2,582,DOMSIDE,Predominantly affected side at onset,0,no fall,Right,223,55.9
14,2,582,DOMSIDE,Predominantly affected side at onset,0,no fall,Symmetric,8,2.0
14,2,582,DOMSIDE,Predominantly affected side at onset,0,no fall,Unknown,3,0.8
14,2,582,DOMSIDE,Predominantly affected side at onset,1,rare fall,Left,56,44.1
14,2,582,DOMSIDE,Predominantly affected side at onset,1,rare fall,Right,67,52.8
14,2,582,DOMSIDE,Predominantly affected side at onset,1,rare fall,Symmetric,3,2.4
14,2,582,DOMSIDE,Predominantly affected side at onset,1,rare fall,Unknown,1,0.8
14,2,582,DOMSIDE,Predominantly affected side at onset,2,recurrent fall,Left,26,46.4
14,2,582,DOMSIDE,Predominantly affected side at onset,2,recurrent fall,Right,27,48.2
14,2,582,DOMSIDE,Predominantly affected side at onset,2,recurrent fall,Symmetric,2,3.6
14,2,582,DOMSIDE,Predominantly affected side at onset,2,recurrent fall,Unknown,1,1.8
14,3,583,DXPOSINS,Postural instability at diagnosis,0,no fall,No,346,86.7
14,3,583,DXPOSINS,Postural instability at diagnosis,0,no fall,Unknown,22,5.5
14,3,583,DXPOSINS,Postural instability at diagnosis,0,no fall,Yes,31,7.8
14,3,583,DXPOSINS,Postural instability at diagnosis,1,rare fall,No,107,84.3
14,3,583,DXPOSINS,Postural instability at diagnosis,1,rare fall,Unknown,9,7.1
14,3,583,DXPOSINS,Postural instability at diagnosis,1,rare fall,Yes,11,8.7
14,3,583,DXPOSINS,Postural instability at diagnosis,2,recurrent fall,No,46,80.7
14,3,583,DXPOSINS,Postural instability at diagnosis,2,recurrent fall,Unknown,2,3.5
14,3,583,DXPOSINS,Postural instability at diagnosis,2,recurrent fall,Yes,9,15.8
14,3,583,DXRIGID,Rigidity at diagnosis,0,no fall,No,91,22.8
14,3,583,DXRIGID,Rigidity at diagnosis,0,no fall,Unknown,29,7.3
14,3,583,DXRIGID,Rigidity at diagnosis,0,no fall,Yes,279,69.9
14,3,583,DXRIGID,Rigidity at diagnosis,1,rare fall,No,26,20.5
14,3,583,DXRIGID,Rigidity at diagnosis,1,rare fall,Unknown,4,3.1
14,3,583,DXRIGID,Rigidity at diagnosis,1,rare fall,Yes,97,76.4
14,3,583,DXRIGID,Rigidity at diagnosis,2,recurrent fall,No,13,22.8
14,3,583,DXRIGID,Rigidity at diagnosis,2,recurrent fall,Unknown,2,3.5
14,3,583,DXRIGID,Rigidity at diagnosis,2,recurrent fall,Yes,42,73.7
14,3,583,DOPTHERST,Dopaminergic therapy started,0,no fall,<Missing>,66,16.5
14,3,583,DOPTHERST,Dopaminergic therapy started,0,no fall,No,72,18.0
14,3,583,DOPTHERST,Dopaminergic therapy started,0,no fall,Yes,261,65.4
14,3,583,DOPTHERST,Dopaminergic therapy started,1,rare fall,<Missing>,28,22.0
14,3,583,DOPTHERST,Dopaminergic therapy started,1,rare fall,No,10,7.9
14,3,583,DOPTHERST,Dopaminergic therapy started,1,rare fall,Yes,89,70.1
14,3,583,DOPTHERST,Dopaminergic therapy started,2,recurrent fall,<Missing>,18,31.6
14,3,583,DOPTHERST,Dopaminergic therapy started,2,recurrent fall,No,2,3.5
14,3,583,DOPTHERST,Dopaminergic therapy started,2,recurrent fall,Yes,37,64.9
14,3,583,FEATPOSHYP,Postural hypotension clinical feature,0,no fall,No,257,64.4
14,3,583,FEATPOSHYP,Postural hypotension clinical feature,0,no fall,Uncertain,9,2.3
14,3,583,FEATPOSHYP,Postural hypotension clinical feature,0,no fall,Yes,133,33.3
14,3,583,FEATPOSHYP,Postural hypotension clinical feature,1,rare fall,No,77,60.6
14,3,583,FEATPOSHYP,Postural hypotension clinical feature,1,rare fall,Uncertain,2,1.6
14,3,583,FEATPOSHYP,Postural hypotension clinical feature,1,rare fall,Yes,48,37.8
14,3,583,FEATPOSHYP,Postural hypotension clinical feature,2,recurrent fall,No,27,47.4
14,3,583,FEATPOSHYP,Postural hypotension clinical feature,2,recurrent fall,Uncertain,1,1.8
14,3,583,FEATPOSHYP,Postural hypotension clinical feature,2,recurrent fall,Yes,29,50.9
14,3,583,ANYFAMPD,Family history of Parkinson's disease,0,no fall,<Missing>,19,4.8
14,3,583,ANYFAMPD,Family history of Parkinson's disease,0,no fall,No,238,59.6
14,3,583,ANYFAMPD,Family history of Parkinson's disease,0,no fall,Yes,142,35.6
14,3,583,ANYFAMPD,Family history of Parkinson's disease,1,rare fall,<Missing>,11,8.7
14,3,583,ANYFAMPD,Family history of Parkinson's disease,1,rare fall,No,69,54.3
14,3,583,ANYFAMPD,Family history of Parkinson's disease,1,rare fall,Yes,47,37.0
14,3,583,ANYFAMPD,Family history of Parkinson's disease,2,recurrent fall,<Missing>,7,12.3
14,3,583,ANYFAMPD,Family history of Parkinson's disease,2,recurrent fall,No,20,35.1
14,3,583,ANYFAMPD,Family history of Parkinson's disease,2,recurrent fall,Yes,30,52.6
14,3,583,DXTREMOR,Resting tremor at diagnosis,0,no fall,No,87,21.8
14,3,583,DXTREMOR,Resting tremor at diagnosis,0,no fall,Unknown,4,1.0
14,3,583,DXTREMOR,Resting tremor at diagnosis,0,no fall,Yes,308,77.2
14,3,583,DXTREMOR,Resting tremor at diagnosis,1,rare fall,No,24,18.9
14,3,583,DXTREMOR,Resting tremor at diagnosis,1,rare fall,Unknown,1,0.8
14,3,583,DXTREMOR,Resting tremor at diagnosis,1,rare fall,Yes,102,80.3
14,3,583,DXTREMOR,Resting tremor at diagnosis,2,recurrent fall,No,17,29.8
14,3,583,DXTREMOR,Resting tremor at diagnosis,2,recurrent fall,Unknown,1,1.8
14,3,583,DXTREMOR,Resting tremor at diagnosis,2,recurrent fall,Yes,39,68.4
14,3,583,DXBRADY,Bradykinesia at diagnosis,0,no fall,No,57,14.3
14,3,583,DXBRADY,Bradykinesia at diagnosis,0,no fall,Unknown,24,6.0
14,3,583,DXBRADY,Bradykinesia at diagnosis,0,no fall,Yes,318,79.7
14,3,583,DXBRADY,Bradykinesia at diagnosis,1,rare fall,No,27,21.3
14,3,583,DXBRADY,Bradykinesia at diagnosis,1,rare fall,Unknown,2,1.6
14,3,583,DXBRADY,Bradykinesia at diagnosis,1,rare fall,Yes,98,77.2
14,3,583,DXBRADY,Bradykinesia at diagnosis,2,recurrent fall,No,12,21.1
14,3,583,DXBRADY,Bradykinesia at diagnosis,2,recurrent fall,Unknown,3,5.3
14,3,583,DXBRADY,Bradykinesia at diagnosis,2,recurrent fall,Yes,42,73.7
14,3,583,DOMSIDE,Predominantly affected side at onset,0,no fall,Left,178,44.6
14,3,583,DOMSIDE,Predominantly affected side at onset,0,no fall,Right,212,53.1
14,3,583,DOMSIDE,Predominantly affected side at onset,0,no fall,Symmetric,8,2.0
14,3,583,DOMSIDE,Predominantly affected side at onset,0,no fall,Unknown,1,0.3
14,3,583,DOMSIDE,Predominantly affected side at onset,1,rare fall,Left,58,45.7
14,3,583,DOMSIDE,Predominantly affected side at onset,1,rare fall,Right,66,52.0
14,3,583,DOMSIDE,Predominantly affected side at onset,1,rare fall,Symmetric,2,1.6
14,3,583,DOMSIDE,Predominantly affected side at onset,1,rare fall,Unknown,1,0.8
14,3,583,DOMSIDE,Predominantly affected side at onset,2,recurrent fall,Left,27,47.4
14,3,583,DOMSIDE,Predominantly affected side at onset,2,recurrent fall,Right,27,47.4
14,3,583,DOMSIDE,Predominantly affected side at onset,2,recurrent fall,Symmetric,3,5.3
14,4,583,DXPOSINS,Postural instability at diagnosis,0,no fall,No,342,85.9
14,4,583,DXPOSINS,Postural instability at diagnosis,0,no fall,Unknown,19,4.8
14,4,583,DXPOSINS,Postural instability at diagnosis,0,no fall,Yes,37,9.3
14,4,583,DXPOSINS,Postural instability at diagnosis,1,rare fall,No,113,88.3
14,4,583,DXPOSINS,Postural instability at diagnosis,1,rare fall,Unknown,8,6.2
14,4,583,DXPOSINS,Postural instability at diagnosis,1,rare fall,Yes,7,5.5
14,4,583,DXPOSINS,Postural instability at diagnosis,2,recurrent fall,No,48,84.2
14,4,583,DXPOSINS,Postural instability at diagnosis,2,recurrent fall,Unknown,2,3.5
14,4,583,DXPOSINS,Postural instability at diagnosis,2,recurrent fall,Yes,7,12.3
14,4,583,DXRIGID,Rigidity at diagnosis,0,no fall,No,87,21.9
14,4,583,DXRIGID,Rigidity at diagnosis,0,no fall,Unknown,24,6.0
14,4,583,DXRIGID,Rigidity at diagnosis,0,no fall,Yes,287,72.1
14,4,583,DXRIGID,Rigidity at diagnosis,1,rare fall,No,28,21.9
14,4,583,DXRIGID,Rigidity at diagnosis,1,rare fall,Unknown,5,3.9
14,4,583,DXRIGID,Rigidity at diagnosis,1,rare fall,Yes,95,74.2
14,4,583,DXRIGID,Rigidity at diagnosis,2,recurrent fall,No,12,21.1
14,4,583,DXRIGID,Rigidity at diagnosis,2,recurrent fall,Unknown,2,3.5
14,4,583,DXRIGID,Rigidity at diagnosis,2,recurrent fall,Yes,43,75.4
14,4,583,DOPTHERST,Dopaminergic therapy started,0,no fall,<Missing>,65,16.3
14,4,583,DOPTHERST,Dopaminergic therapy started,0,no fall,No,72,18.1
14,4,583,DOPTHERST,Dopaminergic therapy started,0,no fall,Yes,261,65.6
14,4,583,DOPTHERST,Dopaminergic therapy started,1,rare fall,<Missing>,31,24.2
14,4,583,DOPTHERST,Dopaminergic therapy started,1,rare fall,No,15,11.7
14,4,583,DOPTHERST,Dopaminergic therapy started,1,rare fall,Yes,82,64.1
14,4,583,DOPTHERST,Dopaminergic therapy started,2,recurrent fall,<Missing>,18,31.6
14,4,583,DOPTHERST,Dopaminergic therapy started,2,recurrent fall,No,2,3.5
14,4,583,DOPTHERST,Dopaminergic therapy started,2,recurrent fall,Yes,37,64.9
14,4,583,FEATPOSHYP,Postural hypotension clinical feature,0,no fall,No,263,66.1
14,4,583,FEATPOSHYP,Postural hypotension clinical feature,0,no fall,Uncertain,9,2.3
14,4,583,FEATPOSHYP,Postural hypotension clinical feature,0,no fall,Yes,126,31.7
14,4,583,FEATPOSHYP,Postural hypotension clinical feature,1,rare fall,No,75,58.6
14,4,583,FEATPOSHYP,Postural hypotension clinical feature,1,rare fall,Uncertain,4,3.1
14,4,583,FEATPOSHYP,Postural hypotension clinical feature,1,rare fall,Yes,49,38.3
14,4,583,FEATPOSHYP,Postural hypotension clinical feature,2,recurrent fall,No,32,56.1
14,4,583,FEATPOSHYP,Postural hypotension clinical feature,2,recurrent fall,Uncertain,1,1.8
14,4,583,FEATPOSHYP,Postural hypotension clinical feature,2,recurrent fall,Yes,24,42.1
14,4,583,ANYFAMPD,Family history of Parkinson's disease,0,no fall,<Missing>,19,4.8
14,4,583,ANYFAMPD,Family history of Parkinson's disease,0,no fall,No,243,61.1
14,4,583,ANYFAMPD,Family history of Parkinson's disease,0,no fall,Yes,136,34.2
14,4,583,ANYFAMPD,Family history of Parkinson's disease,1,rare fall,<Missing>,9,7.0
14,4,583,ANYFAMPD,Family history of Parkinson's disease,1,rare fall,No,71,55.5
14,4,583,ANYFAMPD,Family history of Parkinson's disease,1,rare fall,Yes,48,37.5
14,4,583,ANYFAMPD,Family history of Parkinson's disease,2,recurrent fall,<Missing>,8,14.0
14,4,583,ANYFAMPD,Family history of Parkinson's disease,2,recurrent fall,No,24,42.1
14,4,583,ANYFAMPD,Family history of Parkinson's disease,2,recurrent fall,Yes,25,43.9
14,4,583,DXTREMOR,Resting tremor at diagnosis,0,no fall,No,83,20.9
14,4,583,DXTREMOR,Resting tremor at diagnosis,0,no fall,Unknown,6,1.5
14,4,583,DXTREMOR,Resting tremor at diagnosis,0,no fall,Yes,309,77.6
14,4,583,DXTREMOR,Resting tremor at diagnosis,1,rare fall,No,24,18.8
14,4,583,DXTREMOR,Resting tremor at diagnosis,1,rare fall,Unknown,1,0.8
14,4,583,DXTREMOR,Resting tremor at diagnosis,1,rare fall,Yes,103,80.5
14,4,583,DXTREMOR,Resting tremor at diagnosis,2,recurrent fall,No,16,28.1
14,4,583,DXTREMOR,Resting tremor at diagnosis,2,recurrent fall,Unknown,1,1.8
14,4,583,DXTREMOR,Resting tremor at diagnosis,2,recurrent fall,Yes,40,70.2
14,4,583,DXBRADY,Bradykinesia at diagnosis,0,no fall,No,54,13.6
14,4,583,DXBRADY,Bradykinesia at diagnosis,0,no fall,Unknown,14,3.5
14,4,583,DXBRADY,Bradykinesia at diagnosis,0,no fall,Yes,330,82.9
14,4,583,DXBRADY,Bradykinesia at diagnosis,1,rare fall,No,23,18.0
14,4,583,DXBRADY,Bradykinesia at diagnosis,1,rare fall,Unknown,3,2.3
14,4,583,DXBRADY,Bradykinesia at diagnosis,1,rare fall,Yes,102,79.7
14,4,583,DXBRADY,Bradykinesia at diagnosis,2,recurrent fall,No,9,15.8
14,4,583,DXBRADY,Bradykinesia at diagnosis,2,recurrent fall,Unknown,2,3.5
14,4,583,DXBRADY,Bradykinesia at diagnosis,2,recurrent fall,Yes,46,80.7
14,4,583,DOMSIDE,Predominantly affected side at onset,0,no fall,Left,169,42.5
14,4,583,DOMSIDE,Predominantly affected side at onset,0,no fall,Right,220,55.3
14,4,583,DOMSIDE,Predominantly affected side at onset,0,no fall,Symmetric,7,1.8
14,4,583,DOMSIDE,Predominantly affected side at onset,0,no fall,Unknown,2,0.5
14,4,583,DOMSIDE,Predominantly affected side at onset,1,rare fall,Left,57,44.5
14,4,583,DOMSIDE,Predominantly affected side at onset,1,rare fall,Right,69,53.9
14,4,583,DOMSIDE,Predominantly affected side at onset,1,rare fall,Symmetric,1,0.8
14,4,583,DOMSIDE,Predominantly affected side at onset,1,rare fall,Unknown,1,0.8
14,4,583,DOMSIDE,Predominantly affected side at onset,2,recurrent fall,Left,26,45.6
14,4,583,DOMSIDE,Predominantly affected side at onset,2,recurrent fall,Right,28,49.1
14,4,583,DOMSIDE,Predominantly affected side at onset,2,recurrent fall,Symmetric,2,3.5
14,4,583,DOMSIDE,Predominantly affected side at onset,2,recurrent fall,Unknown,1,1.8
15,0,582,DXPOSINS,Postural instability at diagnosis,0,no fall,<Missing>,1,0.3
15,0,582,DXPOSINS,Postural instability at diagnosis,0,no fall,No,346,86.9
15,0,582,DXPOSINS,Postural instability at diagnosis,0,no fall,Unknown,22,5.5
15,0,582,DXPOSINS,Postural instability at diagnosis,0,no fall,Yes,29,7.3
15,0,582,DXPOSINS,Postural instability at diagnosis,1,rare fall,No,111,87.4
15,0,582,DXPOSINS,Postural instability at diagnosis,1,rare fall,Unknown,5,3.9
15,0,582,DXPOSINS,Postural instability at diagnosis,1,rare fall,Yes,11,8.7
15,0,582,DXPOSINS,Postural instability at diagnosis,2,recurrent fall,No,48,84.2
15,0,582,DXPOSINS,Postural instability at diagnosis,2,recurrent fall,Unknown,2,3.5
15,0,582,DXPOSINS,Postural instability at diagnosis,2,recurrent fall,Yes,7,12.3
15,0,582,DXRIGID,Rigidity at diagnosis,0,no fall,No,82,20.6
15,0,582,DXRIGID,Rigidity at diagnosis,0,no fall,Unknown,28,7.0
15,0,582,DXRIGID,Rigidity at diagnosis,0,no fall,Yes,288,72.4
15,0,582,DXRIGID,Rigidity at diagnosis,1,rare fall,No,28,22.0
15,0,582,DXRIGID,Rigidity at diagnosis,1,rare fall,Unknown,4,3.1
15,0,582,DXRIGID,Rigidity at diagnosis,1,rare fall,Yes,95,74.8
15,0,582,DXRIGID,Rigidity at diagnosis,2,recurrent fall,No,13,22.8
15,0,582,DXRIGID,Rigidity at diagnosis,2,recurrent fall,Unknown,1,1.8
15,0,582,DXRIGID,Rigidity at diagnosis,2,recurrent fall,Yes,43,75.4
15,0,582,DOPTHERST,Dopaminergic therapy started,0,no fall,<Missing>,65,16.3
15,0,582,DOPTHERST,Dopaminergic therapy started,0,no fall,No,69,17.3
15,0,582,DOPTHERST,Dopaminergic therapy started,0,no fall,Yes,264,66.3
15,0,582,DOPTHERST,Dopaminergic therapy started,1,rare fall,<Missing>,35,27.6
15,0,582,DOPTHERST,Dopaminergic therapy started,1,rare fall,No,12,9.4
15,0,582,DOPTHERST,Dopaminergic therapy started,1,rare fall,Yes,80,63.0
15,0,582,DOPTHERST,Dopaminergic therapy started,2,recurrent fall,<Missing>,14,24.6
15,0,582,DOPTHERST,Dopaminergic therapy started,2,recurrent fall,No,4,7.0
15,0,582,DOPTHERST,Dopaminergic therapy started,2,recurrent fall,Yes,39,68.4
15,0,582,FEATPOSHYP,Postural hypotension clinical feature,0,no fall,No,262,65.8
15,0,582,FEATPOSHYP,Postural hypotension clinical feature,0,no fall,Uncertain,13,3.3
15,0,582,FEATPOSHYP,Postural hypotension clinical feature,0,no fall,Yes,123,30.9
15,0,582,FEATPOSHYP,Postural hypotension clinical feature,1,rare fall,No,75,59.1
15,0,582,FEATPOSHYP,Postural hypotension clinical feature,1,rare fall,Uncertain,4,3.1
15,0,582,FEATPOSHYP,Postural hypotension clinical feature,1,rare fall,Yes,48,37.8
15,0,582,FEATPOSHYP,Postural hypotension clinical feature,2,recurrent fall,No,27,47.4
15,0,582,FEATPOSHYP,Postural hypotension clinical feature,2,recurrent fall,Yes,30,52.6
15,0,582,ANYFAMPD,Family history of Parkinson's disease,0,no fall,<Missing>,15,3.8
15,0,582,ANYFAMPD,Family history of Parkinson's disease,0,no fall,No,230,57.8
15,0,582,ANYFAMPD,Family history of Parkinson's disease,0,no fall,Yes,153,38.4
15,0,582,ANYFAMPD,Family history of Parkinson's disease,1,rare fall,<Missing>,12,9.4
15,0,582,ANYFAMPD,Family history of Parkinson's disease,1,rare fall,No,67,52.8
15,0,582,ANYFAMPD,Family history of Parkinson's disease,1,rare fall,Yes,48,37.8
15,0,582,ANYFAMPD,Family history of Parkinson's disease,2,recurrent fall,<Missing>,4,7.0
15,0,582,ANYFAMPD,Family history of Parkinson's disease,2,recurrent fall,No,30,52.6
15,0,582,ANYFAMPD,Family history of Parkinson's disease,2,recurrent fall,Yes,23,40.4
15,0,582,DXTREMOR,Resting tremor at diagnosis,0,no fall,No,80,20.1
15,0,582,DXTREMOR,Resting tremor at diagnosis,0,no fall,Unknown,5,1.3
15,0,582,DXTREMOR,Resting tremor at diagnosis,0,no fall,Yes,313,78.6
15,0,582,DXTREMOR,Resting tremor at diagnosis,1,rare fall,No,28,22.0
15,0,582,DXTREMOR,Resting tremor at diagnosis,1,rare fall,Unknown,1,0.8
15,0,582,DXTREMOR,Resting tremor at diagnosis,1,rare fall,Yes,98,77.2
15,0,582,DXTREMOR,Resting tremor at diagnosis,2,recurrent fall,No,16,28.1
15,0,582,DXTREMOR,Resting tremor at diagnosis,2,recurrent fall,Unknown,1,1.8
15,0,582,DXTREMOR,Resting tremor at diagnosis,2,recurrent fall,Yes,40,70.2
15,0,582,DXBRADY,Bradykinesia at diagnosis,0,no fall,No,51,12.8
15,0,582,DXBRADY,Bradykinesia at diagnosis,0,no fall,Unknown,20,5.0
15,0,582,DXBRADY,Bradykinesia at diagnosis,0,no fall,Yes,327,82.2
15,0,582,DXBRADY,Bradykinesia at diagnosis,1,rare fall,No,22,17.3
15,0,582,DXBRADY,Bradykinesia at diagnosis,1,rare fall,Unknown,1,0.8
15,0,582,DXBRADY,Bradykinesia at diagnosis,1,rare fall,Yes,104,81.9
15,0,582,DXBRADY,Bradykinesia at diagnosis,2,recurrent fall,No,11,19.3
15,0,582,DXBRADY,Bradykinesia at diagnosis,2,recurrent fall,Unknown,1,1.8
15,0,582,DXBRADY,Bradykinesia at diagnosis,2,recurrent fall,Yes,45,78.9
15,0,582,DOMSIDE,Predominantly affected side at onset,0,no fall,Left,181,45.5
15,0,582,DOMSIDE,Predominantly affected side at onset,0,no fall,Right,211,53.0
15,0,582,DOMSIDE,Predominantly affected side at onset,0,no fall,Symmetric,4,1.0
15,0,582,DOMSIDE,Predominantly affected side at onset,0,no fall,Unknown,2,0.5
15,0,582,DOMSIDE,Predominantly affected side at onset,1,rare fall,Left,53,41.7
15,0,582,DOMSIDE,Predominantly affected side at onset,1,rare fall,Right,71,55.9
15,0,582,DOMSIDE,Predominantly affected side at onset,1,rare fall,Symmetric,2,1.6
15,0,582,DOMSIDE,Predominantly affected side at onset,1,rare fall,Unknown,1,0.8
15,0,582,DOMSIDE,Predominantly affected side at onset,2,recurrent fall,Left,27,47.4
15,0,582,DOMSIDE,Predominantly affected side at onset,2,recurrent fall,Right,27,47.4
15,0,582,DOMSIDE,Predominantly affected side at onset,2,recurrent fall,Symmetric,2,3.5
15,0,582,DOMSIDE,Predominantly affected side at onset,2,recurrent fall,Unknown,1,1.8
15,1,582,DXPOSINS,Postural instability at diagnosis,0,no fall,<Missing>,1,0.3
15,1,582,DXPOSINS,Postural instability at diagnosis,0,no fall,No,336,84.4
15,1,582,DXPOSINS,Postural instability at diagnosis,0,no fall,Unknown,26,6.5
15,1,582,DXPOSINS,Postural instability at diagnosis,0,no fall,Yes,35,8.8
15,1,582,DXPOSINS,Postural instability at diagnosis,1,rare fall,No,111,87.4
15,1,582,DXPOSINS,Postural instability at diagnosis,1,rare fall,Unknown,5,3.9
15,1,582,DXPOSINS,Postural instability at diagnosis,1,rare fall,Yes,11,8.7
15,1,582,DXPOSINS,Postural instability at diagnosis,2,recurrent fall,No,48,84.2
15,1,582,DXPOSINS,Postural instability at diagnosis,2,recurrent fall,Unknown,1,1.8
15,1,582,DXPOSINS,Postural instability at diagnosis,2,recurrent fall,Yes,8,14.0
15,1,582,DXRIGID,Rigidity at diagnosis,0,no fall,No,79,19.8
15,1,582,DXRIGID,Rigidity at diagnosis,0,no fall,Unknown,34,8.5
15,1,582,DXRIGID,Rigidity at diagnosis,0,no fall,Yes,285,71.6
15,1,582,DXRIGID,Rigidity at diagnosis,1,rare fall,No,29,22.8
15,1,582,DXRIGID,Rigidity at diagnosis,1,rare fall,Unknown,3,2.4
15,1,582,DXRIGID,Rigidity at diagnosis,1,rare fall,Yes,95,74.8
15,1,582,DXRIGID,Rigidity at diagnosis,2,recurrent fall,No,17,29.8
15,1,582,DXRIGID,Rigidity at diagnosis,2,recurrent fall,Unknown,2,3.5
15,1,582,DXRIGID,Rigidity at diagnosis,2,recurrent fall,Yes,38,66.7
15,1,582,DOPTHERST,Dopaminergic therapy started,0,no fall,<Missing>,60,15.1
15,1,582,DOPTHERST,Dopaminergic therapy started,0,no fall,No,74,18.6
15,1,582,DOPTHERST,Dopaminergic therapy started,0,no fall,Yes,264,66.3
15,1,582,DOPTHERST,Dopaminergic therapy started,1,rare fall,<Missing>,32,25.2
15,1,582,DOPTHERST,Dopaminergic therapy started,1,rare fall,No,16,12.6
15,1,582,DOPTHERST,Dopaminergic therapy started,1,rare fall,Yes,79,62.2
15,1,582,DOPTHERST,Dopaminergic therapy started,2,recurrent fall,<Missing>,17,29.8
15,1,582,DOPTHERST,Dopaminergic therapy started,2,recurrent fall,No,2,3.5
15,1,582,DOPTHERST,Dopaminergic therapy started,2,recurrent fall,Yes,38,66.7
15,1,582,FEATPOSHYP,Postural hypotension clinical feature,0,no fall,No,257,64.6
15,1,582,FEATPOSHYP,Postural hypotension clinical feature,0,no fall,Uncertain,10,2.5
15,1,582,FEATPOSHYP,Postural hypotension clinical feature,0,no fall,Yes,131,32.9
15,1,582,FEATPOSHYP,Postural hypotension clinical feature,1,rare fall,No,80,63.0
15,1,582,FEATPOSHYP,Postural hypotension clinical feature,1,rare fall,Uncertain,4,3.1
15,1,582,FEATPOSHYP,Postural hypotension clinical feature,1,rare fall,Yes,43,33.9
15,1,582,FEATPOSHYP,Postural hypotension clinical feature,2,recurrent fall,No,22,38.6
15,1,582,FEATPOSHYP,Postural hypotension clinical feature,2,recurrent fall,Uncertain,1,1.8
15,1,582,FEATPOSHYP,Postural hypotension clinical feature,2,recurrent fall,Yes,34,59.6
15,1,582,ANYFAMPD,Family history of Parkinson's disease,0,no fall,<Missing>,13,3.3
15,1,582,ANYFAMPD,Family history of Parkinson's disease,0,no fall,No,227,57.0
15,1,582,ANYFAMPD,Family history of Parkinson's disease,0,no fall,Yes,158,39.7
15,1,582,ANYFAMPD,Family history of Parkinson's disease,1,rare fall,<Missing>,13,10.2
15,1,582,ANYFAMPD,Family history of Parkinson's disease,1,rare fall,No,72,56.7
15,1,582,ANYFAMPD,Family history of Parkinson's disease,1,rare fall,Yes,42,33.1
15,1,582,ANYFAMPD,Family history of Parkinson's disease,2,recurrent fall,<Missing>,7,12.3
15,1,582,ANYFAMPD,Family history of Parkinson's disease,2,recurrent fall,No,23,40.4
15,1,582,ANYFAMPD,Family history of Parkinson's disease,2,recurrent fall,Yes,27,47.4
15,1,582,DXTREMOR,Resting tremor at diagnosis,0,no fall,No,83,20.9
15,1,582,DXTREMOR,Resting tremor at diagnosis,0,no fall,Unknown,8,2.0
15,1,582,DXTREMOR,Resting tremor at diagnosis,0,no fall,Yes,307,77.1
15,1,582,DXTREMOR,Resting tremor at diagnosis,1,rare fall,No,27,21.3
15,1,582,DXTREMOR,Resting tremor at diagnosis,1,rare fall,Unknown,1,0.8
15,1,582,DXTREMOR,Resting tremor at diagnosis,1,rare fall,Yes,99,78.0
15,1,582,DXTREMOR,Resting tremor at diagnosis,2,recurrent fall,No,13,22.8
15,1,582,DXTREMOR,Resting tremor at diagnosis,2,recurrent fall,Unknown,1,1.8
15,1,582,DXTREMOR,Resting tremor at diagnosis,2,recurrent fall,Yes,43,75.4
15,1,582,DXBRADY,Bradykinesia at diagnosis,0,no fall,No,50,12.6
15,1,582,DXBRADY,Bradykinesia at diagnosis,0,no fall,Unknown,25,6.3
15,1,582,DXBRADY,Bradykinesia at diagnosis,0,no fall,Yes,323,81.2
15,1,582,DXBRADY,Bradykinesia at diagnosis,1,rare fall,No,19,15.0
15,1,582,DXBRADY,Bradykinesia at diagnosis,1,rare fall,Unknown,3,2.4
15,1,582,DXBRADY,Bradykinesia at diagnosis,1,rare fall,Yes,105,82.7
15,1,582,DXBRADY,Bradykinesia at diagnosis,2,recurrent fall,No,13,22.8
15,1,582,DXBRADY,Bradykinesia at diagnosis,2,recurrent fall,Unknown,2,3.5
15,1,582,DXBRADY,Bradykinesia at diagnosis,2,recurrent fall,Yes,42,73.7
15,1,582,DOMSIDE,Predominantly affected side at onset,0,no fall,Left,176,44.2
15,1,582,DOMSIDE,Predominantly affected side at onset,0,no fall,Right,213,53.5
15,1,582,DOMSIDE,Predominantly affected side at onset,0,no fall,Symmetric,4,1.0
15,1,582,DOMSIDE,Predominantly affected side at onset,0,no fall,Unknown,5,1.3
15,1,582,DOMSIDE,Predominantly affected side at onset,1,rare fall,Left,60,47.2
15,1,582,DOMSIDE,Predominantly affected side at onset,1,rare fall,Right,64,50.4
15,1,582,DOMSIDE,Predominantly affected side at onset,1,rare fall,Symmetric,2,1.6
15,1,582,DOMSIDE,Predominantly affected side at onset,1,rare fall,Unknown,1,0.8
15,1,582,DOMSIDE,Predominantly affected side at onset,2,recurrent fall,Left,26,45.6
15,1,582,DOMSIDE,Predominantly affected side at onset,2,recurrent fall,Right,28,49.1
15,1,582,DOMSIDE,Predominantly affected side at onset,2,recurrent fall,Symmetric,2,3.5
15,1,582,DOMSIDE,Predominantly affected side at onset,2,recurrent fall,Unknown,1,1.8
15,2,582,DXPOSINS,Postural instability at diagnosis,0,no fall,<Missing>,1,0.3
15,2,582,DXPOSINS,Postural instability at diagnosis,0,no fall,No,333,83.7
15,2,582,DXPOSINS,Postural instability at diagnosis,0,no fall,Unknown,32,8.0
15,2,582,DXPOSINS,Postural instability at diagnosis,0,no fall,Yes,32,8.0
15,2,582,DXPOSINS,Postural instability at diagnosis,1,rare fall,No,112,87.5
15,2,582,DXPOSINS,Postural instability at diagnosis,1,rare fall,Unknown,6,4.7
15,2,582,DXPOSINS,Postural instability at diagnosis,1,rare fall,Yes,10,7.8
15,2,582,DXPOSINS,Postural instability at diagnosis,2,recurrent fall,No,47,83.9
15,2,582,DXPOSINS,Postural instability at diagnosis,2,recurrent fall,Unknown,2,3.6
15,2,582,DXPOSINS,Postural instability at diagnosis,2,recurrent fall,Yes,7,12.5
15,2,582,DXRIGID,Rigidity at diagnosis,0,no fall,No,83,20.9
15,2,582,DXRIGID,Rigidity at diagnosis,0,no fall,Unknown,28,7.0
15,2,582,DXRIGID,Rigidity at diagnosis,0,no fall,Yes,287,72.1
15,2,582,DXRIGID,Rigidity at diagnosis,1,rare fall,No,32,25.0
15,2,582,DXRIGID,Rigidity at diagnosis,1,rare fall,Unknown,4,3.1
15,2,582,DXRIGID,Rigidity at diagnosis,1,rare fall,Yes,92,71.9
15,2,582,DXRIGID,Rigidity at diagnosis,2,recurrent fall,No,14,25.0
15,2,582,DXRIGID,Rigidity at diagnosis,2,recurrent fall,Unknown,2,3.6
15,2,582,DXRIGID,Rigidity at diagnosis,2,recurrent fall,Yes,40,71.4
15,2,582,DOPTHERST,Dopaminergic therapy started,0,no fall,<Missing>,66,16.6
15,2,582,DOPTHERST,Dopaminergic therapy started,0,no fall,No,68,17.1
15,2,582,DOPTHERST,Dopaminergic therapy started,0,no fall,Yes,264,66.3
15,2,582,DOPTHERST,Dopaminergic therapy started,1,rare fall,<Missing>,32,25.0
15,2,582,DOPTHERST,Dopaminergic therapy started,1,rare fall,No,15,11.7
15,2,582,DOPTHERST,Dopaminergic therapy started,1,rare fall,Yes,81,63.3
15,2,582,DOPTHERST,Dopaminergic therapy started,2,recurrent fall,<Missing>,14,25.0
15,2,582,DOPTHERST,Dopaminergic therapy started,2,recurrent fall,No,3,5.4
15,2,582,DOPTHERST,Dopaminergic therapy started,2,recurrent fall,Yes,39,69.6
15,2,582,FEATPOSHYP,Postural hypotension clinical feature,0,no fall,No,244,61.3
15,2,582,FEATPOSHYP,Postural hypotension clinical feature,0,no fall,Uncertain,13,3.3
15,2,582,FEATPOSHYP,Postural hypotension clinical feature,0,no fall,Yes,141,35.4
15,2,582,FEATPOSHYP,Postural hypotension clinical feature,1,rare fall,No,74,57.8
15,2,582,FEATPOSHYP,Postural hypotension clinical feature,1,rare fall,Uncertain,5,3.9
15,2,582,FEATPOSHYP,Postural hypotension clinical feature,1,rare fall,Yes,49,38.3
15,2,582,FEATPOSHYP,Postural hypotension clinical feature,2,recurrent fall,No,25,44.6
15,2,582,FEATPOSHYP,Postural hypotension clinical feature,2,recurrent fall,Uncertain,1,1.8
15,2,582,FEATPOSHYP,Postural hypotension clinical feature,2,recurrent fall,Yes,30,53.6
15,2,582,ANYFAMPD,Family history of Parkinson's disease,0,no fall,<Missing>,15,3.8
15,2,582,ANYFAMPD,Family history of Parkinson's disease,0,no fall,No,235,59.0
15,2,582,ANYFAMPD,Family history of Parkinson's disease,0,no fall,Yes,148,37.2
15,2,582,ANYFAMPD,Family history of Parkinson's disease,1,rare fall,<Missing>,11,8.6
15,2,582,ANYFAMPD,Family history of Parkinson's disease,1,rare fall,No,74,57.8
15,2,582,ANYFAMPD,Family history of Parkinson's disease,1,rare fall,Yes,43,33.6
15,2,582,ANYFAMPD,Family history of Parkinson's disease,2,recurrent fall,<Missing>,4,7.1
15,2,582,ANYFAMPD,Family history of Parkinson's disease,2,recurrent fall,No,25,44.6
15,2,582,ANYFAMPD,Family history of Parkinson's disease,2,recurrent fall,Yes,27,48.2
15,2,582,DXTREMOR,Resting tremor at diagnosis,0,no fall,No,81,20.4
15,2,582,DXTREMOR,Resting tremor at diagnosis,0,no fall,Unknown,8,2.0
15,2,582,DXTREMOR,Resting tremor at diagnosis,0,no fall,Yes,309,77.6
15,2,582,DXTREMOR,Resting tremor at diagnosis,1,rare fall,No,28,21.9
15,2,582,DXTREMOR,Resting tremor at diagnosis,1,rare fall,Unknown,2,1.6
15,2,582,DXTREMOR,Resting tremor at diagnosis,1,rare fall,Yes,98,76.6
15,2,582,DXTREMOR,Resting tremor at diagnosis,2,recurrent fall,No,15,26.8
15,2,582,DXTREMOR,Resting tremor at diagnosis,2,recurrent fall,Unknown,1,1.8
15,2,582,DXTREMOR,Resting tremor at diagnosis,2,recurrent fall,Yes,40,71.4
15,2,582,DXBRADY,Bradykinesia at diagnosis,0,no fall,No,51,12.8
15,2,582,DXBRADY,Bradykinesia at diagnosis,0,no fall,Unknown,22,5.5
15,2,582,DXBRADY,Bradykinesia at diagnosis,0,no fall,Yes,325,81.7
15,2,582,DXBRADY,Bradykinesia at diagnosis,1,rare fall,No,25,19.5
15,2,582,DXBRADY,Bradykinesia at diagnosis,1,rare fall,Unknown,3,2.3
15,2,582,DXBRADY,Bradykinesia at diagnosis,1,rare fall,Yes,100,78.1
15,2,582,DXBRADY,Bradykinesia at diagnosis,2,recurrent fall,No,12,21.4
15,2,582,DXBRADY,Bradykinesia at diagnosis,2,recurrent fall,Unknown,2,3.6
15,2,582,DXBRADY,Bradykinesia at diagnosis,2,recurrent fall,Yes,42,75.0
15,2,582,DOMSIDE,Predominantly affected side at onset,0,no fall,Left,176,44.2
15,2,582,DOMSIDE,Predominantly affected side at onset,0,no fall,Right,212,53.3
15,2,582,DOMSIDE,Predominantly affected side at onset,0,no fall,Symmetric,5,1.3
15,2,582,DOMSIDE,Predominantly affected side at onset,0,no fall,Unknown,5,1.3
15,2,582,DOMSIDE,Predominantly affected side at onset,1,rare fall,Left,59,46.1
15,2,582,DOMSIDE,Predominantly affected side at onset,1,rare fall,Right,68,53.1
15,2,582,DOMSIDE,Predominantly affected side at onset,1,rare fall,Symmetric,1,0.8
15,2,582,DOMSIDE,Predominantly affected side at onset,2,recurrent fall,Left,25,44.6
15,2,582,DOMSIDE,Predominantly affected side at onset,2,recurrent fall,Right,26,46.4
15,2,582,DOMSIDE,Predominantly affected side at onset,2,recurrent fall,Symmetric,3,5.4
15,2,582,DOMSIDE,Predominantly affected side at onset,2,recurrent fall,Unknown,2,3.6
15,3,583,DXPOSINS,Postural instability at diagnosis,0,no fall,<Missing>,1,0.3
15,3,583,DXPOSINS,Postural instability at diagnosis,0,no fall,No,339,85.0
15,3,583,DXPOSINS,Postural instability at diagnosis,0,no fall,Unknown,28,7.0
15,3,583,DXPOSINS,Postural instability at diagnosis,0,no fall,Yes,31,7.8
15,3,583,DXPOSINS,Postural instability at diagnosis,1,rare fall,No,114,89.8
15,3,583,DXPOSINS,Postural instability at diagnosis,1,rare fall,Unknown,3,2.4
15,3,583,DXPOSINS,Postural instability at diagnosis,1,rare fall,Yes,10,7.9
15,3,583,DXPOSINS,Postural instability at diagnosis,2,recurrent fall,No,48,84.2
15,3,583,DXPOSINS,Postural instability at diagnosis,2,recurrent fall,Unknown,1,1.8
15,3,583,DXPOSINS,Postural instability at diagnosis,2,recurrent fall,Yes,8,14.0
15,3,583,DXRIGID,Rigidity at diagnosis,0,no fall,No,82,20.6
15,3,583,DXRIGID,Rigidity at diagnosis,0,no fall,Unknown,33,8.3
15,3,583,DXRIGID,Rigidity at diagnosis,0,no fall,Yes,284,71.2
15,3,583,DXRIGID,Rigidity at diagnosis,1,rare fall,No,27,21.3
15,3,583,DXRIGID,Rigidity at diagnosis,1,rare fall,Unknown,4,3.1
15,3,583,DXRIGID,Rigidity at diagnosis,1,rare fall,Yes,96,75.6
15,3,583,DXRIGID,Rigidity at diagnosis,2,recurrent fall,No,13,22.8
15,3,583,DXRIGID,Rigidity at diagnosis,2,recurrent fall,Unknown,1,1.8
15,3,583,DXRIGID,Rigidity at diagnosis,2,recurrent fall,Yes,43,75.4
15,3,583,DOPTHERST,Dopaminergic therapy started,0,no fall,<Missing>,74,18.5
15,3,583,DOPTHERST,Dopaminergic therapy started,0,no fall,No,68,17.0
15,3,583,DOPTHERST,Dopaminergic therapy started,0,no fall,Yes,257,64.4
15,3,583,DOPTHERST,Dopaminergic therapy started,1,rare fall,<Missing>,27,21.3
15,3,583,DOPTHERST,Dopaminergic therapy started,1,rare fall,No,14,11.0
15,3,583,DOPTHERST,Dopaminergic therapy started,1,rare fall,Yes,86,67.7
15,3,583,DOPTHERST,Dopaminergic therapy started,2,recurrent fall,<Missing>,17,29.8
15,3,583,DOPTHERST,Dopaminergic therapy started,2,recurrent fall,No,4,7.0
15,3,583,DOPTHERST,Dopaminergic therapy started,2,recurrent fall,Yes,36,63.2
15,3,583,FEATPOSHYP,Postural hypotension clinical feature,0,no fall,No,251,62.9
15,3,583,FEATPOSHYP,Postural hypotension clinical feature,0,no fall,Uncertain,13,3.3
15,3,583,FEATPOSHYP,Postural hypotension clinical feature,0,no fall,Yes,135,33.8
15,3,583,FEATPOSHYP,Postural hypotension clinical feature,1,rare fall,No,83,65.4
15,3,583,FEATPOSHYP,Postural hypotension clinical feature,1,rare fall,Uncertain,3,2.4
15,3,583,FEATPOSHYP,Postural hypotension clinical feature,1,rare fall,Yes,41,32.3
15,3,583,FEATPOSHYP,Postural hypotension clinical feature,2,recurrent fall,No,27,47.4
15,3,583,FEATPOSHYP,Postural hypotension clinical feature,2,recurrent fall,Uncertain,1,1.8
15,3,583,FEATPOSHYP,Postural hypotension clinical feature,2,recurrent fall,Yes,29,50.9
15,3,583,ANYFAMPD,Family history of Parkinson's disease,0,no fall,<Missing>,17,4.3
15,3,583,ANYFAMPD,Family history of Parkinson's disease,0,no fall,No,229,57.4
15,3,583,ANYFAMPD,Family history of Parkinson's disease,0,no fall,Yes,153,38.3
15,3,583,ANYFAMPD,Family history of Parkinson's disease,1,rare fall,<Missing>,8,6.3
15,3,583,ANYFAMPD,Family history of Parkinson's disease,1,rare fall,No,70,55.1
15,3,583,ANYFAMPD,Family history of Parkinson's disease,1,rare fall,Yes,49,38.6
15,3,583,ANYFAMPD,Family history of Parkinson's disease,2,recurrent fall,<Missing>,7,12.3
15,3,583,ANYFAMPD,Family history of Parkinson's disease,2,recurrent fall,No,25,43.9
15,3,583,ANYFAMPD,Family history of Parkinson's disease,2,recurrent fall,Yes,25,43.9
15,3,583,DXTREMOR,Resting tremor at diagnosis,0,no fall,No,86,21.6
15,3,583,DXTREMOR,Resting tremor at diagnosis,0,no fall,Unknown,8,2.0
15,3,583,DXTREMOR,Resting tremor at diagnosis,0,no fall,Yes,305,76.4
15,3,583,DXTREMOR,Resting tremor at diagnosis,1,rare fall,No,25,19.7
15,3,583,DXTREMOR,Resting tremor at diagnosis,1,rare fall,Unknown,2,1.6
15,3,583,DXTREMOR,Resting tremor at diagnosis,1,rare fall,Yes,100,78.7
15,3,583,DXTREMOR,Resting tremor at diagnosis,2,recurrent fall,No,17,29.8
15,3,583,DXTREMOR,Resting tremor at diagnosis,2,recurrent fall,Yes,40,70.2
15,3,583,DXBRADY,Bradykinesia at diagnosis,0,no fall,No,47,11.8
15,3,583,DXBRADY,Bradykinesia at diagnosis,0,no fall,Unknown,25,6.3
15,3,583,DXBRADY,Bradykinesia at diagnosis,0,no fall,Yes,327,82.0
15,3,583,DXBRADY,Bradykinesia at diagnosis,1,rare fall,No,20,15.7
15,3,583,DXBRADY,Bradykinesia at diagnosis,1,rare fall,Unknown,3,2.4
15,3,583,DXBRADY,Bradykinesia at diagnosis,1,rare fall,Yes,104,81.9
15,3,583,DXBRADY,Bradykinesia at diagnosis,2,recurrent fall,No,9,15.8
15,3,583,DXBRADY,Bradykinesia at diagnosis,2,recurrent fall,Unknown,1,1.8
15,3,583,DXBRADY,Bradykinesia at diagnosis,2,recurrent fall,Yes,47,82.5
15,3,583,DOMSIDE,Predominantly affected side at onset,0,no fall,Left,188,47.1
15,3,583,DOMSIDE,Predominantly affected side at onset,0,no fall,Right,199,49.9
15,3,583,DOMSIDE,Predominantly affected side at onset,0,no fall,Symmetric,6,1.5
15,3,583,DOMSIDE,Predominantly affected side at onset,0,no fall,Unknown,6,1.5
15,3,583,DOMSIDE,Predominantly affected side at onset,1,rare fall,Left,54,42.5
15,3,583,DOMSIDE,Predominantly affected side at onset,1,rare fall,Right,70,55.1
15,3,583,DOMSIDE,Predominantly affected side at onset,1,rare fall,Symmetric,2,1.6
15,3,583,DOMSIDE,Predominantly affected side at onset,1,rare fall,Unknown,1,0.8
15,3,583,DOMSIDE,Predominantly affected side at onset,2,recurrent fall,Left,27,47.4
15,3,583,DOMSIDE,Predominantly affected side at onset,2,recurrent fall,Right,26,45.6
15,3,583,DOMSIDE,Predominantly affected side at onset,2,recurrent fall,Symmetric,2,3.5
15,3,583,DOMSIDE,Predominantly affected side at onset,2,recurrent fall,Unknown,2,3.5
15,4,583,DXPOSINS,Postural instability at diagnosis,0,no fall,No,334,83.7
15,4,583,DXPOSINS,Postural instability at diagnosis,0,no fall,Unknown,32,8.0
15,4,583,DXPOSINS,Postural instability at diagnosis,0,no fall,Yes,33,8.3
15,4,583,DXPOSINS,Postural instability at diagnosis,1,rare fall,No,112,88.2
15,4,583,DXPOSINS,Postural instability at diagnosis,1,rare fall,Unknown,5,3.9
15,4,583,DXPOSINS,Postural instability at diagnosis,1,rare fall,Yes,10,7.9
15,4,583,DXPOSINS,Postural instability at diagnosis,2,recurrent fall,No,49,86.0
15,4,583,DXPOSINS,Postural instability at diagnosis,2,recurrent fall,Unknown,2,3.5
15,4,583,DXPOSINS,Postural instability at diagnosis,2,recurrent fall,Yes,6,10.5
15,4,583,DXRIGID,Rigidity at diagnosis,0,no fall,No,82,20.6
15,4,583,DXRIGID,Rigidity at diagnosis,0,no fall,Unknown,37,9.3
15,4,583,DXRIGID,Rigidity at diagnosis,0,no fall,Yes,280,70.2
15,4,583,DXRIGID,Rigidity at diagnosis,1,rare fall,No,32,25.2
15,4,583,DXRIGID,Rigidity at diagnosis,1,rare fall,Unknown,5,3.9
15,4,583,DXRIGID,Rigidity at diagnosis,1,rare fall,Yes,90,70.9
15,4,583,DXRIGID,Rigidity at diagnosis,2,recurrent fall,No,19,33.3
15,4,583,DXRIGID,Rigidity at diagnosis,2,recurrent fall,Unknown,2,3.5
15,4,583,DXRIGID,Rigidity at diagnosis,2,recurrent fall,Yes,36,63.2
15,4,583,DOPTHERST,Dopaminergic therapy started,0,no fall,<Missing>,63,15.8
15,4,583,DOPTHERST,Dopaminergic therapy started,0,no fall,No,73,18.3
15,4,583,DOPTHERST,Dopaminergic therapy started,0,no fall,Yes,263,65.9
15,4,583,DOPTHERST,Dopaminergic therapy started,1,rare fall,<Missing>,34,26.8
15,4,583,DOPTHERST,Dopaminergic therapy started,1,rare fall,No,11,8.7
15,4,583,DOPTHERST,Dopaminergic therapy started,1,rare fall,Yes,82,64.6
15,4,583,DOPTHERST,Dopaminergic therapy started,2,recurrent fall,<Missing>,14,24.6
15,4,583,DOPTHERST,Dopaminergic therapy started,2,recurrent fall,No,3,5.3
15,4,583,DOPTHERST,Dopaminergic therapy started,2,recurrent fall,Yes,40,70.2
15,4,583,FEATPOSHYP,Postural hypotension clinical feature,0,no fall,No,254,63.7
15,4,583,FEATPOSHYP,Postural hypotension clinical feature,0,no fall,Uncertain,11,2.8
15,4,583,FEATPOSHYP,Postural hypotension clinical feature,0,no fall,Yes,134,33.6
15,4,583,FEATPOSHYP,Postural hypotension clinical feature,1,rare fall,No,80,63.0
15,4,583,FEATPOSHYP,Postural hypotension clinical feature,1,rare fall,Uncertain,4,3.1
15,4,583,FEATPOSHYP,Postural hypotension clinical feature,1,rare fall,Yes,43,33.9
15,4,583,FEATPOSHYP,Postural hypotension clinical feature,2,recurrent fall,No,27,47.4
15,4,583,FEATPOSHYP,Postural hypotension clinical feature,2,recurrent fall,Uncertain,1,1.8
15,4,583,FEATPOSHYP,Postural hypotension clinical feature,2,recurrent fall,Yes,29,50.9
15,4,583,ANYFAMPD,Family history of Parkinson's disease,0,no fall,<Missing>,12,3.0
15,4,583,ANYFAMPD,Family history of Parkinson's disease,0,no fall,No,231,57.9
15,4,583,ANYFAMPD,Family history of Parkinson's disease,0,no fall,Yes,156,39.1
15,4,583,ANYFAMPD,Family history of Parkinson's disease,1,rare fall,<Missing>,12,9.4
15,4,583,ANYFAMPD,Family history of Parkinson's disease,1,rare fall,No,69,54.3
15,4,583,ANYFAMPD,Family history of Parkinson's disease,1,rare fall,Yes,46,36.2
15,4,583,ANYFAMPD,Family history of Parkinson's disease,2,recurrent fall,<Missing>,6,10.5
15,4,583,ANYFAMPD,Family history of Parkinson's disease,2,recurrent fall,No,25,43.9
15,4,583,ANYFAMPD,Family history of Parkinson's disease,2,recurrent fall,Yes,26,45.6
15,4,583,DXTREMOR,Resting tremor at diagnosis,0,no fall,No,82,20.6
15,4,583,DXTREMOR,Resting tremor at diagnosis,0,no fall,Unknown,7,1.8
15,4,583,DXTREMOR,Resting tremor at diagnosis,0,no fall,Yes,310,77.7
15,4,583,DXTREMOR,Resting tremor at diagnosis,1,rare fall,No,24,18.9
15,4,583,DXTREMOR,Resting tremor at diagnosis,1,rare fall,Unknown,2,1.6
15,4,583,DXTREMOR,Resting tremor at diagnosis,1,rare fall,Yes,101,79.5
15,4,583,DXTREMOR,Resting tremor at diagnosis,2,recurrent fall,No,15,26.3
15,4,583,DXTREMOR,Resting tremor at diagnosis,2,recurrent fall,Unknown,1,1.8
15,4,583,DXTREMOR,Resting tremor at diagnosis,2,recurrent fall,Yes,41,71.9
15,4,583,DXBRADY,Bradykinesia at diagnosis,0,no fall,No,45,11.3
15,4,583,DXBRADY,Bradykinesia at diagnosis,0,no fall,Unknown,28,7.0
15,4,583,DXBRADY,Bradykinesia at diagnosis,0,no fall,Yes,326,81.7
15,4,583,DXBRADY,Bradykinesia at diagnosis,1,rare fall,No,26,20.5
15,4,583,DXBRADY,Bradykinesia at diagnosis,1,rare fall,Unknown,2,1.6
15,4,583,DXBRADY,Bradykinesia at diagnosis,1,rare fall,Yes,99,78.0
15,4,583,DXBRADY,Bradykinesia at diagnosis,2,recurrent fall,No,15,26.3
15,4,583,DXBRADY,Bradykinesia at diagnosis,2,recurrent fall,Unknown,2,3.5
15,4,583,DXBRADY,Bradykinesia at diagnosis,2,recurrent fall,Yes,40,70.2
15,4,583,DOMSIDE,Predominantly affected side at onset,0,no fall,Left,187,46.9
15,4,583,DOMSIDE,Predominantly affected side at onset,0,no fall,Right,201,50.4
15,4,583,DOMSIDE,Predominantly affected side at onset,0,no fall,Symmetric,5,1.3
15,4,583,DOMSIDE,Predominantly affected side at onset,0,no fall,Unknown,6,1.5
15,4,583,DOMSIDE,Predominantly affected side at onset,1,rare fall,Left,58,45.7
15,4,583,DOMSIDE,Predominantly affected side at onset,1,rare fall,Right,67,52.8
15,4,583,DOMSIDE,Predominantly affected side at onset,1,rare fall,Symmetric,1,0.8
15,4,583,DOMSIDE,Predominantly affected side at onset,1,rare fall,Unknown,1,0.8
15,4,583,DOMSIDE,Predominantly affected side at onset,2,recurrent fall,Left,27,47.4
15,4,583,DOMSIDE,Predominantly affected side at onset,2,recurrent fall,Right,25,43.9
15,4,583,DOMSIDE,Predominantly affected side at onset,2,recurrent fall,Symmetric,3,5.3
15,4,583,DOMSIDE,Predominantly affected side at onset,2,recurrent fall,Unknown,2,3.5
16,0,582,DXPOSINS,Postural instability at diagnosis,0,no fall,No,338,84.9
16,0,582,DXPOSINS,Postural instability at diagnosis,0,no fall,Unknown,26,6.5
16,0,582,DXPOSINS,Postural instability at diagnosis,0,no fall,Yes,34,8.5
16,0,582,DXPOSINS,Postural instability at diagnosis,1,rare fall,No,108,85.0
16,0,582,DXPOSINS,Postural instability at diagnosis,1,rare fall,Unknown,5,3.9
16,0,582,DXPOSINS,Postural instability at diagnosis,1,rare fall,Yes,14,11.0
16,0,582,DXPOSINS,Postural instability at diagnosis,2,recurrent fall,No,50,87.7
16,0,582,DXPOSINS,Postural instability at diagnosis,2,recurrent fall,Unknown,2,3.5
16,0,582,DXPOSINS,Postural instability at diagnosis,2,recurrent fall,Yes,5,8.8
16,0,582,DXRIGID,Rigidity at diagnosis,0,no fall,No,86,21.6
16,0,582,DXRIGID,Rigidity at diagnosis,0,no fall,Unknown,32,8.0
16,0,582,DXRIGID,Rigidity at diagnosis,0,no fall,Yes,280,70.4
16,0,582,DXRIGID,Rigidity at diagnosis,1,rare fall,No,24,18.9
16,0,582,DXRIGID,Rigidity at diagnosis,1,rare fall,Unknown,6,4.7
16,0,582,DXRIGID,Rigidity at diagnosis,1,rare fall,Yes,97,76.4
16,0,582,DXRIGID,Rigidity at diagnosis,2,recurrent fall,No,12,21.1
16,0,582,DXRIGID,Rigidity at diagnosis,2,recurrent fall,Unknown,3,5.3
16,0,582,DXRIGID,Rigidity at diagnosis,2,recurrent fall,Yes,42,73.7
16,0,582,DOPTHERST,Dopaminergic therapy started,0,no fall,<Missing>,67,16.8
16,0,582,DOPTHERST,Dopaminergic therapy started,0,no fall,No,82,20.6
16,0,582,DOPTHERST,Dopaminergic therapy started,0,no fall,Yes,249,62.6
16,0,582,DOPTHERST,Dopaminergic therapy started,1,rare fall,<Missing>,28,22.0
16,0,582,DOPTHERST,Dopaminergic therapy started,1,rare fall,No,12,9.4
16,0,582,DOPTHERST,Dopaminergic therapy started,1,rare fall,Yes,87,68.5
16,0,582,DOPTHERST,Dopaminergic therapy started,2,recurrent fall,<Missing>,17,29.8
16,0,582,DOPTHERST,Dopaminergic therapy started,2,recurrent fall,No,5,8.8
16,0,582,DOPTHERST,Dopaminergic therapy started,2,recurrent fall,Yes,35,61.4
16,0,582,FEATPOSHYP,Postural hypotension clinical feature,0,no fall,No,261,65.6
16,0,582,FEATPOSHYP,Postural hypotension clinical feature,0,no fall,Uncertain,9,2.3
16,0,582,FEATPOSHYP,Postural hypotension clinical feature,0,no fall,Yes,128,32.2
16,0,582,FEATPOSHYP,Postural hypotension clinical feature,1,rare fall,No,73,57.5
16,0,582,FEATPOSHYP,Postural hypotension clinical feature,1,rare fall,Uncertain,4,3.1
16,0,582,FEATPOSHYP,Postural hypotension clinical feature,1,rare fall,Yes,50,39.4
16,0,582,FEATPOSHYP,Postural hypotension clinical feature,2,recurrent fall,No,25,43.9
16,0,582,FEATPOSHYP,Postural hypotension clinical feature,2,recurrent fall,Yes,32,56.1
16,0,582,ANYFAMPD,Family history of Parkinson's disease,0,no fall,<Missing>,18,4.5
16,0,582,ANYFAMPD,Family history of Parkinson's disease,0,no fall,No,233,58.5
16,0,582,ANYFAMPD,Family history of Parkinson's disease,0,no fall,Yes,147,36.9
16,0,582,ANYFAMPD,Family history of Parkinson's disease,1,rare fall,<Missing>,9,7.1
16,0,582,ANYFAMPD,Family history of Parkinson's disease,1,rare fall,No,76,59.8
16,0,582,ANYFAMPD,Family history of Parkinson's disease,1,rare fall,Yes,42,33.1
16,0,582,ANYFAMPD,Family history of Parkinson's disease,2,recurrent fall,<Missing>,7,12.3
16,0,582,ANYFAMPD,Family history of Parkinson's disease,2,recurrent fall,No,23,40.4
16,0,582,ANYFAMPD,Family history of Parkinson's disease,2,recurrent fall,Yes,27,47.4
16,0,582,DXTREMOR,Resting tremor at diagnosis,0,no fall,No,74,18.6
16,0,582,DXTREMOR,Resting tremor at diagnosis,0,no fall,Unknown,8,2.0
16,0,582,DXTREMOR,Resting tremor at diagnosis,0,no fall,Yes,316,79.4
16,0,582,DXTREMOR,Resting tremor at diagnosis,1,rare fall,No,29,22.8
16,0,582,DXTREMOR,Resting tremor at diagnosis,1,rare fall,Unknown,2,1.6
16,0,582,DXTREMOR,Resting tremor at diagnosis,1,rare fall,Yes,96,75.6
16,0,582,DXTREMOR,Resting tremor at diagnosis,2,recurrent fall,No,11,19.3
16,0,582,DXTREMOR,Resting tremor at diagnosis,2,recurrent fall,Unknown,1,1.8
16,0,582,DXTREMOR,Resting tremor at diagnosis,2,recurrent fall,Yes,45,78.9
16,0,582,DXBRADY,Bradykinesia at diagnosis,0,no fall,No,55,13.8
16,0,582,DXBRADY,Bradykinesia at diagnosis,0,no fall,Unknown,23,5.8
16,0,582,DXBRADY,Bradykinesia at diagnosis,0,no fall,Yes,320,80.4
16,0,582,DXBRADY,Bradykinesia at diagnosis,1,rare fall,No,19,15.0
16,0,582,DXBRADY,Bradykinesia at diagnosis,1,rare fall,Unknown,4,3.1
16,0,582,DXBRADY,Bradykinesia at diagnosis,1,rare fall,Yes,104,81.9
16,0,582,DXBRADY,Bradykinesia at diagnosis,2,recurrent fall,No,12,21.1
16,0,582,DXBRADY,Bradykinesia at diagnosis,2,recurrent fall,Unknown,3,5.3
16,0,582,DXBRADY,Bradykinesia at diagnosis,2,recurrent fall,Yes,42,73.7
16,0,582,DOMSIDE,Predominantly affected side at onset,0,no fall,Left,173,43.5
16,0,582,DOMSIDE,Predominantly affected side at onset,0,no fall,Right,217,54.5
16,0,582,DOMSIDE,Predominantly affected side at onset,0,no fall,Symmetric,6,1.5
16,0,582,DOMSIDE,Predominantly affected side at onset,0,no fall,Unknown,2,0.5
16,0,582,DOMSIDE,Predominantly affected side at onset,1,rare fall,Left,58,45.7
16,0,582,DOMSIDE,Predominantly affected side at onset,1,rare fall,Right,67,52.8
16,0,582,DOMSIDE,Predominantly affected side at onset,1,rare fall,Symmetric,2,1.6
16,0,582,DOMSIDE,Predominantly affected side at onset,2,recurrent fall,Left,34,59.6
16,0,582,DOMSIDE,Predominantly affected side at onset,2,recurrent fall,Right,22,38.6
16,0,582,DOMSIDE,Predominantly affected side at onset,2,recurrent fall,Symmetric,1,1.8
16,1,582,DXPOSINS,Postural instability at diagnosis,0,no fall,No,339,85.2
16,1,582,DXPOSINS,Postural instability at diagnosis,0,no fall,Unknown,25,6.3
16,1,582,DXPOSINS,Postural instability at diagnosis,0,no fall,Yes,34,8.5
16,1,582,DXPOSINS,Postural instability at diagnosis,1,rare fall,No,107,84.3
16,1,582,DXPOSINS,Postural instability at diagnosis,1,rare fall,Unknown,7,5.5
16,1,582,DXPOSINS,Postural instability at diagnosis,1,rare fall,Yes,13,10.2
16,1,582,DXPOSINS,Postural instability at diagnosis,2,recurrent fall,No,52,91.2
16,1,582,DXPOSINS,Postural instability at diagnosis,2,recurrent fall,Unknown,1,1.8
16,1,582,DXPOSINS,Postural instability at diagnosis,2,recurrent fall,Yes,4,7.0
16,1,582,DXRIGID,Rigidity at diagnosis,0,no fall,No,77,19.3
16,1,582,DXRIGID,Rigidity at diagnosis,0,no fall,Unknown,34,8.5
16,1,582,DXRIGID,Rigidity at diagnosis,0,no fall,Yes,287,72.1
16,1,582,DXRIGID,Rigidity at diagnosis,1,rare fall,No,26,20.5
16,1,582,DXRIGID,Rigidity at diagnosis,1,rare fall,Unknown,7,5.5
16,1,582,DXRIGID,Rigidity at diagnosis,1,rare fall,Yes,94,74.0
16,1,582,DXRIGID,Rigidity at diagnosis,2,recurrent fall,No,13,22.8
16,1,582,DXRIGID,Rigidity at diagnosis,2,recurrent fall,Unknown,2,3.5
16,1,582,DXRIGID,Rigidity at diagnosis,2,recurrent fall,Yes,42,73.7
16,1,582,DOPTHERST,Dopaminergic therapy started,0,no fall,<Missing>,69,17.3
16,1,582,DOPTHERST,Dopaminergic therapy started,0,no fall,No,73,18.3
16,1,582,DOPTHERST,Dopaminergic therapy started,0,no fall,Yes,256,64.3
16,1,582,DOPTHERST,Dopaminergic therapy started,1,rare fall,<Missing>,31,24.4
16,1,582,DOPTHERST,Dopaminergic therapy started,1,rare fall,No,15,11.8
16,1,582,DOPTHERST,Dopaminergic therapy started,1,rare fall,Yes,81,63.8
16,1,582,DOPTHERST,Dopaminergic therapy started,2,recurrent fall,<Missing>,17,29.8
16,1,582,DOPTHERST,Dopaminergic therapy started,2,recurrent fall,No,4,7.0
16,1,582,DOPTHERST,Dopaminergic therapy started,2,recurrent fall,Yes,36,63.2
16,1,582,FEATPOSHYP,Postural hypotension clinical feature,0,no fall,No,259,65.1
16,1,582,FEATPOSHYP,Postural hypotension clinical feature,0,no fall,Uncertain,9,2.3
16,1,582,FEATPOSHYP,Postural hypotension clinical feature,0,no fall,Yes,130,32.7
16,1,582,FEATPOSHYP,Postural hypotension clinical feature,1,rare fall,No,76,59.8
16,1,582,FEATPOSHYP,Postural hypotension clinical feature,1,rare fall,Uncertain,5,3.9
16,1,582,FEATPOSHYP,Postural hypotension clinical feature,1,rare fall,Yes,46,36.2
16,1,582,FEATPOSHYP,Postural hypotension clinical feature,2,recurrent fall,No,28,49.1
16,1,582,FEATPOSHYP,Postural hypotension clinical feature,2,recurrent fall,Uncertain,1,1.8
16,1,582,FEATPOSHYP,Postural hypotension clinical feature,2,recurrent fall,Yes,28,49.1
16,1,582,ANYFAMPD,Family history of Parkinson's disease,0,no fall,<Missing>,16,4.0
16,1,582,ANYFAMPD,Family history of Parkinson's disease,0,no fall,No,229,57.5
16,1,582,ANYFAMPD,Family history of Parkinson's disease,0,no fall,Yes,153,38.4
16,1,582,ANYFAMPD,Family history of Parkinson's disease,1,rare fall,<Missing>,7,5.5
16,1,582,ANYFAMPD,Family history of Parkinson's disease,1,rare fall,No,72,56.7
16,1,582,ANYFAMPD,Family history of Parkinson's disease,1,rare fall,Yes,48,37.8
16,1,582,ANYFAMPD,Family history of Parkinson's disease,2,recurrent fall,<Missing>,9,15.8
16,1,582,ANYFAMPD,Family history of Parkinson's disease,2,recurrent fall,No,24,42.1
16,1,582,ANYFAMPD,Family history of Parkinson's disease,2,recurrent fall,Yes,24,42.1
16,1,582,DXTREMOR,Resting tremor at diagnosis,0,no fall,No,78,19.6
16,1,582,DXTREMOR,Resting tremor at diagnosis,0,no fall,Unknown,8,2.0
16,1,582,DXTREMOR,Resting tremor at diagnosis,0,no fall,Yes,312,78.4
16,1,582,DXTREMOR,Resting tremor at diagnosis,1,rare fall,No,23,18.1
16,1,582,DXTREMOR,Resting tremor at diagnosis,1,rare fall,Unknown,2,1.6
16,1,582,DXTREMOR,Resting tremor at diagnosis,1,rare fall,Yes,102,80.3
16,1,582,DXTREMOR,Resting tremor at diagnosis,2,recurrent fall,No,12,21.1
16,1,582,DXTREMOR,Resting tremor at diagnosis,2,recurrent fall,Yes,45,78.9
16,1,582,DXBRADY,Bradykinesia at diagnosis,0,no fall,No,50,12.6
16,1,582,DXBRADY,Bradykinesia at diagnosis,0,no fall,Unknown,27,6.8
16,1,582,DXBRADY,Bradykinesia at diagnosis,0,no fall,Yes,321,80.7
16,1,582,DXBRADY,Bradykinesia at diagnosis,1,rare fall,No,19,15.0
16,1,582,DXBRADY,Bradykinesia at diagnosis,1,rare fall,Unknown,4,3.1
16,1,582,DXBRADY,Bradykinesia at diagnosis,1,rare fall,Yes,104,81.9
16,1,582,DXBRADY,Bradykinesia at diagnosis,2,recurrent fall,No,11,19.3
16,1,582,DXBRADY,Bradykinesia at diagnosis,2,recurrent fall,Unknown,2,3.5
16,1,582,DXBRADY,Bradykinesia at diagnosis,2,recurrent fall,Yes,44,77.2
16,1,582,DOMSIDE,Predominantly affected side at onset,0,no fall,Left,184,46.2
16,1,582,DOMSIDE,Predominantly affected side at onset,0,no fall,Right,206,51.8
16,1,582,DOMSIDE,Predominantly affected side at onset,0,no fall,Symmetric,7,1.8
16,1,582,DOMSIDE,Predominantly affected side at onset,0,no fall,Unknown,1,0.3
16,1,582,DOMSIDE,Predominantly affected side at onset,1,rare fall,Left,55,43.3
16,1,582,DOMSIDE,Predominantly affected side at onset,1,rare fall,Right,68,53.5
16,1,582,DOMSIDE,Predominantly affected side at onset,1,rare fall,Symmetric,3,2.4
16,1,582,DOMSIDE,Predominantly affected side at onset,1,rare fall,Unknown,1,0.8
16,1,582,DOMSIDE,Predominantly affected side at onset,2,recurrent fall,Left,29,50.9
16,1,582,DOMSIDE,Predominantly affected side at onset,2,recurrent fall,Right,26,45.6
16,1,582,DOMSIDE,Predominantly affected side at onset,2,recurrent fall,Symmetric,1,1.8
16,1,582,DOMSIDE,Predominantly affected side at onset,2,recurrent fall,Unknown,1,1.8
16,2,582,DXPOSINS,Postural instability at diagnosis,0,no fall,No,344,86.4
16,2,582,DXPOSINS,Postural instability at diagnosis,0,no fall,Unknown,25,6.3
16,2,582,DXPOSINS,Postural instability at diagnosis,0,no fall,Yes,29,7.3
16,2,582,DXPOSINS,Postural instability at diagnosis,1,rare fall,No,109,85.2
16,2,582,DXPOSINS,Postural instability at diagnosis,1,rare fall,Unknown,7,5.5
16,2,582,DXPOSINS,Postural instability at diagnosis,1,rare fall,Yes,12,9.4
16,2,582,DXPOSINS,Postural instability at diagnosis,2,recurrent fall,No,51,91.1
16,2,582,DXPOSINS,Postural instability at diagnosis,2,recurrent fall,Unknown,1,1.8
16,2,582,DXPOSINS,Postural instability at diagnosis,2,recurrent fall,Yes,4,7.1
16,2,582,DXRIGID,Rigidity at diagnosis,0,no fall,No,84,21.1
16,2,582,DXRIGID,Rigidity at diagnosis,0,no fall,Unknown,36,9.0
16,2,582,DXRIGID,Rigidity at diagnosis,0,no fall,Yes,278,69.8
16,2,582,DXRIGID,Rigidity at diagnosis,1,rare fall,No,29,22.7
16,2,582,DXRIGID,Rigidity at diagnosis,1,rare fall,Unknown,7,5.5
16,2,582,DXRIGID,Rigidity at diagnosis,1,rare fall,Yes,92,71.9
16,2,582,DXRIGID,Rigidity at diagnosis,2,recurrent fall,No,9,16.1
16,2,582,DXRIGID,Rigidity at diagnosis,2,recurrent fall,Unknown,3,5.4
16,2,582,DXRIGID,Rigidity at diagnosis,2,recurrent fall,Yes,44,78.6
16,2,582,DOPTHERST,Dopaminergic therapy started,0,no fall,<Missing>,68,17.1
16,2,582,DOPTHERST,Dopaminergic therapy started,0,no fall,No,74,18.6
16,2,582,DOPTHERST,Dopaminergic therapy started,0,no fall,Yes,256,64.3
16,2,582,DOPTHERST,Dopaminergic therapy started,1,rare fall,<Missing>,31,24.2
16,2,582,DOPTHERST,Dopaminergic therapy started,1,rare fall,No,10,7.8
16,2,582,DOPTHERST,Dopaminergic therapy started,1,rare fall,Yes,87,68.0
16,2,582,DOPTHERST,Dopaminergic therapy started,2,recurrent fall,<Missing>,16,28.6
16,2,582,DOPTHERST,Dopaminergic therapy started,2,recurrent fall,No,5,8.9
16,2,582,DOPTHERST,Dopaminergic therapy started,2,recurrent fall,Yes,35,62.5
16,2,582,FEATPOSHYP,Postural hypotension clinical feature,0,no fall,No,269,67.6
16,2,582,FEATPOSHYP,Postural hypotension clinical feature,0,no fall,Uncertain,7,1.8
16,2,582,FEATPOSHYP,Postural hypotension clinical feature,0,no fall,Yes,122,30.7
16,2,582,FEATPOSHYP,Postural hypotension clinical feature,1,rare fall,No,75,58.6
16,2,582,FEATPOSHYP,Postural hypotension clinical feature,1,rare fall,Uncertain,5,3.9
16,2,582,FEATPOSHYP,Postural hypotension clinical feature,1,rare fall,Yes,48,37.5
16,2,582,FEATPOSHYP,Postural hypotension clinical feature,2,recurrent fall,No,24,42.9
16,2,582,FEATPOSHYP,Postural hypotension clinical feature,2,recurrent fall,Uncertain,1,1.8
16,2,582,FEATPOSHYP,Postural hypotension clinical feature,2,recurrent fall,Yes,31,55.4
16,2,582,ANYFAMPD,Family history of Parkinson's disease,0,no fall,<Missing>,20,5.0
16,2,582,ANYFAMPD,Family history of Parkinson's disease,0,no fall,No,239,60.1
16,2,582,ANYFAMPD,Family history of Parkinson's disease,0,no fall,Yes,139,34.9
16,2,582,ANYFAMPD,Family history of Parkinson's disease,1,rare fall,<Missing>,11,8.6
16,2,582,ANYFAMPD,Family history of Parkinson's disease,1,rare fall,No,70,54.7
16,2,582,ANYFAMPD,Family history of Parkinson's disease,1,rare fall,Yes,47,36.7
16,2,582,ANYFAMPD,Family history of Parkinson's disease,2,recurrent fall,<Missing>,4,7.1
16,2,582,ANYFAMPD,Family history of Parkinson's disease,2,recurrent fall,No,23,41.1
16,2,582,ANYFAMPD,Family history of Parkinson's disease,2,recurrent fall,Yes,29,51.8
16,2,582,DXTREMOR,Resting tremor at diagnosis,0,no fall,No,67,16.8
16,2,582,DXTREMOR,Resting tremor at diagnosis,0,no fall,Unknown,6,1.5
16,2,582,DXTREMOR,Resting tremor at diagnosis,0,no fall,Yes,325,81.7
16,2,582,DXTREMOR,Resting tremor at diagnosis,1,rare fall,No,32,25.0
16,2,582,DXTREMOR,Resting tremor at diagnosis,1,rare fall,Unknown,2,1.6
16,2,582,DXTREMOR,Resting tremor at diagnosis,1,rare fall,Yes,94,73.4
16,2,582,DXTREMOR,Resting tremor at diagnosis,2,recurrent fall,No,15,26.8
16,2,582,DXTREMOR,Resting tremor at diagnosis,2,recurrent fall,Unknown,1,1.8
16,2,582,DXTREMOR,Resting tremor at diagnosis,2,recurrent fall,Yes,40,71.4
16,2,582,DXBRADY,Bradykinesia at diagnosis,0,no fall,No,54,13.6
16,2,582,DXBRADY,Bradykinesia at diagnosis,0,no fall,Unknown,26,6.5
16,2,582,DXBRADY,Bradykinesia at diagnosis,0,no fall,Yes,318,79.9
16,2,582,DXBRADY,Bradykinesia at diagnosis,1,rare fall,No,21,16.4
16,2,582,DXBRADY,Bradykinesia at diagnosis,1,rare fall,Unknown,4,3.1
16,2,582,DXBRADY,Bradykinesia at diagnosis,1,rare fall,Yes,103,80.5
16,2,582,DXBRADY,Bradykinesia at diagnosis,2,recurrent fall,No,10,17.9
16,2,582,DXBRADY,Bradykinesia at diagnosis,2,recurrent fall,Unknown,3,5.4
16,2,582,DXBRADY,Bradykinesia at diagnosis,2,recurrent fall,Yes,43,76.8
16,2,582,DOMSIDE,Predominantly affected side at onset,0,no fall,Left,180,45.2
16,2,582,DOMSIDE,Predominantly affected side at onset,0,no fall,Right,212,53.3
16,2,582,DOMSIDE,Predominantly affected side at onset,0,no fall,Symmetric,5,1.3
16,2,582,DOMSIDE,Predominantly affected side at onset,0,no fall,Unknown,1,0.3
16,2,582,DOMSIDE,Predominantly affected side at onset,1,rare fall,Left,56,43.8
16,2,582,DOMSIDE,Predominantly affected side at onset,1,rare fall,Right,67,52.3
16,2,582,DOMSIDE,Predominantly affected side at onset,1,rare fall,Symmetric,4,3.1
16,2,582,DOMSIDE,Predominantly affected side at onset,1,rare fall,Unknown,1,0.8
16,2,582,DOMSIDE,Predominantly affected side at onset,2,recurrent fall,Left,32,57.1
16,2,582,DOMSIDE,Predominantly affected side at onset,2,recurrent fall,Right,21,37.5
16,2,582,DOMSIDE,Predominantly affected side at onset,2,recurrent fall,Symmetric,2,3.6
16,2,582,DOMSIDE,Predominantly affected side at onset,2,recurrent fall,Unknown,1,1.8
16,3,583,DXPOSINS,Postural instability at diagnosis,0,no fall,No,342,85.7
16,3,583,DXPOSINS,Postural instability at diagnosis,0,no fall,Unknown,24,6.0
16,3,583,DXPOSINS,Postural instability at diagnosis,0,no fall,Yes,33,8.3
16,3,583,DXPOSINS,Postural instability at diagnosis,1,rare fall,No,105,82.7
16,3,583,DXPOSINS,Postural instability at diagnosis,1,rare fall,Unknown,7,5.5
16,3,583,DXPOSINS,Postural instability at diagnosis,1,rare fall,Yes,15,11.8
16,3,583,DXPOSINS,Postural instability at diagnosis,2,recurrent fall,No,51,89.5
16,3,583,DXPOSINS,Postural instability at diagnosis,2,recurrent fall,Unknown,2,3.5
16,3,583,DXPOSINS,Postural instability at diagnosis,2,recurrent fall,Yes,4,7.0
16,3,583,DXRIGID,Rigidity at diagnosis,0,no fall,No,81,20.3
16,3,583,DXRIGID,Rigidity at diagnosis,0,no fall,Unknown,36,9.0
16,3,583,DXRIGID,Rigidity at diagnosis,0,no fall,Yes,282,70.7
16,3,583,DXRIGID,Rigidity at diagnosis,1,rare fall,No,22,17.3
16,3,583,DXRIGID,Rigidity at diagnosis,1,rare fall,Unknown,7,5.5
16,3,583,DXRIGID,Rigidity at diagnosis,1,rare fall,Yes,98,77.2
16,3,583,DXRIGID,Rigidity at diagnosis,2,recurrent fall,No,15,26.3
16,3,583,DXRIGID,Rigidity at diagnosis,2,recurrent fall,Unknown,2,3.5
16,3,583,DXRIGID,Rigidity at diagnosis,2,recurrent fall,Yes,40,70.2
16,3,583,DOPTHERST,Dopaminergic therapy started,0,no fall,<Missing>,65,16.3
16,3,583,DOPTHERST,Dopaminergic therapy started,0,no fall,No,79,19.8
16,3,583,DOPTHERST,Dopaminergic therapy started,0,no fall,Yes,255,63.9
16,3,583,DOPTHERST,Dopaminergic therapy started,1,rare fall,<Missing>,31,24.4
16,3,583,DOPTHERST,Dopaminergic therapy started,1,rare fall,No,15,11.8
16,3,583,DOPTHERST,Dopaminergic therapy started,1,rare fall,Yes,81,63.8
16,3,583,DOPTHERST,Dopaminergic therapy started,2,recurrent fall,<Missing>,18,31.6
16,3,583,DOPTHERST,Dopaminergic therapy started,2,recurrent fall,No,3,5.3
16,3,583,DOPTHERST,Dopaminergic therapy started,2,recurrent fall,Yes,36,63.2
16,3,583,FEATPOSHYP,Postural hypotension clinical feature,0,no fall,No,265,66.4
16,3,583,FEATPOSHYP,Postural hypotension clinical feature,0,no fall,Uncertain,9,2.3
16,3,583,FEATPOSHYP,Postural hypotension clinical feature,0,no fall,Yes,125,31.3
16,3,583,FEATPOSHYP,Postural hypotension clinical feature,1,rare fall,No,77,60.6
16,3,583,FEATPOSHYP,Postural hypotension clinical feature,1,rare fall,Uncertain,3,2.4
16,3,583,FEATPOSHYP,Postural hypotension clinical feature,1,rare fall,Yes,47,37.0
16,3,583,FEATPOSHYP,Postural hypotension clinical feature,2,recurrent fall,No,28,49.1
16,3,583,FEATPOSHYP,Postural hypotension clinical feature,2,recurrent fall,Uncertain,1,1.8
16,3,583,FEATPOSHYP,Postural hypotension clinical feature,2,recurrent fall,Yes,28,49.1
16,3,583,ANYFAMPD,Family history of Parkinson's disease,0,no fall,<Missing>,20,5.0
16,3,583,ANYFAMPD,Family history of Parkinson's disease,0,no fall,No,224,56.1
16,3,583,ANYFAMPD,Family history of Parkinson's disease,0,no fall,Yes,155,38.8
16,3,583,ANYFAMPD,Family history of Parkinson's disease,1,rare fall,<Missing>,10,7.9
16,3,583,ANYFAMPD,Family history of Parkinson's disease,1,rare fall,No,69,54.3
16,3,583,ANYFAMPD,Family history of Parkinson's disease,1,rare fall,Yes,48,37.8
16,3,583,ANYFAMPD,Family history of Parkinson's disease,2,recurrent fall,<Missing>,8,14.0
16,3,583,ANYFAMPD,Family history of Parkinson's disease,2,recurrent fall,No,27,47.4
16,3,583,ANYFAMPD,Family history of Parkinson's disease,2,recurrent fall,Yes,22,38.6
16,3,583,DXTREMOR,Resting tremor at diagnosis,0,no fall,No,75,18.8
16,3,583,DXTREMOR,Resting tremor at diagnosis,0,no fall,Unknown,7,1.8
16,3,583,DXTREMOR,Resting tremor at diagnosis,0,no fall,Yes,317,79.4
16,3,583,DXTREMOR,Resting tremor at diagnosis,1,rare fall,No,28,22.0
16,3,583,DXTREMOR,Resting tremor at diagnosis,1,rare fall,Unknown,1,0.8
16,3,583,DXTREMOR,Resting tremor at diagnosis,1,rare fall,Yes,98,77.2
16,3,583,DXTREMOR,Resting tremor at diagnosis,2,recurrent fall,No,13,22.8
16,3,583,DXTREMOR,Resting tremor at diagnosis,2,recurrent fall,Unknown,1,1.8
16,3,583,DXTREMOR,Resting tremor at diagnosis,2,recurrent fall,Yes,43,75.4
16,3,583,DXBRADY,Bradykinesia at diagnosis,0,no fall,No,53,13.3
16,3,583,DXBRADY,Bradykinesia at diagnosis,0,no fall,Unknown,29,7.3
16,3,583,DXBRADY,Bradykinesia at diagnosis,0,no fall,Yes,317,79.4
16,3,583,DXBRADY,Bradykinesia at diagnosis,1,rare fall,No,22,17.3
16,3,583,DXBRADY,Bradykinesia at diagnosis,1,rare fall,Unknown,4,3.1
16,3,583,DXBRADY,Bradykinesia at diagnosis,1,rare fall,Yes,101,79.5
16,3,583,DXBRADY,Bradykinesia at diagnosis,2,recurrent fall,No,13,22.8
16,3,583,DXBRADY,Bradykinesia at diagnosis,2,recurrent fall,Unknown,2,3.5
16,3,583,DXBRADY,Bradykinesia at diagnosis,2,recurrent fall,Yes,42,73.7
16,3,583,DOMSIDE,Predominantly affected side at onset,0,no fall,Left,178,44.6
16,3,583,DOMSIDE,Predominantly affected side at onset,0,no fall,Right,215,53.9
16,3,583,DOMSIDE,Predominantly affected side at onset,0,no fall,Symmetric,4,1.0
16,3,583,DOMSIDE,Predominantly affected side at onset,0,no fall,Unknown,2,0.5
16,3,583,DOMSIDE,Predominantly affected side at onset,1,rare fall,Left,53,41.7
16,3,583,DOMSIDE,Predominantly affected side at onset,1,rare fall,Right,69,54.3
16,3,583,DOMSIDE,Predominantly affected side at onset,1,rare fall,Symmetric,4,3.1
16,3,583,DOMSIDE,Predominantly affected side at onset,1,rare fall,Unknown,1,0.8
16,3,583,DOMSIDE,Predominantly affected side at onset,2,recurrent fall,Left,28,49.1
16,3,583,DOMSIDE,Predominantly affected side at onset,2,recurrent fall,Right,26,45.6
16,3,583,DOMSIDE,Predominantly affected side at onset,2,recurrent fall,Symmetric,2,3.5
16,3,583,DOMSIDE,Predominantly affected side at onset,2,recurrent fall,Unknown,1,1.8
16,4,583,DXPOSINS,Postural instability at diagnosis,0,no fall,No,345,86.5
16,4,583,DXPOSINS,Postural instability at diagnosis,0,no fall,Unknown,24,6.0
16,4,583,DXPOSINS,Postural instability at diagnosis,0,no fall,Yes,30,7.5
16,4,583,DXPOSINS,Postural instability at diagnosis,1,rare fall,No,107,84.3
16,4,583,DXPOSINS,Postural instability at diagnosis,1,rare fall,Unknown,6,4.7
16,4,583,DXPOSINS,Postural instability at diagnosis,1,rare fall,Yes,14,11.0
16,4,583,DXPOSINS,Postural instability at diagnosis,2,recurrent fall,No,52,91.2
16,4,583,DXPOSINS,Postural instability at diagnosis,2,recurrent fall,Unknown,2,3.5
16,4,583,DXPOSINS,Postural instability at diagnosis,2,recurrent fall,Yes,3,5.3
16,4,583,DXRIGID,Rigidity at diagnosis,0,no fall,No,72,18.0
16,4,583,DXRIGID,Rigidity at diagnosis,0,no fall,Unknown,30,7.5
16,4,583,DXRIGID,Rigidity at diagnosis,0,no fall,Yes,297,74.4
16,4,583,DXRIGID,Rigidity at diagnosis,1,rare fall,No,23,18.1
16,4,583,DXRIGID,Rigidity at diagnosis,1,rare fall,Unknown,5,3.9
16,4,583,DXRIGID,Rigidity at diagnosis,1,rare fall,Yes,99,78.0
16,4,583,DXRIGID,Rigidity at diagnosis,2,recurrent fall,No,11,19.3
16,4,583,DXRIGID,Rigidity at diagnosis,2,recurrent fall,Unknown,2,3.5
16,4,583,DXRIGID,Rigidity at diagnosis,2,recurrent fall,Yes,44,77.2
16,4,583,DOPTHERST,Dopaminergic therapy started,0,no fall,<Missing>,67,16.8
16,4,583,DOPTHERST,Dopaminergic therapy started,0,no fall,No,68,17.0
16,4,583,DOPTHERST,Dopaminergic therapy started,0,no fall,Yes,264,66.2
16,4,583,DOPTHERST,Dopaminergic therapy started,1,rare fall,<Missing>,27,21.3
16,4,583,DOPTHERST,Dopaminergic therapy started,1,rare fall,No,16,12.6
16,4,583,DOPTHERST,Dopaminergic therapy started,1,rare fall,Yes,84,66.1
16,4,583,DOPTHERST,Dopaminergic therapy started,2,recurrent fall,<Missing>,16,28.1
16,4,583,DOPTHERST,Dopaminergic therapy started,2,recurrent fall,No,3,5.3
16,4,583,DOPTHERST,Dopaminergic therapy started,2,recurrent fall,Yes,38,66.7
16,4,583,FEATPOSHYP,Postural hypotension clinical feature,0,no fall,No,258,64.7
16,4,583,FEATPOSHYP,Postural hypotension clinical feature,0,no fall,Uncertain,10,2.5
16,4,583,FEATPOSHYP,Postural hypotension clinical feature,0,no fall,Yes,131,32.8
16,4,583,FEATPOSHYP,Postural hypotension clinical feature,1,rare fall,No,79,62.2
16,4,583,FEATPOSHYP,Postural hypotension clinical feature,1,rare fall,Uncertain,3,2.4
16,4,583,FEATPOSHYP,Postural hypotension clinical feature,1,rare fall,Yes,45,35.4
16,4,583,FEATPOSHYP,Postural hypotension clinical feature,2,recurrent fall,No,27,47.4
16,4,583,FEATPOSHYP,Postural hypotension clinical feature,2,recurrent fall,Uncertain,1,1.8
16,4,583,FEATPOSHYP,Postural hypotension clinical feature,2,recurrent fall,Yes,29,50.9
16,4,583,ANYFAMPD,Family history of Parkinson's disease,0,no fall,<Missing>,18,4.5
16,4,583,ANYFAMPD,Family history of Parkinson's disease,0,no fall,No,231,57.9
16,4,583,ANYFAMPD,Family history of Parkinson's disease,0,no fall,Yes,150,37.6
16,4,583,ANYFAMPD,Family history of Parkinson's disease,1,rare fall,<Missing>,7,5.5
16,4,583,ANYFAMPD,Family history of Parkinson's disease,1,rare fall,No,73,57.5
16,4,583,ANYFAMPD,Family history of Parkinson's disease,1,rare fall,Yes,47,37.0
16,4,583,ANYFAMPD,Family history of Parkinson's disease,2,recurrent fall,<Missing>,8,14.0
16,4,583,ANYFAMPD,Family history of Parkinson's disease,2,recurrent fall,No,27,47.4
16,4,583,ANYFAMPD,Family history of Parkinson's disease,2,recurrent fall,Yes,22,38.6
16,4,583,DXTREMOR,Resting tremor at diagnosis,0,no fall,No,82,20.6
16,4,583,DXTREMOR,Resting tremor at diagnosis,0,no fall,Unknown,7,1.8
16,4,583,DXTREMOR,Resting tremor at diagnosis,0,no fall,Yes,310,77.7
16,4,583,DXTREMOR,Resting tremor at diagnosis,1,rare fall,No,32,25.2
16,4,583,DXTREMOR,Resting tremor at diagnosis,1,rare fall,Unknown,1,0.8
16,4,583,DXTREMOR,Resting tremor at diagnosis,1,rare fall,Yes,94,74.0
16,4,583,DXTREMOR,Resting tremor at diagnosis,2,recurrent fall,No,13,22.8
16,4,583,DXTREMOR,Resting tremor at diagnosis,2,recurrent fall,Unknown,1,1.8
16,4,583,DXTREMOR,Resting tremor at diagnosis,2,recurrent fall,Yes,43,75.4
16,4,583,DXBRADY,Bradykinesia at diagnosis,0,no fall,No,48,12.0
16,4,583,DXBRADY,Bradykinesia at diagnosis,0,no fall,Unknown,27,6.8
16,4,583,DXBRADY,Bradykinesia at diagnosis,0,no fall,Yes,324,81.2
16,4,583,DXBRADY,Bradykinesia at diagnosis,1,rare fall,No,15,11.8
16,4,583,DXBRADY,Bradykinesia at diagnosis,1,rare fall,Unknown,4,3.1
16,4,583,DXBRADY,Bradykinesia at diagnosis,1,rare fall,Yes,108,85.0
16,4,583,DXBRADY,Bradykinesia at diagnosis,2,recurrent fall,No,10,17.5
16,4,583,DXBRADY,Bradykinesia at diagnosis,2,recurrent fall,Unknown,2,3.5
16,4,583,DXBRADY,Bradykinesia at diagnosis,2,recurrent fall,Yes,45,78.9
16,4,583,DOMSIDE,Predominantly affected side at onset,0,no fall,Left,173,43.4
16,4,583,DOMSIDE,Predominantly affected side at onset,0,no fall,Right,218,54.6
16,4,583,DOMSIDE,Predominantly affected side at onset,0,no fall,Symmetric,6,1.5
16,4,583,DOMSIDE,Predominantly affected side at onset,0,no fall,Unknown,2,0.5
16,4,583,DOMSIDE,Predominantly affected side at onset,1,rare fall,Left,54,42.5
16,4,583,DOMSIDE,Predominantly affected side at onset,1,rare fall,Right,69,54.3
16,4,583,DOMSIDE,Predominantly affected side at onset,1,rare fall,Symmetric,3,2.4
16,4,583,DOMSIDE,Predominantly affected side at onset,1,rare fall,Unknown,1,0.8
16,4,583,DOMSIDE,Predominantly affected side at onset,2,recurrent fall,Left,29,50.9
16,4,583,DOMSIDE,Predominantly affected side at onset,2,recurrent fall,Right,25,43.9
16,4,583,DOMSIDE,Predominantly affected side at onset,2,recurrent fall,Symmetric,2,3.5
16,4,583,DOMSIDE,Predominantly affected side at onset,2,recurrent fall,Unknown,1,1.8
17,0,582,DXPOSINS,Postural instability at diagnosis,0,no fall,<Missing>,1,0.3
17,0,582,DXPOSINS,Postural instability at diagnosis,0,no fall,No,337,84.7
17,0,582,DXPOSINS,Postural instability at diagnosis,0,no fall,Unknown,26,6.5
17,0,582,DXPOSINS,Postural instability at diagnosis,0,no fall,Yes,34,8.5
17,0,582,DXPOSINS,Postural instability at diagnosis,1,rare fall,No,110,86.6
17,0,582,DXPOSINS,Postural instability at diagnosis,1,rare fall,Unknown,6,4.7
17,0,582,DXPOSINS,Postural instability at diagnosis,1,rare fall,Yes,11,8.7
17,0,582,DXPOSINS,Postural instability at diagnosis,2,recurrent fall,No,47,82.5
17,0,582,DXPOSINS,Postural instability at diagnosis,2,recurrent fall,Unknown,2,3.5
17,0,582,DXPOSINS,Postural instability at diagnosis,2,recurrent fall,Yes,8,14.0
17,0,582,DXRIGID,Rigidity at diagnosis,0,no fall,No,93,23.4
17,0,582,DXRIGID,Rigidity at diagnosis,0,no fall,Unknown,32,8.0
17,0,582,DXRIGID,Rigidity at diagnosis,0,no fall,Yes,273,68.6
17,0,582,DXRIGID,Rigidity at diagnosis,1,rare fall,No,24,18.9
17,0,582,DXRIGID,Rigidity at diagnosis,1,rare fall,Unknown,6,4.7
17,0,582,DXRIGID,Rigidity at diagnosis,1,rare fall,Yes,97,76.4
17,0,582,DXRIGID,Rigidity at diagnosis,2,recurrent fall,No,13,22.8
17,0,582,DXRIGID,Rigidity at diagnosis,2,recurrent fall,Unknown,3,5.3
17,0,582,DXRIGID,Rigidity at diagnosis,2,recurrent fall,Yes,41,71.9
17,0,582,DOPTHERST,Dopaminergic therapy started,0,no fall,<Missing>,65,16.3
17,0,582,DOPTHERST,Dopaminergic therapy started,0,no fall,No,70,17.6
17,0,582,DOPTHERST,Dopaminergic therapy started,0,no fall,Yes,263,66.1
17,0,582,DOPTHERST,Dopaminergic therapy started,1,rare fall,<Missing>,31,24.4
17,0,582,DOPTHERST,Dopaminergic therapy started,1,rare fall,No,16,12.6
17,0,582,DOPTHERST,Dopaminergic therapy started,1,rare fall,Yes,80,63.0
17,0,582,DOPTHERST,Dopaminergic therapy started,2,recurrent fall,<Missing>,18,31.6
17,0,582,DOPTHERST,Dopaminergic therapy started,2,recurrent fall,No,2,3.5
17,0,582,DOPTHERST,Dopaminergic therapy started,2,recurrent fall,Yes,37,64.9
17,0,582,FEATPOSHYP,Postural hypotension clinical feature,0,no fall,No,264,66.3
17,0,582,FEATPOSHYP,Postural hypotension clinical feature,0,no fall,Uncertain,12,3.0
17,0,582,FEATPOSHYP,Postural hypotension clinical feature,0,no fall,Yes,122,30.7
17,0,582,FEATPOSHYP,Postural hypotension clinical feature,1,rare fall,No,71,55.9
17,0,582,FEATPOSHYP,Postural hypotension clinical feature,1,rare fall,Uncertain,3,2.4
17,0,582,FEATPOSHYP,Postural hypotension clinical feature,1,rare fall,Yes,53,41.7
17,0,582,FEATPOSHYP,Postural hypotension clinical feature,2,recurrent fall,No,33,57.9
17,0,582,FEATPOSHYP,Postural hypotension clinical feature,2,recurrent fall,Yes,24,42.1
17,0,582,ANYFAMPD,Family history of Parkinson's disease,0,no fall,<Missing>,16,4.0
17,0,582,ANYFAMPD,Family history of Parkinson's disease,0,no fall,No,243,61.1
17,0,582,ANYFAMPD,Family history of Parkinson's disease,0,no fall,Yes,139,34.9
17,0,582,ANYFAMPD,Family history of Parkinson's disease,1,rare fall,<Missing>,13,10.2
17,0,582,ANYFAMPD,Family history of Parkinson's disease,1,rare fall,No,71,55.9
17,0,582,ANYFAMPD,Family history of Parkinson's disease,1,rare fall,Yes,43,33.9
17,0,582,ANYFAMPD,Family history of Parkinson's disease,2,recurrent fall,<Missing>,9,15.8
17,0,582,ANYFAMPD,Family history of Parkinson's disease,2,recurrent fall,No,18,31.6
17,0,582,ANYFAMPD,Family history of Parkinson's disease,2,recurrent fall,Yes,30,52.6
17,0,582,DXTREMOR,Resting tremor at diagnosis,0,no fall,No,85,21.4
17,0,582,DXTREMOR,Resting tremor at diagnosis,0,no fall,Unknown,9,2.3
17,0,582,DXTREMOR,Resting tremor at diagnosis,0,no fall,Yes,304,76.4
17,0,582,DXTREMOR,Resting tremor at diagnosis,1,rare fall,No,27,21.3
17,0,582,DXTREMOR,Resting tremor at diagnosis,1,rare fall,Unknown,1,0.8
17,0,582,DXTREMOR,Resting tremor at diagnosis,1,rare fall,Yes,99,78.0
17,0,582,DXTREMOR,Resting tremor at diagnosis,2,recurrent fall,No,15,26.3
17,0,582,DXTREMOR,Resting tremor at diagnosis,2,recurrent fall,Unknown,1,1.8
17,0,582,DXTREMOR,Resting tremor at diagnosis,2,recurrent fall,Yes,41,71.9
17,0,582,DXBRADY,Bradykinesia at diagnosis,0,no fall,No,44,11.1
17,0,582,DXBRADY,Bradykinesia at diagnosis,0,no fall,Unknown,27,6.8
17,0,582,DXBRADY,Bradykinesia at diagnosis,0,no fall,Yes,327,82.2
17,0,582,DXBRADY,Bradykinesia at diagnosis,1,rare fall,No,23,18.1
17,0,582,DXBRADY,Bradykinesia at diagnosis,1,rare fall,Unknown,3,2.4
17,0,582,DXBRADY,Bradykinesia at diagnosis,1,rare fall,Yes,101,79.5
17,0,582,DXBRADY,Bradykinesia at diagnosis,2,recurrent fall,No,11,19.3
17,0,582,DXBRADY,Bradykinesia at diagnosis,2,recurrent fall,Unknown,2,3.5
17,0,582,DXBRADY,Bradykinesia at diagnosis,2,recurrent fall,Yes,44,77.2
17,0,582,DOMSIDE,Predominantly affected side at onset,0,no fall,Left,175,44.0
17,0,582,DOMSIDE,Predominantly affected side at onset,0,no fall,Right,214,53.8
17,0,582,DOMSIDE,Predominantly affected side at onset,0,no fall,Symmetric,6,1.5
17,0,582,DOMSIDE,Predominantly affected side at onset,0,no fall,Unknown,3,0.8
17,0,582,DOMSIDE,Predominantly affected side at onset,1,rare fall,Left,51,40.2
17,0,582,DOMSIDE,Predominantly affected side at onset,1,rare fall,Right,72,56.7
17,0,582,DOMSIDE,Predominantly affected side at onset,1,rare fall,Symmetric,3,2.4
17,0,582,DOMSIDE,Predominantly affected side at onset,1,rare fall,Unknown,1,0.8
17,0,582,DOMSIDE,Predominantly affected side at onset,2,recurrent fall,Left,25,43.9
17,0,582,DOMSIDE,Predominantly affected side at onset,2,recurrent fall,Right,28,49.1
17,0,582,DOMSIDE,Predominantly affected side at onset,2,recurrent fall,Symmetric,2,3.5
17,0,582,DOMSIDE,Predominantly affected side at onset,2,recurrent fall,Unknown,2,3.5
17,1,582,DXPOSINS,Postural instability at diagnosis,0,no fall,<Missing>,1,0.3
17,1,582,DXPOSINS,Postural instability at diagnosis,0,no fall,No,334,83.9
17,1,582,DXPOSINS,Postural instability at diagnosis,0,no fall,Unknown,28,7.0
17,1,582,DXPOSINS,Postural instability at diagnosis,0,no fall,Yes,35,8.8
17,1,582,DXPOSINS,Postural instability at diagnosis,1,rare fall,No,107,84.3
17,1,582,DXPOSINS,Postural instability at diagnosis,1,rare fall,Unknown,7,5.5
17,1,582,DXPOSINS,Postural instability at diagnosis,1,rare fall,Yes,13,10.2
17,1,582,DXPOSINS,Postural instability at diagnosis,2,recurrent fall,No,49,86.0
17,1,582,DXPOSINS,Postural instability at diagnosis,2,recurrent fall,Unknown,2,3.5
17,1,582,DXPOSINS,Postural instability at diagnosis,2,recurrent fall,Yes,6,10.5
17,1,582,DXRIGID,Rigidity at diagnosis,0,no fall,No,83,20.9
17,1,582,DXRIGID,Rigidity at diagnosis,0,no fall,Unknown,33,8.3
17,1,582,DXRIGID,Rigidity at diagnosis,0,no fall,Yes,282,70.9
17,1,582,DXRIGID,Rigidity at diagnosis,1,rare fall,No,24,18.9
17,1,582,DXRIGID,Rigidity at diagnosis,1,rare fall,Unknown,8,6.3
17,1,582,DXRIGID,Rigidity at diagnosis,1,rare fall,Yes,95,74.8
17,1,582,DXRIGID,Rigidity at diagnosis,2,recurrent fall,No,13,22.8
17,1,582,DXRIGID,Rigidity at diagnosis,2,recurrent fall,Unknown,3,5.3
17,1,582,DXRIGID,Rigidity at diagnosis,2,recurrent fall,Yes,41,71.9
17,1,582,DOPTHERST,Dopaminergic therapy started,0,no fall,<Missing>,68,17.1
17,1,582,DOPTHERST,Dopaminergic therapy started,0,no fall,No,70,17.6
17,1,582,DOPTHERST,Dopaminergic therapy started,0,no fall,Yes,260,65.3
17,1,582,DOPTHERST,Dopaminergic therapy started,1,rare fall,<Missing>,32,25.2
17,1,582,DOPTHERST,Dopaminergic therapy started,1,rare fall,No,17,13.4
17,1,582,DOPTHERST,Dopaminergic therapy started,1,rare fall,Yes,78,61.4
17,1,582,DOPTHERST,Dopaminergic therapy started,2,recurrent fall,<Missing>,18,31.6
17,1,582,DOPTHERST,Dopaminergic therapy started,2,recurrent fall,No,1,1.8
17,1,582,DOPTHERST,Dopaminergic therapy started,2,recurrent fall,Yes,38,66.7
17,1,582,FEATPOSHYP,Postural hypotension clinical feature,0,no fall,No,262,65.8
17,1,582,FEATPOSHYP,Postural hypotension clinical feature,0,no fall,Uncertain,13,3.3
17,1,582,FEATPOSHYP,Postural hypotension clinical feature,0,no fall,Yes,123,30.9
17,1,582,FEATPOSHYP,Postural hypotension clinical feature,1,rare fall,No,77,60.6
17,1,582,FEATPOSHYP,Postural hypotension clinical feature,1,rare fall,Uncertain,4,3.1
17,1,582,FEATPOSHYP,Postural hypotension clinical feature,1,rare fall,Yes,46,36.2
17,1,582,FEATPOSHYP,Postural hypotension clinical feature,2,recurrent fall,No,26,45.6
17,1,582,FEATPOSHYP,Postural hypotension clinical feature,2,recurrent fall,Uncertain,1,1.8
17,1,582,FEATPOSHYP,Postural hypotension clinical feature,2,recurrent fall,Yes,30,52.6
17,1,582,ANYFAMPD,Family history of Parkinson's disease,0,no fall,<Missing>,14,3.5
17,1,582,ANYFAMPD,Family history of Parkinson's disease,0,no fall,No,236,59.3
17,1,582,ANYFAMPD,Family history of Parkinson's disease,0,no fall,Yes,148,37.2
17,1,582,ANYFAMPD,Family history of Parkinson's disease,1,rare fall,<Missing>,13,10.2
17,1,582,ANYFAMPD,Family history of Parkinson's disease,1,rare fall,No,70,55.1
17,1,582,ANYFAMPD,Family history of Parkinson's disease,1,rare fall,Yes,44,34.6
17,1,582,ANYFAMPD,Family history of Parkinson's disease,2,recurrent fall,<Missing>,8,14.0
17,1,582,ANYFAMPD,Family history of Parkinson's disease,2,recurrent fall,No,20,35.1
17,1,582,ANYFAMPD,Family history of Parkinson's disease,2,recurrent fall,Yes,29,50.9
17,1,582,DXTREMOR,Resting tremor at diagnosis,0,no fall,No,77,19.3
17,1,582,DXTREMOR,Resting tremor at diagnosis,0,no fall,Unknown,10,2.5
17,1,582,DXTREMOR,Resting tremor at diagnosis,0,no fall,Yes,311,78.1
17,1,582,DXTREMOR,Resting tremor at diagnosis,1,rare fall,No,26,20.5
17,1,582,DXTREMOR,Resting tremor at diagnosis,1,rare fall,Unknown,1,0.8
17,1,582,DXTREMOR,Resting tremor at diagnosis,1,rare fall,Yes,100,78.7
17,1,582,DXTREMOR,Resting tremor at diagnosis,2,recurrent fall,No,16,28.1
17,1,582,DXTREMOR,Resting tremor at diagnosis,2,recurrent fall,Unknown,1,1.8
17,1,582,DXTREMOR,Resting tremor at diagnosis,2,recurrent fall,Yes,40,70.2
17,1,582,DXBRADY,Bradykinesia at diagnosis,0,no fall,No,46,11.6
17,1,582,DXBRADY,Bradykinesia at diagnosis,0,no fall,Unknown,25,6.3
17,1,582,DXBRADY,Bradykinesia at diagnosis,0,no fall,Yes,327,82.2
17,1,582,DXBRADY,Bradykinesia at diagnosis,1,rare fall,No,21,16.5
17,1,582,DXBRADY,Bradykinesia at diagnosis,1,rare fall,Unknown,5,3.9
17,1,582,DXBRADY,Bradykinesia at diagnosis,1,rare fall,Yes,101,79.5
17,1,582,DXBRADY,Bradykinesia at diagnosis,2,recurrent fall,No,10,17.5
17,1,582,DXBRADY,Bradykinesia at diagnosis,2,recurrent fall,Unknown,2,3.5
17,1,582,DXBRADY,Bradykinesia at diagnosis,2,recurrent fall,Yes,45,78.9
17,1,582,DOMSIDE,Predominantly affected side at onset,0,no fall,Left,179,45.0
17,1,582,DOMSIDE,Predominantly affected side at onset,0,no fall,Right,209,52.5
17,1,582,DOMSIDE,Predominantly affected side at onset,0,no fall,Symmetric,6,1.5
17,1,582,DOMSIDE,Predominantly affected side at onset,0,no fall,Unknown,4,1.0
17,1,582,DOMSIDE,Predominantly affected side at onset,1,rare fall,Left,47,37.0
17,1,582,DOMSIDE,Predominantly affected side at onset,1,rare fall,Right,78,61.4
17,1,582,DOMSIDE,Predominantly affected side at onset,1,rare fall,Symmetric,2,1.6
17,1,582,DOMSIDE,Predominantly affected side at onset,2,recurrent fall,Left,22,38.6
17,1,582,DOMSIDE,Predominantly affected side at onset,2,recurrent fall,Right,30,52.6
17,1,582,DOMSIDE,Predominantly affected side at onset,2,recurrent fall,Symmetric,3,5.3
17,1,582,DOMSIDE,Predominantly affected side at onset,2,recurrent fall,Unknown,2,3.5
17,2,582,DXPOSINS,Postural instability at diagnosis,0,no fall,<Missing>,1,0.3
17,2,582,DXPOSINS,Postural instability at diagnosis,0,no fall,No,342,85.9
17,2,582,DXPOSINS,Postural instability at diagnosis,0,no fall,Unknown,25,6.3
17,2,582,DXPOSINS,Postural instability at diagnosis,0,no fall,Yes,30,7.5
17,2,582,DXPOSINS,Postural instability at diagnosis,1,rare fall,No,111,86.7
17,2,582,DXPOSINS,Postural instability at diagnosis,1,rare fall,Unknown,7,5.5
17,2,582,DXPOSINS,Postural instability at diagnosis,1,rare fall,Yes,10,7.8
17,2,582,DXPOSINS,Postural instability at diagnosis,2,recurrent fall,No,47,83.9
17,2,582,DXPOSINS,Postural instability at diagnosis,2,recurrent fall,Unknown,2,3.6
17,2,582,DXPOSINS,Postural instability at diagnosis,2,recurrent fall,Yes,7,12.5
17,2,582,DXRIGID,Rigidity at diagnosis,0,no fall,No,90,22.6
17,2,582,DXRIGID,Rigidity at diagnosis,0,no fall,Unknown,30,7.5
17,2,582,DXRIGID,Rigidity at diagnosis,0,no fall,Yes,278,69.8
17,2,582,DXRIGID,Rigidity at diagnosis,1,rare fall,No,22,17.2
17,2,582,DXRIGID,Rigidity at diagnosis,1,rare fall,Unknown,8,6.2
17,2,582,DXRIGID,Rigidity at diagnosis,1,rare fall,Yes,98,76.6
17,2,582,DXRIGID,Rigidity at diagnosis,2,recurrent fall,No,13,23.2
17,2,582,DXRIGID,Rigidity at diagnosis,2,recurrent fall,Unknown,2,3.6
17,2,582,DXRIGID,Rigidity at diagnosis,2,recurrent fall,Yes,41,73.2
17,2,582,DOPTHERST,Dopaminergic therapy started,0,no fall,<Missing>,66,16.6
17,2,582,DOPTHERST,Dopaminergic therapy started,0,no fall,No,70,17.6
17,2,582,DOPTHERST,Dopaminergic therapy started,0,no fall,Yes,262,65.8
17,2,582,DOPTHERST,Dopaminergic therapy started,1,rare fall,<Missing>,29,22.7
17,2,582,DOPTHERST,Dopaminergic therapy started,1,rare fall,No,13,10.2
17,2,582,DOPTHERST,Dopaminergic therapy started,1,rare fall,Yes,86,67.2
17,2,582,DOPTHERST,Dopaminergic therapy started,2,recurrent fall,<Missing>,16,28.6
17,2,582,DOPTHERST,Dopaminergic therapy started,2,recurrent fall,No,3,5.4
17,2,582,DOPTHERST,Dopaminergic therapy started,2,recurrent fall,Yes,37,66.1
17,2,582,FEATPOSHYP,Postural hypotension clinical feature,0,no fall,No,261,65.6
17,2,582,FEATPOSHYP,Postural hypotension clinical feature,0,no fall,Uncertain,10,2.5
17,2,582,FEATPOSHYP,Postural hypotension clinical feature,0,no fall,Yes,127,31.9
17,2,582,FEATPOSHYP,Postural hypotension clinical feature,1,rare fall,No,77,60.2
17,2,582,FEATPOSHYP,Postural hypotension clinical feature,1,rare fall,Uncertain,4,3.1
17,2,582,FEATPOSHYP,Postural hypotension clinical feature,1,rare fall,Yes,47,36.7
17,2,582,FEATPOSHYP,Postural hypotension clinical feature,2,recurrent fall,No,30,53.6
17,2,582,FEATPOSHYP,Postural hypotension clinical feature,2,recurrent fall,Uncertain,1,1.8
17,2,582,FEATPOSHYP,Postural hypotension clinical feature,2,recurrent fall,Yes,25,44.6
17,2,582,ANYFAMPD,Family history of Parkinson's disease,0,no fall,<Missing>,15,3.8
17,2,582,ANYFAMPD,Family history of Parkinson's disease,0,no fall,No,240,60.3
17,2,582,ANYFAMPD,Family history of Parkinson's disease,0,no fall,Yes,143,35.9
17,2,582,ANYFAMPD,Family history of Parkinson's disease,1,rare fall,<Missing>,10,7.8
17,2,582,ANYFAMPD,Family history of Parkinson's disease,1,rare fall,No,72,56.2
17,2,582,ANYFAMPD,Family history of Parkinson's disease,1,rare fall,Yes,46,35.9
17,2,582,ANYFAMPD,Family history of Parkinson's disease,2,recurrent fall,<Missing>,6,10.7
17,2,582,ANYFAMPD,Family history of Parkinson's disease,2,recurrent fall,No,24,42.9
17,2,582,ANYFAMPD,Family history of Parkinson's disease,2,recurrent fall,Yes,26,46.4
17,2,582,DXTREMOR,Resting tremor at diagnosis,0,no fall,No,85,21.4
17,2,582,DXTREMOR,Resting tremor at diagnosis,0,no fall,Unknown,9,2.3
17,2,582,DXTREMOR,Resting tremor at diagnosis,0,no fall,Yes,304,76.4
17,2,582,DXTREMOR,Resting tremor at diagnosis,1,rare fall,No,27,21.1
17,2,582,DXTREMOR,Resting tremor at diagnosis,1,rare fall,Yes,101,78.9
17,2,582,DXTREMOR,Resting tremor at diagnosis,2,recurrent fall,No,12,21.4
17,2,582,DXTREMOR,Resting tremor at diagnosis,2,recurrent fall,Unknown,1,1.8
17,2,582,DXTREMOR,Resting tremor at diagnosis,2,recurrent fall,Yes,43,76.8
17,2,582,DXBRADY,Bradykinesia at diagnosis,0,no fall,No,46,11.6
17,2,582,DXBRADY,Bradykinesia at diagnosis,0,no fall,Unknown,22,5.5
17,2,582,DXBRADY,Bradykinesia at diagnosis,0,no fall,Yes,330,82.9
17,2,582,DXBRADY,Bradykinesia at diagnosis,1,rare fall,No,22,17.2
17,2,582,DXBRADY,Bradykinesia at diagnosis,1,rare fall,Unknown,4,3.1
17,2,582,DXBRADY,Bradykinesia at diagnosis,1,rare fall,Yes,102,79.7
17,2,582,DXBRADY,Bradykinesia at diagnosis,2,recurrent fall,No,11,19.6
17,2,582,DXBRADY,Bradykinesia at diagnosis,2,recurrent fall,Unknown,1,1.8
17,2,582,DXBRADY,Bradykinesia at diagnosis,2,recurrent fall,Yes,44,78.6
17,2,582,DOMSIDE,Predominantly affected side at onset,0,no fall,Left,178,44.7
17,2,582,DOMSIDE,Predominantly affected side at onset,0,no fall,Right,210,52.8
17,2,582,DOMSIDE,Predominantly affected side at onset,0,no fall,Symmetric,6,1.5
17,2,582,DOMSIDE,Predominantly affected side at onset,0,no fall,Unknown,4,1.0
17,2,582,DOMSIDE,Predominantly affected side at onset,1,rare fall,Left,51,39.8
17,2,582,DOMSIDE,Predominantly affected side at onset,1,rare fall,Right,72,56.2
17,2,582,DOMSIDE,Predominantly affected side at onset,1,rare fall,Symmetric,4,3.1
17,2,582,DOMSIDE,Predominantly affected side at onset,1,rare fall,Unknown,1,0.8
17,2,582,DOMSIDE,Predominantly affected side at onset,2,recurrent fall,Left,23,41.1
17,2,582,DOMSIDE,Predominantly affected side at onset,2,recurrent fall,Right,29,51.8
17,2,582,DOMSIDE,Predominantly affected side at onset,2,recurrent fall,Symmetric,3,5.4
17,2,582,DOMSIDE,Predominantly affected side at onset,2,recurrent fall,Unknown,1,1.8
17,3,583,DXPOSINS,Postural instability at diagnosis,0,no fall,No,343,86.0
17,3,583,DXPOSINS,Postural instability at diagnosis,0,no fall,Unknown,22,5.5
17,3,583,DXPOSINS,Postural instability at diagnosis,0,no fall,Yes,34,8.5
17,3,583,DXPOSINS,Postural instability at diagnosis,1,rare fall,No,111,87.4
17,3,583,DXPOSINS,Postural instability at diagnosis,1,rare fall,Unknown,8,6.3
17,3,583,DXPOSINS,Postural instability at diagnosis,1,rare fall,Yes,8,6.3
17,3,583,DXPOSINS,Postural instability at diagnosis,2,recurrent fall,No,49,86.0
17,3,583,DXPOSINS,Postural instability at diagnosis,2,recurrent fall,Unknown,1,1.8
17,3,583,DXPOSINS,Postural instability at diagnosis,2,recurrent fall,Yes,7,12.3
17,3,583,DXRIGID,Rigidity at diagnosis,0,no fall,No,85,21.3
17,3,583,DXRIGID,Rigidity at diagnosis,0,no fall,Unknown,30,7.5
17,3,583,DXRIGID,Rigidity at diagnosis,0,no fall,Yes,284,71.2
17,3,583,DXRIGID,Rigidity at diagnosis,1,rare fall,No,21,16.5
17,3,583,DXRIGID,Rigidity at diagnosis,1,rare fall,Unknown,6,4.7
17,3,583,DXRIGID,Rigidity at diagnosis,1,rare fall,Yes,100,78.7
17,3,583,DXRIGID,Rigidity at diagnosis,2,recurrent fall,No,14,24.6
17,3,583,DXRIGID,Rigidity at diagnosis,2,recurrent fall,Unknown,1,1.8
17,3,583,DXRIGID,Rigidity at diagnosis,2,recurrent fall,Yes,42,73.7
17,3,583,DOPTHERST,Dopaminergic therapy started,0,no fall,<Missing>,71,17.8
17,3,583,DOPTHERST,Dopaminergic therapy started,0,no fall,No,74,18.5
17,3,583,DOPTHERST,Dopaminergic therapy started,0,no fall,Yes,254,63.7
17,3,583,DOPTHERST,Dopaminergic therapy started,1,rare fall,<Missing>,30,23.6
17,3,583,DOPTHERST,Dopaminergic therapy started,1,rare fall,No,15,11.8
17,3,583,DOPTHERST,Dopaminergic therapy started,1,rare fall,Yes,82,64.6
17,3,583,DOPTHERST,Dopaminergic therapy started,2,recurrent fall,<Missing>,15,26.3
17,3,583,DOPTHERST,Dopaminergic therapy started,2,recurrent fall,No,3,5.3
17,3,583,DOPTHERST,Dopaminergic therapy started,2,recurrent fall,Yes,39,68.4
17,3,583,FEATPOSHYP,Postural hypotension clinical feature,0,no fall,No,269,67.4
17,3,583,FEATPOSHYP,Postural hypotension clinical feature,0,no fall,Uncertain,10,2.5
17,3,583,FEATPOSHYP,Postural hypotension clinical feature,0,no fall,Yes,120,30.1
17,3,583,FEATPOSHYP,Postural hypotension clinical feature,1,rare fall,No,76,59.8
17,3,583,FEATPOSHYP,Postural hypotension clinical feature,1,rare fall,Uncertain,1,0.8
17,3,583,FEATPOSHYP,Postural hypotension clinical feature,1,rare fall,Yes,50,39.4
17,3,583,FEATPOSHYP,Postural hypotension clinical feature,2,recurrent fall,No,29,50.9
17,3,583,FEATPOSHYP,Postural hypotension clinical feature,2,recurrent fall,Uncertain,1,1.8
17,3,583,FEATPOSHYP,Postural hypotension clinical feature,2,recurrent fall,Yes,27,47.4
17,3,583,ANYFAMPD,Family history of Parkinson's disease,0,no fall,<Missing>,20,5.0
17,3,583,ANYFAMPD,Family history of Parkinson's disease,0,no fall,No,235,58.9
17,3,583,ANYFAMPD,Family history of Parkinson's disease,0,no fall,Yes,144,36.1
17,3,583,ANYFAMPD,Family history of Parkinson's disease,1,rare fall,<Missing>,12,9.4
17,3,583,ANYFAMPD,Family history of Parkinson's disease,1,rare fall,No,69,54.3
17,3,583,ANYFAMPD,Family history of Parkinson's disease,1,rare fall,Yes,46,36.2
17,3,583,ANYFAMPD,Family history of Parkinson's disease,2,recurrent fall,<Missing>,5,8.8
17,3,583,ANYFAMPD,Family history of Parkinson's disease,2,recurrent fall,No,23,40.4
17,3,583,ANYFAMPD,Family history of Parkinson's disease,2,recurrent fall,Yes,29,50.9
17,3,583,DXTREMOR,Resting tremor at diagnosis,0,no fall,No,81,20.3
17,3,583,DXTREMOR,Resting tremor at diagnosis,0,no fall,Unknown,12,3.0
17,3,583,DXTREMOR,Resting tremor at diagnosis,0,no fall,Yes,306,76.7
17,3,583,DXTREMOR,Resting tremor at diagnosis,1,rare fall,No,25,19.7
17,3,583,DXTREMOR,Resting tremor at diagnosis,1,rare fall,Unknown,1,0.8
17,3,583,DXTREMOR,Resting tremor at diagnosis,1,rare fall,Yes,101,79.5
17,3,583,DXTREMOR,Resting tremor at diagnosis,2,recurrent fall,No,15,26.3
17,3,583,DXTREMOR,Resting tremor at diagnosis,2,recurrent fall,Yes,42,73.7
17,3,583,DXBRADY,Bradykinesia at diagnosis,0,no fall,No,45,11.3
17,3,583,DXBRADY,Bradykinesia at diagnosis,0,no fall,Unknown,21,5.3
17,3,583,DXBRADY,Bradykinesia at diagnosis,0,no fall,Yes,333,83.5
17,3,583,DXBRADY,Bradykinesia at diagnosis,1,rare fall,No,20,15.7
17,3,583,DXBRADY,Bradykinesia at diagnosis,1,rare fall,Unknown,4,3.1
17,3,583,DXBRADY,Bradykinesia at diagnosis,1,rare fall,Yes,103,81.1
17,3,583,DXBRADY,Bradykinesia at diagnosis,2,recurrent fall,No,12,21.1
17,3,583,DXBRADY,Bradykinesia at diagnosis,2,recurrent fall,Unknown,1,1.8
17,3,583,DXBRADY,Bradykinesia at diagnosis,2,recurrent fall,Yes,44,77.2
17,3,583,DOMSIDE,Predominantly affected side at onset,0,no fall,Left,175,43.9
17,3,583,DOMSIDE,Predominantly affected side at onset,0,no fall,Right,214,53.6
17,3,583,DOMSIDE,Predominantly affected side at onset,0,no fall,Symmetric,5,1.3
17,3,583,DOMSIDE,Predominantly affected side at onset,0,no fall,Unknown,5,1.3
17,3,583,DOMSIDE,Predominantly affected side at onset,1,rare fall,Left,47,37.0
17,3,583,DOMSIDE,Predominantly affected side at onset,1,rare fall,Right,76,59.8
17,3,583,DOMSIDE,Predominantly affected side at onset,1,rare fall,Symmetric,3,2.4
17,3,583,DOMSIDE,Predominantly affected side at onset,1,rare fall,Unknown,1,0.8
17,3,583,DOMSIDE,Predominantly affected side at onset,2,recurrent fall,Left,26,45.6
17,3,583,DOMSIDE,Predominantly affected side at onset,2,recurrent fall,Right,28,49.1
17,3,583,DOMSIDE,Predominantly affected side at onset,2,recurrent fall,Symmetric,2,3.5
17,3,583,DOMSIDE,Predominantly affected side at onset,2,recurrent fall,Unknown,1,1.8
17,4,583,DXPOSINS,Postural instability at diagnosis,0,no fall,<Missing>,1,0.3
17,4,583,DXPOSINS,Postural instability at diagnosis,0,no fall,No,340,85.2
17,4,583,DXPOSINS,Postural instability at diagnosis,0,no fall,Unknown,23,5.8
17,4,583,DXPOSINS,Postural instability at diagnosis,0,no fall,Yes,35,8.8
17,4,583,DXPOSINS,Postural instability at diagnosis,1,rare fall,No,109,85.8
17,4,583,DXPOSINS,Postural instability at diagnosis,1,rare fall,Unknown,8,6.3
17,4,583,DXPOSINS,Postural instability at diagnosis,1,rare fall,Yes,10,7.9
17,4,583,DXPOSINS,Postural instability at diagnosis,2,recurrent fall,No,48,84.2
17,4,583,DXPOSINS,Postural instability at diagnosis,2,recurrent fall,Unknown,1,1.8
17,4,583,DXPOSINS,Postural instability at diagnosis,2,recurrent fall,Yes,8,14.0
17,4,583,DXRIGID,Rigidity at diagnosis,0,no fall,No,89,22.3
17,4,583,DXRIGID,Rigidity at diagnosis,0,no fall,Unknown,31,7.8
17,4,583,DXRIGID,Rigidity at diagnosis,0,no fall,Yes,279,69.9
17,4,583,DXRIGID,Rigidity at diagnosis,1,rare fall,No,25,19.7
17,4,583,DXRIGID,Rigidity at diagnosis,1,rare fall,Unknown,8,6.3
17,4,583,DXRIGID,Rigidity at diagnosis,1,rare fall,Yes,94,74.0
17,4,583,DXRIGID,Rigidity at diagnosis,2,recurrent fall,No,15,26.3
17,4,583,DXRIGID,Rigidity at diagnosis,2,recurrent fall,Unknown,3,5.3
17,4,583,DXRIGID,Rigidity at diagnosis,2,recurrent fall,Yes,39,68.4
17,4,583,DOPTHERST,Dopaminergic therapy started,0,no fall,<Missing>,66,16.5
17,4,583,DOPTHERST,Dopaminergic therapy started,0,no fall,No,68,17.0
17,4,583,DOPTHERST,Dopaminergic therapy started,0,no fall,Yes,265,66.4
17,4,583,DOPTHERST,Dopaminergic therapy started,1,rare fall,<Missing>,30,23.6
17,4,583,DOPTHERST,Dopaminergic therapy started,1,rare fall,No,15,11.8
17,4,583,DOPTHERST,Dopaminergic therapy started,1,rare fall,Yes,82,64.6
17,4,583,DOPTHERST,Dopaminergic therapy started,2,recurrent fall,<Missing>,17,29.8
17,4,583,DOPTHERST,Dopaminergic therapy started,2,recurrent fall,No,3,5.3
17,4,583,DOPTHERST,Dopaminergic therapy started,2,recurrent fall,Yes,37,64.9
17,4,583,FEATPOSHYP,Postural hypotension clinical feature,0,no fall,No,256,64.2
17,4,583,FEATPOSHYP,Postural hypotension clinical feature,0,no fall,Uncertain,11,2.8
17,4,583,FEATPOSHYP,Postural hypotension clinical feature,0,no fall,Yes,132,33.1
17,4,583,FEATPOSHYP,Postural hypotension clinical feature,1,rare fall,No,75,59.1
17,4,583,FEATPOSHYP,Postural hypotension clinical feature,1,rare fall,Uncertain,4,3.1
17,4,583,FEATPOSHYP,Postural hypotension clinical feature,1,rare fall,Yes,48,37.8
17,4,583,FEATPOSHYP,Postural hypotension clinical feature,2,recurrent fall,No,30,52.6
17,4,583,FEATPOSHYP,Postural hypotension clinical feature,2,recurrent fall,Uncertain,1,1.8
17,4,583,FEATPOSHYP,Postural hypotension clinical feature,2,recurrent fall,Yes,26,45.6
17,4,583,ANYFAMPD,Family history of Parkinson's disease,0,no fall,<Missing>,15,3.8
17,4,583,ANYFAMPD,Family history of Parkinson's disease,0,no fall,No,242,60.7
17,4,583,ANYFAMPD,Family history of Parkinson's disease,0,no fall,Yes,142,35.6
17,4,583,ANYFAMPD,Family history of Parkinson's disease,1,rare fall,<Missing>,12,9.4
17,4,583,ANYFAMPD,Family history of Parkinson's disease,1,rare fall,No,70,55.1
17,4,583,ANYFAMPD,Family history of Parkinson's disease,1,rare fall,Yes,45,35.4
17,4,583,ANYFAMPD,Family history of Parkinson's disease,2,recurrent fall,<Missing>,8,14.0
17,4,583,ANYFAMPD,Family history of Parkinson's disease,2,recurrent fall,No,23,40.4
17,4,583,ANYFAMPD,Family history of Parkinson's disease,2,recurrent fall,Yes,26,45.6
17,4,583,DXTREMOR,Resting tremor at diagnosis,0,no fall,No,76,19.0
17,4,583,DXTREMOR,Resting tremor at diagnosis,0,no fall,Unknown,8,2.0
17,4,583,DXTREMOR,Resting tremor at diagnosis,0,no fall,Yes,315,78.9
17,4,583,DXTREMOR,Resting tremor at diagnosis,1,rare fall,No,23,18.1
17,4,583,DXTREMOR,Resting tremor at diagnosis,1,rare fall,Unknown,1,0.8
17,4,583,DXTREMOR,Resting tremor at diagnosis,1,rare fall,Yes,103,81.1
17,4,583,DXTREMOR,Resting tremor at diagnosis,2,recurrent fall,No,14,24.6
17,4,583,DXTREMOR,Resting tremor at diagnosis,2,recurrent fall,Unknown,1,1.8
17,4,583,DXTREMOR,Resting tremor at diagnosis,2,recurrent fall,Yes,42,73.7
17,4,583,DXBRADY,Bradykinesia at diagnosis,0,no fall,No,47,11.8
17,4,583,DXBRADY,Bradykinesia at diagnosis,0,no fall,Unknown,21,5.3
17,4,583,DXBRADY,Bradykinesia at diagnosis,0,no fall,Yes,331,83.0
17,4,583,DXBRADY,Bradykinesia at diagnosis,1,rare fall,No,22,17.3
17,4,583,DXBRADY,Bradykinesia at diagnosis,1,rare fall,Unknown,4,3.1
17,4,583,DXBRADY,Bradykinesia at diagnosis,1,rare fall,Yes,101,79.5
17,4,583,DXBRADY,Bradykinesia at diagnosis,2,recurrent fall,No,12,21.1
17,4,583,DXBRADY,Bradykinesia at diagnosis,2,recurrent fall,Unknown,2,3.5
17,4,583,DXBRADY,Bradykinesia at diagnosis,2,recurrent fall,Yes,43,75.4
17,4,583,DOMSIDE,Predominantly affected side at onset,0,no fall,Left,173,43.4
17,4,583,DOMSIDE,Predominantly affected side at onset,0,no fall,Right,217,54.4
17,4,583,DOMSIDE,Predominantly affected side at onset,0,no fall,Symmetric,5,1.3
17,4,583,DOMSIDE,Predominantly affected side at onset,0,no fall,Unknown,4,1.0
17,4,583,DOMSIDE,Predominantly affected side at onset,1,rare fall,Left,52,40.9
17,4,583,DOMSIDE,Predominantly affected side at onset,1,rare fall,Right,70,55.1
17,4,583,DOMSIDE,Predominantly affected side at onset,1,rare fall,Symmetric,4,3.1
17,4,583,DOMSIDE,Predominantly affected side at onset,1,rare fall,Unknown,1,0.8
17,4,583,DOMSIDE,Predominantly affected side at onset,2,recurrent fall,Left,24,42.1
17,4,583,DOMSIDE,Predominantly affected side at onset,2,recurrent fall,Right,29,50.9
17,4,583,DOMSIDE,Predominantly affected side at onset,2,recurrent fall,Symmetric,2,3.5
17,4,583,DOMSIDE,Predominantly affected side at onset,2,recurrent fall,Unknown,2,3.5
18,0,582,DXPOSINS,Postural instability at diagnosis,0,no fall,<Missing>,1,0.3
18,0,582,DXPOSINS,Postural instability at diagnosis,0,no fall,No,339,85.2
18,0,582,DXPOSINS,Postural instability at diagnosis,0,no fall,Unknown,26,6.5
18,0,582,DXPOSINS,Postural instability at diagnosis,0,no fall,Yes,32,8.0
18,0,582,DXPOSINS,Postural instability at diagnosis,1,rare fall,No,111,87.4
18,0,582,DXPOSINS,Postural instability at diagnosis,1,rare fall,Unknown,5,3.9
18,0,582,DXPOSINS,Postural instability at diagnosis,1,rare fall,Yes,11,8.7
18,0,582,DXPOSINS,Postural instability at diagnosis,2,recurrent fall,No,47,82.5
18,0,582,DXPOSINS,Postural instability at diagnosis,2,recurrent fall,Unknown,1,1.8
18,0,582,DXPOSINS,Postural instability at diagnosis,2,recurrent fall,Yes,9,15.8
18,0,582,DXRIGID,Rigidity at diagnosis,0,no fall,No,83,20.9
18,0,582,DXRIGID,Rigidity at diagnosis,0,no fall,Unknown,31,7.8
18,0,582,DXRIGID,Rigidity at diagnosis,0,no fall,Yes,284,71.4
18,0,582,DXRIGID,Rigidity at diagnosis,1,rare fall,No,27,21.3
18,0,582,DXRIGID,Rigidity at diagnosis,1,rare fall,Unknown,5,3.9
18,0,582,DXRIGID,Rigidity at diagnosis,1,rare fall,Yes,95,74.8
18,0,582,DXRIGID,Rigidity at diagnosis,2,recurrent fall,No,12,21.1
18,0,582,DXRIGID,Rigidity at diagnosis,2,recurrent fall,Unknown,2,3.5
18,0,582,DXRIGID,Rigidity at diagnosis,2,recurrent fall,Yes,43,75.4
18,0,582,DOPTHERST,Dopaminergic therapy started,0,no fall,<Missing>,64,16.1
18,0,582,DOPTHERST,Dopaminergic therapy started,0,no fall,No,71,17.8
18,0,582,DOPTHERST,Dopaminergic therapy started,0,no fall,Yes,263,66.1
18,0,582,DOPTHERST,Dopaminergic therapy started,1,rare fall,<Missing>,30,23.6
18,0,582,DOPTHERST,Dopaminergic therapy started,1,rare fall,No,14,11.0
18,0,582,DOPTHERST,Dopaminergic therapy started,1,rare fall,Yes,83,65.4
18,0,582,DOPTHERST,Dopaminergic therapy started,2,recurrent fall,<Missing>,21,36.8
18,0,582,DOPTHERST,Dopaminergic therapy started,2,recurrent fall,No,2,3.5
18,0,582,DOPTHERST,Dopaminergic therapy started,2,recurrent fall,Yes,34,59.6
18,0,582,FEATPOSHYP,Postural hypotension clinical feature,0,no fall,No,255,64.1
18,0,582,FEATPOSHYP,Postural hypotension clinical feature,0,no fall,Uncertain,8,2.0
18,0,582,FEATPOSHYP,Postural hypotension clinical feature,0,no fall,Yes,135,33.9
18,0,582,FEATPOSHYP,Postural hypotension clinical feature,1,rare fall,No,83,65.4
18,0,582,FEATPOSHYP,Postural hypotension clinical feature,1,rare fall,Uncertain,3,2.4
18,0,582,FEATPOSHYP,Postural hypotension clinical feature,1,rare fall,Yes,41,32.3
18,0,582,FEATPOSHYP,Postural hypotension clinical feature,2,recurrent fall,No,27,47.4
18,0,582,FEATPOSHYP,Postural hypotension clinical feature,2,recurrent fall,Uncertain,1,1.8
18,0,582,FEATPOSHYP,Postural hypotension clinical feature,2,recurrent fall,Yes,29,50.9
18,0,582,ANYFAMPD,Family history of Parkinson's disease,0,no fall,<Missing>,10,2.5
18,0,582,ANYFAMPD,Family history of Parkinson's disease,0,no fall,No,236,59.3
18,0,582,ANYFAMPD,Family history of Parkinson's disease,0,no fall,Yes,152,38.2
18,0,582,ANYFAMPD,Family history of Parkinson's disease,1,rare fall,<Missing>,11,8.7
18,0,582,ANYFAMPD,Family history of Parkinson's disease,1,rare fall,No,72,56.7
18,0,582,ANYFAMPD,Family history of Parkinson's disease,1,rare fall,Yes,44,34.6
18,0,582,ANYFAMPD,Family history of Parkinson's disease,2,recurrent fall,<Missing>,8,14.0
18,0,582,ANYFAMPD,Family history of Parkinson's disease,2,recurrent fall,No,28,49.1
18,0,582,ANYFAMPD,Family history of Parkinson's disease,2,recurrent fall,Yes,21,36.8
18,0,582,DXTREMOR,Resting tremor at diagnosis,0,no fall,No,77,19.3
18,0,582,DXTREMOR,Resting tremor at diagnosis,0,no fall,Unknown,11,2.8
18,0,582,DXTREMOR,Resting tremor at diagnosis,0,no fall,Yes,310,77.9
18,0,582,DXTREMOR,Resting tremor at diagnosis,1,rare fall,No,25,19.7
18,0,582,DXTREMOR,Resting tremor at diagnosis,1,rare fall,Unknown,2,1.6
18,0,582,DXTREMOR,Resting tremor at diagnosis,1,rare fall,Yes,100,78.7
18,0,582,DXTREMOR,Resting tremor at diagnosis,2,recurrent fall,No,11,19.3
18,0,582,DXTREMOR,Resting tremor at diagnosis,2,recurrent fall,Yes,46,80.7
18,0,582,DXBRADY,Bradykinesia at diagnosis,0,no fall,No,57,14.3
18,0,582,DXBRADY,Bradykinesia at diagnosis,0,no fall,Unknown,20,5.0
18,0,582,DXBRADY,Bradykinesia at diagnosis,0,no fall,Yes,321,80.7
18,0,582,DXBRADY,Bradykinesia at diagnosis,1,rare fall,No,21,16.5
18,0,582,DXBRADY,Bradykinesia at diagnosis,1,rare fall,Unknown,5,3.9
18,0,582,DXBRADY,Bradykinesia at diagnosis,1,rare fall,Yes,101,79.5
18,0,582,DXBRADY,Bradykinesia at diagnosis,2,recurrent fall,No,10,17.5
18,0,582,DXBRADY,Bradykinesia at diagnosis,2,recurrent fall,Yes,47,82.5
18,0,582,DOMSIDE,Predominantly affected side at onset,0,no fall,Left,175,44.0
18,0,582,DOMSIDE,Predominantly affected side at onset,0,no fall,Right,214,53.8
18,0,582,DOMSIDE,Predominantly affected side at onset,0,no fall,Symmetric,6,1.5
18,0,582,DOMSIDE,Predominantly affected side at onset,0,no fall,Unknown,3,0.8
18,0,582,DOMSIDE,Predominantly affected side at onset,1,rare fall,Left,53,41.7
18,0,582,DOMSIDE,Predominantly affected side at onset,1,rare fall,Right,71,55.9
18,0,582,DOMSIDE,Predominantly affected side at onset,1,rare fall,Symmetric,2,1.6
18,0,582,DOMSIDE,Predominantly affected side at onset,1,rare fall,Unknown,1,0.8
18,0,582,DOMSIDE,Predominantly affected side at onset,2,recurrent fall,Left,29,50.9
18,0,582,DOMSIDE,Predominantly affected side at onset,2,recurrent fall,Right,27,47.4
18,0,582,DOMSIDE,Predominantly affected side at onset,2,recurrent fall,Symmetric,1,1.8
18,1,582,DXPOSINS,Postural instability at diagnosis,0,no fall,No,346,86.9
18,1,582,DXPOSINS,Postural instability at diagnosis,0,no fall,Unknown,18,4.5
18,1,582,DXPOSINS,Postural instability at diagnosis,0,no fall,Yes,34,8.5
18,1,582,DXPOSINS,Postural instability at diagnosis,1,rare fall,No,107,84.3
18,1,582,DXPOSINS,Postural instability at diagnosis,1,rare fall,Unknown,7,5.5
18,1,582,DXPOSINS,Postural instability at diagnosis,1,rare fall,Yes,13,10.2
18,1,582,DXPOSINS,Postural instability at diagnosis,2,recurrent fall,No,44,77.2
18,1,582,DXPOSINS,Postural instability at diagnosis,2,recurrent fall,Unknown,1,1.8
18,1,582,DXPOSINS,Postural instability at diagnosis,2,recurrent fall,Yes,12,21.1
18,1,582,DXRIGID,Rigidity at diagnosis,0,no fall,No,78,19.6
18,1,582,DXRIGID,Rigidity at diagnosis,0,no fall,Unknown,27,6.8
18,1,582,DXRIGID,Rigidity at diagnosis,0,no fall,Yes,293,73.6
18,1,582,DXRIGID,Rigidity at diagnosis,1,rare fall,No,27,21.3
18,1,582,DXRIGID,Rigidity at diagnosis,1,rare fall,Unknown,6,4.7
18,1,582,DXRIGID,Rigidity at diagnosis,1,rare fall,Yes,94,74.0
18,1,582,DXRIGID,Rigidity at diagnosis,2,recurrent fall,No,11,19.3
18,1,582,DXRIGID,Rigidity at diagnosis,2,recurrent fall,Unknown,2,3.5
18,1,582,DXRIGID,Rigidity at diagnosis,2,recurrent fall,Yes,44,77.2
18,1,582,DOPTHERST,Dopaminergic therapy started,0,no fall,<Missing>,68,17.1
18,1,582,DOPTHERST,Dopaminergic therapy started,0,no fall,No,68,17.1
18,1,582,DOPTHERST,Dopaminergic therapy started,0,no fall,Yes,262,65.8
18,1,582,DOPTHERST,Dopaminergic therapy started,1,rare fall,<Missing>,37,29.1
18,1,582,DOPTHERST,Dopaminergic therapy started,1,rare fall,No,11,8.7
18,1,582,DOPTHERST,Dopaminergic therapy started,1,rare fall,Yes,79,62.2
18,1,582,DOPTHERST,Dopaminergic therapy started,2,recurrent fall,<Missing>,18,31.6
18,1,582,DOPTHERST,Dopaminergic therapy started,2,recurrent fall,No,3,5.3
18,1,582,DOPTHERST,Dopaminergic therapy started,2,recurrent fall,Yes,36,63.2
18,1,582,FEATPOSHYP,Postural hypotension clinical feature,0,no fall,No,258,64.8
18,1,582,FEATPOSHYP,Postural hypotension clinical feature,0,no fall,Uncertain,8,2.0
18,1,582,FEATPOSHYP,Postural hypotension clinical feature,0,no fall,Yes,132,33.2
18,1,582,FEATPOSHYP,Postural hypotension clinical feature,1,rare fall,No,74,58.3
18,1,582,FEATPOSHYP,Postural hypotension clinical feature,1,rare fall,Uncertain,3,2.4
18,1,582,FEATPOSHYP,Postural hypotension clinical feature,1,rare fall,Yes,50,39.4
18,1,582,FEATPOSHYP,Postural hypotension clinical feature,2,recurrent fall,No,32,56.1
18,1,582,FEATPOSHYP,Postural hypotension clinical feature,2,recurrent fall,Uncertain,1,1.8
18,1,582,FEATPOSHYP,Postural hypotension clinical feature,2,recurrent fall,Yes,24,42.1
18,1,582,ANYFAMPD,Family history of Parkinson's disease,0,no fall,<Missing>,15,3.8
18,1,582,ANYFAMPD,Family history of Parkinson's disease,0,no fall,No,238,59.8
18,1,582,ANYFAMPD,Family history of Parkinson's disease,0,no fall,Yes,145,36.4
18,1,582,ANYFAMPD,Family history of Parkinson's disease,1,rare fall,<Missing>,16,12.6
18,1,582,ANYFAMPD,Family history of Parkinson's disease,1,rare fall,No,70,55.1
18,1,582,ANYFAMPD,Family history of Parkinson's disease,1,rare fall,Yes,41,32.3
18,1,582,ANYFAMPD,Family history of Parkinson's disease,2,recurrent fall,<Missing>,5,8.8
18,1,582,ANYFAMPD,Family history of Parkinson's disease,2,recurrent fall,No,31,54.4
18,1,582,ANYFAMPD,Family history of Parkinson's disease,2,recurrent fall,Yes,21,36.8
18,1,582,DXTREMOR,Resting tremor at diagnosis,0,no fall,No,80,20.1
18,1,582,DXTREMOR,Resting tremor at diagnosis,0,no fall,Unknown,9,2.3
18,1,582,DXTREMOR,Resting tremor at diagnosis,0,no fall,Yes,309,77.6
18,1,582,DXTREMOR,Resting tremor at diagnosis,1,rare fall,No,28,22.0
18,1,582,DXTREMOR,Resting tremor at diagnosis,1,rare fall,Unknown,1,0.8
18,1,582,DXTREMOR,Resting tremor at diagnosis,1,rare fall,Yes,98,77.2
18,1,582,DXTREMOR,Resting tremor at diagnosis,2,recurrent fall,No,12,21.1
18,1,582,DXTREMOR,Resting tremor at diagnosis,2,recurrent fall,Yes,45,78.9
18,1,582,DXBRADY,Bradykinesia at diagnosis,0,no fall,No,59,14.8
18,1,582,DXBRADY,Bradykinesia at diagnosis,0,no fall,Unknown,21,5.3
18,1,582,DXBRADY,Bradykinesia at diagnosis,0,no fall,Yes,318,79.9
18,1,582,DXBRADY,Bradykinesia at diagnosis,1,rare fall,No,17,13.4
18,1,582,DXBRADY,Bradykinesia at diagnosis,1,rare fall,Unknown,4,3.1
18,1,582,DXBRADY,Bradykinesia at diagnosis,1,rare fall,Yes,106,83.5
18,1,582,DXBRADY,Bradykinesia at diagnosis,2,recurrent fall,No,9,15.8
18,1,582,DXBRADY,Bradykinesia at diagnosis,2,recurrent fall,Yes,48,84.2
18,1,582,DOMSIDE,Predominantly affected side at onset,0,no fall,Left,166,41.7
18,1,582,DOMSIDE,Predominantly affected side at onset,0,no fall,Right,223,56.0
18,1,582,DOMSIDE,Predominantly affected side at onset,0,no fall,Symmetric,6,1.5
18,1,582,DOMSIDE,Predominantly affected side at onset,0,no fall,Unknown,3,0.8
18,1,582,DOMSIDE,Predominantly affected side at onset,1,rare fall,Left,54,42.5
18,1,582,DOMSIDE,Predominantly affected side at onset,1,rare fall,Right,70,55.1
18,1,582,DOMSIDE,Predominantly affected side at onset,1,rare fall,Symmetric,2,1.6
18,1,582,DOMSIDE,Predominantly affected side at onset,1,rare fall,Unknown,1,0.8
18,1,582,DOMSIDE,Predominantly affected side at onset,2,recurrent fall,Left,30,52.6
18,1,582,DOMSIDE,Predominantly affected side at onset,2,recurrent fall,Right,26,45.6
18,1,582,DOMSIDE,Predominantly affected side at onset,2,recurrent fall,Symmetric,1,1.8
18,2,582,DXPOSINS,Postural instability at diagnosis,0,no fall,<Missing>,1,0.3
18,2,582,DXPOSINS,Postural instability at diagnosis,0,no fall,No,345,86.7
18,2,582,DXPOSINS,Postural instability at diagnosis,0,no fall,Unknown,22,5.5
18,2,582,DXPOSINS,Postural instability at diagnosis,0,no fall,Yes,30,7.5
18,2,582,DXPOSINS,Postural instability at diagnosis,1,rare fall,No,114,89.1
18,2,582,DXPOSINS,Postural instability at diagnosis,1,rare fall,Unknown,6,4.7
18,2,582,DXPOSINS,Postural instability at diagnosis,1,rare fall,Yes,8,6.2
18,2,582,DXPOSINS,Postural instability at diagnosis,2,recurrent fall,No,47,83.9
18,2,582,DXPOSINS,Postural instability at diagnosis,2,recurrent fall,Unknown,1,1.8
18,2,582,DXPOSINS,Postural instability at diagnosis,2,recurrent fall,Yes,8,14.3
18,2,582,DXRIGID,Rigidity at diagnosis,0,no fall,No,77,19.3
18,2,582,DXRIGID,Rigidity at diagnosis,0,no fall,Unknown,30,7.5
18,2,582,DXRIGID,Rigidity at diagnosis,0,no fall,Yes,291,73.1
18,2,582,DXRIGID,Rigidity at diagnosis,1,rare fall,No,29,22.7
18,2,582,DXRIGID,Rigidity at diagnosis,1,rare fall,Unknown,5,3.9
18,2,582,DXRIGID,Rigidity at diagnosis,1,rare fall,Yes,94,73.4
18,2,582,DXRIGID,Rigidity at diagnosis,2,recurrent fall,No,13,23.2
18,2,582,DXRIGID,Rigidity at diagnosis,2,recurrent fall,Unknown,1,1.8
18,2,582,DXRIGID,Rigidity at diagnosis,2,recurrent fall,Yes,42,75.0
18,2,582,DOPTHERST,Dopaminergic therapy started,0,no fall,<Missing>,67,16.8
18,2,582,DOPTHERST,Dopaminergic therapy started,0,no fall,No,76,19.1
18,2,582,DOPTHERST,Dopaminergic therapy started,0,no fall,Yes,255,64.1
18,2,582,DOPTHERST,Dopaminergic therapy started,1,rare fall,<Missing>,29,22.7
18,2,582,DOPTHERST,Dopaminergic therapy started,1,rare fall,No,15,11.7
18,2,582,DOPTHERST,Dopaminergic therapy started,1,rare fall,Yes,84,65.6
18,2,582,DOPTHERST,Dopaminergic therapy started,2,recurrent fall,<Missing>,17,30.4
18,2,582,DOPTHERST,Dopaminergic therapy started,2,recurrent fall,No,2,3.6
18,2,582,DOPTHERST,Dopaminergic therapy started,2,recurrent fall,Yes,37,66.1
18,2,582,FEATPOSHYP,Postural hypotension clinical feature,0,no fall,No,255,64.1
18,2,582,FEATPOSHYP,Postural hypotension clinical feature,0,no fall,Uncertain,9,2.3
18,2,582,FEATPOSHYP,Postural hypotension clinical feature,0,no fall,Yes,134,33.7
18,2,582,FEATPOSHYP,Postural hypotension clinical feature,1,rare fall,No,75,58.6
18,2,582,FEATPOSHYP,Postural hypotension clinical feature,1,rare fall,Uncertain,2,1.6
18,2,582,FEATPOSHYP,Postural hypotension clinical feature,1,rare fall,Yes,51,39.8
18,2,582,FEATPOSHYP,Postural hypotension clinical feature,2,recurrent fall,No,30,53.6
18,2,582,FEATPOSHYP,Postural hypotension clinical feature,2,recurrent fall,Uncertain,1,1.8
18,2,582,FEATPOSHYP,Postural hypotension clinical feature,2,recurrent fall,Yes,25,44.6
18,2,582,ANYFAMPD,Family history of Parkinson's disease,0,no fall,<Missing>,14,3.5
18,2,582,ANYFAMPD,Family history of Parkinson's disease,0,no fall,No,239,60.1
18,2,582,ANYFAMPD,Family history of Parkinson's disease,0,no fall,Yes,145,36.4
18,2,582,ANYFAMPD,Family history of Parkinson's disease,1,rare fall,<Missing>,13,10.2
18,2,582,ANYFAMPD,Family history of Parkinson's disease,1,rare fall,No,70,54.7
18,2,582,ANYFAMPD,Family history of Parkinson's disease,1,rare fall,Yes,45,35.2
18,2,582,ANYFAMPD,Family history of Parkinson's disease,2,recurrent fall,<Missing>,6,10.7
18,2,582,ANYFAMPD,Family history of Parkinson's disease,2,recurrent fall,No,25,44.6
18,2,582,ANYFAMPD,Family history of Parkinson's disease,2,recurrent fall,Yes,25,44.6
18,2,582,DXTREMOR,Resting tremor at diagnosis,0,no fall,No,84,21.1
18,2,582,DXTREMOR,Resting tremor at diagnosis,0,no fall,Unknown,8,2.0
18,2,582,DXTREMOR,Resting tremor at diagnosis,0,no fall,Yes,306,76.9
18,2,582,DXTREMOR,Resting tremor at diagnosis,1,rare fall,No,23,18.0
18,2,582,DXTREMOR,Resting tremor at diagnosis,1,rare fall,Unknown,2,1.6
18,2,582,DXTREMOR,Resting tremor at diagnosis,1,rare fall,Yes,103,80.5
18,2,582,DXTREMOR,Resting tremor at diagnosis,2,recurrent fall,No,16,28.6
18,2,582,DXTREMOR,Resting tremor at diagnosis,2,recurrent fall,Yes,40,71.4
18,2,582,DXBRADY,Bradykinesia at diagnosis,0,no fall,No,53,13.3
18,2,582,DXBRADY,Bradykinesia at diagnosis,0,no fall,Unknown,21,5.3
18,2,582,DXBRADY,Bradykinesia at diagnosis,0,no fall,Yes,324,81.4
18,2,582,DXBRADY,Bradykinesia at diagnosis,1,rare fall,No,23,18.0
18,2,582,DXBRADY,Bradykinesia at diagnosis,1,rare fall,Unknown,4,3.1
18,2,582,DXBRADY,Bradykinesia at diagnosis,1,rare fall,Yes,101,78.9
18,2,582,DXBRADY,Bradykinesia at diagnosis,2,recurrent fall,No,9,16.1
18,2,582,DXBRADY,Bradykinesia at diagnosis,2,recurrent fall,Yes,47,83.9
18,2,582,DOMSIDE,Predominantly affected side at onset,0,no fall,Left,168,42.2
18,2,582,DOMSIDE,Predominantly affected side at onset,0,no fall,Right,222,55.8
18,2,582,DOMSIDE,Predominantly affected side at onset,0,no fall,Symmetric,4,1.0
18,2,582,DOMSIDE,Predominantly affected side at onset,0,no fall,Unknown,4,1.0
18,2,582,DOMSIDE,Predominantly affected side at onset,1,rare fall,Left,56,43.8
18,2,582,DOMSIDE,Predominantly affected side at onset,1,rare fall,Right,69,53.9
18,2,582,DOMSIDE,Predominantly affected side at onset,1,rare fall,Symmetric,2,1.6
18,2,582,DOMSIDE,Predominantly affected side at onset,1,rare fall,Unknown,1,0.8
18,2,582,DOMSIDE,Predominantly affected side at onset,2,recurrent fall,Left,23,41.1
18,2,582,DOMSIDE,Predominantly affected side at onset,2,recurrent fall,Right,32,57.1
18,2,582,DOMSIDE,Predominantly affected side at onset,2,recurrent fall,Symmetric,1,1.8
18,3,583,DXPOSINS,Postural instability at diagnosis,0,no fall,<Missing>,1,0.3
18,3,583,DXPOSINS,Postural instability at diagnosis,0,no fall,No,340,85.2
18,3,583,DXPOSINS,Postural instability at diagnosis,0,no fall,Unknown,26,6.5
18,3,583,DXPOSINS,Postural instability at diagnosis,0,no fall,Yes,32,8.0
18,3,583,DXPOSINS,Postural instability at diagnosis,1,rare fall,No,107,84.3
18,3,583,DXPOSINS,Postural instability at diagnosis,1,rare fall,Unknown,6,4.7
18,3,583,DXPOSINS,Postural instability at diagnosis,1,rare fall,Yes,14,11.0
18,3,583,DXPOSINS,Postural instability at diagnosis,2,recurrent fall,No,48,84.2
18,3,583,DXPOSINS,Postural instability at diagnosis,2,recurrent fall,Yes,9,15.8
18,3,583,DXRIGID,Rigidity at diagnosis,0,no fall,No,86,21.6
18,3,583,DXRIGID,Rigidity at diagnosis,0,no fall,Unknown,35,8.8
18,3,583,DXRIGID,Rigidity at diagnosis,0,no fall,Yes,278,69.7
18,3,583,DXRIGID,Rigidity at diagnosis,1,rare fall,No,31,24.4
18,3,583,DXRIGID,Rigidity at diagnosis,1,rare fall,Unknown,5,3.9
18,3,583,DXRIGID,Rigidity at diagnosis,1,rare fall,Yes,91,71.7
18,3,583,DXRIGID,Rigidity at diagnosis,2,recurrent fall,No,15,26.3
18,3,583,DXRIGID,Rigidity at diagnosis,2,recurrent fall,Unknown,2,3.5
18,3,583,DXRIGID,Rigidity at diagnosis,2,recurrent fall,Yes,40,70.2
18,3,583,DOPTHERST,Dopaminergic therapy started,0,no fall,<Missing>,69,17.3
18,3,583,DOPTHERST,Dopaminergic therapy started,0,no fall,No,76,19.0
18,3,583,DOPTHERST,Dopaminergic therapy started,0,no fall,Yes,254,63.7
18,3,583,DOPTHERST,Dopaminergic therapy started,1,rare fall,<Missing>,34,26.8
18,3,583,DOPTHERST,Dopaminergic therapy started,1,rare fall,No,13,10.2
18,3,583,DOPTHERST,Dopaminergic therapy started,1,rare fall,Yes,80,63.0
18,3,583,DOPTHERST,Dopaminergic therapy started,2,recurrent fall,<Missing>,17,29.8
18,3,583,DOPTHERST,Dopaminergic therapy started,2,recurrent fall,No,2,3.5
18,3,583,DOPTHERST,Dopaminergic therapy started,2,recurrent fall,Yes,38,66.7
18,3,583,FEATPOSHYP,Postural hypotension clinical feature,0,no fall,No,265,66.4
18,3,583,FEATPOSHYP,Postural hypotension clinical feature,0,no fall,Uncertain,6,1.5
18,3,583,FEATPOSHYP,Postural hypotension clinical feature,0,no fall,Yes,128,32.1
18,3,583,FEATPOSHYP,Postural hypotension clinical feature,1,rare fall,No,75,59.1
18,3,583,FEATPOSHYP,Postural hypotension clinical feature,1,rare fall,Uncertain,2,1.6
18,3,583,FEATPOSHYP,Postural hypotension clinical feature,1,rare fall,Yes,50,39.4
18,3,583,FEATPOSHYP,Postural hypotension clinical feature,2,recurrent fall,No,30,52.6
18,3,583,FEATPOSHYP,Postural hypotension clinical feature,2,recurrent fall,Uncertain,1,1.8
18,3,583,FEATPOSHYP,Postural hypotension clinical feature,2,recurrent fall,Yes,26,45.6
18,3,583,ANYFAMPD,Family history of Parkinson's disease,0,no fall,<Missing>,14,3.5
18,3,583,ANYFAMPD,Family history of Parkinson's disease,0,no fall,No,237,59.4
18,3,583,ANYFAMPD,Family history of Parkinson's disease,0,no fall,Yes,148,37.1
18,3,583,ANYFAMPD,Family history of Parkinson's disease,1,rare fall,<Missing>,15,11.8
18,3,583,ANYFAMPD,Family history of Parkinson's disease,1,rare fall,No,69,54.3
18,3,583,ANYFAMPD,Family history of Parkinson's disease,1,rare fall,Yes,43,33.9
18,3,583,ANYFAMPD,Family history of Parkinson's disease,2,recurrent fall,<Missing>,7,12.3
18,3,583,ANYFAMPD,Family history of Parkinson's disease,2,recurrent fall,No,25,43.9
18,3,583,ANYFAMPD,Family history of Parkinson's disease,2,recurrent fall,Yes,25,43.9
18,3,583,DXTREMOR,Resting tremor at diagnosis,0,no fall,No,79,19.8
18,3,583,DXTREMOR,Resting tremor at diagnosis,0,no fall,Unknown,9,2.3
18,3,583,DXTREMOR,Resting tremor at diagnosis,0,no fall,Yes,311,77.9
18,3,583,DXTREMOR,Resting tremor at diagnosis,1,rare fall,No,23,18.1
18,3,583,DXTREMOR,Resting tremor at diagnosis,1,rare fall,Unknown,2,1.6
18,3,583,DXTREMOR,Resting tremor at diagnosis,1,rare fall,Yes,102,80.3
18,3,583,DXTREMOR,Resting tremor at diagnosis,2,recurrent fall,No,14,24.6
18,3,583,DXTREMOR,Resting tremor at diagnosis,2,recurrent fall,Yes,43,75.4
18,3,583,DXBRADY,Bradykinesia at diagnosis,0,no fall,No,47,11.8
18,3,583,DXBRADY,Bradykinesia at diagnosis,0,no fall,Unknown,26,6.5
18,3,583,DXBRADY,Bradykinesia at diagnosis,0,no fall,Yes,326,81.7
18,3,583,DXBRADY,Bradykinesia at diagnosis,1,rare fall,No,24,18.9
18,3,583,DXBRADY,Bradykinesia at diagnosis,1,rare fall,Unknown,5,3.9
18,3,583,DXBRADY,Bradykinesia at diagnosis,1,rare fall,Yes,98,77.2
18,3,583,DXBRADY,Bradykinesia at diagnosis,2,recurrent fall,No,11,19.3
18,3,583,DXBRADY,Bradykinesia at diagnosis,2,recurrent fall,Yes,46,80.7
18,3,583,DOMSIDE,Predominantly affected side at onset,0,no fall,Left,171,42.9
18,3,583,DOMSIDE,Predominantly affected side at onset,0,no fall,Right,218,54.6
18,3,583,DOMSIDE,Predominantly affected side at onset,0,no fall,Symmetric,5,1.3
18,3,583,DOMSIDE,Predominantly affected side at onset,0,no fall,Unknown,5,1.3
18,3,583,DOMSIDE,Predominantly affected side at onset,1,rare fall,Left,55,43.3
18,3,583,DOMSIDE,Predominantly affected side at onset,1,rare fall,Right,70,55.1
18,3,583,DOMSIDE,Predominantly affected side at onset,1,rare fall,Symmetric,1,0.8
18,3,583,DOMSIDE,Predominantly affected side at onset,1,rare fall,Unknown,1,0.8
18,3,583,DOMSIDE,Predominantly affected side at onset,2,recurrent fall,Left,31,54.4
18,3,583,DOMSIDE,Predominantly affected side at onset,2,recurrent fall,Right,26,45.6
18,4,583,DXPOSINS,Postural instability at diagnosis,0,no fall,<Missing>,1,0.3
18,4,583,DXPOSINS,Postural instability at diagnosis,0,no fall,No,346,86.7
18,4,583,DXPOSINS,Postural instability at diagnosis,0,no fall,Unknown,24,6.0
18,4,583,DXPOSINS,Postural instability at diagnosis,0,no fall,Yes,28,7.0
18,4,583,DXPOSINS,Postural instability at diagnosis,1,rare fall,No,109,85.8
18,4,583,DXPOSINS,Postural instability at diagnosis,1,rare fall,Unknown,8,6.3
18,4,583,DXPOSINS,Postural instability at diagnosis,1,rare fall,Yes,10,7.9
18,4,583,DXPOSINS,Postural instability at diagnosis,2,recurrent fall,No,46,80.7
18,4,583,DXPOSINS,Postural instability at diagnosis,2,recurrent fall,Unknown,1,1.8
18,4,583,DXPOSINS,Postural instability at diagnosis,2,recurrent fall,Yes,10,17.5
18,4,583,DXRIGID,Rigidity at diagnosis,0,no fall,No,80,20.1
18,4,583,DXRIGID,Rigidity at diagnosis,0,no fall,Unknown,33,8.3
18,4,583,DXRIGID,Rigidity at diagnosis,0,no fall,Yes,286,71.7
18,4,583,DXRIGID,Rigidity at diagnosis,1,rare fall,No,30,23.6
18,4,583,DXRIGID,Rigidity at diagnosis,1,rare fall,Unknown,7,5.5
18,4,583,DXRIGID,Rigidity at diagnosis,1,rare fall,Yes,90,70.9
18,4,583,DXRIGID,Rigidity at diagnosis,2,recurrent fall,No,13,22.8
18,4,583,DXRIGID,Rigidity at diagnosis,2,recurrent fall,Unknown,1,1.8
18,4,583,DXRIGID,Rigidity at diagnosis,2,recurrent fall,Yes,43,75.4
18,4,583,DOPTHERST,Dopaminergic therapy started,0,no fall,<Missing>,64,16.0
18,4,583,DOPTHERST,Dopaminergic therapy started,0,no fall,No,65,16.3
18,4,583,DOPTHERST,Dopaminergic therapy started,0,no fall,Yes,270,67.7
18,4,583,DOPTHERST,Dopaminergic therapy started,1,rare fall,<Missing>,30,23.6
18,4,583,DOPTHERST,Dopaminergic therapy started,1,rare fall,No,15,11.8
18,4,583,DOPTHERST,Dopaminergic therapy started,1,rare fall,Yes,82,64.6
18,4,583,DOPTHERST,Dopaminergic therapy started,2,recurrent fall,<Missing>,15,26.3
18,4,583,DOPTHERST,Dopaminergic therapy started,2,recurrent fall,No,3,5.3
18,4,583,DOPTHERST,Dopaminergic therapy started,2,recurrent fall,Yes,39,68.4
18,4,583,FEATPOSHYP,Postural hypotension clinical feature,0,no fall,No,259,64.9
18,4,583,FEATPOSHYP,Postural hypotension clinical feature,0,no fall,Uncertain,9,2.3
18,4,583,FEATPOSHYP,Postural hypotension clinical feature,0,no fall,Yes,131,32.8
18,4,583,FEATPOSHYP,Postural hypotension clinical feature,1,rare fall,No,73,57.5
18,4,583,FEATPOSHYP,Postural hypotension clinical feature,1,rare fall,Uncertain,2,1.6
18,4,583,FEATPOSHYP,Postural hypotension clinical feature,1,rare fall,Yes,52,40.9
18,4,583,FEATPOSHYP,Postural hypotension clinical feature,2,recurrent fall,No,33,57.9
18,4,583,FEATPOSHYP,Postural hypotension clinical feature,2,recurrent fall,Yes,24,42.1
18,4,583,ANYFAMPD,Family history of Parkinson's disease,0,no fall,<Missing>,11,2.8
18,4,583,ANYFAMPD,Family history of Parkinson's disease,0,no fall,No,242,60.7
18,4,583,ANYFAMPD,Family history of Parkinson's disease,0,no fall,Yes,146,36.6
18,4,583,ANYFAMPD,Family history of Parkinson's disease,1,rare fall,<Missing>,13,10.2
18,4,583,ANYFAMPD,Family history of Parkinson's disease,1,rare fall,No,75,59.1
18,4,583,ANYFAMPD,Family history of Parkinson's disease,1,rare fall,Yes,39,30.7
18,4,583,ANYFAMPD,Family history of Parkinson's disease,2,recurrent fall,<Missing>,6,10.5
18,4,583,ANYFAMPD,Family history of Parkinson's disease,2,recurrent fall,No,27,47.4
18,4,583,ANYFAMPD,Family history of Parkinson's disease,2,recurrent fall,Yes,24,42.1
18,4,583,DXTREMOR,Resting tremor at diagnosis,0,no fall,No,76,19.0
18,4,583,DXTREMOR,Resting tremor at diagnosis,0,no fall,Unknown,11,2.8
18,4,583,DXTREMOR,Resting tremor at diagnosis,0,no fall,Yes,312,78.2
18,4,583,DXTREMOR,Resting tremor at diagnosis,1,rare fall,No,21,16.5
18,4,583,DXTREMOR,Resting tremor at diagnosis,1,rare fall,Unknown,1,0.8
18,4,583,DXTREMOR,Resting tremor at diagnosis,1,rare fall,Yes,105,82.7
18,4,583,DXTREMOR,Resting tremor at diagnosis,2,recurrent fall,No,15,26.3
18,4,583,DXTREMOR,Resting tremor at diagnosis,2,recurrent fall,Yes,42,73.7
18,4,583,DXBRADY,Bradykinesia at diagnosis,0,no fall,No,56,14.0
18,4,583,DXBRADY,Bradykinesia at diagnosis,0,no fall,Unknown,24,6.0
18,4,583,DXBRADY,Bradykinesia at diagnosis,0,no fall,Yes,319,79.9
18,4,583,DXBRADY,Bradykinesia at diagnosis,1,rare fall,No,23,18.1
18,4,583,DXBRADY,Bradykinesia at diagnosis,1,rare fall,Unknown,6,4.7
18,4,583,DXBRADY,Bradykinesia at diagnosis,1,rare fall,Yes,98,77.2
18,4,583,DXBRADY,Bradykinesia at diagnosis,2,recurrent fall,No,9,15.8
18,4,583,DXBRADY,Bradykinesia at diagnosis,2,recurrent fall,Yes,48,84.2
18,4,583,DOMSIDE,Predominantly affected side at onset,0,no fall,Left,176,44.1
18,4,583,DOMSIDE,Predominantly affected side at onset,0,no fall,Right,215,53.9
18,4,583,DOMSIDE,Predominantly affected side at onset,0,no fall,Symmetric,3,0.8
18,4,583,DOMSIDE,Predominantly affected side at onset,0,no fall,Unknown,5,1.3
18,4,583,DOMSIDE,Predominantly affected side at onset,1,rare fall,Left,50,39.4
18,4,583,DOMSIDE,Predominantly affected side at onset,1,rare fall,Right,76,59.8
18,4,583,DOMSIDE,Predominantly affected side at onset,1,rare fall,Symmetric,1,0.8
18,4,583,DOMSIDE,Predominantly affected side at onset,2,recurrent fall,Left,27,47.4
18,4,583,DOMSIDE,Predominantly affected side at onset,2,recurrent fall,Right,29,50.9
18,4,583,DOMSIDE,Predominantly affected side at onset,2,recurrent fall,Symmetric,1,1.8
19,0,582,DXPOSINS,Postural instability at diagnosis,0,no fall,<Missing>,1,0.3
19,0,582,DXPOSINS,Postural instability at diagnosis,0,no fall,No,344,86.4
19,0,582,DXPOSINS,Postural instability at diagnosis,0,no fall,Unknown,25,6.3
19,0,582,DXPOSINS,Postural instability at diagnosis,0,no fall,Yes,28,7.0
19,0,582,DXPOSINS,Postural instability at diagnosis,1,rare fall,No,110,86.6
19,0,582,DXPOSINS,Postural instability at diagnosis,1,rare fall,Unknown,5,3.9
19,0,582,DXPOSINS,Postural instability at diagnosis,1,rare fall,Yes,12,9.4
19,0,582,DXPOSINS,Postural instability at diagnosis,2,recurrent fall,No,47,82.5
19,0,582,DXPOSINS,Postural instability at diagnosis,2,recurrent fall,Unknown,1,1.8
19,0,582,DXPOSINS,Postural instability at diagnosis,2,recurrent fall,Yes,9,15.8
19,0,582,DXRIGID,Rigidity at diagnosis,0,no fall,No,83,20.9
19,0,582,DXRIGID,Rigidity at diagnosis,0,no fall,Unknown,24,6.0
19,0,582,DXRIGID,Rigidity at diagnosis,0,no fall,Yes,291,73.1
19,0,582,DXRIGID,Rigidity at diagnosis,1,rare fall,No,31,24.4
19,0,582,DXRIGID,Rigidity at diagnosis,1,rare fall,Unknown,6,4.7
19,0,582,DXRIGID,Rigidity at diagnosis,1,rare fall,Yes,90,70.9
19,0,582,DXRIGID,Rigidity at diagnosis,2,recurrent fall,No,10,17.5
19,0,582,DXRIGID,Rigidity at diagnosis,2,recurrent fall,Unknown,2,3.5
19,0,582,DXRIGID,Rigidity at diagnosis,2,recurrent fall,Yes,45,78.9
19,0,582,DOPTHERST,Dopaminergic therapy started,0,no fall,<Missing>,62,15.6
19,0,582,DOPTHERST,Dopaminergic therapy started,0,no fall,No,69,17.3
19,0,582,DOPTHERST,Dopaminergic therapy started,0,no fall,Yes,267,67.1
19,0,582,DOPTHERST,Dopaminergic therapy started,1,rare fall,<Missing>,31,24.4
19,0,582,DOPTHERST,Dopaminergic therapy started,1,rare fall,No,12,9.4
19,0,582,DOPTHERST,Dopaminergic therapy started,1,rare fall,Yes,84,66.1
19,0,582,DOPTHERST,Dopaminergic therapy started,2,recurrent fall,<Missing>,18,31.6
19,0,582,DOPTHERST,Dopaminergic therapy started,2,recurrent fall,No,3,5.3
19,0,582,DOPTHERST,Dopaminergic therapy started,2,recurrent fall,Yes,36,63.2
19,0,582,FEATPOSHYP,Postural hypotension clinical feature,0,no fall,No,267,67.1
19,0,582,FEATPOSHYP,Postural hypotension clinical feature,0,no fall,Uncertain,8,2.0
19,0,582,FEATPOSHYP,Postural hypotension clinical feature,0,no fall,Yes,123,30.9
19,0,582,FEATPOSHYP,Postural hypotension clinical feature,1,rare fall,No,72,56.7
19,0,582,FEATPOSHYP,Postural hypotension clinical feature,1,rare fall,Uncertain,4,3.1
19,0,582,FEATPOSHYP,Postural hypotension clinical feature,1,rare fall,Yes,51,40.2
19,0,582,FEATPOSHYP,Postural hypotension clinical feature,2,recurrent fall,No,28,49.1
19,0,582,FEATPOSHYP,Postural hypotension clinical feature,2,recurrent fall,Uncertain,1,1.8
19,0,582,FEATPOSHYP,Postural hypotension clinical feature,2,recurrent fall,Yes,28,49.1
19,0,582,ANYFAMPD,Family history of Parkinson's disease,0,no fall,<Missing>,15,3.8
19,0,582,ANYFAMPD,Family history of Parkinson's disease,0,no fall,No,237,59.5
19,0,582,ANYFAMPD,Family history of Parkinson's disease,0,no fall,Yes,146,36.7
19,0,582,ANYFAMPD,Family history of Parkinson's disease,1,rare fall,<Missing>,13,10.2
19,0,582,ANYFAMPD,Family history of Parkinson's disease,1,rare fall,No,67,52.8
19,0,582,ANYFAMPD,Family history of Parkinson's disease,1,rare fall,Yes,47,37.0
19,0,582,ANYFAMPD,Family history of Parkinson's disease,2,recurrent fall,<Missing>,6,10.5
19,0,582,ANYFAMPD,Family history of Parkinson's disease,2,recurrent fall,No,25,43.9
19,0,582,ANYFAMPD,Family history of Parkinson's disease,2,recurrent fall,Yes,26,45.6
19,0,582,DXTREMOR,Resting tremor at diagnosis,0,no fall,No,84,21.1
19,0,582,DXTREMOR,Resting tremor at diagnosis,0,no fall,Unknown,5,1.3
19,0,582,DXTREMOR,Resting tremor at diagnosis,0,no fall,Yes,309,77.6
19,0,582,DXTREMOR,Resting tremor at diagnosis,1,rare fall,No,26,20.5
19,0,582,DXTREMOR,Resting tremor at diagnosis,1,rare fall,Unknown,1,0.8
19,0,582,DXTREMOR,Resting tremor at diagnosis,1,rare fall,Yes,100,78.7
19,0,582,DXTREMOR,Resting tremor at diagnosis,2,recurrent fall,No,17,29.8
19,0,582,DXTREMOR,Resting tremor at diagnosis,2,recurrent fall,Yes,40,70.2
19,0,582,DXBRADY,Bradykinesia at diagnosis,0,no fall,No,49,12.3
19,0,582,DXBRADY,Bradykinesia at diagnosis,0,no fall,Unknown,17,4.3
19,0,582,DXBRADY,Bradykinesia at diagnosis,0,no fall,Yes,332,83.4
19,0,582,DXBRADY,Bradykinesia at diagnosis,1,rare fall,No,22,17.3
19,0,582,DXBRADY,Bradykinesia at diagnosis,1,rare fall,Unknown,1,0.8
19,0,582,DXBRADY,Bradykinesia at diagnosis,1,rare fall,Yes,104,81.9
19,0,582,DXBRADY,Bradykinesia at diagnosis,2,recurrent fall,No,8,14.0
19,0,582,DXBRADY,Bradykinesia at diagnosis,2,recurrent fall,Yes,49,86.0
19,0,582,DOMSIDE,Predominantly affected side at onset,0,no fall,Left,166,41.7
19,0,582,DOMSIDE,Predominantly affected side at onset,0,no fall,Right,224,56.3
19,0,582,DOMSIDE,Predominantly affected side at onset,0,no fall,Symmetric,6,1.5
19,0,582,DOMSIDE,Predominantly affected side at onset,0,no fall,Unknown,2,0.5
19,0,582,DOMSIDE,Predominantly affected side at onset,1,rare fall,Left,51,40.2
19,0,582,DOMSIDE,Predominantly affected side at onset,1,rare fall,Right,72,56.7
19,0,582,DOMSIDE,Predominantly affected side at onset,1,rare fall,Symmetric,4,3.1
19,0,582,DOMSIDE,Predominantly affected side at onset,2,recurrent fall,Left,27,47.4
19,0,582,DOMSIDE,Predominantly affected side at onset,2,recurrent fall,Right,26,45.6
19,0,582,DOMSIDE,Predominantly affected side at onset,2,recurrent fall,Symmetric,2,3.5
19,0,582,DOMSIDE,Predominantly affected side at onset,2,recurrent fall,Unknown,2,3.5
19,1,582,DXPOSINS,Postural instability at diagnosis,0,no fall,No,339,85.2
19,1,582,DXPOSINS,Postural instability at diagnosis,0,no fall,Unknown,27,6.8
19,1,582,DXPOSINS,Postural instability at diagnosis,0,no fall,Yes,32,8.0
19,1,582,DXPOSINS,Postural instability at diagnosis,1,rare fall,No,110,86.6
19,1,582,DXPOSINS,Postural instability at diagnosis,1,rare fall,Unknown,5,3.9
19,1,582,DXPOSINS,Postural instability at diagnosis,1,rare fall,Yes,12,9.4
19,1,582,DXPOSINS,Postural instability at diagnosis,2,recurrent fall,No,47,82.5
19,1,582,DXPOSINS,Postural instability at diagnosis,2,recurrent fall,Yes,10,17.5
19,1,582,DXRIGID,Rigidity at diagnosis,0,no fall,No,77,19.3
19,1,582,DXRIGID,Rigidity at diagnosis,0,no fall,Unknown,25,6.3
19,1,582,DXRIGID,Rigidity at diagnosis,0,no fall,Yes,296,74.4
19,1,582,DXRIGID,Rigidity at diagnosis,1,rare fall,No,32,25.2
19,1,582,DXRIGID,Rigidity at diagnosis,1,rare fall,Unknown,4,3.1
19,1,582,DXRIGID,Rigidity at diagnosis,1,rare fall,Yes,91,71.7
19,1,582,DXRIGID,Rigidity at diagnosis,2,recurrent fall,No,13,22.8
19,1,582,DXRIGID,Rigidity at diagnosis,2,recurrent fall,Unknown,1,1.8
19,1,582,DXRIGID,Rigidity at diagnosis,2,recurrent fall,Yes,43,75.4
19,1,582,DOPTHERST,Dopaminergic therapy started,0,no fall,<Missing>,71,17.8
19,1,582,DOPTHERST,Dopaminergic therapy started,0,no fall,No,61,15.3
19,1,582,DOPTHERST,Dopaminergic therapy started,0,no fall,Yes,266,66.8
19,1,582,DOPTHERST,Dopaminergic therapy started,1,rare fall,<Missing>,34,26.8
19,1,582,DOPTHERST,Dopaminergic therapy started,1,rare fall,No,14,11.0
19,1,582,DOPTHERST,Dopaminergic therapy started,1,rare fall,Yes,79,62.2
19,1,582,DOPTHERST,Dopaminergic therapy started,2,recurrent fall,<Missing>,17,29.8
19,1,582,DOPTHERST,Dopaminergic therapy started,2,recurrent fall,No,4,7.0
19,1,582,DOPTHERST,Dopaminergic therapy started,2,recurrent fall,Yes,36,63.2
19,1,582,FEATPOSHYP,Postural hypotension clinical feature,0,no fall,No,257,64.6
19,1,582,FEATPOSHYP,Postural hypotension clinical feature,0,no fall,Uncertain,5,1.3
19,1,582,FEATPOSHYP,Postural hypotension clinical feature,0,no fall,Yes,136,34.2
19,1,582,FEATPOSHYP,Postural hypotension clinical feature,1,rare fall,No,75,59.1
19,1,582,FEATPOSHYP,Postural hypotension clinical feature,1,rare fall,Uncertain,3,2.4
19,1,582,FEATPOSHYP,Postural hypotension clinical feature,1,rare fall,Yes,49,38.6
19,1,582,FEATPOSHYP,Postural hypotension clinical feature,2,recurrent fall,No,26,45.6
19,1,582,FEATPOSHYP,Postural hypotension clinical feature,2,recurrent fall,Yes,31,54.4
19,1,582,ANYFAMPD,Family history of Parkinson's disease,0,no fall,<Missing>,17,4.3
19,1,582,ANYFAMPD,Family history of Parkinson's disease,0,no fall,No,228,57.3
19,1,582,ANYFAMPD,Family history of Parkinson's disease,0,no fall,Yes,153,38.4
19,1,582,ANYFAMPD,Family history of Parkinson's disease,1,rare fall,<Missing>,12,9.4
19,1,582,ANYFAMPD,Family history of Parkinson's disease,1,rare fall,No,72,56.7
19,1,582,ANYFAMPD,Family history of Parkinson's disease,1,rare fall,Yes,43,33.9
19,1,582,ANYFAMPD,Family history of Parkinson's disease,2,recurrent fall,<Missing>,6,10.5
19,1,582,ANYFAMPD,Family history of Parkinson's disease,2,recurrent fall,No,27,47.4
19,1,582,ANYFAMPD,Family history of Parkinson's disease,2,recurrent fall,Yes,24,42.1
19,1,582,DXTREMOR,Resting tremor at diagnosis,0,no fall,No,87,21.9
19,1,582,DXTREMOR,Resting tremor at diagnosis,0,no fall,Unknown,8,2.0
19,1,582,DXTREMOR,Resting tremor at diagnosis,0,no fall,Yes,303,76.1
19,1,582,DXTREMOR,Resting tremor at diagnosis,1,rare fall,No,26,20.5
19,1,582,DXTREMOR,Resting tremor at diagnosis,1,rare fall,Unknown,2,1.6
19,1,582,DXTREMOR,Resting tremor at diagnosis,1,rare fall,Yes,99,78.0
19,1,582,DXTREMOR,Resting tremor at diagnosis,2,recurrent fall,No,15,26.3
19,1,582,DXTREMOR,Resting tremor at diagnosis,2,recurrent fall,Yes,42,73.7
19,1,582,DXBRADY,Bradykinesia at diagnosis,0,no fall,No,49,12.3
19,1,582,DXBRADY,Bradykinesia at diagnosis,0,no fall,Unknown,17,4.3
19,1,582,DXBRADY,Bradykinesia at diagnosis,0,no fall,Yes,332,83.4
19,1,582,DXBRADY,Bradykinesia at diagnosis,1,rare fall,No,18,14.2
19,1,582,DXBRADY,Bradykinesia at diagnosis,1,rare fall,Unknown,3,2.4
19,1,582,DXBRADY,Bradykinesia at diagnosis,1,rare fall,Yes,106,83.5
19,1,582,DXBRADY,Bradykinesia at diagnosis,2,recurrent fall,No,10,17.5
19,1,582,DXBRADY,Bradykinesia at diagnosis,2,recurrent fall,Yes,47,82.5
19,1,582,DOMSIDE,Predominantly affected side at onset,0,no fall,Left,170,42.7
19,1,582,DOMSIDE,Predominantly affected side at onset,0,no fall,Right,218,54.8
19,1,582,DOMSIDE,Predominantly affected side at onset,0,no fall,Symmetric,9,2.3
19,1,582,DOMSIDE,Predominantly affected side at onset,0,no fall,Unknown,1,0.3
19,1,582,DOMSIDE,Predominantly affected side at onset,1,rare fall,Left,51,40.2
19,1,582,DOMSIDE,Predominantly affected side at onset,1,rare fall,Right,74,58.3
19,1,582,DOMSIDE,Predominantly affected side at onset,1,rare fall,Symmetric,2,1.6
19,1,582,DOMSIDE,Predominantly affected side at onset,2,recurrent fall,Left,29,50.9
19,1,582,DOMSIDE,Predominantly affected side at onset,2,recurrent fall,Right,27,47.4
19,1,582,DOMSIDE,Predominantly affected side at onset,2,recurrent fall,Symmetric,1,1.8
19,2,582,DXPOSINS,Postural instability at diagnosis,0,no fall,<Missing>,1,0.3
19,2,582,DXPOSINS,Postural instability at diagnosis,0,no fall,No,341,85.5
19,2,582,DXPOSINS,Postural instability at diagnosis,0,no fall,Unknown,28,7.0
19,2,582,DXPOSINS,Postural instability at diagnosis,0,no fall,Yes,29,7.3
19,2,582,DXPOSINS,Postural instability at diagnosis,1,rare fall,No,109,85.8
19,2,582,DXPOSINS,Postural instability at diagnosis,1,rare fall,Unknown,5,3.9
19,2,582,DXPOSINS,Postural instability at diagnosis,1,rare fall,Yes,13,10.2
19,2,582,DXPOSINS,Postural instability at diagnosis,2,recurrent fall,No,49,87.5
19,2,582,DXPOSINS,Postural instability at diagnosis,2,recurrent fall,Unknown,1,1.8
19,2,582,DXPOSINS,Postural instability at diagnosis,2,recurrent fall,Yes,6,10.7
19,2,582,DXRIGID,Rigidity at diagnosis,0,no fall,No,81,20.3
19,2,582,DXRIGID,Rigidity at diagnosis,0,no fall,Unknown,29,7.3
19,2,582,DXRIGID,Rigidity at diagnosis,0,no fall,Yes,289,72.4
19,2,582,DXRIGID,Rigidity at diagnosis,1,rare fall,No,27,21.3
19,2,582,DXRIGID,Rigidity at diagnosis,1,rare fall,Unknown,5,3.9
19,2,582,DXRIGID,Rigidity at diagnosis,1,rare fall,Yes,95,74.8
19,2,582,DXRIGID,Rigidity at diagnosis,2,recurrent fall,No,12,21.4
19,2,582,DXRIGID,Rigidity at diagnosis,2,recurrent fall,Unknown,2,3.6
19,2,582,DXRIGID,Rigidity at diagnosis,2,recurrent fall,Yes,42,75.0
19,2,582,DOPTHERST,Dopaminergic therapy started,0,no fall,<Missing>,68,17.0
19,2,582,DOPTHERST,Dopaminergic therapy started,0,no fall,No,66,16.5
19,2,582,DOPTHERST,Dopaminergic therapy started,0,no fall,Yes,265,66.4
19,2,582,DOPTHERST,Dopaminergic therapy started,1,rare fall,<Missing>,38,29.9
19,2,582,DOPTHERST,Dopaminergic therapy started,1,rare fall,No,11,8.7
19,2,582,DOPTHERST,Dopaminergic therapy started,1,rare fall,Yes,78,61.4
19,2,582,DOPTHERST,Dopaminergic therapy started,2,recurrent fall,<Missing>,17,30.4
19,2,582,DOPTHERST,Dopaminergic therapy started,2,recurrent fall,No,4,7.1
19,2,582,DOPTHERST,Dopaminergic therapy started,2,recurrent fall,Yes,35,62.5
19,2,582,FEATPOSHYP,Postural hypotension clinical feature,0,no fall,No,264,66.2
19,2,582,FEATPOSHYP,Postural hypotension clinical feature,0,no fall,Uncertain,7,1.8
19,2,582,FEATPOSHYP,Postural hypotension clinical feature,0,no fall,Yes,128,32.1
19,2,582,FEATPOSHYP,Postural hypotension clinical feature,1,rare fall,No,77,60.6
19,2,582,FEATPOSHYP,Postural hypotension clinical feature,1,rare fall,Uncertain,2,1.6
19,2,582,FEATPOSHYP,Postural hypotension clinical feature,1,rare fall,Yes,48,37.8
19,2,582,FEATPOSHYP,Postural hypotension clinical feature,2,recurrent fall,No,29,51.8
19,2,582,FEATPOSHYP,Postural hypotension clinical feature,2,recurrent fall,Uncertain,1,1.8
19,2,582,FEATPOSHYP,Postural hypotension clinical feature,2,recurrent fall,Yes,26,46.4
19,2,582,ANYFAMPD,Family history of Parkinson's disease,0,no fall,<Missing>,18,4.5
19,2,582,ANYFAMPD,Family history of Parkinson's disease,0,no fall,No,237,59.4
19,2,582,ANYFAMPD,Family history of Parkinson's disease,0,no fall,Yes,144,36.1
19,2,582,ANYFAMPD,Family history of Parkinson's disease,1,rare fall,<Missing>,14,11.0
19,2,582,ANYFAMPD,Family history of Parkinson's disease,1,rare fall,No,68,53.5
19,2,582,ANYFAMPD,Family history of Parkinson's disease,1,rare fall,Yes,45,35.4
19,2,582,ANYFAMPD,Family history of Parkinson's disease,2,recurrent fall,<Missing>,7,12.5
19,2,582,ANYFAMPD,Family history of Parkinson's disease,2,recurrent fall,No,26,46.4
19,2,582,ANYFAMPD,Family history of Parkinson's disease,2,recurrent fall,Yes,23,41.1
19,2,582,DXTREMOR,Resting tremor at diagnosis,0,no fall,No,78,19.5
19,2,582,DXTREMOR,Resting tremor at diagnosis,0,no fall,Unknown,7,1.8
19,2,582,DXTREMOR,Resting tremor at diagnosis,0,no fall,Yes,314,78.7
19,2,582,DXTREMOR,Resting tremor at diagnosis,1,rare fall,No,30,23.6
19,2,582,DXTREMOR,Resting tremor at diagnosis,1,rare fall,Unknown,2,1.6
19,2,582,DXTREMOR,Resting tremor at diagnosis,1,rare fall,Yes,95,74.8
19,2,582,DXTREMOR,Resting tremor at diagnosis,2,recurrent fall,No,15,26.8
19,2,582,DXTREMOR,Resting tremor at diagnosis,2,recurrent fall,Yes,41,73.2
19,2,582,DXBRADY,Bradykinesia at diagnosis,0,no fall,No,55,13.8
19,2,582,DXBRADY,Bradykinesia at diagnosis,0,no fall,Unknown,18,4.5
19,2,582,DXBRADY,Bradykinesia at diagnosis,0,no fall,Yes,326,81.7
19,2,582,DXBRADY,Bradykinesia at diagnosis,1,rare fall,No,20,15.7
19,2,582,DXBRADY,Bradykinesia at diagnosis,1,rare fall,Unknown,3,2.4
19,2,582,DXBRADY,Bradykinesia at diagnosis,1,rare fall,Yes,104,81.9
19,2,582,DXBRADY,Bradykinesia at diagnosis,2,recurrent fall,No,9,16.1
19,2,582,DXBRADY,Bradykinesia at diagnosis,2,recurrent fall,Yes,47,83.9
19,2,582,DOMSIDE,Predominantly affected side at onset,0,no fall,Left,167,41.9
19,2,582,DOMSIDE,Predominantly affected side at onset,0,no fall,Right,223,55.9
19,2,582,DOMSIDE,Predominantly affected side at onset,0,no fall,Symmetric,7,1.8
19,2,582,DOMSIDE,Predominantly affected side at onset,0,no fall,Unknown,2,0.5
19,2,582,DOMSIDE,Predominantly affected side at onset,1,rare fall,Left,48,37.8
19,2,582,DOMSIDE,Predominantly affected side at onset,1,rare fall,Right,75,59.1
19,2,582,DOMSIDE,Predominantly affected side at onset,1,rare fall,Symmetric,4,3.1
19,2,582,DOMSIDE,Predominantly affected side at onset,2,recurrent fall,Left,24,42.9
19,2,582,DOMSIDE,Predominantly affected side at onset,2,recurrent fall,Right,29,51.8
19,2,582,DOMSIDE,Predominantly affected side at onset,2,recurrent fall,Symmetric,1,1.8
19,2,582,DOMSIDE,Predominantly affected side at onset,2,recurrent fall,Unknown,2,3.6
19,3,583,DXPOSINS,Postural instability at diagnosis,0,no fall,<Missing>,1,0.3
19,3,583,DXPOSINS,Postural instability at diagnosis,0,no fall,No,345,86.5
19,3,583,DXPOSINS,Postural instability at diagnosis,0,no fall,Unknown,25,6.3
19,3,583,DXPOSINS,Postural instability at diagnosis,0,no fall,Yes,28,7.0
19,3,583,DXPOSINS,Postural instability at diagnosis,1,rare fall,No,114,89.8
19,3,583,DXPOSINS,Postural instability at diagnosis,1,rare fall,Unknown,2,1.6
19,3,583,DXPOSINS,Postural instability at diagnosis,1,rare fall,Yes,11,8.7
19,3,583,DXPOSINS,Postural instability at diagnosis,2,recurrent fall,No,48,84.2
19,3,583,DXPOSINS,Postural instability at diagnosis,2,recurrent fall,Unknown,1,1.8
19,3,583,DXPOSINS,Postural instability at diagnosis,2,recurrent fall,Yes,8,14.0
19,3,583,DXRIGID,Rigidity at diagnosis,0,no fall,No,80,20.1
19,3,583,DXRIGID,Rigidity at diagnosis,0,no fall,Unknown,22,5.5
19,3,583,DXRIGID,Rigidity at diagnosis,0,no fall,Yes,297,74.4
19,3,583,DXRIGID,Rigidity at diagnosis,1,rare fall,No,28,22.0
19,3,583,DXRIGID,Rigidity at diagnosis,1,rare fall,Unknown,4,3.1
19,3,583,DXRIGID,Rigidity at diagnosis,1,rare fall,Yes,95,74.8
19,3,583,DXRIGID,Rigidity at diagnosis,2,recurrent fall,No,10,17.5
19,3,583,DXRIGID,Rigidity at diagnosis,2,recurrent fall,Unknown,1,1.8
19,3,583,DXRIGID,Rigidity at diagnosis,2,recurrent fall,Yes,46,80.7
19,3,583,DOPTHERST,Dopaminergic therapy started,0,no fall,<Missing>,68,17.0
19,3,583,DOPTHERST,Dopaminergic therapy started,0,no fall,No,68,17.0
19,3,583,DOPTHERST,Dopaminergic therapy started,0,no fall,Yes,263,65.9
19,3,583,DOPTHERST,Dopaminergic therapy started,1,rare fall,<Missing>,32,25.2
19,3,583,DOPTHERST,Dopaminergic therapy started,1,rare fall,No,12,9.4
19,3,583,DOPTHERST,Dopaminergic therapy started,1,rare fall,Yes,83,65.4
19,3,583,DOPTHERST,Dopaminergic therapy started,2,recurrent fall,<Missing>,14,24.6
19,3,583,DOPTHERST,Dopaminergic therapy started,2,recurrent fall,No,4,7.0
19,3,583,DOPTHERST,Dopaminergic therapy started,2,recurrent fall,Yes,39,68.4
19,3,583,FEATPOSHYP,Postural hypotension clinical feature,0,no fall,No,262,65.7
19,3,583,FEATPOSHYP,Postural hypotension clinical feature,0,no fall,Uncertain,9,2.3
19,3,583,FEATPOSHYP,Postural hypotension clinical feature,0,no fall,Yes,128,32.1
19,3,583,FEATPOSHYP,Postural hypotension clinical feature,1,rare fall,No,76,59.8
19,3,583,FEATPOSHYP,Postural hypotension clinical feature,1,rare fall,Uncertain,3,2.4
19,3,583,FEATPOSHYP,Postural hypotension clinical feature,1,rare fall,Yes,48,37.8
19,3,583,FEATPOSHYP,Postural hypotension clinical feature,2,recurrent fall,No,30,52.6
19,3,583,FEATPOSHYP,Postural hypotension clinical feature,2,recurrent fall,Uncertain,1,1.8
19,3,583,FEATPOSHYP,Postural hypotension clinical feature,2,recurrent fall,Yes,26,45.6
19,3,583,ANYFAMPD,Family history of Parkinson's disease,0,no fall,<Missing>,18,4.5
19,3,583,ANYFAMPD,Family history of Parkinson's disease,0,no fall,No,233,58.4
19,3,583,ANYFAMPD,Family history of Parkinson's disease,0,no fall,Yes,148,37.1
19,3,583,ANYFAMPD,Family history of Parkinson's disease,1,rare fall,<Missing>,12,9.4
19,3,583,ANYFAMPD,Family history of Parkinson's disease,1,rare fall,No,69,54.3
19,3,583,ANYFAMPD,Family history of Parkinson's disease,1,rare fall,Yes,46,36.2
19,3,583,ANYFAMPD,Family history of Parkinson's disease,2,recurrent fall,<Missing>,6,10.5
19,3,583,ANYFAMPD,Family history of Parkinson's disease,2,recurrent fall,No,22,38.6
19,3,583,ANYFAMPD,Family history of Parkinson's disease,2,recurrent fall,Yes,29,50.9
19,3,583,DXTREMOR,Resting tremor at diagnosis,0,no fall,No,85,21.3
19,3,583,DXTREMOR,Resting tremor at diagnosis,0,no fall,Unknown,7,1.8
19,3,583,DXTREMOR,Resting tremor at diagnosis,0,no fall,Yes,307,76.9
19,3,583,DXTREMOR,Resting tremor at diagnosis,1,rare fall,No,26,20.5
19,3,583,DXTREMOR,Resting tremor at diagnosis,1,rare fall,Unknown,2,1.6
19,3,583,DXTREMOR,Resting tremor at diagnosis,1,rare fall,Yes,99,78.0
19,3,583,DXTREMOR,Resting tremor at diagnosis,2,recurrent fall,No,14,24.6
19,3,583,DXTREMOR,Resting tremor at diagnosis,2,recurrent fall,Yes,43,75.4
19,3,583,DXBRADY,Bradykinesia at diagnosis,0,no fall,No,46,11.5
19,3,583,DXBRADY,Bradykinesia at diagnosis,0,no fall,Unknown,18,4.5
19,3,583,DXBRADY,Bradykinesia at diagnosis,0,no fall,Yes,335,84.0
19,3,583,DXBRADY,Bradykinesia at diagnosis,1,rare fall,No,22,17.3
19,3,583,DXBRADY,Bradykinesia at diagnosis,1,rare fall,Unknown,2,1.6
19,3,583,DXBRADY,Bradykinesia at diagnosis,1,rare fall,Yes,103,81.1
19,3,583,DXBRADY,Bradykinesia at diagnosis,2,recurrent fall,No,9,15.8
19,3,583,DXBRADY,Bradykinesia at diagnosis,2,recurrent fall,Yes,48,84.2
19,3,583,DOMSIDE,Predominantly affected side at onset,0,no fall,Left,167,41.9
19,3,583,DOMSIDE,Predominantly affected side at onset,0,no fall,Right,222,55.6
19,3,583,DOMSIDE,Predominantly affected side at onset,0,no fall,Symmetric,9,2.3
19,3,583,DOMSIDE,Predominantly affected side at onset,0,no fall,Unknown,1,0.3
19,3,583,DOMSIDE,Predominantly affected side at onset,1,rare fall,Left,49,38.6
19,3,583,DOMSIDE,Predominantly affected side at onset,1,rare fall,Right,76,59.8
19,3,583,DOMSIDE,Predominantly affected side at onset,1,rare fall,Symmetric,2,1.6
19,3,583,DOMSIDE,Predominantly affected side at onset,2,recurrent fall,Left,24,42.1
19,3,583,DOMSIDE,Predominantly affected side at onset,2,recurrent fall,Right,29,50.9
19,3,583,DOMSIDE,Predominantly affected side at onset,2,recurrent fall,Symmetric,2,3.5
19,3,583,DOMSIDE,Predominantly affected side at onset,2,recurrent fall,Unknown,2,3.5
19,4,583,DXPOSINS,Postural instability at diagnosis,0,no fall,<Missing>,1,0.3
19,4,583,DXPOSINS,Postural instability at diagnosis,0,no fall,No,339,85.2
19,4,583,DXPOSINS,Postural instability at diagnosis,0,no fall,Unknown,27,6.8
19,4,583,DXPOSINS,Postural instability at diagnosis,0,no fall,Yes,31,7.8
19,4,583,DXPOSINS,Postural instability at diagnosis,1,rare fall,No,113,88.3
19,4,583,DXPOSINS,Postural instability at diagnosis,1,rare fall,Unknown,3,2.3
19,4,583,DXPOSINS,Postural instability at diagnosis,1,rare fall,Yes,12,9.4
19,4,583,DXPOSINS,Postural instability at diagnosis,2,recurrent fall,No,45,78.9
19,4,583,DXPOSINS,Postural instability at diagnosis,2,recurrent fall,Unknown,1,1.8
19,4,583,DXPOSINS,Postural instability at diagnosis,2,recurrent fall,Yes,11,19.3
19,4,583,DXRIGID,Rigidity at diagnosis,0,no fall,No,87,21.9
19,4,583,DXRIGID,Rigidity at diagnosis,0,no fall,Unknown,24,6.0
19,4,583,DXRIGID,Rigidity at diagnosis,0,no fall,Yes,287,72.1
19,4,583,DXRIGID,Rigidity at diagnosis,1,rare fall,No,30,23.4
19,4,583,DXRIGID,Rigidity at diagnosis,1,rare fall,Unknown,5,3.9
19,4,583,DXRIGID,Rigidity at diagnosis,1,rare fall,Yes,93,72.7
19,4,583,DXRIGID,Rigidity at diagnosis,2,recurrent fall,No,15,26.3
19,4,583,DXRIGID,Rigidity at diagnosis,2,recurrent fall,Unknown,2,3.5
19,4,583,DXRIGID,Rigidity at diagnosis,2,recurrent fall,Yes,40,70.2
19,4,583,DOPTHERST,Dopaminergic therapy started,0,no fall,<Missing>,71,17.8
19,4,583,DOPTHERST,Dopaminergic therapy started,0,no fall,No,72,18.1
19,4,583,DOPTHERST,Dopaminergic therapy started,0,no fall,Yes,255,64.1
19,4,583,DOPTHERST,Dopaminergic therapy started,1,rare fall,<Missing>,33,25.8
19,4,583,DOPTHERST,Dopaminergic therapy started,1,rare fall,No,11,8.6
19,4,583,DOPTHERST,Dopaminergic therapy started,1,rare fall,Yes,84,65.6
19,4,583,DOPTHERST,Dopaminergic therapy started,2,recurrent fall,<Missing>,18,31.6
19,4,583,DOPTHERST,Dopaminergic therapy started,2,recurrent fall,No,1,1.8
19,4,583,DOPTHERST,Dopaminergic therapy started,2,recurrent fall,Yes,38,66.7
19,4,583,FEATPOSHYP,Postural hypotension clinical feature,0,no fall,No,266,66.8
19,4,583,FEATPOSHYP,Postural hypotension clinical feature,0,no fall,Uncertain,7,1.8
19,4,583,FEATPOSHYP,Postural hypotension clinical feature,0,no fall,Yes,125,31.4
19,4,583,FEATPOSHYP,Postural hypotension clinical feature,1,rare fall,No,76,59.4
19,4,583,FEATPOSHYP,Postural hypotension clinical feature,1,rare fall,Uncertain,4,3.1
19,4,583,FEATPOSHYP,Postural hypotension clinical feature,1,rare fall,Yes,48,37.5
19,4,583,FEATPOSHYP,Postural hypotension clinical feature,2,recurrent fall,No,27,47.4
19,4,583,FEATPOSHYP,Postural hypotension clinical feature,2,recurrent fall,Uncertain,1,1.8
19,4,583,FEATPOSHYP,Postural hypotension clinical feature,2,recurrent fall,Yes,29,50.9
19,4,583,ANYFAMPD,Family history of Parkinson's disease,0,no fall,<Missing>,16,4.0
19,4,583,ANYFAMPD,Family history of Parkinson's disease,0,no fall,No,237,59.5
19,4,583,ANYFAMPD,Family history of Parkinson's disease,0,no fall,Yes,145,36.4
19,4,583,ANYFAMPD,Family history of Parkinson's disease,1,rare fall,<Missing>,13,10.2
19,4,583,ANYFAMPD,Family history of Parkinson's disease,1,rare fall,No,68,53.1
19,4,583,ANYFAMPD,Family history of Parkinson's disease,1,rare fall,Yes,47,36.7
19,4,583,ANYFAMPD,Family history of Parkinson's disease,2,recurrent fall,<Missing>,7,12.3
19,4,583,ANYFAMPD,Family history of Parkinson's disease,2,recurrent fall,No,28,49.1
19,4,583,ANYFAMPD,Family history of Parkinson's disease,2,recurrent fall,Yes,22,38.6
19,4,583,DXTREMOR,Resting tremor at diagnosis,0,no fall,No,82,20.6
19,4,583,DXTREMOR,Resting tremor at diagnosis,0,no fall,Unknown,9,2.3
19,4,583,DXTREMOR,Resting tremor at diagnosis,0,no fall,Yes,307,77.1
19,4,583,DXTREMOR,Resting tremor at diagnosis,1,rare fall,No,28,21.9
19,4,583,DXTREMOR,Resting tremor at diagnosis,1,rare fall,Unknown,1,0.8
19,4,583,DXTREMOR,Resting tremor at diagnosis,1,rare fall,Yes,99,77.3
19,4,583,DXTREMOR,Resting tremor at diagnosis,2,recurrent fall,No,15,26.3
19,4,583,DXTREMOR,Resting tremor at diagnosis,2,recurrent fall,Yes,42,73.7
19,4,583,DXBRADY,Bradykinesia at diagnosis,0,no fall,No,53,13.3
19,4,583,DXBRADY,Bradykinesia at diagnosis,0,no fall,Unknown,18,4.5
19,4,583,DXBRADY,Bradykinesia at diagnosis,0,no fall,Yes,327,82.2
19,4,583,DXBRADY,Bradykinesia at diagnosis,1,rare fall,No,22,17.2
19,4,583,DXBRADY,Bradykinesia at diagnosis,1,rare fall,Unknown,3,2.3
19,4,583,DXBRADY,Bradykinesia at diagnosis,1,rare fall,Yes,103,80.5
19,4,583,DXBRADY,Bradykinesia at diagnosis,2,recurrent fall,No,12,21.1
19,4,583,DXBRADY,Bradykinesia at diagnosis,2,recurrent fall,Yes,45,78.9
19,4,583,DOMSIDE,Predominantly affected side at onset,0,no fall,Left,170,42.7
19,4,583,DOMSIDE,Predominantly affected side at onset,0,no fall,Right,217,54.5
19,4,583,DOMSIDE,Predominantly affected side at onset,0,no fall,Symmetric,9,2.3
19,4,583,DOMSIDE,Predominantly affected side at onset,0,no fall,Unknown,2,0.5
19,4,583,DOMSIDE,Predominantly affected side at onset,1,rare fall,Left,49,38.3
19,4,583,DOMSIDE,Predominantly affected side at onset,1,rare fall,Right,75,58.6
19,4,583,DOMSIDE,Predominantly affected side at onset,1,rare fall,Symmetric,4,3.1
19,4,583,DOMSIDE,Predominantly affected side at onset,2,recurrent fall,Left,24,42.1
19,4,583,DOMSIDE,Predominantly affected side at onset,2,recurrent fall,Right,29,50.9
19,4,583,DOMSIDE,Predominantly affected side at onset,2,recurrent fall,Symmetric,2,3.5
19,4,583,DOMSIDE,Predominantly affected side at onset,2,recurrent fall,Unknown,2,3.5
